[0.000000] (-) TimerEvent: {}
[0.000268] (base_interfaces_demo) JobQueued: {'identifier': 'base_interfaces_demo', 'dependencies': OrderedDict()}
[0.000346] (tof_sensor_package) JobQueued: {'identifier': 'tof_sensor_package', 'dependencies': OrderedDict([('base_interfaces_demo', '/home/cjs/VL53L8CX/VL53L8CX_ws/install/base_interfaces_demo')])}
[0.000414] (base_interfaces_demo) JobStarted: {'identifier': 'base_interfaces_demo'}
[0.051148] (base_interfaces_demo) JobProgress: {'identifier': 'base_interfaces_demo', 'progress': 'cmake'}
[0.055303] (base_interfaces_demo) JobProgress: {'identifier': 'base_interfaces_demo', 'progress': 'build'}
[0.058876] (base_interfaces_demo) Command: {'cmd': ['/usr/bin/cmake', '--build', '/home/cjs/VL53L8CX/VL53L8CX_ws/build/base_interfaces_demo', '--', '-j4', '-l4'], 'cwd': '/home/cjs/VL53L8CX/VL53L8CX_ws/build/base_interfaces_demo', 'env': OrderedDict([('USER', 'cjs'), ('LC_TIME', 'zh_CN.UTF-8'), ('GIO_MODULE_DIR', '/home/cjs/snap/code/common/.cache/gio-modules'), ('SSH_AGENT_PID', '1520'), ('XDG_SESSION_TYPE', 'x11'), ('GTK_EXE_PREFIX_VSCODE_SNAP_ORIG', ''), ('GIT_ASKPASS', '/snap/code/166/usr/share/code/resources/app/extensions/git/dist/askpass.sh'), ('GDK_BACKEND_VSCODE_SNAP_ORIG', ''), ('SHLVL', '2'), ('LD_LIBRARY_PATH', '/opt/ros/foxy/opt/yaml_cpp_vendor/lib:/opt/ros/foxy/opt/rviz_ogre_vendor/lib:/opt/ros/foxy/lib/x86_64-linux-gnu:/opt/ros/foxy/lib'), ('LESS', '-R'), ('HOME', '/home/cjs'), ('LOCPATH_VSCODE_SNAP_ORIG', ''), ('OLDPWD', '/home/cjs/VL53L8CX'), ('CHROME_DESKTOP', 'code-url-handler.desktop'), ('DESKTOP_SESSION', 'ubuntu'), ('GTK_PATH', '/snap/code/166/usr/lib/x86_64-linux-gnu/gtk-3.0'), ('TERM_PROGRAM_VERSION', '1.92.1'), ('LSCOLORS', 'Gxfxcxdxbxegedabagacad'), ('ZSH', '/home/cjs/.oh-my-zsh'), ('GTK_IM_MODULE_FILE', '/home/cjs/snap/code/common/.cache/immodules/immodules.cache'), ('ROS_PYTHON_VERSION', '3'), ('GNOME_SHELL_SESSION_MODE', 'ubuntu'), ('ALL', 'en.US.UTF-8'), ('GTK_MODULES', 'gail:atk-bridge'), ('GSETTINGS_SCHEMA_DIR_VSCODE_SNAP_ORIG', ''), ('PAGER', 'less'), ('VSCODE_GIT_ASKPASS_MAIN', '/snap/code/166/usr/share/code/resources/app/extensions/git/dist/askpass-main.js'), ('LC_MONETARY', 'zh_CN.UTF-8'), ('MANAGERPID', '1424'), ('VSCODE_GIT_ASKPASS_NODE', '/snap/code/166/usr/share/code/code'), ('DBUS_STARTER_BUS_TYPE', 'session'), ('DBUS_SESSION_BUS_ADDRESS', 'unix:path=/run/user/1000/bus,guid=268dcd2de439d3d90858002266b82368'), ('COLORTERM', 'truecolor'), ('IM_CONFIG_PHASE', '1'), ('ROS_DISTRO', 'foxy'), ('LOGNAME', 'cjs'), ('JOURNAL_STREAM', '8:57458'), ('_', '/usr/bin/colcon'), ('ROS_VERSION', '2'), ('XDG_CONFIG_DIRS_VSCODE_SNAP_ORIG', '/etc/xdg/xdg-ubuntu:/etc/xdg'), ('XDG_SESSION_CLASS', 'user'), ('XDG_DATA_DIRS_VSCODE_SNAP_ORIG', '/usr/share/ubuntu:/usr/local/share/:/usr/share/:/var/lib/snapd/desktop'), ('USER_ZDOTDIR', '/home/cjs'), ('USERNAME', 'cjs'), ('TERM', 'xterm-256color'), ('GNOME_DESKTOP_SESSION_ID', 'this-is-deprecated'), ('ROS_LOCALHOST_ONLY', '0'), ('WINDOWPATH', '2'), ('PATH', '/opt/ros/foxy/bin:/usr/local/sbin:/usr/local/bin:/usr/sbin:/usr/bin:/sbin:/bin:/usr/games:/usr/local/games:/snap/bin'), ('SESSION_MANAGER', 'local/cjs-virtual-machine:@/tmp/.ICE-unix/1556,unix/cjs-virtual-machine:/tmp/.ICE-unix/1556'), ('GTK_EXE_PREFIX', '/snap/code/166/usr'), ('INVOCATION_ID', '9ee8dd2fd7cc48b9b2c20cfcb166a738'), ('XDG_MENU_PREFIX', 'gnome-'), ('LC_ADDRESS', 'zh_CN.UTF-8'), ('XDG_RUNTIME_DIR', '/run/user/1000'), ('GDK_BACKEND', 'x11'), ('DISPLAY', ':0'), ('LOCPATH', '/snap/code/166/usr/lib/locale'), ('LANG', 'en_US.UTF-8'), ('XDG_CURRENT_DESKTOP', 'Unity'), ('LC_TELEPHONE', 'zh_CN.UTF-8'), ('TILIX_ID', '9923de69-11f6-49bd-8a1c-424db162521e'), ('VSCODE_INJECTION', '1'), ('GIO_MODULE_DIR_VSCODE_SNAP_ORIG', ''), ('XMODIFIERS', '@im=ibus'), ('XDG_SESSION_DESKTOP', 'ubuntu'), ('XAUTHORITY', '/run/user/1000/gdm/Xauthority'), ('LS_COLORS', 'no=00:fi=00:di=01;34:ln=00;36:pi=40;33:so=01;35:do=01;35:bd=40;33;01:cd=40;33;01:or=41;33;01:ex=00;32:*.cmd=00;32:*.exe=01;32:*.com=01;32:*.bat=01;32:*.btm=01;32:*.dll=01;32:*.tar=00;31:*.tbz=00;31:*.tgz=00;31:*.rpm=00;31:*.deb=00;31:*.arj=00;31:*.taz=00;31:*.lzh=00;31:*.lzma=00;31:*.zip=00;31:*.zoo=00;31:*.z=00;31:*.Z=00;31:*.gz=00;31:*.bz2=00;31:*.tb2=00;31:*.tz2=00;31:*.tbz2=00;31:*.avi=01;35:*.bmp=01;35:*.fli=01;35:*.gif=01;35:*.jpg=01;35:*.jpeg=01;35:*.mng=01;35:*.mov=01;35:*.mpg=01;35:*.pcx=01;35:*.pbm=01;35:*.pgm=01;35:*.png=01;35:*.ppm=01;35:*.tga=01;35:*.tif=01;35:*.xbm=01;35:*.xpm=01;35:*.dl=01;35:*.gl=01;35:*.wmv=01;35:*.aiff=00;32:*.au=00;32:*.mid=00;32:*.mp3=00;32:*.ogg=00;32:*.voc=00;32:*.wav=00;32:'), ('TERM_PROGRAM', 'vscode'), ('VSCODE_GIT_IPC_HANDLE', '/run/user/1000/vscode-git-6e22b0dd4c.sock'), ('SSH_AUTH_SOCK', '/run/user/1000/keyring/ssh'), ('GSETTINGS_SCHEMA_DIR', '/home/cjs/snap/code/166/.local/share/glib-2.0/schemas'), ('AMENT_PREFIX_PATH', '/opt/ros/foxy'), ('ORIGINAL_XDG_CURRENT_DESKTOP', 'ubuntu:GNOME'), ('SHELL', '/usr/bin/zsh'), ('LC_NAME', 'zh_CN.UTF-8'), ('QT_ACCESSIBILITY', '1'), ('GDMSESSION', 'ubuntu'), ('GTK_PATH_VSCODE_SNAP_ORIG', ''), ('GTK_IM_MODULE_FILE_VSCODE_SNAP_ORIG', ''), ('LC_MEASUREMENT', 'zh_CN.UTF-8'), ('GPG_AGENT_INFO', '/run/user/1000/gnupg/S.gpg-agent:0:1'), ('LC_IDENTIFICATION', 'zh_CN.UTF-8'), ('QT_IM_MODULE', 'ibus'), ('VSCODE_GIT_ASKPASS_EXTRA_ARGS', ''), ('PWD', '/home/cjs/VL53L8CX/VL53L8CX_ws/build/base_interfaces_demo'), ('XDG_CONFIG_DIRS', '/etc/xdg/xdg-ubuntu:/etc/xdg'), ('DBUS_STARTER_ADDRESS', 'unix:path=/run/user/1000/bus,guid=268dcd2de439d3d90858002266b82368'), ('XDG_DATA_DIRS', '/home/cjs/snap/code/166/.local/share:/home/cjs/snap/code/166:/snap/code/166/usr/share:/usr/share/ubuntu:/usr/local/share/:/usr/share/:/var/lib/snapd/desktop'), ('ZDOTDIR', '/home/cjs'), ('PYTHONPATH', '/opt/ros/foxy/lib/python3.8/site-packages'), ('LC_NUMERIC', 'zh_CN.UTF-8'), ('LC_PAPER', 'zh_CN.UTF-8'), ('COLCON', '1'), ('VTE_VERSION', '6003'), ('CMAKE_PREFIX_PATH', '/opt/ros/foxy')]), 'shell': False}
[0.097756] (-) TimerEvent: {}
[0.202227] (-) TimerEvent: {}
[0.303943] (-) TimerEvent: {}
[0.336140] (base_interfaces_demo) StdoutLine: {'line': b'[  0%] Built target base_interfaces_demo__cpp\n'}
[0.367237] (base_interfaces_demo) StdoutLine: {'line': b'[ 12%] Built target base_interfaces_demo__rosidl_generator_c\n'}
[0.404780] (-) TimerEvent: {}
[0.493753] (base_interfaces_demo) StdoutLine: {'line': b'[ 25%] Built target base_interfaces_demo__rosidl_typesupport_introspection_cpp\n'}
[0.505081] (-) TimerEvent: {}
[0.517332] (base_interfaces_demo) StdoutLine: {'line': b'[ 37%] Built target base_interfaces_demo__rosidl_typesupport_cpp\n'}
[0.548218] (base_interfaces_demo) StdoutLine: {'line': b'[ 50%] Built target base_interfaces_demo__rosidl_typesupport_introspection_c\n'}
[0.559807] (base_interfaces_demo) StdoutLine: {'line': b'[ 62%] Built target base_interfaces_demo__rosidl_typesupport_fastrtps_cpp\n'}
[0.605766] (-) TimerEvent: {}
[0.658076] (base_interfaces_demo) StdoutLine: {'line': b'[ 74%] Built target base_interfaces_demo__rosidl_typesupport_c\n'}
[0.701472] (base_interfaces_demo) StdoutLine: {'line': b'[ 87%] Built target base_interfaces_demo__rosidl_typesupport_fastrtps_c\n'}
[0.706484] (-) TimerEvent: {}
[0.780155] (base_interfaces_demo) StdoutLine: {'line': b'[ 87%] Built target base_interfaces_demo\n'}
[0.807109] (-) TimerEvent: {}
[0.871860] (base_interfaces_demo) StdoutLine: {'line': b'[ 87%] Built target base_interfaces_demo__py\n'}
[0.907708] (-) TimerEvent: {}
[0.992417] (base_interfaces_demo) StdoutLine: {'line': b'[ 99%] Built target base_interfaces_demo__python\n'}
[1.008351] (-) TimerEvent: {}
[1.110919] (-) TimerEvent: {}
[1.125522] (base_interfaces_demo) StdoutLine: {'line': b'[100%] Built target base_interfaces_demo__rosidl_typesupport_c__pyext\n'}
[1.150524] (base_interfaces_demo) StdoutLine: {'line': b'[100%] Built target base_interfaces_demo__rosidl_typesupport_fastrtps_c__pyext\n'}
[1.181693] (base_interfaces_demo) StdoutLine: {'line': b'[100%] Built target base_interfaces_demo__rosidl_typesupport_introspection_c__pyext\n'}
[1.211399] (-) TimerEvent: {}
[1.229719] (base_interfaces_demo) CommandEnded: {'returncode': 0}
[1.312138] (-) TimerEvent: {}
[1.414124] (-) TimerEvent: {}
[1.515769] (-) TimerEvent: {}
[1.617023] (-) TimerEvent: {}
[1.718671] (-) TimerEvent: {}
[1.820053] (-) TimerEvent: {}
[1.921578] (-) TimerEvent: {}
[2.022558] (-) TimerEvent: {}
[2.124349] (-) TimerEvent: {}
[2.225579] (-) TimerEvent: {}
[2.326285] (-) TimerEvent: {}
[2.427269] (-) TimerEvent: {}
[2.528566] (-) TimerEvent: {}
[2.629236] (-) TimerEvent: {}
[2.729823] (-) TimerEvent: {}
[2.830494] (-) TimerEvent: {}
[2.932829] (-) TimerEvent: {}
[3.034693] (-) TimerEvent: {}
[3.137593] (-) TimerEvent: {}
[3.239593] (-) TimerEvent: {}
[3.341439] (-) TimerEvent: {}
[3.442509] (-) TimerEvent: {}
[3.543207] (-) TimerEvent: {}
[3.645041] (-) TimerEvent: {}
[3.746476] (-) TimerEvent: {}
[3.847413] (-) TimerEvent: {}
[3.948654] (-) TimerEvent: {}
[4.050119] (-) TimerEvent: {}
[4.151100] (-) TimerEvent: {}
[4.252362] (-) TimerEvent: {}
[4.353199] (-) TimerEvent: {}
[4.454464] (-) TimerEvent: {}
[4.555959] (-) TimerEvent: {}
[4.657408] (-) TimerEvent: {}
[4.677449] (base_interfaces_demo) JobProgress: {'identifier': 'base_interfaces_demo', 'progress': 'install'}
[4.721798] (base_interfaces_demo) Command: {'cmd': ['/usr/bin/cmake', '--install', '/home/cjs/VL53L8CX/VL53L8CX_ws/build/base_interfaces_demo'], 'cwd': '/home/cjs/VL53L8CX/VL53L8CX_ws/build/base_interfaces_demo', 'env': OrderedDict([('USER', 'cjs'), ('LC_TIME', 'zh_CN.UTF-8'), ('GIO_MODULE_DIR', '/home/cjs/snap/code/common/.cache/gio-modules'), ('SSH_AGENT_PID', '1520'), ('XDG_SESSION_TYPE', 'x11'), ('GTK_EXE_PREFIX_VSCODE_SNAP_ORIG', ''), ('GIT_ASKPASS', '/snap/code/166/usr/share/code/resources/app/extensions/git/dist/askpass.sh'), ('GDK_BACKEND_VSCODE_SNAP_ORIG', ''), ('SHLVL', '2'), ('LD_LIBRARY_PATH', '/opt/ros/foxy/opt/yaml_cpp_vendor/lib:/opt/ros/foxy/opt/rviz_ogre_vendor/lib:/opt/ros/foxy/lib/x86_64-linux-gnu:/opt/ros/foxy/lib'), ('LESS', '-R'), ('HOME', '/home/cjs'), ('LOCPATH_VSCODE_SNAP_ORIG', ''), ('OLDPWD', '/home/cjs/VL53L8CX'), ('CHROME_DESKTOP', 'code-url-handler.desktop'), ('DESKTOP_SESSION', 'ubuntu'), ('GTK_PATH', '/snap/code/166/usr/lib/x86_64-linux-gnu/gtk-3.0'), ('TERM_PROGRAM_VERSION', '1.92.1'), ('LSCOLORS', 'Gxfxcxdxbxegedabagacad'), ('ZSH', '/home/cjs/.oh-my-zsh'), ('GTK_IM_MODULE_FILE', '/home/cjs/snap/code/common/.cache/immodules/immodules.cache'), ('ROS_PYTHON_VERSION', '3'), ('GNOME_SHELL_SESSION_MODE', 'ubuntu'), ('ALL', 'en.US.UTF-8'), ('GTK_MODULES', 'gail:atk-bridge'), ('GSETTINGS_SCHEMA_DIR_VSCODE_SNAP_ORIG', ''), ('PAGER', 'less'), ('VSCODE_GIT_ASKPASS_MAIN', '/snap/code/166/usr/share/code/resources/app/extensions/git/dist/askpass-main.js'), ('LC_MONETARY', 'zh_CN.UTF-8'), ('MANAGERPID', '1424'), ('VSCODE_GIT_ASKPASS_NODE', '/snap/code/166/usr/share/code/code'), ('DBUS_STARTER_BUS_TYPE', 'session'), ('DBUS_SESSION_BUS_ADDRESS', 'unix:path=/run/user/1000/bus,guid=268dcd2de439d3d90858002266b82368'), ('COLORTERM', 'truecolor'), ('IM_CONFIG_PHASE', '1'), ('ROS_DISTRO', 'foxy'), ('LOGNAME', 'cjs'), ('JOURNAL_STREAM', '8:57458'), ('_', '/usr/bin/colcon'), ('ROS_VERSION', '2'), ('XDG_CONFIG_DIRS_VSCODE_SNAP_ORIG', '/etc/xdg/xdg-ubuntu:/etc/xdg'), ('XDG_SESSION_CLASS', 'user'), ('XDG_DATA_DIRS_VSCODE_SNAP_ORIG', '/usr/share/ubuntu:/usr/local/share/:/usr/share/:/var/lib/snapd/desktop'), ('USER_ZDOTDIR', '/home/cjs'), ('USERNAME', 'cjs'), ('TERM', 'xterm-256color'), ('GNOME_DESKTOP_SESSION_ID', 'this-is-deprecated'), ('ROS_LOCALHOST_ONLY', '0'), ('WINDOWPATH', '2'), ('PATH', '/opt/ros/foxy/bin:/usr/local/sbin:/usr/local/bin:/usr/sbin:/usr/bin:/sbin:/bin:/usr/games:/usr/local/games:/snap/bin'), ('SESSION_MANAGER', 'local/cjs-virtual-machine:@/tmp/.ICE-unix/1556,unix/cjs-virtual-machine:/tmp/.ICE-unix/1556'), ('GTK_EXE_PREFIX', '/snap/code/166/usr'), ('INVOCATION_ID', '9ee8dd2fd7cc48b9b2c20cfcb166a738'), ('XDG_MENU_PREFIX', 'gnome-'), ('LC_ADDRESS', 'zh_CN.UTF-8'), ('XDG_RUNTIME_DIR', '/run/user/1000'), ('GDK_BACKEND', 'x11'), ('DISPLAY', ':0'), ('LOCPATH', '/snap/code/166/usr/lib/locale'), ('LANG', 'en_US.UTF-8'), ('XDG_CURRENT_DESKTOP', 'Unity'), ('LC_TELEPHONE', 'zh_CN.UTF-8'), ('TILIX_ID', '9923de69-11f6-49bd-8a1c-424db162521e'), ('VSCODE_INJECTION', '1'), ('GIO_MODULE_DIR_VSCODE_SNAP_ORIG', ''), ('XMODIFIERS', '@im=ibus'), ('XDG_SESSION_DESKTOP', 'ubuntu'), ('XAUTHORITY', '/run/user/1000/gdm/Xauthority'), ('LS_COLORS', 'no=00:fi=00:di=01;34:ln=00;36:pi=40;33:so=01;35:do=01;35:bd=40;33;01:cd=40;33;01:or=41;33;01:ex=00;32:*.cmd=00;32:*.exe=01;32:*.com=01;32:*.bat=01;32:*.btm=01;32:*.dll=01;32:*.tar=00;31:*.tbz=00;31:*.tgz=00;31:*.rpm=00;31:*.deb=00;31:*.arj=00;31:*.taz=00;31:*.lzh=00;31:*.lzma=00;31:*.zip=00;31:*.zoo=00;31:*.z=00;31:*.Z=00;31:*.gz=00;31:*.bz2=00;31:*.tb2=00;31:*.tz2=00;31:*.tbz2=00;31:*.avi=01;35:*.bmp=01;35:*.fli=01;35:*.gif=01;35:*.jpg=01;35:*.jpeg=01;35:*.mng=01;35:*.mov=01;35:*.mpg=01;35:*.pcx=01;35:*.pbm=01;35:*.pgm=01;35:*.png=01;35:*.ppm=01;35:*.tga=01;35:*.tif=01;35:*.xbm=01;35:*.xpm=01;35:*.dl=01;35:*.gl=01;35:*.wmv=01;35:*.aiff=00;32:*.au=00;32:*.mid=00;32:*.mp3=00;32:*.ogg=00;32:*.voc=00;32:*.wav=00;32:'), ('TERM_PROGRAM', 'vscode'), ('VSCODE_GIT_IPC_HANDLE', '/run/user/1000/vscode-git-6e22b0dd4c.sock'), ('SSH_AUTH_SOCK', '/run/user/1000/keyring/ssh'), ('GSETTINGS_SCHEMA_DIR', '/home/cjs/snap/code/166/.local/share/glib-2.0/schemas'), ('AMENT_PREFIX_PATH', '/opt/ros/foxy'), ('ORIGINAL_XDG_CURRENT_DESKTOP', 'ubuntu:GNOME'), ('SHELL', '/usr/bin/zsh'), ('LC_NAME', 'zh_CN.UTF-8'), ('QT_ACCESSIBILITY', '1'), ('GDMSESSION', 'ubuntu'), ('GTK_PATH_VSCODE_SNAP_ORIG', ''), ('GTK_IM_MODULE_FILE_VSCODE_SNAP_ORIG', ''), ('LC_MEASUREMENT', 'zh_CN.UTF-8'), ('GPG_AGENT_INFO', '/run/user/1000/gnupg/S.gpg-agent:0:1'), ('LC_IDENTIFICATION', 'zh_CN.UTF-8'), ('QT_IM_MODULE', 'ibus'), ('VSCODE_GIT_ASKPASS_EXTRA_ARGS', ''), ('PWD', '/home/cjs/VL53L8CX/VL53L8CX_ws/build/base_interfaces_demo'), ('XDG_CONFIG_DIRS', '/etc/xdg/xdg-ubuntu:/etc/xdg'), ('DBUS_STARTER_ADDRESS', 'unix:path=/run/user/1000/bus,guid=268dcd2de439d3d90858002266b82368'), ('XDG_DATA_DIRS', '/home/cjs/snap/code/166/.local/share:/home/cjs/snap/code/166:/snap/code/166/usr/share:/usr/share/ubuntu:/usr/local/share/:/usr/share/:/var/lib/snapd/desktop'), ('ZDOTDIR', '/home/cjs'), ('PYTHONPATH', '/opt/ros/foxy/lib/python3.8/site-packages'), ('LC_NUMERIC', 'zh_CN.UTF-8'), ('LC_PAPER', 'zh_CN.UTF-8'), ('COLCON', '1'), ('VTE_VERSION', '6003'), ('CMAKE_PREFIX_PATH', '/opt/ros/foxy')]), 'shell': False}
[4.756510] (base_interfaces_demo) StdoutLine: {'line': b'-- Install configuration: ""\n'}
[4.756924] (base_interfaces_demo) StdoutLine: {'line': b'-- Up-to-date: /home/cjs/VL53L8CX/VL53L8CX_ws/install/base_interfaces_demo/share/ament_index/resource_index/rosidl_interfaces/base_interfaces_demo\n'}
[4.757350] (base_interfaces_demo) StdoutLine: {'line': b'-- Up-to-date: /home/cjs/VL53L8CX/VL53L8CX_ws/install/base_interfaces_demo/include/base_interfaces_demo\n'}
[4.757510] (-) TimerEvent: {}
[4.758083] (base_interfaces_demo) StdoutLine: {'line': b'-- Up-to-date: /home/cjs/VL53L8CX/VL53L8CX_ws/install/base_interfaces_demo/include/base_interfaces_demo/action\n'}
[4.758317] (base_interfaces_demo) StdoutLine: {'line': b'-- Up-to-date: /home/cjs/VL53L8CX/VL53L8CX_ws/install/base_interfaces_demo/include/base_interfaces_demo/action/nav.h\n'}
[4.758483] (base_interfaces_demo) StdoutLine: {'line': b'-- Up-to-date: /home/cjs/VL53L8CX/VL53L8CX_ws/install/base_interfaces_demo/include/base_interfaces_demo/action/detail\n'}
[4.759337] (base_interfaces_demo) StdoutLine: {'line': b'-- Up-to-date: /home/cjs/VL53L8CX/VL53L8CX_ws/install/base_interfaces_demo/include/base_interfaces_demo/action/detail/pallet__type_support.h\n'}
[4.759554] (base_interfaces_demo) StdoutLine: {'line': b'-- Up-to-date: /home/cjs/VL53L8CX/VL53L8CX_ws/install/base_interfaces_demo/include/base_interfaces_demo/action/detail/pallet__functions.h\n'}
[4.759720] (base_interfaces_demo) StdoutLine: {'line': b'-- Up-to-date: /home/cjs/VL53L8CX/VL53L8CX_ws/install/base_interfaces_demo/include/base_interfaces_demo/action/detail/pallet__struct.h\n'}
[4.759894] (base_interfaces_demo) StdoutLine: {'line': b'-- Up-to-date: /home/cjs/VL53L8CX/VL53L8CX_ws/install/base_interfaces_demo/include/base_interfaces_demo/action/detail/reverse__type_support.h\n'}
[4.760059] (base_interfaces_demo) StdoutLine: {'line': b'-- Up-to-date: /home/cjs/VL53L8CX/VL53L8CX_ws/install/base_interfaces_demo/include/base_interfaces_demo/action/detail/reverse__struct.h\n'}
[4.760232] (base_interfaces_demo) StdoutLine: {'line': b'-- Up-to-date: /home/cjs/VL53L8CX/VL53L8CX_ws/install/base_interfaces_demo/include/base_interfaces_demo/action/detail/nav__functions.c\n'}
[4.760608] (base_interfaces_demo) StdoutLine: {'line': b'-- Up-to-date: /home/cjs/VL53L8CX/VL53L8CX_ws/install/base_interfaces_demo/include/base_interfaces_demo/action/detail/reverse__functions.h\n'}
[4.760775] (base_interfaces_demo) StdoutLine: {'line': b'-- Up-to-date: /home/cjs/VL53L8CX/VL53L8CX_ws/install/base_interfaces_demo/include/base_interfaces_demo/action/detail/nav__type_support.h\n'}
[4.760951] (base_interfaces_demo) StdoutLine: {'line': b'-- Up-to-date: /home/cjs/VL53L8CX/VL53L8CX_ws/install/base_interfaces_demo/include/base_interfaces_demo/action/detail/nav__functions.h\n'}
[4.761115] (base_interfaces_demo) StdoutLine: {'line': b'-- Up-to-date: /home/cjs/VL53L8CX/VL53L8CX_ws/install/base_interfaces_demo/include/base_interfaces_demo/action/detail/reverse__functions.c\n'}
[4.761279] (base_interfaces_demo) StdoutLine: {'line': b'-- Up-to-date: /home/cjs/VL53L8CX/VL53L8CX_ws/install/base_interfaces_demo/include/base_interfaces_demo/action/detail/nav__struct.h\n'}
[4.761444] (base_interfaces_demo) StdoutLine: {'line': b'-- Up-to-date: /home/cjs/VL53L8CX/VL53L8CX_ws/install/base_interfaces_demo/include/base_interfaces_demo/action/detail/pallet__functions.c\n'}
[4.761613] (base_interfaces_demo) StdoutLine: {'line': b'-- Up-to-date: /home/cjs/VL53L8CX/VL53L8CX_ws/install/base_interfaces_demo/include/base_interfaces_demo/action/pallet.h\n'}
[4.761782] (base_interfaces_demo) StdoutLine: {'line': b'-- Up-to-date: /home/cjs/VL53L8CX/VL53L8CX_ws/install/base_interfaces_demo/include/base_interfaces_demo/action/reverse.h\n'}
[4.761930] (base_interfaces_demo) StdoutLine: {'line': b'-- Up-to-date: /home/cjs/VL53L8CX/VL53L8CX_ws/install/base_interfaces_demo/include/base_interfaces_demo/srv\n'}
[4.762275] (base_interfaces_demo) StdoutLine: {'line': b'-- Up-to-date: /home/cjs/VL53L8CX/VL53L8CX_ws/install/base_interfaces_demo/include/base_interfaces_demo/srv/check_emergency.h\n'}
[4.762426] (base_interfaces_demo) StdoutLine: {'line': b'-- Up-to-date: /home/cjs/VL53L8CX/VL53L8CX_ws/install/base_interfaces_demo/include/base_interfaces_demo/srv/detail\n'}
[4.762571] (base_interfaces_demo) StdoutLine: {'line': b'-- Up-to-date: /home/cjs/VL53L8CX/VL53L8CX_ws/install/base_interfaces_demo/include/base_interfaces_demo/srv/detail/pub_code__functions.c\n'}
[4.762718] (base_interfaces_demo) StdoutLine: {'line': b'-- Up-to-date: /home/cjs/VL53L8CX/VL53L8CX_ws/install/base_interfaces_demo/include/base_interfaces_demo/srv/detail/set_emergency__type_support.h\n'}
[4.762999] (base_interfaces_demo) StdoutLine: {'line': b'-- Up-to-date: /home/cjs/VL53L8CX/VL53L8CX_ws/install/base_interfaces_demo/include/base_interfaces_demo/srv/detail/pub_code__functions.h\n'}
[4.763157] (base_interfaces_demo) StdoutLine: {'line': b'-- Up-to-date: /home/cjs/VL53L8CX/VL53L8CX_ws/install/base_interfaces_demo/include/base_interfaces_demo/srv/detail/hall__functions.h\n'}
[4.763305] (base_interfaces_demo) StdoutLine: {'line': b'-- Up-to-date: /home/cjs/VL53L8CX/VL53L8CX_ws/install/base_interfaces_demo/include/base_interfaces_demo/srv/detail/check_emergency__functions.h\n'}
[4.763457] (base_interfaces_demo) StdoutLine: {'line': b'-- Up-to-date: /home/cjs/VL53L8CX/VL53L8CX_ws/install/base_interfaces_demo/include/base_interfaces_demo/srv/detail/rcs_server__functions.h\n'}
[4.763609] (base_interfaces_demo) StdoutLine: {'line': b'-- Up-to-date: /home/cjs/VL53L8CX/VL53L8CX_ws/install/base_interfaces_demo/include/base_interfaces_demo/srv/detail/set_emergency__struct.h\n'}
[4.763783] (base_interfaces_demo) StdoutLine: {'line': b'-- Up-to-date: /home/cjs/VL53L8CX/VL53L8CX_ws/install/base_interfaces_demo/include/base_interfaces_demo/srv/detail/pub_code__type_support.h\n'}
[4.764179] (base_interfaces_demo) StdoutLine: {'line': b'-- Up-to-date: /home/cjs/VL53L8CX/VL53L8CX_ws/install/base_interfaces_demo/include/base_interfaces_demo/srv/detail/rcs_server__type_support.h\n'}
[4.764364] (base_interfaces_demo) StdoutLine: {'line': b'-- Up-to-date: /home/cjs/VL53L8CX/VL53L8CX_ws/install/base_interfaces_demo/include/base_interfaces_demo/srv/detail/rcs_server__functions.c\n'}
[4.765483] (base_interfaces_demo) StdoutLine: {'line': b'-- Up-to-date: /home/cjs/VL53L8CX/VL53L8CX_ws/install/base_interfaces_demo/include/base_interfaces_demo/srv/detail/check_emergency__struct.h\n'}
[4.766048] (base_interfaces_demo) StdoutLine: {'line': b'-- Up-to-date: /home/cjs/VL53L8CX/VL53L8CX_ws/install/base_interfaces_demo/include/base_interfaces_demo/srv/detail/hall__struct.h\n'}
[4.766776] (base_interfaces_demo) StdoutLine: {'line': b'-- Up-to-date: /home/cjs/VL53L8CX/VL53L8CX_ws/install/base_interfaces_demo/include/base_interfaces_demo/srv/detail/rcs_server__struct.h\n'}
[4.766990] (base_interfaces_demo) StdoutLine: {'line': b'-- Up-to-date: /home/cjs/VL53L8CX/VL53L8CX_ws/install/base_interfaces_demo/include/base_interfaces_demo/srv/detail/pub_code__struct.h\n'}
[4.767202] (base_interfaces_demo) StdoutLine: {'line': b'-- Up-to-date: /home/cjs/VL53L8CX/VL53L8CX_ws/install/base_interfaces_demo/include/base_interfaces_demo/srv/detail/set_emergency__functions.h\n'}
[4.767575] (base_interfaces_demo) StdoutLine: {'line': b'-- Up-to-date: /home/cjs/VL53L8CX/VL53L8CX_ws/install/base_interfaces_demo/include/base_interfaces_demo/srv/detail/set_emergency__functions.c\n'}
[4.768034] (base_interfaces_demo) StdoutLine: {'line': b'-- Up-to-date: /home/cjs/VL53L8CX/VL53L8CX_ws/install/base_interfaces_demo/include/base_interfaces_demo/srv/detail/check_emergency__type_support.h\n'}
[4.768241] (base_interfaces_demo) StdoutLine: {'line': b'-- Up-to-date: /home/cjs/VL53L8CX/VL53L8CX_ws/install/base_interfaces_demo/include/base_interfaces_demo/srv/detail/hall__functions.c\n'}
[4.768637] (base_interfaces_demo) StdoutLine: {'line': b'-- Up-to-date: /home/cjs/VL53L8CX/VL53L8CX_ws/install/base_interfaces_demo/include/base_interfaces_demo/srv/detail/hall__type_support.h\n'}
[4.768840] (base_interfaces_demo) StdoutLine: {'line': b'-- Up-to-date: /home/cjs/VL53L8CX/VL53L8CX_ws/install/base_interfaces_demo/include/base_interfaces_demo/srv/detail/check_emergency__functions.c\n'}
[4.769453] (base_interfaces_demo) StdoutLine: {'line': b'-- Up-to-date: /home/cjs/VL53L8CX/VL53L8CX_ws/install/base_interfaces_demo/include/base_interfaces_demo/srv/rcs_server.h\n'}
[4.770045] (base_interfaces_demo) StdoutLine: {'line': b'-- Up-to-date: /home/cjs/VL53L8CX/VL53L8CX_ws/install/base_interfaces_demo/include/base_interfaces_demo/srv/set_emergency.h\n'}
[4.770184] (base_interfaces_demo) StdoutLine: {'line': b'-- Up-to-date: /home/cjs/VL53L8CX/VL53L8CX_ws/install/base_interfaces_demo/include/base_interfaces_demo/srv/hall.h\n'}
[4.770789] (base_interfaces_demo) StdoutLine: {'line': b'-- Up-to-date: /home/cjs/VL53L8CX/VL53L8CX_ws/install/base_interfaces_demo/include/base_interfaces_demo/srv/pub_code.h\n'}
[4.771618] (base_interfaces_demo) StdoutLine: {'line': b'-- Up-to-date: /home/cjs/VL53L8CX/VL53L8CX_ws/install/base_interfaces_demo/include/base_interfaces_demo/msg\n'}
[4.771817] (base_interfaces_demo) StdoutLine: {'line': b'-- Up-to-date: /home/cjs/VL53L8CX/VL53L8CX_ws/install/base_interfaces_demo/include/base_interfaces_demo/msg/bms_info.h\n'}
[4.772125] (base_interfaces_demo) StdoutLine: {'line': b'-- Up-to-date: /home/cjs/VL53L8CX/VL53L8CX_ws/install/base_interfaces_demo/include/base_interfaces_demo/msg/ohom.h\n'}
[4.772692] (base_interfaces_demo) StdoutLine: {'line': b'-- Up-to-date: /home/cjs/VL53L8CX/VL53L8CX_ws/install/base_interfaces_demo/include/base_interfaces_demo/msg/manual_seek_label.h\n'}
[4.774173] (base_interfaces_demo) StdoutLine: {'line': b'-- Up-to-date: /home/cjs/VL53L8CX/VL53L8CX_ws/install/base_interfaces_demo/include/base_interfaces_demo/msg/motor_cmd.h\n'}
[4.775131] (base_interfaces_demo) StdoutLine: {'line': b'-- Up-to-date: /home/cjs/VL53L8CX/VL53L8CX_ws/install/base_interfaces_demo/include/base_interfaces_demo/msg/lift_control.h\n'}
[4.775893] (base_interfaces_demo) StdoutLine: {'line': b'-- Up-to-date: /home/cjs/VL53L8CX/VL53L8CX_ws/install/base_interfaces_demo/include/base_interfaces_demo/msg/rosidl_generator_c__visibility_control.h\n'}
[4.776414] (base_interfaces_demo) StdoutLine: {'line': b'-- Up-to-date: /home/cjs/VL53L8CX/VL53L8CX_ws/install/base_interfaces_demo/include/base_interfaces_demo/msg/detail\n'}
[4.776627] (base_interfaces_demo) StdoutLine: {'line': b'-- Up-to-date: /home/cjs/VL53L8CX/VL53L8CX_ws/install/base_interfaces_demo/include/base_interfaces_demo/msg/detail/pub_code__functions.c\n'}
[4.776943] (base_interfaces_demo) StdoutLine: {'line': b'-- Up-to-date: /home/cjs/VL53L8CX/VL53L8CX_ws/install/base_interfaces_demo/include/base_interfaces_demo/msg/detail/motor_status__functions.c\n'}
[4.777418] (base_interfaces_demo) StdoutLine: {'line': b'-- Up-to-date: /home/cjs/VL53L8CX/VL53L8CX_ws/install/base_interfaces_demo/include/base_interfaces_demo/msg/detail/movecontrol_info__functions.h\n'}
[4.778407] (base_interfaces_demo) StdoutLine: {'line': b'-- Up-to-date: /home/cjs/VL53L8CX/VL53L8CX_ws/install/base_interfaces_demo/include/base_interfaces_demo/msg/detail/rcs_info__functions.h\n'}
[4.779628] (base_interfaces_demo) StdoutLine: {'line': b'-- Up-to-date: /home/cjs/VL53L8CX/VL53L8CX_ws/install/base_interfaces_demo/include/base_interfaces_demo/msg/detail/pub_code__functions.h\n'}
[4.780352] (base_interfaces_demo) StdoutLine: {'line': b'-- Up-to-date: /home/cjs/VL53L8CX/VL53L8CX_ws/install/base_interfaces_demo/include/base_interfaces_demo/msg/detail/rcs_info__type_support.h\n'}
[4.781221] (base_interfaces_demo) StdoutLine: {'line': b'-- Up-to-date: /home/cjs/VL53L8CX/VL53L8CX_ws/install/base_interfaces_demo/include/base_interfaces_demo/msg/detail/bms_info__type_support.h\n'}
[4.782054] (base_interfaces_demo) StdoutLine: {'line': b'-- Up-to-date: /home/cjs/VL53L8CX/VL53L8CX_ws/install/base_interfaces_demo/include/base_interfaces_demo/msg/detail/seek_ret__type_support.h\n'}
[4.783384] (base_interfaces_demo) StdoutLine: {'line': b'-- Up-to-date: /home/cjs/VL53L8CX/VL53L8CX_ws/install/base_interfaces_demo/include/base_interfaces_demo/msg/detail/lift_control__type_support.h\n'}
[4.784286] (base_interfaces_demo) StdoutLine: {'line': b'-- Up-to-date: /home/cjs/VL53L8CX/VL53L8CX_ws/install/base_interfaces_demo/include/base_interfaces_demo/msg/detail/color_info__functions.c\n'}
[4.784758] (base_interfaces_demo) StdoutLine: {'line': b'-- Up-to-date: /home/cjs/VL53L8CX/VL53L8CX_ws/install/base_interfaces_demo/include/base_interfaces_demo/msg/detail/lift_control__struct.h\n'}
[4.785941] (base_interfaces_demo) StdoutLine: {'line': b'-- Up-to-date: /home/cjs/VL53L8CX/VL53L8CX_ws/install/base_interfaces_demo/include/base_interfaces_demo/msg/detail/pallet_info__functions.h\n'}
[4.787048] (base_interfaces_demo) StdoutLine: {'line': b'-- Up-to-date: /home/cjs/VL53L8CX/VL53L8CX_ws/install/base_interfaces_demo/include/base_interfaces_demo/msg/detail/rcs_info__struct.h\n'}
[4.788020] (base_interfaces_demo) StdoutLine: {'line': b'-- Up-to-date: /home/cjs/VL53L8CX/VL53L8CX_ws/install/base_interfaces_demo/include/base_interfaces_demo/msg/detail/bt_status__struct.h\n'}
[4.788619] (base_interfaces_demo) StdoutLine: {'line': b'-- Up-to-date: /home/cjs/VL53L8CX/VL53L8CX_ws/install/base_interfaces_demo/include/base_interfaces_demo/msg/detail/obs_laser__type_support.h\n'}
[4.789018] (base_interfaces_demo) StdoutLine: {'line': b'-- Up-to-date: /home/cjs/VL53L8CX/VL53L8CX_ws/install/base_interfaces_demo/include/base_interfaces_demo/msg/detail/manual__struct.h\n'}
[4.789518] (base_interfaces_demo) StdoutLine: {'line': b'-- Up-to-date: /home/cjs/VL53L8CX/VL53L8CX_ws/install/base_interfaces_demo/include/base_interfaces_demo/msg/detail/bt_status__type_support.h\n'}
[4.790590] (base_interfaces_demo) StdoutLine: {'line': b'-- Up-to-date: /home/cjs/VL53L8CX/VL53L8CX_ws/install/base_interfaces_demo/include/base_interfaces_demo/msg/detail/file_updata__struct.h\n'}
[4.791601] (base_interfaces_demo) StdoutLine: {'line': b'-- Up-to-date: /home/cjs/VL53L8CX/VL53L8CX_ws/install/base_interfaces_demo/include/base_interfaces_demo/msg/detail/seek_cmd__functions.h\n'}
[4.792199] (base_interfaces_demo) StdoutLine: {'line': b'-- Up-to-date: /home/cjs/VL53L8CX/VL53L8CX_ws/install/base_interfaces_demo/include/base_interfaces_demo/msg/detail/motor_status__struct.h\n'}
[4.792637] (base_interfaces_demo) StdoutLine: {'line': b'-- Up-to-date: /home/cjs/VL53L8CX/VL53L8CX_ws/install/base_interfaces_demo/include/base_interfaces_demo/msg/detail/motor_cmd__functions.c\n'}
[4.793545] (base_interfaces_demo) StdoutLine: {'line': b'-- Up-to-date: /home/cjs/VL53L8CX/VL53L8CX_ws/install/base_interfaces_demo/include/base_interfaces_demo/msg/detail/manual_seek_label__struct.h\n'}
[4.794038] (base_interfaces_demo) StdoutLine: {'line': b'-- Up-to-date: /home/cjs/VL53L8CX/VL53L8CX_ws/install/base_interfaces_demo/include/base_interfaces_demo/msg/detail/motor_status__type_support.h\n'}
[4.794161] (base_interfaces_demo) StdoutLine: {'line': b'-- Up-to-date: /home/cjs/VL53L8CX/VL53L8CX_ws/install/base_interfaces_demo/include/base_interfaces_demo/msg/detail/motion_control__functions.c\n'}
[4.794486] (base_interfaces_demo) StdoutLine: {'line': b'-- Up-to-date: /home/cjs/VL53L8CX/VL53L8CX_ws/install/base_interfaces_demo/include/base_interfaces_demo/msg/detail/health_node__functions.c\n'}
[4.794824] (base_interfaces_demo) StdoutLine: {'line': b'-- Up-to-date: /home/cjs/VL53L8CX/VL53L8CX_ws/install/base_interfaces_demo/include/base_interfaces_demo/msg/detail/seek_cmd__struct.h\n'}
[4.795065] (base_interfaces_demo) StdoutLine: {'line': b'-- Up-to-date: /home/cjs/VL53L8CX/VL53L8CX_ws/install/base_interfaces_demo/include/base_interfaces_demo/msg/detail/charger_info__functions.h\n'}
[4.795189] (base_interfaces_demo) StdoutLine: {'line': b'-- Up-to-date: /home/cjs/VL53L8CX/VL53L8CX_ws/install/base_interfaces_demo/include/base_interfaces_demo/msg/detail/test__struct.h\n'}
[4.795309] (base_interfaces_demo) StdoutLine: {'line': b'-- Up-to-date: /home/cjs/VL53L8CX/VL53L8CX_ws/install/base_interfaces_demo/include/base_interfaces_demo/msg/detail/health_node__struct.h\n'}
[4.795428] (base_interfaces_demo) StdoutLine: {'line': b'-- Up-to-date: /home/cjs/VL53L8CX/VL53L8CX_ws/install/base_interfaces_demo/include/base_interfaces_demo/msg/detail/lift_info__functions.c\n'}
[4.795547] (base_interfaces_demo) StdoutLine: {'line': b'-- Up-to-date: /home/cjs/VL53L8CX/VL53L8CX_ws/install/base_interfaces_demo/include/base_interfaces_demo/msg/detail/motor_status__functions.h\n'}
[4.795675] (base_interfaces_demo) StdoutLine: {'line': b'-- Up-to-date: /home/cjs/VL53L8CX/VL53L8CX_ws/install/base_interfaces_demo/include/base_interfaces_demo/msg/detail/movecontrol_info__type_support.h\n'}
[4.795820] (base_interfaces_demo) StdoutLine: {'line': b'-- Up-to-date: /home/cjs/VL53L8CX/VL53L8CX_ws/install/base_interfaces_demo/include/base_interfaces_demo/msg/detail/pub_code__type_support.h\n'}
[4.795942] (base_interfaces_demo) StdoutLine: {'line': b'-- Up-to-date: /home/cjs/VL53L8CX/VL53L8CX_ws/install/base_interfaces_demo/include/base_interfaces_demo/msg/detail/test__functions.h\n'}
[4.796061] (base_interfaces_demo) StdoutLine: {'line': b'-- Up-to-date: /home/cjs/VL53L8CX/VL53L8CX_ws/install/base_interfaces_demo/include/base_interfaces_demo/msg/detail/lift_info__functions.h\n'}
[4.796180] (base_interfaces_demo) StdoutLine: {'line': b'-- Up-to-date: /home/cjs/VL53L8CX/VL53L8CX_ws/install/base_interfaces_demo/include/base_interfaces_demo/msg/detail/movecontrol_info__struct.h\n'}
[4.796299] (base_interfaces_demo) StdoutLine: {'line': b'-- Up-to-date: /home/cjs/VL53L8CX/VL53L8CX_ws/install/base_interfaces_demo/include/base_interfaces_demo/msg/detail/motor_cmd__functions.h\n'}
[4.796418] (base_interfaces_demo) StdoutLine: {'line': b'-- Up-to-date: /home/cjs/VL53L8CX/VL53L8CX_ws/install/base_interfaces_demo/include/base_interfaces_demo/msg/detail/bt_status__functions.c\n'}
[4.796536] (base_interfaces_demo) StdoutLine: {'line': b'-- Up-to-date: /home/cjs/VL53L8CX/VL53L8CX_ws/install/base_interfaces_demo/include/base_interfaces_demo/msg/detail/manual__functions.h\n'}
[4.796660] (base_interfaces_demo) StdoutLine: {'line': b'-- Up-to-date: /home/cjs/VL53L8CX/VL53L8CX_ws/install/base_interfaces_demo/include/base_interfaces_demo/msg/detail/hall_info__functions.h\n'}
[4.796779] (base_interfaces_demo) StdoutLine: {'line': b'-- Up-to-date: /home/cjs/VL53L8CX/VL53L8CX_ws/install/base_interfaces_demo/include/base_interfaces_demo/msg/detail/manual__functions.c\n'}
[4.796900] (base_interfaces_demo) StdoutLine: {'line': b'-- Up-to-date: /home/cjs/VL53L8CX/VL53L8CX_ws/install/base_interfaces_demo/include/base_interfaces_demo/msg/detail/file_updata__functions.c\n'}
[4.797587] (base_interfaces_demo) StdoutLine: {'line': b'-- Up-to-date: /home/cjs/VL53L8CX/VL53L8CX_ws/install/base_interfaces_demo/include/base_interfaces_demo/msg/detail/manual_seek_label__type_support.h\n'}
[4.797909] (base_interfaces_demo) StdoutLine: {'line': b'-- Up-to-date: /home/cjs/VL53L8CX/VL53L8CX_ws/install/base_interfaces_demo/include/base_interfaces_demo/msg/detail/pallet_info__type_support.h\n'}
[4.798031] (base_interfaces_demo) StdoutLine: {'line': b'-- Up-to-date: /home/cjs/VL53L8CX/VL53L8CX_ws/install/base_interfaces_demo/include/base_interfaces_demo/msg/detail/ohom__functions.h\n'}
[4.798150] (base_interfaces_demo) StdoutLine: {'line': b'-- Up-to-date: /home/cjs/VL53L8CX/VL53L8CX_ws/install/base_interfaces_demo/include/base_interfaces_demo/msg/detail/color_info__functions.h\n'}
[4.798269] (base_interfaces_demo) StdoutLine: {'line': b'-- Up-to-date: /home/cjs/VL53L8CX/VL53L8CX_ws/install/base_interfaces_demo/include/base_interfaces_demo/msg/detail/health_node__functions.h\n'}
[4.798388] (base_interfaces_demo) StdoutLine: {'line': b'-- Up-to-date: /home/cjs/VL53L8CX/VL53L8CX_ws/install/base_interfaces_demo/include/base_interfaces_demo/msg/detail/seek_cmd__functions.c\n'}
[4.798519] (base_interfaces_demo) StdoutLine: {'line': b'-- Up-to-date: /home/cjs/VL53L8CX/VL53L8CX_ws/install/base_interfaces_demo/include/base_interfaces_demo/msg/detail/car_status__functions.h\n'}
[4.798648] (base_interfaces_demo) StdoutLine: {'line': b'-- Up-to-date: /home/cjs/VL53L8CX/VL53L8CX_ws/install/base_interfaces_demo/include/base_interfaces_demo/msg/detail/motion_control__type_support.h\n'}
[4.798920] (base_interfaces_demo) StdoutLine: {'line': b'-- Up-to-date: /home/cjs/VL53L8CX/VL53L8CX_ws/install/base_interfaces_demo/include/base_interfaces_demo/msg/detail/manual_seek_label__functions.c\n'}
[4.799103] (base_interfaces_demo) StdoutLine: {'line': b'-- Up-to-date: /home/cjs/VL53L8CX/VL53L8CX_ws/install/base_interfaces_demo/include/base_interfaces_demo/msg/detail/bms_info__functions.h\n'}
[4.799222] (base_interfaces_demo) StdoutLine: {'line': b'-- Up-to-date: /home/cjs/VL53L8CX/VL53L8CX_ws/install/base_interfaces_demo/include/base_interfaces_demo/msg/detail/system_status__functions.h\n'}
[4.799341] (base_interfaces_demo) StdoutLine: {'line': b'-- Up-to-date: /home/cjs/VL53L8CX/VL53L8CX_ws/install/base_interfaces_demo/include/base_interfaces_demo/msg/detail/location__functions.c\n'}
[4.799779] (base_interfaces_demo) StdoutLine: {'line': b'-- Up-to-date: /home/cjs/VL53L8CX/VL53L8CX_ws/install/base_interfaces_demo/include/base_interfaces_demo/msg/detail/lift_info__struct.h\n'}
[4.800019] (base_interfaces_demo) StdoutLine: {'line': b'-- Up-to-date: /home/cjs/VL53L8CX/VL53L8CX_ws/install/base_interfaces_demo/include/base_interfaces_demo/msg/detail/rcs_info__functions.c\n'}
[4.800374] (base_interfaces_demo) StdoutLine: {'line': b'-- Up-to-date: /home/cjs/VL53L8CX/VL53L8CX_ws/install/base_interfaces_demo/include/base_interfaces_demo/msg/detail/motion_control__functions.h\n'}
[4.800876] (base_interfaces_demo) StdoutLine: {'line': b'-- Up-to-date: /home/cjs/VL53L8CX/VL53L8CX_ws/install/base_interfaces_demo/include/base_interfaces_demo/msg/detail/motor_cmd__struct.h\n'}
[4.801377] (base_interfaces_demo) StdoutLine: {'line': b'-- Up-to-date: /home/cjs/VL53L8CX/VL53L8CX_ws/install/base_interfaces_demo/include/base_interfaces_demo/msg/detail/system_status__functions.c\n'}
[4.802109] (base_interfaces_demo) StdoutLine: {'line': b'-- Up-to-date: /home/cjs/VL53L8CX/VL53L8CX_ws/install/base_interfaces_demo/include/base_interfaces_demo/msg/detail/location__struct.h\n'}
[4.802720] (base_interfaces_demo) StdoutLine: {'line': b'-- Up-to-date: /home/cjs/VL53L8CX/VL53L8CX_ws/install/base_interfaces_demo/include/base_interfaces_demo/msg/detail/motor_cmd__type_support.h\n'}
[4.803318] (base_interfaces_demo) StdoutLine: {'line': b'-- Up-to-date: /home/cjs/VL53L8CX/VL53L8CX_ws/install/base_interfaces_demo/include/base_interfaces_demo/msg/detail/hall_info__functions.c\n'}
[4.804287] (base_interfaces_demo) StdoutLine: {'line': b'-- Up-to-date: /home/cjs/VL53L8CX/VL53L8CX_ws/install/base_interfaces_demo/include/base_interfaces_demo/msg/detail/file_updata__functions.h\n'}
[4.805204] (base_interfaces_demo) StdoutLine: {'line': b'-- Up-to-date: /home/cjs/VL53L8CX/VL53L8CX_ws/install/base_interfaces_demo/include/base_interfaces_demo/msg/detail/test__type_support.h\n'}
[4.805927] (base_interfaces_demo) StdoutLine: {'line': b'-- Up-to-date: /home/cjs/VL53L8CX/VL53L8CX_ws/install/base_interfaces_demo/include/base_interfaces_demo/msg/detail/ohom__type_support.h\n'}
[4.806533] (base_interfaces_demo) StdoutLine: {'line': b'-- Up-to-date: /home/cjs/VL53L8CX/VL53L8CX_ws/install/base_interfaces_demo/include/base_interfaces_demo/msg/detail/bt_status__functions.h\n'}
[4.806654] (base_interfaces_demo) StdoutLine: {'line': b'-- Up-to-date: /home/cjs/VL53L8CX/VL53L8CX_ws/install/base_interfaces_demo/include/base_interfaces_demo/msg/detail/pallet_info__struct.h\n'}
[4.806782] (base_interfaces_demo) StdoutLine: {'line': b'-- Up-to-date: /home/cjs/VL53L8CX/VL53L8CX_ws/install/base_interfaces_demo/include/base_interfaces_demo/msg/detail/seek_ret__functions.h\n'}
[4.807081] (base_interfaces_demo) StdoutLine: {'line': b'-- Up-to-date: /home/cjs/VL53L8CX/VL53L8CX_ws/install/base_interfaces_demo/include/base_interfaces_demo/msg/detail/color_info__struct.h\n'}
[4.807209] (base_interfaces_demo) StdoutLine: {'line': b'-- Up-to-date: /home/cjs/VL53L8CX/VL53L8CX_ws/install/base_interfaces_demo/include/base_interfaces_demo/msg/detail/charger_info__functions.c\n'}
[4.807338] (base_interfaces_demo) StdoutLine: {'line': b'-- Up-to-date: /home/cjs/VL53L8CX/VL53L8CX_ws/install/base_interfaces_demo/include/base_interfaces_demo/msg/detail/pub_code__struct.h\n'}
[4.807456] (base_interfaces_demo) StdoutLine: {'line': b'-- Up-to-date: /home/cjs/VL53L8CX/VL53L8CX_ws/install/base_interfaces_demo/include/base_interfaces_demo/msg/detail/lift_control__functions.h\n'}
[4.807576] (base_interfaces_demo) StdoutLine: {'line': b'-- Up-to-date: /home/cjs/VL53L8CX/VL53L8CX_ws/install/base_interfaces_demo/include/base_interfaces_demo/msg/detail/obs_laser__functions.h\n'}
[4.807695] (base_interfaces_demo) StdoutLine: {'line': b'-- Up-to-date: /home/cjs/VL53L8CX/VL53L8CX_ws/install/base_interfaces_demo/include/base_interfaces_demo/msg/detail/seek_cmd__type_support.h\n'}
[4.807838] (base_interfaces_demo) StdoutLine: {'line': b'-- Up-to-date: /home/cjs/VL53L8CX/VL53L8CX_ws/install/base_interfaces_demo/include/base_interfaces_demo/msg/detail/movecontrol_info__functions.c\n'}
[4.807958] (base_interfaces_demo) StdoutLine: {'line': b'-- Up-to-date: /home/cjs/VL53L8CX/VL53L8CX_ws/install/base_interfaces_demo/include/base_interfaces_demo/msg/detail/manual__type_support.h\n'}
[4.808083] (base_interfaces_demo) StdoutLine: {'line': b'-- Up-to-date: /home/cjs/VL53L8CX/VL53L8CX_ws/install/base_interfaces_demo/include/base_interfaces_demo/msg/detail/system_status__type_support.h\n'}
[4.808204] (base_interfaces_demo) StdoutLine: {'line': b'-- Up-to-date: /home/cjs/VL53L8CX/VL53L8CX_ws/install/base_interfaces_demo/include/base_interfaces_demo/msg/detail/car_status__struct.h\n'}
[4.808559] (base_interfaces_demo) StdoutLine: {'line': b'-- Up-to-date: /home/cjs/VL53L8CX/VL53L8CX_ws/install/base_interfaces_demo/include/base_interfaces_demo/msg/detail/lift_control__functions.c\n'}
[4.808681] (base_interfaces_demo) StdoutLine: {'line': b'-- Up-to-date: /home/cjs/VL53L8CX/VL53L8CX_ws/install/base_interfaces_demo/include/base_interfaces_demo/msg/detail/seek_ret__functions.c\n'}
[4.808815] (base_interfaces_demo) StdoutLine: {'line': b'-- Up-to-date: /home/cjs/VL53L8CX/VL53L8CX_ws/install/base_interfaces_demo/include/base_interfaces_demo/msg/detail/hall_info__type_support.h\n'}
[4.808935] (base_interfaces_demo) StdoutLine: {'line': b'-- Up-to-date: /home/cjs/VL53L8CX/VL53L8CX_ws/install/base_interfaces_demo/include/base_interfaces_demo/msg/detail/obs_laser__struct.h\n'}
[4.809054] (base_interfaces_demo) StdoutLine: {'line': b'-- Up-to-date: /home/cjs/VL53L8CX/VL53L8CX_ws/install/base_interfaces_demo/include/base_interfaces_demo/msg/detail/ohom__functions.c\n'}
[4.809173] (base_interfaces_demo) StdoutLine: {'line': b'-- Up-to-date: /home/cjs/VL53L8CX/VL53L8CX_ws/install/base_interfaces_demo/include/base_interfaces_demo/msg/detail/motion_control__struct.h\n'}
[4.809290] (base_interfaces_demo) StdoutLine: {'line': b'-- Up-to-date: /home/cjs/VL53L8CX/VL53L8CX_ws/install/base_interfaces_demo/include/base_interfaces_demo/msg/detail/lift_info__type_support.h\n'}
[4.809409] (base_interfaces_demo) StdoutLine: {'line': b'-- Up-to-date: /home/cjs/VL53L8CX/VL53L8CX_ws/install/base_interfaces_demo/include/base_interfaces_demo/msg/detail/location__type_support.h\n'}
[4.809527] (base_interfaces_demo) StdoutLine: {'line': b'-- Up-to-date: /home/cjs/VL53L8CX/VL53L8CX_ws/install/base_interfaces_demo/include/base_interfaces_demo/msg/detail/health_node__type_support.h\n'}
[4.809647] (base_interfaces_demo) StdoutLine: {'line': b'-- Up-to-date: /home/cjs/VL53L8CX/VL53L8CX_ws/install/base_interfaces_demo/include/base_interfaces_demo/msg/detail/seek_ret__struct.h\n'}
[4.809790] (base_interfaces_demo) StdoutLine: {'line': b'-- Up-to-date: /home/cjs/VL53L8CX/VL53L8CX_ws/install/base_interfaces_demo/include/base_interfaces_demo/msg/detail/hall_info__struct.h\n'}
[4.809927] (base_interfaces_demo) StdoutLine: {'line': b'-- Up-to-date: /home/cjs/VL53L8CX/VL53L8CX_ws/install/base_interfaces_demo/include/base_interfaces_demo/msg/detail/bms_info__struct.h\n'}
[4.810053] (base_interfaces_demo) StdoutLine: {'line': b'-- Up-to-date: /home/cjs/VL53L8CX/VL53L8CX_ws/install/base_interfaces_demo/include/base_interfaces_demo/msg/detail/pallet_info__functions.c\n'}
[4.810292] (base_interfaces_demo) StdoutLine: {'line': b'-- Up-to-date: /home/cjs/VL53L8CX/VL53L8CX_ws/install/base_interfaces_demo/include/base_interfaces_demo/msg/detail/ohom__struct.h\n'}
[4.810512] (base_interfaces_demo) StdoutLine: {'line': b'-- Up-to-date: /home/cjs/VL53L8CX/VL53L8CX_ws/install/base_interfaces_demo/include/base_interfaces_demo/msg/detail/charger_info__struct.h\n'}
[4.810747] (base_interfaces_demo) StdoutLine: {'line': b'-- Up-to-date: /home/cjs/VL53L8CX/VL53L8CX_ws/install/base_interfaces_demo/include/base_interfaces_demo/msg/detail/charger_info__type_support.h\n'}
[4.811173] (base_interfaces_demo) StdoutLine: {'line': b'-- Up-to-date: /home/cjs/VL53L8CX/VL53L8CX_ws/install/base_interfaces_demo/include/base_interfaces_demo/msg/detail/bms_info__functions.c\n'}
[4.812554] (base_interfaces_demo) StdoutLine: {'line': b'-- Up-to-date: /home/cjs/VL53L8CX/VL53L8CX_ws/install/base_interfaces_demo/include/base_interfaces_demo/msg/detail/test__functions.c\n'}
[4.815094] (base_interfaces_demo) StdoutLine: {'line': b'-- Up-to-date: /home/cjs/VL53L8CX/VL53L8CX_ws/install/base_interfaces_demo/include/base_interfaces_demo/msg/detail/location__functions.h\n'}
[4.815893] (base_interfaces_demo) StdoutLine: {'line': b'-- Up-to-date: /home/cjs/VL53L8CX/VL53L8CX_ws/install/base_interfaces_demo/include/base_interfaces_demo/msg/detail/manual_seek_label__functions.h\n'}
[4.816411] (base_interfaces_demo) StdoutLine: {'line': b'-- Up-to-date: /home/cjs/VL53L8CX/VL53L8CX_ws/install/base_interfaces_demo/include/base_interfaces_demo/msg/detail/system_status__struct.h\n'}
[4.817661] (base_interfaces_demo) StdoutLine: {'line': b'-- Up-to-date: /home/cjs/VL53L8CX/VL53L8CX_ws/install/base_interfaces_demo/include/base_interfaces_demo/msg/detail/obs_laser__functions.c\n'}
[4.818006] (base_interfaces_demo) StdoutLine: {'line': b'-- Up-to-date: /home/cjs/VL53L8CX/VL53L8CX_ws/install/base_interfaces_demo/include/base_interfaces_demo/msg/detail/color_info__type_support.h\n'}
[4.818134] (base_interfaces_demo) StdoutLine: {'line': b'-- Up-to-date: /home/cjs/VL53L8CX/VL53L8CX_ws/install/base_interfaces_demo/include/base_interfaces_demo/msg/detail/file_updata__type_support.h\n'}
[4.818254] (base_interfaces_demo) StdoutLine: {'line': b'-- Up-to-date: /home/cjs/VL53L8CX/VL53L8CX_ws/install/base_interfaces_demo/include/base_interfaces_demo/msg/detail/car_status__type_support.h\n'}
[4.818375] (base_interfaces_demo) StdoutLine: {'line': b'-- Up-to-date: /home/cjs/VL53L8CX/VL53L8CX_ws/install/base_interfaces_demo/include/base_interfaces_demo/msg/detail/car_status__functions.c\n'}
[4.818505] (base_interfaces_demo) StdoutLine: {'line': b'-- Up-to-date: /home/cjs/VL53L8CX/VL53L8CX_ws/install/base_interfaces_demo/include/base_interfaces_demo/msg/pallet_info.h\n'}
[4.818625] (base_interfaces_demo) StdoutLine: {'line': b'-- Up-to-date: /home/cjs/VL53L8CX/VL53L8CX_ws/install/base_interfaces_demo/include/base_interfaces_demo/msg/motor_status.h\n'}
[4.818760] (base_interfaces_demo) StdoutLine: {'line': b'-- Up-to-date: /home/cjs/VL53L8CX/VL53L8CX_ws/install/base_interfaces_demo/include/base_interfaces_demo/msg/location.h\n'}
[4.819125] (base_interfaces_demo) StdoutLine: {'line': b'-- Up-to-date: /home/cjs/VL53L8CX/VL53L8CX_ws/install/base_interfaces_demo/include/base_interfaces_demo/msg/charger_info.h\n'}
[4.819409] (base_interfaces_demo) StdoutLine: {'line': b'-- Up-to-date: /home/cjs/VL53L8CX/VL53L8CX_ws/install/base_interfaces_demo/include/base_interfaces_demo/msg/rcs_info.h\n'}
[4.819593] (base_interfaces_demo) StdoutLine: {'line': b'-- Up-to-date: /home/cjs/VL53L8CX/VL53L8CX_ws/install/base_interfaces_demo/include/base_interfaces_demo/msg/bt_status.h\n'}
[4.819857] (base_interfaces_demo) StdoutLine: {'line': b'-- Up-to-date: /home/cjs/VL53L8CX/VL53L8CX_ws/install/base_interfaces_demo/include/base_interfaces_demo/msg/lift_info.h\n'}
[4.820021] (base_interfaces_demo) StdoutLine: {'line': b'-- Up-to-date: /home/cjs/VL53L8CX/VL53L8CX_ws/install/base_interfaces_demo/include/base_interfaces_demo/msg/color_info.h\n'}
[4.820423] (base_interfaces_demo) StdoutLine: {'line': b'-- Up-to-date: /home/cjs/VL53L8CX/VL53L8CX_ws/install/base_interfaces_demo/include/base_interfaces_demo/msg/movecontrol_info.h\n'}
[4.820562] (base_interfaces_demo) StdoutLine: {'line': b'-- Up-to-date: /home/cjs/VL53L8CX/VL53L8CX_ws/install/base_interfaces_demo/include/base_interfaces_demo/msg/test.h\n'}
[4.820701] (base_interfaces_demo) StdoutLine: {'line': b'-- Up-to-date: /home/cjs/VL53L8CX/VL53L8CX_ws/install/base_interfaces_demo/include/base_interfaces_demo/msg/obs_laser.h\n'}
[4.820844] (base_interfaces_demo) StdoutLine: {'line': b'-- Up-to-date: /home/cjs/VL53L8CX/VL53L8CX_ws/install/base_interfaces_demo/include/base_interfaces_demo/msg/hall_info.h\n'}
[4.820981] (base_interfaces_demo) StdoutLine: {'line': b'-- Up-to-date: /home/cjs/VL53L8CX/VL53L8CX_ws/install/base_interfaces_demo/include/base_interfaces_demo/msg/health_node.h\n'}
[4.821118] (base_interfaces_demo) StdoutLine: {'line': b'-- Up-to-date: /home/cjs/VL53L8CX/VL53L8CX_ws/install/base_interfaces_demo/include/base_interfaces_demo/msg/car_status.h\n'}
[4.821250] (base_interfaces_demo) StdoutLine: {'line': b'-- Up-to-date: /home/cjs/VL53L8CX/VL53L8CX_ws/install/base_interfaces_demo/include/base_interfaces_demo/msg/motion_control.h\n'}
[4.821388] (base_interfaces_demo) StdoutLine: {'line': b'-- Up-to-date: /home/cjs/VL53L8CX/VL53L8CX_ws/install/base_interfaces_demo/include/base_interfaces_demo/msg/pub_code.h\n'}
[4.821522] (base_interfaces_demo) StdoutLine: {'line': b'-- Up-to-date: /home/cjs/VL53L8CX/VL53L8CX_ws/install/base_interfaces_demo/include/base_interfaces_demo/msg/seek_cmd.h\n'}
[4.821648] (base_interfaces_demo) StdoutLine: {'line': b'-- Up-to-date: /home/cjs/VL53L8CX/VL53L8CX_ws/install/base_interfaces_demo/include/base_interfaces_demo/msg/system_status.h\n'}
[4.821805] (base_interfaces_demo) StdoutLine: {'line': b'-- Up-to-date: /home/cjs/VL53L8CX/VL53L8CX_ws/install/base_interfaces_demo/include/base_interfaces_demo/msg/manual.h\n'}
[4.821951] (base_interfaces_demo) StdoutLine: {'line': b'-- Up-to-date: /home/cjs/VL53L8CX/VL53L8CX_ws/install/base_interfaces_demo/include/base_interfaces_demo/msg/seek_ret.h\n'}
[4.822073] (base_interfaces_demo) StdoutLine: {'line': b'-- Up-to-date: /home/cjs/VL53L8CX/VL53L8CX_ws/install/base_interfaces_demo/include/base_interfaces_demo/msg/file_updata.h\n'}
[4.822208] (base_interfaces_demo) StdoutLine: {'line': b'-- Up-to-date: /home/cjs/VL53L8CX/VL53L8CX_ws/install/base_interfaces_demo/share/base_interfaces_demo/environment/library_path.sh\n'}
[4.822333] (base_interfaces_demo) StdoutLine: {'line': b'-- Up-to-date: /home/cjs/VL53L8CX/VL53L8CX_ws/install/base_interfaces_demo/share/base_interfaces_demo/environment/library_path.dsv\n'}
[4.822455] (base_interfaces_demo) StdoutLine: {'line': b'-- Up-to-date: /home/cjs/VL53L8CX/VL53L8CX_ws/install/base_interfaces_demo/lib/libbase_interfaces_demo__rosidl_generator_c.so\n'}
[4.822580] (base_interfaces_demo) StdoutLine: {'line': b'-- Up-to-date: /home/cjs/VL53L8CX/VL53L8CX_ws/install/base_interfaces_demo/include/base_interfaces_demo\n'}
[4.822988] (base_interfaces_demo) StdoutLine: {'line': b'-- Up-to-date: /home/cjs/VL53L8CX/VL53L8CX_ws/install/base_interfaces_demo/include/base_interfaces_demo/action\n'}
[4.823268] (base_interfaces_demo) StdoutLine: {'line': b'-- Up-to-date: /home/cjs/VL53L8CX/VL53L8CX_ws/install/base_interfaces_demo/include/base_interfaces_demo/action/detail\n'}
[4.823515] (base_interfaces_demo) StdoutLine: {'line': b'-- Up-to-date: /home/cjs/VL53L8CX/VL53L8CX_ws/install/base_interfaces_demo/include/base_interfaces_demo/action/detail/nav__rosidl_typesupport_fastrtps_c.h\n'}
[4.823999] (base_interfaces_demo) StdoutLine: {'line': b'-- Up-to-date: /home/cjs/VL53L8CX/VL53L8CX_ws/install/base_interfaces_demo/include/base_interfaces_demo/action/detail/pallet__rosidl_typesupport_fastrtps_c.h\n'}
[4.824575] (base_interfaces_demo) StdoutLine: {'line': b'-- Up-to-date: /home/cjs/VL53L8CX/VL53L8CX_ws/install/base_interfaces_demo/include/base_interfaces_demo/action/detail/reverse__rosidl_typesupport_fastrtps_c.h\n'}
[4.824887] (base_interfaces_demo) StdoutLine: {'line': b'-- Up-to-date: /home/cjs/VL53L8CX/VL53L8CX_ws/install/base_interfaces_demo/include/base_interfaces_demo/srv\n'}
[4.825540] (base_interfaces_demo) StdoutLine: {'line': b'-- Up-to-date: /home/cjs/VL53L8CX/VL53L8CX_ws/install/base_interfaces_demo/include/base_interfaces_demo/srv/detail\n'}
[4.826446] (base_interfaces_demo) StdoutLine: {'line': b'-- Up-to-date: /home/cjs/VL53L8CX/VL53L8CX_ws/install/base_interfaces_demo/include/base_interfaces_demo/srv/detail/hall__rosidl_typesupport_fastrtps_c.h\n'}
[4.826997] (base_interfaces_demo) StdoutLine: {'line': b'-- Up-to-date: /home/cjs/VL53L8CX/VL53L8CX_ws/install/base_interfaces_demo/include/base_interfaces_demo/srv/detail/check_emergency__rosidl_typesupport_fastrtps_c.h\n'}
[4.827124] (base_interfaces_demo) StdoutLine: {'line': b'-- Up-to-date: /home/cjs/VL53L8CX/VL53L8CX_ws/install/base_interfaces_demo/include/base_interfaces_demo/srv/detail/pub_code__rosidl_typesupport_fastrtps_c.h\n'}
[4.827887] (base_interfaces_demo) StdoutLine: {'line': b'-- Up-to-date: /home/cjs/VL53L8CX/VL53L8CX_ws/install/base_interfaces_demo/include/base_interfaces_demo/srv/detail/set_emergency__rosidl_typesupport_fastrtps_c.h\n'}
[4.828513] (base_interfaces_demo) StdoutLine: {'line': b'-- Up-to-date: /home/cjs/VL53L8CX/VL53L8CX_ws/install/base_interfaces_demo/include/base_interfaces_demo/srv/detail/rcs_server__rosidl_typesupport_fastrtps_c.h\n'}
[4.829097] (base_interfaces_demo) StdoutLine: {'line': b'-- Up-to-date: /home/cjs/VL53L8CX/VL53L8CX_ws/install/base_interfaces_demo/include/base_interfaces_demo/msg\n'}
[4.829894] (base_interfaces_demo) StdoutLine: {'line': b'-- Up-to-date: /home/cjs/VL53L8CX/VL53L8CX_ws/install/base_interfaces_demo/include/base_interfaces_demo/msg/detail\n'}
[4.830806] (base_interfaces_demo) StdoutLine: {'line': b'-- Up-to-date: /home/cjs/VL53L8CX/VL53L8CX_ws/install/base_interfaces_demo/include/base_interfaces_demo/msg/detail/hall_info__rosidl_typesupport_fastrtps_c.h\n'}
[4.832040] (base_interfaces_demo) StdoutLine: {'line': b'-- Up-to-date: /home/cjs/VL53L8CX/VL53L8CX_ws/install/base_interfaces_demo/include/base_interfaces_demo/msg/detail/manual__rosidl_typesupport_fastrtps_c.h\n'}
[4.832642] (base_interfaces_demo) StdoutLine: {'line': b'-- Up-to-date: /home/cjs/VL53L8CX/VL53L8CX_ws/install/base_interfaces_demo/include/base_interfaces_demo/msg/detail/manual_seek_label__rosidl_typesupport_fastrtps_c.h\n'}
[4.833057] (base_interfaces_demo) StdoutLine: {'line': b'-- Up-to-date: /home/cjs/VL53L8CX/VL53L8CX_ws/install/base_interfaces_demo/include/base_interfaces_demo/msg/detail/lift_info__rosidl_typesupport_fastrtps_c.h\n'}
[4.834085] (base_interfaces_demo) StdoutLine: {'line': b'-- Up-to-date: /home/cjs/VL53L8CX/VL53L8CX_ws/install/base_interfaces_demo/include/base_interfaces_demo/msg/detail/location__rosidl_typesupport_fastrtps_c.h\n'}
[4.835189] (base_interfaces_demo) StdoutLine: {'line': b'-- Up-to-date: /home/cjs/VL53L8CX/VL53L8CX_ws/install/base_interfaces_demo/include/base_interfaces_demo/msg/detail/movecontrol_info__rosidl_typesupport_fastrtps_c.h\n'}
[4.835595] (base_interfaces_demo) StdoutLine: {'line': b'-- Up-to-date: /home/cjs/VL53L8CX/VL53L8CX_ws/install/base_interfaces_demo/include/base_interfaces_demo/msg/detail/bms_info__rosidl_typesupport_fastrtps_c.h\n'}
[4.835716] (base_interfaces_demo) StdoutLine: {'line': b'-- Up-to-date: /home/cjs/VL53L8CX/VL53L8CX_ws/install/base_interfaces_demo/include/base_interfaces_demo/msg/detail/health_node__rosidl_typesupport_fastrtps_c.h\n'}
[4.835887] (base_interfaces_demo) StdoutLine: {'line': b'-- Up-to-date: /home/cjs/VL53L8CX/VL53L8CX_ws/install/base_interfaces_demo/include/base_interfaces_demo/msg/detail/lift_control__rosidl_typesupport_fastrtps_c.h\n'}
[4.836007] (base_interfaces_demo) StdoutLine: {'line': b'-- Up-to-date: /home/cjs/VL53L8CX/VL53L8CX_ws/install/base_interfaces_demo/include/base_interfaces_demo/msg/detail/color_info__rosidl_typesupport_fastrtps_c.h\n'}
[4.836126] (base_interfaces_demo) StdoutLine: {'line': b'-- Up-to-date: /home/cjs/VL53L8CX/VL53L8CX_ws/install/base_interfaces_demo/include/base_interfaces_demo/msg/detail/car_status__rosidl_typesupport_fastrtps_c.h\n'}
[4.836245] (base_interfaces_demo) StdoutLine: {'line': b'-- Up-to-date: /home/cjs/VL53L8CX/VL53L8CX_ws/install/base_interfaces_demo/include/base_interfaces_demo/msg/detail/pallet_info__rosidl_typesupport_fastrtps_c.h\n'}
[4.836366] (base_interfaces_demo) StdoutLine: {'line': b'-- Up-to-date: /home/cjs/VL53L8CX/VL53L8CX_ws/install/base_interfaces_demo/include/base_interfaces_demo/msg/detail/seek_ret__rosidl_typesupport_fastrtps_c.h\n'}
[4.836485] (base_interfaces_demo) StdoutLine: {'line': b'-- Up-to-date: /home/cjs/VL53L8CX/VL53L8CX_ws/install/base_interfaces_demo/include/base_interfaces_demo/msg/detail/pub_code__rosidl_typesupport_fastrtps_c.h\n'}
[4.836604] (base_interfaces_demo) StdoutLine: {'line': b'-- Up-to-date: /home/cjs/VL53L8CX/VL53L8CX_ws/install/base_interfaces_demo/include/base_interfaces_demo/msg/detail/rcs_info__rosidl_typesupport_fastrtps_c.h\n'}
[4.836723] (base_interfaces_demo) StdoutLine: {'line': b'-- Up-to-date: /home/cjs/VL53L8CX/VL53L8CX_ws/install/base_interfaces_demo/include/base_interfaces_demo/msg/detail/bt_status__rosidl_typesupport_fastrtps_c.h\n'}
[4.836843] (base_interfaces_demo) StdoutLine: {'line': b'-- Up-to-date: /home/cjs/VL53L8CX/VL53L8CX_ws/install/base_interfaces_demo/include/base_interfaces_demo/msg/detail/charger_info__rosidl_typesupport_fastrtps_c.h\n'}
[4.836965] (base_interfaces_demo) StdoutLine: {'line': b'-- Up-to-date: /home/cjs/VL53L8CX/VL53L8CX_ws/install/base_interfaces_demo/include/base_interfaces_demo/msg/detail/seek_cmd__rosidl_typesupport_fastrtps_c.h\n'}
[4.837199] (base_interfaces_demo) StdoutLine: {'line': b'-- Up-to-date: /home/cjs/VL53L8CX/VL53L8CX_ws/install/base_interfaces_demo/include/base_interfaces_demo/msg/detail/system_status__rosidl_typesupport_fastrtps_c.h\n'}
[4.837323] (base_interfaces_demo) StdoutLine: {'line': b'-- Up-to-date: /home/cjs/VL53L8CX/VL53L8CX_ws/install/base_interfaces_demo/include/base_interfaces_demo/msg/detail/motion_control__rosidl_typesupport_fastrtps_c.h\n'}
[4.837443] (base_interfaces_demo) StdoutLine: {'line': b'-- Up-to-date: /home/cjs/VL53L8CX/VL53L8CX_ws/install/base_interfaces_demo/include/base_interfaces_demo/msg/detail/test__rosidl_typesupport_fastrtps_c.h\n'}
[4.837562] (base_interfaces_demo) StdoutLine: {'line': b'-- Up-to-date: /home/cjs/VL53L8CX/VL53L8CX_ws/install/base_interfaces_demo/include/base_interfaces_demo/msg/detail/file_updata__rosidl_typesupport_fastrtps_c.h\n'}
[4.837683] (base_interfaces_demo) StdoutLine: {'line': b'-- Up-to-date: /home/cjs/VL53L8CX/VL53L8CX_ws/install/base_interfaces_demo/include/base_interfaces_demo/msg/detail/ohom__rosidl_typesupport_fastrtps_c.h\n'}
[4.837847] (base_interfaces_demo) StdoutLine: {'line': b'-- Up-to-date: /home/cjs/VL53L8CX/VL53L8CX_ws/install/base_interfaces_demo/include/base_interfaces_demo/msg/detail/motor_cmd__rosidl_typesupport_fastrtps_c.h\n'}
[4.838243] (base_interfaces_demo) StdoutLine: {'line': b'-- Up-to-date: /home/cjs/VL53L8CX/VL53L8CX_ws/install/base_interfaces_demo/include/base_interfaces_demo/msg/detail/obs_laser__rosidl_typesupport_fastrtps_c.h\n'}
[4.838418] (base_interfaces_demo) StdoutLine: {'line': b'-- Up-to-date: /home/cjs/VL53L8CX/VL53L8CX_ws/install/base_interfaces_demo/include/base_interfaces_demo/msg/detail/motor_status__rosidl_typesupport_fastrtps_c.h\n'}
[4.838573] (base_interfaces_demo) StdoutLine: {'line': b'-- Up-to-date: /home/cjs/VL53L8CX/VL53L8CX_ws/install/base_interfaces_demo/include/base_interfaces_demo/msg/rosidl_typesupport_fastrtps_c__visibility_control.h\n'}
[4.838732] (base_interfaces_demo) StdoutLine: {'line': b'-- Up-to-date: /home/cjs/VL53L8CX/VL53L8CX_ws/install/base_interfaces_demo/lib/libbase_interfaces_demo__rosidl_typesupport_fastrtps_c.so\n'}
[4.839136] (base_interfaces_demo) StdoutLine: {'line': b'-- Up-to-date: /home/cjs/VL53L8CX/VL53L8CX_ws/install/base_interfaces_demo/include/base_interfaces_demo\n'}
[4.839302] (base_interfaces_demo) StdoutLine: {'line': b'-- Up-to-date: /home/cjs/VL53L8CX/VL53L8CX_ws/install/base_interfaces_demo/include/base_interfaces_demo/action\n'}
[4.839458] (base_interfaces_demo) StdoutLine: {'line': b'-- Up-to-date: /home/cjs/VL53L8CX/VL53L8CX_ws/install/base_interfaces_demo/include/base_interfaces_demo/action/detail\n'}
[4.839614] (base_interfaces_demo) StdoutLine: {'line': b'-- Up-to-date: /home/cjs/VL53L8CX/VL53L8CX_ws/install/base_interfaces_demo/include/base_interfaces_demo/action/detail/pallet__rosidl_typesupport_fastrtps_cpp.hpp\n'}
[4.839793] (base_interfaces_demo) StdoutLine: {'line': b'-- Up-to-date: /home/cjs/VL53L8CX/VL53L8CX_ws/install/base_interfaces_demo/include/base_interfaces_demo/action/detail/dds_fastrtps\n'}
[4.839975] (base_interfaces_demo) StdoutLine: {'line': b'-- Up-to-date: /home/cjs/VL53L8CX/VL53L8CX_ws/install/base_interfaces_demo/include/base_interfaces_demo/action/detail/reverse__rosidl_typesupport_fastrtps_cpp.hpp\n'}
[4.840133] (base_interfaces_demo) StdoutLine: {'line': b'-- Up-to-date: /home/cjs/VL53L8CX/VL53L8CX_ws/install/base_interfaces_demo/include/base_interfaces_demo/action/detail/nav__rosidl_typesupport_fastrtps_cpp.hpp\n'}
[4.840452] (base_interfaces_demo) StdoutLine: {'line': b'-- Up-to-date: /home/cjs/VL53L8CX/VL53L8CX_ws/install/base_interfaces_demo/include/base_interfaces_demo/srv\n'}
[4.840634] (base_interfaces_demo) StdoutLine: {'line': b'-- Up-to-date: /home/cjs/VL53L8CX/VL53L8CX_ws/install/base_interfaces_demo/include/base_interfaces_demo/srv/detail\n'}
[4.840793] (base_interfaces_demo) StdoutLine: {'line': b'-- Up-to-date: /home/cjs/VL53L8CX/VL53L8CX_ws/install/base_interfaces_demo/include/base_interfaces_demo/srv/detail/check_emergency__rosidl_typesupport_fastrtps_cpp.hpp\n'}
[4.840949] (base_interfaces_demo) StdoutLine: {'line': b'-- Up-to-date: /home/cjs/VL53L8CX/VL53L8CX_ws/install/base_interfaces_demo/include/base_interfaces_demo/srv/detail/set_emergency__rosidl_typesupport_fastrtps_cpp.hpp\n'}
[4.841110] (base_interfaces_demo) StdoutLine: {'line': b'-- Up-to-date: /home/cjs/VL53L8CX/VL53L8CX_ws/install/base_interfaces_demo/include/base_interfaces_demo/srv/detail/rcs_server__rosidl_typesupport_fastrtps_cpp.hpp\n'}
[4.841265] (base_interfaces_demo) StdoutLine: {'line': b'-- Up-to-date: /home/cjs/VL53L8CX/VL53L8CX_ws/install/base_interfaces_demo/include/base_interfaces_demo/srv/detail/dds_fastrtps\n'}
[4.841419] (base_interfaces_demo) StdoutLine: {'line': b'-- Up-to-date: /home/cjs/VL53L8CX/VL53L8CX_ws/install/base_interfaces_demo/include/base_interfaces_demo/srv/detail/pub_code__rosidl_typesupport_fastrtps_cpp.hpp\n'}
[4.841573] (base_interfaces_demo) StdoutLine: {'line': b'-- Up-to-date: /home/cjs/VL53L8CX/VL53L8CX_ws/install/base_interfaces_demo/include/base_interfaces_demo/srv/detail/hall__rosidl_typesupport_fastrtps_cpp.hpp\n'}
[4.841731] (base_interfaces_demo) StdoutLine: {'line': b'-- Up-to-date: /home/cjs/VL53L8CX/VL53L8CX_ws/install/base_interfaces_demo/include/base_interfaces_demo/msg\n'}
[4.841920] (base_interfaces_demo) StdoutLine: {'line': b'-- Up-to-date: /home/cjs/VL53L8CX/VL53L8CX_ws/install/base_interfaces_demo/include/base_interfaces_demo/msg/detail\n'}
[4.843583] (base_interfaces_demo) StdoutLine: {'line': b'-- Up-to-date: /home/cjs/VL53L8CX/VL53L8CX_ws/install/base_interfaces_demo/include/base_interfaces_demo/msg/detail/hall_info__rosidl_typesupport_fastrtps_cpp.hpp\n'}
[4.845348] (base_interfaces_demo) StdoutLine: {'line': b'-- Up-to-date: /home/cjs/VL53L8CX/VL53L8CX_ws/install/base_interfaces_demo/include/base_interfaces_demo/msg/detail/pallet_info__rosidl_typesupport_fastrtps_cpp.hpp\n'}
[4.845915] (base_interfaces_demo) StdoutLine: {'line': b'-- Up-to-date: /home/cjs/VL53L8CX/VL53L8CX_ws/install/base_interfaces_demo/include/base_interfaces_demo/msg/detail/car_status__rosidl_typesupport_fastrtps_cpp.hpp\n'}
[4.848468] (base_interfaces_demo) StdoutLine: {'line': b'-- Up-to-date: /home/cjs/VL53L8CX/VL53L8CX_ws/install/base_interfaces_demo/include/base_interfaces_demo/msg/detail/manual__rosidl_typesupport_fastrtps_cpp.hpp\n'}
[4.849839] (base_interfaces_demo) StdoutLine: {'line': b'-- Up-to-date: /home/cjs/VL53L8CX/VL53L8CX_ws/install/base_interfaces_demo/include/base_interfaces_demo/msg/detail/test__rosidl_typesupport_fastrtps_cpp.hpp\n'}
[4.851185] (base_interfaces_demo) StdoutLine: {'line': b'-- Up-to-date: /home/cjs/VL53L8CX/VL53L8CX_ws/install/base_interfaces_demo/include/base_interfaces_demo/msg/detail/lift_info__rosidl_typesupport_fastrtps_cpp.hpp\n'}
[4.852921] (base_interfaces_demo) StdoutLine: {'line': b'-- Up-to-date: /home/cjs/VL53L8CX/VL53L8CX_ws/install/base_interfaces_demo/include/base_interfaces_demo/msg/detail/manual_seek_label__rosidl_typesupport_fastrtps_cpp.hpp\n'}
[4.854457] (base_interfaces_demo) StdoutLine: {'line': b'-- Up-to-date: /home/cjs/VL53L8CX/VL53L8CX_ws/install/base_interfaces_demo/include/base_interfaces_demo/msg/detail/file_updata__rosidl_typesupport_fastrtps_cpp.hpp\n'}
[4.855815] (base_interfaces_demo) StdoutLine: {'line': b'-- Up-to-date: /home/cjs/VL53L8CX/VL53L8CX_ws/install/base_interfaces_demo/include/base_interfaces_demo/msg/detail/lift_control__rosidl_typesupport_fastrtps_cpp.hpp\n'}
[4.857544] (base_interfaces_demo) StdoutLine: {'line': b'-- Up-to-date: /home/cjs/VL53L8CX/VL53L8CX_ws/install/base_interfaces_demo/include/base_interfaces_demo/msg/detail/movecontrol_info__rosidl_typesupport_fastrtps_cpp.hpp\n'}
[4.859090] (-) TimerEvent: {}
[4.860472] (base_interfaces_demo) StdoutLine: {'line': b'-- Up-to-date: /home/cjs/VL53L8CX/VL53L8CX_ws/install/base_interfaces_demo/include/base_interfaces_demo/msg/detail/seek_cmd__rosidl_typesupport_fastrtps_cpp.hpp\n'}
[4.860668] (base_interfaces_demo) StdoutLine: {'line': b'-- Up-to-date: /home/cjs/VL53L8CX/VL53L8CX_ws/install/base_interfaces_demo/include/base_interfaces_demo/msg/detail/seek_ret__rosidl_typesupport_fastrtps_cpp.hpp\n'}
[4.860826] (base_interfaces_demo) StdoutLine: {'line': b'-- Up-to-date: /home/cjs/VL53L8CX/VL53L8CX_ws/install/base_interfaces_demo/include/base_interfaces_demo/msg/detail/color_info__rosidl_typesupport_fastrtps_cpp.hpp\n'}
[4.860995] (base_interfaces_demo) StdoutLine: {'line': b'-- Up-to-date: /home/cjs/VL53L8CX/VL53L8CX_ws/install/base_interfaces_demo/include/base_interfaces_demo/msg/detail/location__rosidl_typesupport_fastrtps_cpp.hpp\n'}
[4.861154] (base_interfaces_demo) StdoutLine: {'line': b'-- Up-to-date: /home/cjs/VL53L8CX/VL53L8CX_ws/install/base_interfaces_demo/include/base_interfaces_demo/msg/detail/bt_status__rosidl_typesupport_fastrtps_cpp.hpp\n'}
[4.861309] (base_interfaces_demo) StdoutLine: {'line': b'-- Up-to-date: /home/cjs/VL53L8CX/VL53L8CX_ws/install/base_interfaces_demo/include/base_interfaces_demo/msg/detail/dds_fastrtps\n'}
[4.861823] (base_interfaces_demo) StdoutLine: {'line': b'-- Up-to-date: /home/cjs/VL53L8CX/VL53L8CX_ws/install/base_interfaces_demo/include/base_interfaces_demo/msg/detail/motor_cmd__rosidl_typesupport_fastrtps_cpp.hpp\n'}
[4.862276] (base_interfaces_demo) StdoutLine: {'line': b'-- Up-to-date: /home/cjs/VL53L8CX/VL53L8CX_ws/install/base_interfaces_demo/include/base_interfaces_demo/msg/detail/motion_control__rosidl_typesupport_fastrtps_cpp.hpp\n'}
[4.862864] (base_interfaces_demo) StdoutLine: {'line': b'-- Up-to-date: /home/cjs/VL53L8CX/VL53L8CX_ws/install/base_interfaces_demo/include/base_interfaces_demo/msg/detail/bms_info__rosidl_typesupport_fastrtps_cpp.hpp\n'}
[4.863916] (base_interfaces_demo) StdoutLine: {'line': b'-- Up-to-date: /home/cjs/VL53L8CX/VL53L8CX_ws/install/base_interfaces_demo/include/base_interfaces_demo/msg/detail/ohom__rosidl_typesupport_fastrtps_cpp.hpp\n'}
[4.864628] (base_interfaces_demo) StdoutLine: {'line': b'-- Up-to-date: /home/cjs/VL53L8CX/VL53L8CX_ws/install/base_interfaces_demo/include/base_interfaces_demo/msg/detail/pub_code__rosidl_typesupport_fastrtps_cpp.hpp\n'}
[4.865196] (base_interfaces_demo) StdoutLine: {'line': b'-- Up-to-date: /home/cjs/VL53L8CX/VL53L8CX_ws/install/base_interfaces_demo/include/base_interfaces_demo/msg/detail/charger_info__rosidl_typesupport_fastrtps_cpp.hpp\n'}
[4.865458] (base_interfaces_demo) StdoutLine: {'line': b'-- Up-to-date: /home/cjs/VL53L8CX/VL53L8CX_ws/install/base_interfaces_demo/include/base_interfaces_demo/msg/detail/system_status__rosidl_typesupport_fastrtps_cpp.hpp\n'}
[4.866510] (base_interfaces_demo) StdoutLine: {'line': b'-- Up-to-date: /home/cjs/VL53L8CX/VL53L8CX_ws/install/base_interfaces_demo/include/base_interfaces_demo/msg/detail/rcs_info__rosidl_typesupport_fastrtps_cpp.hpp\n'}
[4.866884] (base_interfaces_demo) StdoutLine: {'line': b'-- Up-to-date: /home/cjs/VL53L8CX/VL53L8CX_ws/install/base_interfaces_demo/include/base_interfaces_demo/msg/detail/motor_status__rosidl_typesupport_fastrtps_cpp.hpp\n'}
[4.867035] (base_interfaces_demo) StdoutLine: {'line': b'-- Up-to-date: /home/cjs/VL53L8CX/VL53L8CX_ws/install/base_interfaces_demo/include/base_interfaces_demo/msg/detail/health_node__rosidl_typesupport_fastrtps_cpp.hpp\n'}
[4.867194] (base_interfaces_demo) StdoutLine: {'line': b'-- Up-to-date: /home/cjs/VL53L8CX/VL53L8CX_ws/install/base_interfaces_demo/include/base_interfaces_demo/msg/detail/obs_laser__rosidl_typesupport_fastrtps_cpp.hpp\n'}
[4.867344] (base_interfaces_demo) StdoutLine: {'line': b'-- Up-to-date: /home/cjs/VL53L8CX/VL53L8CX_ws/install/base_interfaces_demo/include/base_interfaces_demo/msg/rosidl_typesupport_fastrtps_cpp__visibility_control.h\n'}
[4.867616] (base_interfaces_demo) StdoutLine: {'line': b'-- Up-to-date: /home/cjs/VL53L8CX/VL53L8CX_ws/install/base_interfaces_demo/lib/libbase_interfaces_demo__rosidl_typesupport_fastrtps_cpp.so\n'}
[4.867772] (base_interfaces_demo) StdoutLine: {'line': b'-- Up-to-date: /home/cjs/VL53L8CX/VL53L8CX_ws/install/base_interfaces_demo/include/base_interfaces_demo\n'}
[4.867925] (base_interfaces_demo) StdoutLine: {'line': b'-- Up-to-date: /home/cjs/VL53L8CX/VL53L8CX_ws/install/base_interfaces_demo/include/base_interfaces_demo/action\n'}
[4.868079] (base_interfaces_demo) StdoutLine: {'line': b'-- Up-to-date: /home/cjs/VL53L8CX/VL53L8CX_ws/install/base_interfaces_demo/include/base_interfaces_demo/action/detail\n'}
[4.868238] (base_interfaces_demo) StdoutLine: {'line': b'-- Up-to-date: /home/cjs/VL53L8CX/VL53L8CX_ws/install/base_interfaces_demo/include/base_interfaces_demo/action/detail/pallet__rosidl_typesupport_introspection_c.h\n'}
[4.868416] (base_interfaces_demo) StdoutLine: {'line': b'-- Up-to-date: /home/cjs/VL53L8CX/VL53L8CX_ws/install/base_interfaces_demo/include/base_interfaces_demo/action/detail/reverse__type_support.c\n'}
[4.868595] (base_interfaces_demo) StdoutLine: {'line': b'-- Up-to-date: /home/cjs/VL53L8CX/VL53L8CX_ws/install/base_interfaces_demo/include/base_interfaces_demo/action/detail/nav__rosidl_typesupport_introspection_c.h\n'}
[4.868743] (base_interfaces_demo) StdoutLine: {'line': b'-- Up-to-date: /home/cjs/VL53L8CX/VL53L8CX_ws/install/base_interfaces_demo/include/base_interfaces_demo/action/detail/nav__type_support.c\n'}
[4.868892] (base_interfaces_demo) StdoutLine: {'line': b'-- Up-to-date: /home/cjs/VL53L8CX/VL53L8CX_ws/install/base_interfaces_demo/include/base_interfaces_demo/action/detail/reverse__rosidl_typesupport_introspection_c.h\n'}
[4.869129] (base_interfaces_demo) StdoutLine: {'line': b'-- Up-to-date: /home/cjs/VL53L8CX/VL53L8CX_ws/install/base_interfaces_demo/include/base_interfaces_demo/action/detail/pallet__type_support.c\n'}
[4.869520] (base_interfaces_demo) StdoutLine: {'line': b'-- Up-to-date: /home/cjs/VL53L8CX/VL53L8CX_ws/install/base_interfaces_demo/include/base_interfaces_demo/srv\n'}
[4.870044] (base_interfaces_demo) StdoutLine: {'line': b'-- Up-to-date: /home/cjs/VL53L8CX/VL53L8CX_ws/install/base_interfaces_demo/include/base_interfaces_demo/srv/detail\n'}
[4.870475] (base_interfaces_demo) StdoutLine: {'line': b'-- Up-to-date: /home/cjs/VL53L8CX/VL53L8CX_ws/install/base_interfaces_demo/include/base_interfaces_demo/srv/detail/pub_code__rosidl_typesupport_introspection_c.h\n'}
[4.870823] (base_interfaces_demo) StdoutLine: {'line': b'-- Up-to-date: /home/cjs/VL53L8CX/VL53L8CX_ws/install/base_interfaces_demo/include/base_interfaces_demo/srv/detail/set_emergency__rosidl_typesupport_introspection_c.h\n'}
[4.871215] (base_interfaces_demo) StdoutLine: {'line': b'-- Up-to-date: /home/cjs/VL53L8CX/VL53L8CX_ws/install/base_interfaces_demo/include/base_interfaces_demo/srv/detail/pub_code__type_support.c\n'}
[4.871638] (base_interfaces_demo) StdoutLine: {'line': b'-- Up-to-date: /home/cjs/VL53L8CX/VL53L8CX_ws/install/base_interfaces_demo/include/base_interfaces_demo/srv/detail/rcs_server__rosidl_typesupport_introspection_c.h\n'}
[4.872261] (base_interfaces_demo) StdoutLine: {'line': b'-- Up-to-date: /home/cjs/VL53L8CX/VL53L8CX_ws/install/base_interfaces_demo/include/base_interfaces_demo/srv/detail/rcs_server__type_support.c\n'}
[4.873119] (base_interfaces_demo) StdoutLine: {'line': b'-- Up-to-date: /home/cjs/VL53L8CX/VL53L8CX_ws/install/base_interfaces_demo/include/base_interfaces_demo/srv/detail/set_emergency__type_support.c\n'}
[4.873692] (base_interfaces_demo) StdoutLine: {'line': b'-- Up-to-date: /home/cjs/VL53L8CX/VL53L8CX_ws/install/base_interfaces_demo/include/base_interfaces_demo/srv/detail/check_emergency__rosidl_typesupport_introspection_c.h\n'}
[4.874425] (base_interfaces_demo) StdoutLine: {'line': b'-- Up-to-date: /home/cjs/VL53L8CX/VL53L8CX_ws/install/base_interfaces_demo/include/base_interfaces_demo/srv/detail/check_emergency__type_support.c\n'}
[4.874887] (base_interfaces_demo) StdoutLine: {'line': b'-- Up-to-date: /home/cjs/VL53L8CX/VL53L8CX_ws/install/base_interfaces_demo/include/base_interfaces_demo/srv/detail/hall__type_support.c\n'}
[4.876026] (base_interfaces_demo) StdoutLine: {'line': b'-- Up-to-date: /home/cjs/VL53L8CX/VL53L8CX_ws/install/base_interfaces_demo/include/base_interfaces_demo/srv/detail/hall__rosidl_typesupport_introspection_c.h\n'}
[4.876712] (base_interfaces_demo) StdoutLine: {'line': b'-- Up-to-date: /home/cjs/VL53L8CX/VL53L8CX_ws/install/base_interfaces_demo/include/base_interfaces_demo/msg\n'}
[4.877356] (base_interfaces_demo) StdoutLine: {'line': b'-- Up-to-date: /home/cjs/VL53L8CX/VL53L8CX_ws/install/base_interfaces_demo/include/base_interfaces_demo/msg/detail\n'}
[4.877981] (base_interfaces_demo) StdoutLine: {'line': b'-- Up-to-date: /home/cjs/VL53L8CX/VL53L8CX_ws/install/base_interfaces_demo/include/base_interfaces_demo/msg/detail/motor_status__type_support.c\n'}
[4.878861] (base_interfaces_demo) StdoutLine: {'line': b'-- Up-to-date: /home/cjs/VL53L8CX/VL53L8CX_ws/install/base_interfaces_demo/include/base_interfaces_demo/msg/detail/pub_code__rosidl_typesupport_introspection_c.h\n'}
[4.879013] (base_interfaces_demo) StdoutLine: {'line': b'-- Up-to-date: /home/cjs/VL53L8CX/VL53L8CX_ws/install/base_interfaces_demo/include/base_interfaces_demo/msg/detail/seek_cmd__rosidl_typesupport_introspection_c.h\n'}
[4.879253] (base_interfaces_demo) StdoutLine: {'line': b'-- Up-to-date: /home/cjs/VL53L8CX/VL53L8CX_ws/install/base_interfaces_demo/include/base_interfaces_demo/msg/detail/pub_code__type_support.c\n'}
[4.879746] (base_interfaces_demo) StdoutLine: {'line': b'-- Up-to-date: /home/cjs/VL53L8CX/VL53L8CX_ws/install/base_interfaces_demo/include/base_interfaces_demo/msg/detail/car_status__rosidl_typesupport_introspection_c.h\n'}
[4.880068] (base_interfaces_demo) StdoutLine: {'line': b'-- Up-to-date: /home/cjs/VL53L8CX/VL53L8CX_ws/install/base_interfaces_demo/include/base_interfaces_demo/msg/detail/manual__type_support.c\n'}
[4.880672] (base_interfaces_demo) StdoutLine: {'line': b'-- Up-to-date: /home/cjs/VL53L8CX/VL53L8CX_ws/install/base_interfaces_demo/include/base_interfaces_demo/msg/detail/motor_status__rosidl_typesupport_introspection_c.h\n'}
[4.883802] (base_interfaces_demo) StdoutLine: {'line': b'-- Up-to-date: /home/cjs/VL53L8CX/VL53L8CX_ws/install/base_interfaces_demo/include/base_interfaces_demo/msg/detail/lift_info__type_support.c\n'}
[4.884657] (base_interfaces_demo) StdoutLine: {'line': b'-- Up-to-date: /home/cjs/VL53L8CX/VL53L8CX_ws/install/base_interfaces_demo/include/base_interfaces_demo/msg/detail/bms_info__rosidl_typesupport_introspection_c.h\n'}
[4.885709] (base_interfaces_demo) StdoutLine: {'line': b'-- Up-to-date: /home/cjs/VL53L8CX/VL53L8CX_ws/install/base_interfaces_demo/include/base_interfaces_demo/msg/detail/hall_info__rosidl_typesupport_introspection_c.h\n'}
[4.886085] (base_interfaces_demo) StdoutLine: {'line': b'-- Up-to-date: /home/cjs/VL53L8CX/VL53L8CX_ws/install/base_interfaces_demo/include/base_interfaces_demo/msg/detail/system_status__type_support.c\n'}
[4.887029] (base_interfaces_demo) StdoutLine: {'line': b'-- Up-to-date: /home/cjs/VL53L8CX/VL53L8CX_ws/install/base_interfaces_demo/include/base_interfaces_demo/msg/detail/bt_status__rosidl_typesupport_introspection_c.h\n'}
[4.887962] (base_interfaces_demo) StdoutLine: {'line': b'-- Up-to-date: /home/cjs/VL53L8CX/VL53L8CX_ws/install/base_interfaces_demo/include/base_interfaces_demo/msg/detail/obs_laser__rosidl_typesupport_introspection_c.h\n'}
[4.888571] (base_interfaces_demo) StdoutLine: {'line': b'-- Up-to-date: /home/cjs/VL53L8CX/VL53L8CX_ws/install/base_interfaces_demo/include/base_interfaces_demo/msg/detail/location__type_support.c\n'}
[4.889220] (base_interfaces_demo) StdoutLine: {'line': b'-- Up-to-date: /home/cjs/VL53L8CX/VL53L8CX_ws/install/base_interfaces_demo/include/base_interfaces_demo/msg/detail/pallet_info__rosidl_typesupport_introspection_c.h\n'}
[4.890181] (base_interfaces_demo) StdoutLine: {'line': b'-- Up-to-date: /home/cjs/VL53L8CX/VL53L8CX_ws/install/base_interfaces_demo/include/base_interfaces_demo/msg/detail/charger_info__type_support.c\n'}
[4.896350] (base_interfaces_demo) StdoutLine: {'line': b'-- Up-to-date: /home/cjs/VL53L8CX/VL53L8CX_ws/install/base_interfaces_demo/include/base_interfaces_demo/msg/detail/bt_status__type_support.c\n'}
[4.897916] (base_interfaces_demo) StdoutLine: {'line': b'-- Up-to-date: /home/cjs/VL53L8CX/VL53L8CX_ws/install/base_interfaces_demo/include/base_interfaces_demo/msg/detail/test__type_support.c\n'}
[4.898447] (base_interfaces_demo) StdoutLine: {'line': b'-- Up-to-date: /home/cjs/VL53L8CX/VL53L8CX_ws/install/base_interfaces_demo/include/base_interfaces_demo/msg/detail/system_status__rosidl_typesupport_introspection_c.h\n'}
[4.898605] (base_interfaces_demo) StdoutLine: {'line': b'-- Up-to-date: /home/cjs/VL53L8CX/VL53L8CX_ws/install/base_interfaces_demo/include/base_interfaces_demo/msg/detail/seek_ret__type_support.c\n'}
[4.898783] (base_interfaces_demo) StdoutLine: {'line': b'-- Up-to-date: /home/cjs/VL53L8CX/VL53L8CX_ws/install/base_interfaces_demo/include/base_interfaces_demo/msg/detail/lift_control__type_support.c\n'}
[4.898944] (base_interfaces_demo) StdoutLine: {'line': b'-- Up-to-date: /home/cjs/VL53L8CX/VL53L8CX_ws/install/base_interfaces_demo/include/base_interfaces_demo/msg/detail/color_info__type_support.c\n'}
[4.899106] (base_interfaces_demo) StdoutLine: {'line': b'-- Up-to-date: /home/cjs/VL53L8CX/VL53L8CX_ws/install/base_interfaces_demo/include/base_interfaces_demo/msg/detail/bms_info__type_support.c\n'}
[4.899586] (base_interfaces_demo) StdoutLine: {'line': b'-- Up-to-date: /home/cjs/VL53L8CX/VL53L8CX_ws/install/base_interfaces_demo/include/base_interfaces_demo/msg/detail/manual__rosidl_typesupport_introspection_c.h\n'}
[4.899825] (base_interfaces_demo) StdoutLine: {'line': b'-- Up-to-date: /home/cjs/VL53L8CX/VL53L8CX_ws/install/base_interfaces_demo/include/base_interfaces_demo/msg/detail/charger_info__rosidl_typesupport_introspection_c.h\n'}
[4.899986] (base_interfaces_demo) StdoutLine: {'line': b'-- Up-to-date: /home/cjs/VL53L8CX/VL53L8CX_ws/install/base_interfaces_demo/include/base_interfaces_demo/msg/detail/motion_control__type_support.c\n'}
[4.900145] (base_interfaces_demo) StdoutLine: {'line': b'-- Up-to-date: /home/cjs/VL53L8CX/VL53L8CX_ws/install/base_interfaces_demo/include/base_interfaces_demo/msg/detail/seek_cmd__type_support.c\n'}
[4.900317] (base_interfaces_demo) StdoutLine: {'line': b'-- Up-to-date: /home/cjs/VL53L8CX/VL53L8CX_ws/install/base_interfaces_demo/include/base_interfaces_demo/msg/detail/movecontrol_info__rosidl_typesupport_introspection_c.h\n'}
[4.900493] (base_interfaces_demo) StdoutLine: {'line': b'-- Up-to-date: /home/cjs/VL53L8CX/VL53L8CX_ws/install/base_interfaces_demo/include/base_interfaces_demo/msg/detail/hall_info__type_support.c\n'}
[4.901139] (base_interfaces_demo) StdoutLine: {'line': b'-- Up-to-date: /home/cjs/VL53L8CX/VL53L8CX_ws/install/base_interfaces_demo/include/base_interfaces_demo/msg/detail/lift_info__rosidl_typesupport_introspection_c.h\n'}
[4.901306] (base_interfaces_demo) StdoutLine: {'line': b'-- Up-to-date: /home/cjs/VL53L8CX/VL53L8CX_ws/install/base_interfaces_demo/include/base_interfaces_demo/msg/detail/movecontrol_info__type_support.c\n'}
[4.901468] (base_interfaces_demo) StdoutLine: {'line': b'-- Up-to-date: /home/cjs/VL53L8CX/VL53L8CX_ws/install/base_interfaces_demo/include/base_interfaces_demo/msg/detail/lift_control__rosidl_typesupport_introspection_c.h\n'}
[4.901630] (base_interfaces_demo) StdoutLine: {'line': b'-- Up-to-date: /home/cjs/VL53L8CX/VL53L8CX_ws/install/base_interfaces_demo/include/base_interfaces_demo/msg/detail/motor_cmd__type_support.c\n'}
[4.901793] (base_interfaces_demo) StdoutLine: {'line': b'-- Up-to-date: /home/cjs/VL53L8CX/VL53L8CX_ws/install/base_interfaces_demo/include/base_interfaces_demo/msg/detail/car_status__type_support.c\n'}
[4.901951] (base_interfaces_demo) StdoutLine: {'line': b'-- Up-to-date: /home/cjs/VL53L8CX/VL53L8CX_ws/install/base_interfaces_demo/include/base_interfaces_demo/msg/detail/ohom__rosidl_typesupport_introspection_c.h\n'}
[4.902116] (base_interfaces_demo) StdoutLine: {'line': b'-- Up-to-date: /home/cjs/VL53L8CX/VL53L8CX_ws/install/base_interfaces_demo/include/base_interfaces_demo/msg/detail/manual_seek_label__type_support.c\n'}
[4.902279] (base_interfaces_demo) StdoutLine: {'line': b'-- Up-to-date: /home/cjs/VL53L8CX/VL53L8CX_ws/install/base_interfaces_demo/include/base_interfaces_demo/msg/detail/manual_seek_label__rosidl_typesupport_introspection_c.h\n'}
[4.902482] (base_interfaces_demo) StdoutLine: {'line': b'-- Up-to-date: /home/cjs/VL53L8CX/VL53L8CX_ws/install/base_interfaces_demo/include/base_interfaces_demo/msg/detail/motion_control__rosidl_typesupport_introspection_c.h\n'}
[4.902645] (base_interfaces_demo) StdoutLine: {'line': b'-- Up-to-date: /home/cjs/VL53L8CX/VL53L8CX_ws/install/base_interfaces_demo/include/base_interfaces_demo/msg/detail/file_updata__type_support.c\n'}
[4.902828] (base_interfaces_demo) StdoutLine: {'line': b'-- Up-to-date: /home/cjs/VL53L8CX/VL53L8CX_ws/install/base_interfaces_demo/include/base_interfaces_demo/msg/detail/rcs_info__rosidl_typesupport_introspection_c.h\n'}
[4.902990] (base_interfaces_demo) StdoutLine: {'line': b'-- Up-to-date: /home/cjs/VL53L8CX/VL53L8CX_ws/install/base_interfaces_demo/include/base_interfaces_demo/msg/detail/health_node__type_support.c\n'}
[4.903151] (base_interfaces_demo) StdoutLine: {'line': b'-- Up-to-date: /home/cjs/VL53L8CX/VL53L8CX_ws/install/base_interfaces_demo/include/base_interfaces_demo/msg/detail/obs_laser__type_support.c\n'}
[4.903323] (base_interfaces_demo) StdoutLine: {'line': b'-- Up-to-date: /home/cjs/VL53L8CX/VL53L8CX_ws/install/base_interfaces_demo/include/base_interfaces_demo/msg/detail/test__rosidl_typesupport_introspection_c.h\n'}
[4.903656] (base_interfaces_demo) StdoutLine: {'line': b'-- Up-to-date: /home/cjs/VL53L8CX/VL53L8CX_ws/install/base_interfaces_demo/include/base_interfaces_demo/msg/detail/seek_ret__rosidl_typesupport_introspection_c.h\n'}
[4.903815] (base_interfaces_demo) StdoutLine: {'line': b'-- Up-to-date: /home/cjs/VL53L8CX/VL53L8CX_ws/install/base_interfaces_demo/include/base_interfaces_demo/msg/detail/file_updata__rosidl_typesupport_introspection_c.h\n'}
[4.903964] (base_interfaces_demo) StdoutLine: {'line': b'-- Up-to-date: /home/cjs/VL53L8CX/VL53L8CX_ws/install/base_interfaces_demo/include/base_interfaces_demo/msg/detail/ohom__type_support.c\n'}
[4.904119] (base_interfaces_demo) StdoutLine: {'line': b'-- Up-to-date: /home/cjs/VL53L8CX/VL53L8CX_ws/install/base_interfaces_demo/include/base_interfaces_demo/msg/detail/motor_cmd__rosidl_typesupport_introspection_c.h\n'}
[4.904307] (base_interfaces_demo) StdoutLine: {'line': b'-- Up-to-date: /home/cjs/VL53L8CX/VL53L8CX_ws/install/base_interfaces_demo/include/base_interfaces_demo/msg/detail/location__rosidl_typesupport_introspection_c.h\n'}
[4.904799] (base_interfaces_demo) StdoutLine: {'line': b'-- Up-to-date: /home/cjs/VL53L8CX/VL53L8CX_ws/install/base_interfaces_demo/include/base_interfaces_demo/msg/detail/pallet_info__type_support.c\n'}
[4.904962] (base_interfaces_demo) StdoutLine: {'line': b'-- Up-to-date: /home/cjs/VL53L8CX/VL53L8CX_ws/install/base_interfaces_demo/include/base_interfaces_demo/msg/detail/rcs_info__type_support.c\n'}
[4.905121] (base_interfaces_demo) StdoutLine: {'line': b'-- Up-to-date: /home/cjs/VL53L8CX/VL53L8CX_ws/install/base_interfaces_demo/include/base_interfaces_demo/msg/detail/health_node__rosidl_typesupport_introspection_c.h\n'}
[4.905280] (base_interfaces_demo) StdoutLine: {'line': b'-- Up-to-date: /home/cjs/VL53L8CX/VL53L8CX_ws/install/base_interfaces_demo/include/base_interfaces_demo/msg/detail/color_info__rosidl_typesupport_introspection_c.h\n'}
[4.905440] (base_interfaces_demo) StdoutLine: {'line': b'-- Up-to-date: /home/cjs/VL53L8CX/VL53L8CX_ws/install/base_interfaces_demo/include/base_interfaces_demo/msg/rosidl_typesupport_introspection_c__visibility_control.h\n'}
[4.905599] (base_interfaces_demo) StdoutLine: {'line': b'-- Up-to-date: /home/cjs/VL53L8CX/VL53L8CX_ws/install/base_interfaces_demo/lib/libbase_interfaces_demo__rosidl_typesupport_introspection_c.so\n'}
[4.905757] (base_interfaces_demo) StdoutLine: {'line': b'-- Up-to-date: /home/cjs/VL53L8CX/VL53L8CX_ws/install/base_interfaces_demo/lib/libbase_interfaces_demo__rosidl_typesupport_c.so\n'}
[4.905926] (base_interfaces_demo) StdoutLine: {'line': b'-- Up-to-date: /home/cjs/VL53L8CX/VL53L8CX_ws/install/base_interfaces_demo/include/base_interfaces_demo\n'}
[4.906086] (base_interfaces_demo) StdoutLine: {'line': b'-- Up-to-date: /home/cjs/VL53L8CX/VL53L8CX_ws/install/base_interfaces_demo/include/base_interfaces_demo/action\n'}
[4.906245] (base_interfaces_demo) StdoutLine: {'line': b'-- Up-to-date: /home/cjs/VL53L8CX/VL53L8CX_ws/install/base_interfaces_demo/include/base_interfaces_demo/action/detail\n'}
[4.907186] (base_interfaces_demo) StdoutLine: {'line': b'-- Up-to-date: /home/cjs/VL53L8CX/VL53L8CX_ws/install/base_interfaces_demo/include/base_interfaces_demo/action/detail/reverse__builder.hpp\n'}
[4.907706] (base_interfaces_demo) StdoutLine: {'line': b'-- Up-to-date: /home/cjs/VL53L8CX/VL53L8CX_ws/install/base_interfaces_demo/include/base_interfaces_demo/action/detail/nav__traits.hpp\n'}
[4.907889] (base_interfaces_demo) StdoutLine: {'line': b'-- Up-to-date: /home/cjs/VL53L8CX/VL53L8CX_ws/install/base_interfaces_demo/include/base_interfaces_demo/action/detail/reverse__struct.hpp\n'}
[4.908052] (base_interfaces_demo) StdoutLine: {'line': b'-- Up-to-date: /home/cjs/VL53L8CX/VL53L8CX_ws/install/base_interfaces_demo/include/base_interfaces_demo/action/detail/pallet__traits.hpp\n'}
[4.908214] (base_interfaces_demo) StdoutLine: {'line': b'-- Up-to-date: /home/cjs/VL53L8CX/VL53L8CX_ws/install/base_interfaces_demo/include/base_interfaces_demo/action/detail/pallet__type_support.hpp\n'}
[4.908407] (base_interfaces_demo) StdoutLine: {'line': b'-- Up-to-date: /home/cjs/VL53L8CX/VL53L8CX_ws/install/base_interfaces_demo/include/base_interfaces_demo/action/detail/pallet__struct.hpp\n'}
[4.908569] (base_interfaces_demo) StdoutLine: {'line': b'-- Up-to-date: /home/cjs/VL53L8CX/VL53L8CX_ws/install/base_interfaces_demo/include/base_interfaces_demo/action/detail/nav__type_support.hpp\n'}
[4.908723] (base_interfaces_demo) StdoutLine: {'line': b'-- Up-to-date: /home/cjs/VL53L8CX/VL53L8CX_ws/install/base_interfaces_demo/include/base_interfaces_demo/action/detail/reverse__traits.hpp\n'}
[4.908883] (base_interfaces_demo) StdoutLine: {'line': b'-- Up-to-date: /home/cjs/VL53L8CX/VL53L8CX_ws/install/base_interfaces_demo/include/base_interfaces_demo/action/detail/pallet__builder.hpp\n'}
[4.909045] (base_interfaces_demo) StdoutLine: {'line': b'-- Up-to-date: /home/cjs/VL53L8CX/VL53L8CX_ws/install/base_interfaces_demo/include/base_interfaces_demo/action/detail/nav__builder.hpp\n'}
[4.909205] (base_interfaces_demo) StdoutLine: {'line': b'-- Up-to-date: /home/cjs/VL53L8CX/VL53L8CX_ws/install/base_interfaces_demo/include/base_interfaces_demo/action/detail/nav__struct.hpp\n'}
[4.909368] (base_interfaces_demo) StdoutLine: {'line': b'-- Up-to-date: /home/cjs/VL53L8CX/VL53L8CX_ws/install/base_interfaces_demo/include/base_interfaces_demo/action/detail/reverse__type_support.hpp\n'}
[4.909527] (base_interfaces_demo) StdoutLine: {'line': b'-- Up-to-date: /home/cjs/VL53L8CX/VL53L8CX_ws/install/base_interfaces_demo/include/base_interfaces_demo/action/reverse.hpp\n'}
[4.909706] (base_interfaces_demo) StdoutLine: {'line': b'-- Up-to-date: /home/cjs/VL53L8CX/VL53L8CX_ws/install/base_interfaces_demo/include/base_interfaces_demo/action/nav.hpp\n'}
[4.909875] (base_interfaces_demo) StdoutLine: {'line': b'-- Up-to-date: /home/cjs/VL53L8CX/VL53L8CX_ws/install/base_interfaces_demo/include/base_interfaces_demo/action/pallet.hpp\n'}
[4.910032] (base_interfaces_demo) StdoutLine: {'line': b'-- Up-to-date: /home/cjs/VL53L8CX/VL53L8CX_ws/install/base_interfaces_demo/include/base_interfaces_demo/srv\n'}
[4.910184] (base_interfaces_demo) StdoutLine: {'line': b'-- Up-to-date: /home/cjs/VL53L8CX/VL53L8CX_ws/install/base_interfaces_demo/include/base_interfaces_demo/srv/set_emergency.hpp\n'}
[4.910349] (base_interfaces_demo) StdoutLine: {'line': b'-- Up-to-date: /home/cjs/VL53L8CX/VL53L8CX_ws/install/base_interfaces_demo/include/base_interfaces_demo/srv/pub_code.hpp\n'}
[4.910527] (base_interfaces_demo) StdoutLine: {'line': b'-- Up-to-date: /home/cjs/VL53L8CX/VL53L8CX_ws/install/base_interfaces_demo/include/base_interfaces_demo/srv/detail\n'}
[4.910702] (base_interfaces_demo) StdoutLine: {'line': b'-- Up-to-date: /home/cjs/VL53L8CX/VL53L8CX_ws/install/base_interfaces_demo/include/base_interfaces_demo/srv/detail/check_emergency__builder.hpp\n'}
[4.910851] (base_interfaces_demo) StdoutLine: {'line': b'-- Up-to-date: /home/cjs/VL53L8CX/VL53L8CX_ws/install/base_interfaces_demo/include/base_interfaces_demo/srv/detail/check_emergency__traits.hpp\n'}
[4.911002] (base_interfaces_demo) StdoutLine: {'line': b'-- Up-to-date: /home/cjs/VL53L8CX/VL53L8CX_ws/install/base_interfaces_demo/include/base_interfaces_demo/srv/detail/check_emergency__struct.hpp\n'}
[4.911168] (base_interfaces_demo) StdoutLine: {'line': b'-- Up-to-date: /home/cjs/VL53L8CX/VL53L8CX_ws/install/base_interfaces_demo/include/base_interfaces_demo/srv/detail/pub_code__type_support.hpp\n'}
[4.911343] (base_interfaces_demo) StdoutLine: {'line': b'-- Up-to-date: /home/cjs/VL53L8CX/VL53L8CX_ws/install/base_interfaces_demo/include/base_interfaces_demo/srv/detail/hall__type_support.hpp\n'}
[4.911716] (base_interfaces_demo) StdoutLine: {'line': b'-- Up-to-date: /home/cjs/VL53L8CX/VL53L8CX_ws/install/base_interfaces_demo/include/base_interfaces_demo/srv/detail/hall__builder.hpp\n'}
[4.911904] (base_interfaces_demo) StdoutLine: {'line': b'-- Up-to-date: /home/cjs/VL53L8CX/VL53L8CX_ws/install/base_interfaces_demo/include/base_interfaces_demo/srv/detail/pub_code__builder.hpp\n'}
[4.912080] (base_interfaces_demo) StdoutLine: {'line': b'-- Up-to-date: /home/cjs/VL53L8CX/VL53L8CX_ws/install/base_interfaces_demo/include/base_interfaces_demo/srv/detail/rcs_server__traits.hpp\n'}
[4.912258] (base_interfaces_demo) StdoutLine: {'line': b'-- Up-to-date: /home/cjs/VL53L8CX/VL53L8CX_ws/install/base_interfaces_demo/include/base_interfaces_demo/srv/detail/rcs_server__struct.hpp\n'}
[4.912432] (base_interfaces_demo) StdoutLine: {'line': b'-- Up-to-date: /home/cjs/VL53L8CX/VL53L8CX_ws/install/base_interfaces_demo/include/base_interfaces_demo/srv/detail/rcs_server__type_support.hpp\n'}
[4.912641] (base_interfaces_demo) StdoutLine: {'line': b'-- Up-to-date: /home/cjs/VL53L8CX/VL53L8CX_ws/install/base_interfaces_demo/include/base_interfaces_demo/srv/detail/check_emergency__type_support.hpp\n'}
[4.912803] (base_interfaces_demo) StdoutLine: {'line': b'-- Up-to-date: /home/cjs/VL53L8CX/VL53L8CX_ws/install/base_interfaces_demo/include/base_interfaces_demo/srv/detail/set_emergency__struct.hpp\n'}
[4.912966] (base_interfaces_demo) StdoutLine: {'line': b'-- Up-to-date: /home/cjs/VL53L8CX/VL53L8CX_ws/install/base_interfaces_demo/include/base_interfaces_demo/srv/detail/set_emergency__traits.hpp\n'}
[4.913160] (base_interfaces_demo) StdoutLine: {'line': b'-- Up-to-date: /home/cjs/VL53L8CX/VL53L8CX_ws/install/base_interfaces_demo/include/base_interfaces_demo/srv/detail/set_emergency__builder.hpp\n'}
[4.913392] (base_interfaces_demo) StdoutLine: {'line': b'-- Up-to-date: /home/cjs/VL53L8CX/VL53L8CX_ws/install/base_interfaces_demo/include/base_interfaces_demo/srv/detail/pub_code__struct.hpp\n'}
[4.913600] (base_interfaces_demo) StdoutLine: {'line': b'-- Up-to-date: /home/cjs/VL53L8CX/VL53L8CX_ws/install/base_interfaces_demo/include/base_interfaces_demo/srv/detail/hall__struct.hpp\n'}
[4.913786] (base_interfaces_demo) StdoutLine: {'line': b'-- Up-to-date: /home/cjs/VL53L8CX/VL53L8CX_ws/install/base_interfaces_demo/include/base_interfaces_demo/srv/detail/set_emergency__type_support.hpp\n'}
[4.913951] (base_interfaces_demo) StdoutLine: {'line': b'-- Up-to-date: /home/cjs/VL53L8CX/VL53L8CX_ws/install/base_interfaces_demo/include/base_interfaces_demo/srv/detail/pub_code__traits.hpp\n'}
[4.914108] (base_interfaces_demo) StdoutLine: {'line': b'-- Up-to-date: /home/cjs/VL53L8CX/VL53L8CX_ws/install/base_interfaces_demo/include/base_interfaces_demo/srv/detail/hall__traits.hpp\n'}
[4.914263] (base_interfaces_demo) StdoutLine: {'line': b'-- Up-to-date: /home/cjs/VL53L8CX/VL53L8CX_ws/install/base_interfaces_demo/include/base_interfaces_demo/srv/detail/rcs_server__builder.hpp\n'}
[4.914451] (base_interfaces_demo) StdoutLine: {'line': b'-- Up-to-date: /home/cjs/VL53L8CX/VL53L8CX_ws/install/base_interfaces_demo/include/base_interfaces_demo/srv/rcs_server.hpp\n'}
[4.914605] (base_interfaces_demo) StdoutLine: {'line': b'-- Up-to-date: /home/cjs/VL53L8CX/VL53L8CX_ws/install/base_interfaces_demo/include/base_interfaces_demo/srv/check_emergency.hpp\n'}
[4.914758] (base_interfaces_demo) StdoutLine: {'line': b'-- Up-to-date: /home/cjs/VL53L8CX/VL53L8CX_ws/install/base_interfaces_demo/include/base_interfaces_demo/srv/hall.hpp\n'}
[4.914918] (base_interfaces_demo) StdoutLine: {'line': b'-- Up-to-date: /home/cjs/VL53L8CX/VL53L8CX_ws/install/base_interfaces_demo/include/base_interfaces_demo/msg\n'}
[4.915085] (base_interfaces_demo) StdoutLine: {'line': b'-- Up-to-date: /home/cjs/VL53L8CX/VL53L8CX_ws/install/base_interfaces_demo/include/base_interfaces_demo/msg/color_info.hpp\n'}
[4.915235] (base_interfaces_demo) StdoutLine: {'line': b'-- Up-to-date: /home/cjs/VL53L8CX/VL53L8CX_ws/install/base_interfaces_demo/include/base_interfaces_demo/msg/car_status.hpp\n'}
[4.915691] (base_interfaces_demo) StdoutLine: {'line': b'-- Up-to-date: /home/cjs/VL53L8CX/VL53L8CX_ws/install/base_interfaces_demo/include/base_interfaces_demo/msg/test.hpp\n'}
[4.915865] (base_interfaces_demo) StdoutLine: {'line': b'-- Up-to-date: /home/cjs/VL53L8CX/VL53L8CX_ws/install/base_interfaces_demo/include/base_interfaces_demo/msg/ohom.hpp\n'}
[4.916036] (base_interfaces_demo) StdoutLine: {'line': b'-- Up-to-date: /home/cjs/VL53L8CX/VL53L8CX_ws/install/base_interfaces_demo/include/base_interfaces_demo/msg/seek_ret.hpp\n'}
[4.916202] (base_interfaces_demo) StdoutLine: {'line': b'-- Up-to-date: /home/cjs/VL53L8CX/VL53L8CX_ws/install/base_interfaces_demo/include/base_interfaces_demo/msg/pub_code.hpp\n'}
[4.916371] (base_interfaces_demo) StdoutLine: {'line': b'-- Up-to-date: /home/cjs/VL53L8CX/VL53L8CX_ws/install/base_interfaces_demo/include/base_interfaces_demo/msg/motor_cmd.hpp\n'}
[4.916554] (base_interfaces_demo) StdoutLine: {'line': b'-- Up-to-date: /home/cjs/VL53L8CX/VL53L8CX_ws/install/base_interfaces_demo/include/base_interfaces_demo/msg/rcs_info.hpp\n'}
[4.916710] (base_interfaces_demo) StdoutLine: {'line': b'-- Up-to-date: /home/cjs/VL53L8CX/VL53L8CX_ws/install/base_interfaces_demo/include/base_interfaces_demo/msg/pallet_info.hpp\n'}
[4.916863] (base_interfaces_demo) StdoutLine: {'line': b'-- Up-to-date: /home/cjs/VL53L8CX/VL53L8CX_ws/install/base_interfaces_demo/include/base_interfaces_demo/msg/detail\n'}
[4.917018] (base_interfaces_demo) StdoutLine: {'line': b'-- Up-to-date: /home/cjs/VL53L8CX/VL53L8CX_ws/install/base_interfaces_demo/include/base_interfaces_demo/msg/detail/motion_control__builder.hpp\n'}
[4.917173] (base_interfaces_demo) StdoutLine: {'line': b'-- Up-to-date: /home/cjs/VL53L8CX/VL53L8CX_ws/install/base_interfaces_demo/include/base_interfaces_demo/msg/detail/pallet_info__type_support.hpp\n'}
[4.917327] (base_interfaces_demo) StdoutLine: {'line': b'-- Up-to-date: /home/cjs/VL53L8CX/VL53L8CX_ws/install/base_interfaces_demo/include/base_interfaces_demo/msg/detail/pub_code__type_support.hpp\n'}
[4.917480] (base_interfaces_demo) StdoutLine: {'line': b'-- Up-to-date: /home/cjs/VL53L8CX/VL53L8CX_ws/install/base_interfaces_demo/include/base_interfaces_demo/msg/detail/manual__struct.hpp\n'}
[4.917633] (base_interfaces_demo) StdoutLine: {'line': b'-- Up-to-date: /home/cjs/VL53L8CX/VL53L8CX_ws/install/base_interfaces_demo/include/base_interfaces_demo/msg/detail/movecontrol_info__struct.hpp\n'}
[4.917787] (base_interfaces_demo) StdoutLine: {'line': b'-- Up-to-date: /home/cjs/VL53L8CX/VL53L8CX_ws/install/base_interfaces_demo/include/base_interfaces_demo/msg/detail/obs_laser__builder.hpp\n'}
[4.917939] (base_interfaces_demo) StdoutLine: {'line': b'-- Up-to-date: /home/cjs/VL53L8CX/VL53L8CX_ws/install/base_interfaces_demo/include/base_interfaces_demo/msg/detail/seek_cmd__builder.hpp\n'}
[4.918093] (base_interfaces_demo) StdoutLine: {'line': b'-- Up-to-date: /home/cjs/VL53L8CX/VL53L8CX_ws/install/base_interfaces_demo/include/base_interfaces_demo/msg/detail/charger_info__traits.hpp\n'}
[4.918255] (base_interfaces_demo) StdoutLine: {'line': b'-- Up-to-date: /home/cjs/VL53L8CX/VL53L8CX_ws/install/base_interfaces_demo/include/base_interfaces_demo/msg/detail/motor_cmd__struct.hpp\n'}
[4.918434] (base_interfaces_demo) StdoutLine: {'line': b'-- Up-to-date: /home/cjs/VL53L8CX/VL53L8CX_ws/install/base_interfaces_demo/include/base_interfaces_demo/msg/detail/system_status__traits.hpp\n'}
[4.918583] (base_interfaces_demo) StdoutLine: {'line': b'-- Up-to-date: /home/cjs/VL53L8CX/VL53L8CX_ws/install/base_interfaces_demo/include/base_interfaces_demo/msg/detail/seek_ret__type_support.hpp\n'}
[4.918742] (base_interfaces_demo) StdoutLine: {'line': b'-- Up-to-date: /home/cjs/VL53L8CX/VL53L8CX_ws/install/base_interfaces_demo/include/base_interfaces_demo/msg/detail/ohom__builder.hpp\n'}
[4.918899] (base_interfaces_demo) StdoutLine: {'line': b'-- Up-to-date: /home/cjs/VL53L8CX/VL53L8CX_ws/install/base_interfaces_demo/include/base_interfaces_demo/msg/detail/car_status__type_support.hpp\n'}
[4.919050] (base_interfaces_demo) StdoutLine: {'line': b'-- Up-to-date: /home/cjs/VL53L8CX/VL53L8CX_ws/install/base_interfaces_demo/include/base_interfaces_demo/msg/detail/system_status__struct.hpp\n'}
[4.919239] (base_interfaces_demo) StdoutLine: {'line': b'-- Up-to-date: /home/cjs/VL53L8CX/VL53L8CX_ws/install/base_interfaces_demo/include/base_interfaces_demo/msg/detail/pallet_info__builder.hpp\n'}
[4.919601] (base_interfaces_demo) StdoutLine: {'line': b'-- Up-to-date: /home/cjs/VL53L8CX/VL53L8CX_ws/install/base_interfaces_demo/include/base_interfaces_demo/msg/detail/seek_ret__traits.hpp\n'}
[4.919768] (base_interfaces_demo) StdoutLine: {'line': b'-- Up-to-date: /home/cjs/VL53L8CX/VL53L8CX_ws/install/base_interfaces_demo/include/base_interfaces_demo/msg/detail/motor_cmd__builder.hpp\n'}
[4.919927] (base_interfaces_demo) StdoutLine: {'line': b'-- Up-to-date: /home/cjs/VL53L8CX/VL53L8CX_ws/install/base_interfaces_demo/include/base_interfaces_demo/msg/detail/pallet_info__traits.hpp\n'}
[4.920084] (base_interfaces_demo) StdoutLine: {'line': b'-- Up-to-date: /home/cjs/VL53L8CX/VL53L8CX_ws/install/base_interfaces_demo/include/base_interfaces_demo/msg/detail/location__traits.hpp\n'}
[4.920241] (base_interfaces_demo) StdoutLine: {'line': b'-- Up-to-date: /home/cjs/VL53L8CX/VL53L8CX_ws/install/base_interfaces_demo/include/base_interfaces_demo/msg/detail/lift_info__builder.hpp\n'}
[4.920427] (base_interfaces_demo) StdoutLine: {'line': b'-- Up-to-date: /home/cjs/VL53L8CX/VL53L8CX_ws/install/base_interfaces_demo/include/base_interfaces_demo/msg/detail/rcs_info__builder.hpp\n'}
[4.920581] (base_interfaces_demo) StdoutLine: {'line': b'-- Up-to-date: /home/cjs/VL53L8CX/VL53L8CX_ws/install/base_interfaces_demo/include/base_interfaces_demo/msg/detail/ohom__type_support.hpp\n'}
[4.920737] (base_interfaces_demo) StdoutLine: {'line': b'-- Up-to-date: /home/cjs/VL53L8CX/VL53L8CX_ws/install/base_interfaces_demo/include/base_interfaces_demo/msg/detail/system_status__type_support.hpp\n'}
[4.920900] (base_interfaces_demo) StdoutLine: {'line': b'-- Up-to-date: /home/cjs/VL53L8CX/VL53L8CX_ws/install/base_interfaces_demo/include/base_interfaces_demo/msg/detail/pub_code__builder.hpp\n'}
[4.921067] (base_interfaces_demo) StdoutLine: {'line': b'-- Up-to-date: /home/cjs/VL53L8CX/VL53L8CX_ws/install/base_interfaces_demo/include/base_interfaces_demo/msg/detail/system_status__builder.hpp\n'}
[4.921222] (base_interfaces_demo) StdoutLine: {'line': b'-- Up-to-date: /home/cjs/VL53L8CX/VL53L8CX_ws/install/base_interfaces_demo/include/base_interfaces_demo/msg/detail/health_node__struct.hpp\n'}
[4.921387] (base_interfaces_demo) StdoutLine: {'line': b'-- Up-to-date: /home/cjs/VL53L8CX/VL53L8CX_ws/install/base_interfaces_demo/include/base_interfaces_demo/msg/detail/file_updata__struct.hpp\n'}
[4.921552] (base_interfaces_demo) StdoutLine: {'line': b'-- Up-to-date: /home/cjs/VL53L8CX/VL53L8CX_ws/install/base_interfaces_demo/include/base_interfaces_demo/msg/detail/bms_info__struct.hpp\n'}
[4.921706] (base_interfaces_demo) StdoutLine: {'line': b'-- Up-to-date: /home/cjs/VL53L8CX/VL53L8CX_ws/install/base_interfaces_demo/include/base_interfaces_demo/msg/detail/obs_laser__struct.hpp\n'}
[4.921859] (base_interfaces_demo) StdoutLine: {'line': b'-- Up-to-date: /home/cjs/VL53L8CX/VL53L8CX_ws/install/base_interfaces_demo/include/base_interfaces_demo/msg/detail/car_status__struct.hpp\n'}
[4.922013] (base_interfaces_demo) StdoutLine: {'line': b'-- Up-to-date: /home/cjs/VL53L8CX/VL53L8CX_ws/install/base_interfaces_demo/include/base_interfaces_demo/msg/detail/manual_seek_label__builder.hpp\n'}
[4.922171] (base_interfaces_demo) StdoutLine: {'line': b'-- Up-to-date: /home/cjs/VL53L8CX/VL53L8CX_ws/install/base_interfaces_demo/include/base_interfaces_demo/msg/detail/motor_status__type_support.hpp\n'}
[4.922342] (base_interfaces_demo) StdoutLine: {'line': b'-- Up-to-date: /home/cjs/VL53L8CX/VL53L8CX_ws/install/base_interfaces_demo/include/base_interfaces_demo/msg/detail/bt_status__type_support.hpp\n'}
[4.922511] (base_interfaces_demo) StdoutLine: {'line': b'-- Up-to-date: /home/cjs/VL53L8CX/VL53L8CX_ws/install/base_interfaces_demo/include/base_interfaces_demo/msg/detail/bt_status__struct.hpp\n'}
[4.922664] (base_interfaces_demo) StdoutLine: {'line': b'-- Up-to-date: /home/cjs/VL53L8CX/VL53L8CX_ws/install/base_interfaces_demo/include/base_interfaces_demo/msg/detail/motor_cmd__traits.hpp\n'}
[4.922818] (base_interfaces_demo) StdoutLine: {'line': b'-- Up-to-date: /home/cjs/VL53L8CX/VL53L8CX_ws/install/base_interfaces_demo/include/base_interfaces_demo/msg/detail/motion_control__struct.hpp\n'}
[4.922973] (base_interfaces_demo) StdoutLine: {'line': b'-- Up-to-date: /home/cjs/VL53L8CX/VL53L8CX_ws/install/base_interfaces_demo/include/base_interfaces_demo/msg/detail/lift_info__type_support.hpp\n'}
[4.923127] (base_interfaces_demo) StdoutLine: {'line': b'-- Up-to-date: /home/cjs/VL53L8CX/VL53L8CX_ws/install/base_interfaces_demo/include/base_interfaces_demo/msg/detail/bt_status__traits.hpp\n'}
[4.923280] (base_interfaces_demo) StdoutLine: {'line': b'-- Up-to-date: /home/cjs/VL53L8CX/VL53L8CX_ws/install/base_interfaces_demo/include/base_interfaces_demo/msg/detail/car_status__builder.hpp\n'}
[4.923700] (base_interfaces_demo) StdoutLine: {'line': b'-- Up-to-date: /home/cjs/VL53L8CX/VL53L8CX_ws/install/base_interfaces_demo/include/base_interfaces_demo/msg/detail/obs_laser__traits.hpp\n'}
[4.923914] (base_interfaces_demo) StdoutLine: {'line': b'-- Up-to-date: /home/cjs/VL53L8CX/VL53L8CX_ws/install/base_interfaces_demo/include/base_interfaces_demo/msg/detail/lift_control__type_support.hpp\n'}
[4.924072] (base_interfaces_demo) StdoutLine: {'line': b'-- Up-to-date: /home/cjs/VL53L8CX/VL53L8CX_ws/install/base_interfaces_demo/include/base_interfaces_demo/msg/detail/manual__traits.hpp\n'}
[4.924226] (base_interfaces_demo) StdoutLine: {'line': b'-- Up-to-date: /home/cjs/VL53L8CX/VL53L8CX_ws/install/base_interfaces_demo/include/base_interfaces_demo/msg/detail/motion_control__type_support.hpp\n'}
[4.924418] (base_interfaces_demo) StdoutLine: {'line': b'-- Up-to-date: /home/cjs/VL53L8CX/VL53L8CX_ws/install/base_interfaces_demo/include/base_interfaces_demo/msg/detail/test__traits.hpp\n'}
[4.924581] (base_interfaces_demo) StdoutLine: {'line': b'-- Up-to-date: /home/cjs/VL53L8CX/VL53L8CX_ws/install/base_interfaces_demo/include/base_interfaces_demo/msg/detail/manual__type_support.hpp\n'}
[4.924737] (base_interfaces_demo) StdoutLine: {'line': b'-- Up-to-date: /home/cjs/VL53L8CX/VL53L8CX_ws/install/base_interfaces_demo/include/base_interfaces_demo/msg/detail/color_info__type_support.hpp\n'}
[4.924891] (base_interfaces_demo) StdoutLine: {'line': b'-- Up-to-date: /home/cjs/VL53L8CX/VL53L8CX_ws/install/base_interfaces_demo/include/base_interfaces_demo/msg/detail/seek_cmd__type_support.hpp\n'}
[4.925044] (base_interfaces_demo) StdoutLine: {'line': b'-- Up-to-date: /home/cjs/VL53L8CX/VL53L8CX_ws/install/base_interfaces_demo/include/base_interfaces_demo/msg/detail/charger_info__builder.hpp\n'}
[4.925197] (base_interfaces_demo) StdoutLine: {'line': b'-- Up-to-date: /home/cjs/VL53L8CX/VL53L8CX_ws/install/base_interfaces_demo/include/base_interfaces_demo/msg/detail/car_status__traits.hpp\n'}
[4.925356] (base_interfaces_demo) StdoutLine: {'line': b'-- Up-to-date: /home/cjs/VL53L8CX/VL53L8CX_ws/install/base_interfaces_demo/include/base_interfaces_demo/msg/detail/lift_control__builder.hpp\n'}
[4.925518] (base_interfaces_demo) StdoutLine: {'line': b'-- Up-to-date: /home/cjs/VL53L8CX/VL53L8CX_ws/install/base_interfaces_demo/include/base_interfaces_demo/msg/detail/hall_info__struct.hpp\n'}
[4.925683] (base_interfaces_demo) StdoutLine: {'line': b'-- Up-to-date: /home/cjs/VL53L8CX/VL53L8CX_ws/install/base_interfaces_demo/include/base_interfaces_demo/msg/detail/bms_info__builder.hpp\n'}
[4.925877] (base_interfaces_demo) StdoutLine: {'line': b'-- Up-to-date: /home/cjs/VL53L8CX/VL53L8CX_ws/install/base_interfaces_demo/include/base_interfaces_demo/msg/detail/file_updata__type_support.hpp\n'}
[4.926037] (base_interfaces_demo) StdoutLine: {'line': b'-- Up-to-date: /home/cjs/VL53L8CX/VL53L8CX_ws/install/base_interfaces_demo/include/base_interfaces_demo/msg/detail/ohom__traits.hpp\n'}
[4.926213] (base_interfaces_demo) StdoutLine: {'line': b'-- Up-to-date: /home/cjs/VL53L8CX/VL53L8CX_ws/install/base_interfaces_demo/include/base_interfaces_demo/msg/detail/color_info__traits.hpp\n'}
[4.926399] (base_interfaces_demo) StdoutLine: {'line': b'-- Up-to-date: /home/cjs/VL53L8CX/VL53L8CX_ws/install/base_interfaces_demo/include/base_interfaces_demo/msg/detail/health_node__builder.hpp\n'}
[4.926574] (base_interfaces_demo) StdoutLine: {'line': b'-- Up-to-date: /home/cjs/VL53L8CX/VL53L8CX_ws/install/base_interfaces_demo/include/base_interfaces_demo/msg/detail/obs_laser__type_support.hpp\n'}
[4.926726] (base_interfaces_demo) StdoutLine: {'line': b'-- Up-to-date: /home/cjs/VL53L8CX/VL53L8CX_ws/install/base_interfaces_demo/include/base_interfaces_demo/msg/detail/charger_info__type_support.hpp\n'}
[4.926879] (base_interfaces_demo) StdoutLine: {'line': b'-- Up-to-date: /home/cjs/VL53L8CX/VL53L8CX_ws/install/base_interfaces_demo/include/base_interfaces_demo/msg/detail/color_info__builder.hpp\n'}
[4.927031] (base_interfaces_demo) StdoutLine: {'line': b'-- Up-to-date: /home/cjs/VL53L8CX/VL53L8CX_ws/install/base_interfaces_demo/include/base_interfaces_demo/msg/detail/lift_info__traits.hpp\n'}
[4.927186] (base_interfaces_demo) StdoutLine: {'line': b'-- Up-to-date: /home/cjs/VL53L8CX/VL53L8CX_ws/install/base_interfaces_demo/include/base_interfaces_demo/msg/detail/hall_info__traits.hpp\n'}
[4.927352] (base_interfaces_demo) StdoutLine: {'line': b'-- Up-to-date: /home/cjs/VL53L8CX/VL53L8CX_ws/install/base_interfaces_demo/include/base_interfaces_demo/msg/detail/health_node__traits.hpp\n'}
[4.927689] (base_interfaces_demo) StdoutLine: {'line': b'-- Up-to-date: /home/cjs/VL53L8CX/VL53L8CX_ws/install/base_interfaces_demo/include/base_interfaces_demo/msg/detail/color_info__struct.hpp\n'}
[4.927845] (base_interfaces_demo) StdoutLine: {'line': b'-- Up-to-date: /home/cjs/VL53L8CX/VL53L8CX_ws/install/base_interfaces_demo/include/base_interfaces_demo/msg/detail/location__builder.hpp\n'}
[4.927998] (base_interfaces_demo) StdoutLine: {'line': b'-- Up-to-date: /home/cjs/VL53L8CX/VL53L8CX_ws/install/base_interfaces_demo/include/base_interfaces_demo/msg/detail/motor_cmd__type_support.hpp\n'}
[4.928151] (base_interfaces_demo) StdoutLine: {'line': b'-- Up-to-date: /home/cjs/VL53L8CX/VL53L8CX_ws/install/base_interfaces_demo/include/base_interfaces_demo/msg/detail/manual_seek_label__traits.hpp\n'}
[4.928351] (base_interfaces_demo) StdoutLine: {'line': b'-- Up-to-date: /home/cjs/VL53L8CX/VL53L8CX_ws/install/base_interfaces_demo/include/base_interfaces_demo/msg/detail/seek_ret__builder.hpp\n'}
[4.928521] (base_interfaces_demo) StdoutLine: {'line': b'-- Up-to-date: /home/cjs/VL53L8CX/VL53L8CX_ws/install/base_interfaces_demo/include/base_interfaces_demo/msg/detail/motor_status__struct.hpp\n'}
[4.928676] (base_interfaces_demo) StdoutLine: {'line': b'-- Up-to-date: /home/cjs/VL53L8CX/VL53L8CX_ws/install/base_interfaces_demo/include/base_interfaces_demo/msg/detail/file_updata__traits.hpp\n'}
[4.928831] (base_interfaces_demo) StdoutLine: {'line': b'-- Up-to-date: /home/cjs/VL53L8CX/VL53L8CX_ws/install/base_interfaces_demo/include/base_interfaces_demo/msg/detail/bms_info__type_support.hpp\n'}
[4.928982] (base_interfaces_demo) StdoutLine: {'line': b'-- Up-to-date: /home/cjs/VL53L8CX/VL53L8CX_ws/install/base_interfaces_demo/include/base_interfaces_demo/msg/detail/seek_cmd__traits.hpp\n'}
[4.929139] (base_interfaces_demo) StdoutLine: {'line': b'-- Up-to-date: /home/cjs/VL53L8CX/VL53L8CX_ws/install/base_interfaces_demo/include/base_interfaces_demo/msg/detail/health_node__type_support.hpp\n'}
[4.929325] (base_interfaces_demo) StdoutLine: {'line': b'-- Up-to-date: /home/cjs/VL53L8CX/VL53L8CX_ws/install/base_interfaces_demo/include/base_interfaces_demo/msg/detail/bt_status__builder.hpp\n'}
[4.929498] (base_interfaces_demo) StdoutLine: {'line': b'-- Up-to-date: /home/cjs/VL53L8CX/VL53L8CX_ws/install/base_interfaces_demo/include/base_interfaces_demo/msg/detail/pub_code__struct.hpp\n'}
[4.929655] (base_interfaces_demo) StdoutLine: {'line': b'-- Up-to-date: /home/cjs/VL53L8CX/VL53L8CX_ws/install/base_interfaces_demo/include/base_interfaces_demo/msg/detail/motion_control__traits.hpp\n'}
[4.929811] (base_interfaces_demo) StdoutLine: {'line': b'-- Up-to-date: /home/cjs/VL53L8CX/VL53L8CX_ws/install/base_interfaces_demo/include/base_interfaces_demo/msg/detail/movecontrol_info__type_support.hpp\n'}
[4.929968] (base_interfaces_demo) StdoutLine: {'line': b'-- Up-to-date: /home/cjs/VL53L8CX/VL53L8CX_ws/install/base_interfaces_demo/include/base_interfaces_demo/msg/detail/file_updata__builder.hpp\n'}
[4.930122] (base_interfaces_demo) StdoutLine: {'line': b'-- Up-to-date: /home/cjs/VL53L8CX/VL53L8CX_ws/install/base_interfaces_demo/include/base_interfaces_demo/msg/detail/motor_status__builder.hpp\n'}
[4.930297] (base_interfaces_demo) StdoutLine: {'line': b'-- Up-to-date: /home/cjs/VL53L8CX/VL53L8CX_ws/install/base_interfaces_demo/include/base_interfaces_demo/msg/detail/ohom__struct.hpp\n'}
[4.930491] (base_interfaces_demo) StdoutLine: {'line': b'-- Up-to-date: /home/cjs/VL53L8CX/VL53L8CX_ws/install/base_interfaces_demo/include/base_interfaces_demo/msg/detail/bms_info__traits.hpp\n'}
[4.930712] (base_interfaces_demo) StdoutLine: {'line': b'-- Up-to-date: /home/cjs/VL53L8CX/VL53L8CX_ws/install/base_interfaces_demo/include/base_interfaces_demo/msg/detail/movecontrol_info__traits.hpp\n'}
[4.930915] (base_interfaces_demo) StdoutLine: {'line': b'-- Up-to-date: /home/cjs/VL53L8CX/VL53L8CX_ws/install/base_interfaces_demo/include/base_interfaces_demo/msg/detail/lift_control__struct.hpp\n'}
[4.931156] (base_interfaces_demo) StdoutLine: {'line': b'-- Up-to-date: /home/cjs/VL53L8CX/VL53L8CX_ws/install/base_interfaces_demo/include/base_interfaces_demo/msg/detail/rcs_info__type_support.hpp\n'}
[4.931821] (base_interfaces_demo) StdoutLine: {'line': b'-- Up-to-date: /home/cjs/VL53L8CX/VL53L8CX_ws/install/base_interfaces_demo/include/base_interfaces_demo/msg/detail/rcs_info__struct.hpp\n'}
[4.932072] (base_interfaces_demo) StdoutLine: {'line': b'-- Up-to-date: /home/cjs/VL53L8CX/VL53L8CX_ws/install/base_interfaces_demo/include/base_interfaces_demo/msg/detail/hall_info__type_support.hpp\n'}
[4.932285] (base_interfaces_demo) StdoutLine: {'line': b'-- Up-to-date: /home/cjs/VL53L8CX/VL53L8CX_ws/install/base_interfaces_demo/include/base_interfaces_demo/msg/detail/test__type_support.hpp\n'}
[4.932589] (base_interfaces_demo) StdoutLine: {'line': b'-- Up-to-date: /home/cjs/VL53L8CX/VL53L8CX_ws/install/base_interfaces_demo/include/base_interfaces_demo/msg/detail/test__struct.hpp\n'}
[4.932809] (base_interfaces_demo) StdoutLine: {'line': b'-- Up-to-date: /home/cjs/VL53L8CX/VL53L8CX_ws/install/base_interfaces_demo/include/base_interfaces_demo/msg/detail/lift_info__struct.hpp\n'}
[4.933051] (base_interfaces_demo) StdoutLine: {'line': b'-- Up-to-date: /home/cjs/VL53L8CX/VL53L8CX_ws/install/base_interfaces_demo/include/base_interfaces_demo/msg/detail/hall_info__builder.hpp\n'}
[4.933237] (base_interfaces_demo) StdoutLine: {'line': b'-- Up-to-date: /home/cjs/VL53L8CX/VL53L8CX_ws/install/base_interfaces_demo/include/base_interfaces_demo/msg/detail/pub_code__traits.hpp\n'}
[4.933423] (base_interfaces_demo) StdoutLine: {'line': b'-- Up-to-date: /home/cjs/VL53L8CX/VL53L8CX_ws/install/base_interfaces_demo/include/base_interfaces_demo/msg/detail/rcs_info__traits.hpp\n'}
[4.933619] (base_interfaces_demo) StdoutLine: {'line': b'-- Up-to-date: /home/cjs/VL53L8CX/VL53L8CX_ws/install/base_interfaces_demo/include/base_interfaces_demo/msg/detail/manual__builder.hpp\n'}
[4.933770] (base_interfaces_demo) StdoutLine: {'line': b'-- Up-to-date: /home/cjs/VL53L8CX/VL53L8CX_ws/install/base_interfaces_demo/include/base_interfaces_demo/msg/detail/movecontrol_info__builder.hpp\n'}
[4.933930] (base_interfaces_demo) StdoutLine: {'line': b'-- Up-to-date: /home/cjs/VL53L8CX/VL53L8CX_ws/install/base_interfaces_demo/include/base_interfaces_demo/msg/detail/lift_control__traits.hpp\n'}
[4.934093] (base_interfaces_demo) StdoutLine: {'line': b'-- Up-to-date: /home/cjs/VL53L8CX/VL53L8CX_ws/install/base_interfaces_demo/include/base_interfaces_demo/msg/detail/seek_cmd__struct.hpp\n'}
[4.934263] (base_interfaces_demo) StdoutLine: {'line': b'-- Up-to-date: /home/cjs/VL53L8CX/VL53L8CX_ws/install/base_interfaces_demo/include/base_interfaces_demo/msg/detail/manual_seek_label__struct.hpp\n'}
[4.934488] (base_interfaces_demo) StdoutLine: {'line': b'-- Up-to-date: /home/cjs/VL53L8CX/VL53L8CX_ws/install/base_interfaces_demo/include/base_interfaces_demo/msg/detail/location__type_support.hpp\n'}
[4.934656] (base_interfaces_demo) StdoutLine: {'line': b'-- Up-to-date: /home/cjs/VL53L8CX/VL53L8CX_ws/install/base_interfaces_demo/include/base_interfaces_demo/msg/detail/manual_seek_label__type_support.hpp\n'}
[4.934819] (base_interfaces_demo) StdoutLine: {'line': b'-- Up-to-date: /home/cjs/VL53L8CX/VL53L8CX_ws/install/base_interfaces_demo/include/base_interfaces_demo/msg/detail/charger_info__struct.hpp\n'}
[4.934980] (base_interfaces_demo) StdoutLine: {'line': b'-- Up-to-date: /home/cjs/VL53L8CX/VL53L8CX_ws/install/base_interfaces_demo/include/base_interfaces_demo/msg/detail/test__builder.hpp\n'}
[4.935204] (base_interfaces_demo) StdoutLine: {'line': b'-- Up-to-date: /home/cjs/VL53L8CX/VL53L8CX_ws/install/base_interfaces_demo/include/base_interfaces_demo/msg/detail/motor_status__traits.hpp\n'}
[4.935599] (base_interfaces_demo) StdoutLine: {'line': b'-- Up-to-date: /home/cjs/VL53L8CX/VL53L8CX_ws/install/base_interfaces_demo/include/base_interfaces_demo/msg/detail/location__struct.hpp\n'}
[4.935826] (base_interfaces_demo) StdoutLine: {'line': b'-- Up-to-date: /home/cjs/VL53L8CX/VL53L8CX_ws/install/base_interfaces_demo/include/base_interfaces_demo/msg/detail/seek_ret__struct.hpp\n'}
[4.935997] (base_interfaces_demo) StdoutLine: {'line': b'-- Up-to-date: /home/cjs/VL53L8CX/VL53L8CX_ws/install/base_interfaces_demo/include/base_interfaces_demo/msg/detail/pallet_info__struct.hpp\n'}
[4.936184] (base_interfaces_demo) StdoutLine: {'line': b'-- Up-to-date: /home/cjs/VL53L8CX/VL53L8CX_ws/install/base_interfaces_demo/include/base_interfaces_demo/msg/manual_seek_label.hpp\n'}
[4.936361] (base_interfaces_demo) StdoutLine: {'line': b'-- Up-to-date: /home/cjs/VL53L8CX/VL53L8CX_ws/install/base_interfaces_demo/include/base_interfaces_demo/msg/motion_control.hpp\n'}
[4.936548] (base_interfaces_demo) StdoutLine: {'line': b'-- Up-to-date: /home/cjs/VL53L8CX/VL53L8CX_ws/install/base_interfaces_demo/include/base_interfaces_demo/msg/lift_control.hpp\n'}
[4.936701] (base_interfaces_demo) StdoutLine: {'line': b'-- Up-to-date: /home/cjs/VL53L8CX/VL53L8CX_ws/install/base_interfaces_demo/include/base_interfaces_demo/msg/motor_status.hpp\n'}
[4.936871] (base_interfaces_demo) StdoutLine: {'line': b'-- Up-to-date: /home/cjs/VL53L8CX/VL53L8CX_ws/install/base_interfaces_demo/include/base_interfaces_demo/msg/hall_info.hpp\n'}
[4.937055] (base_interfaces_demo) StdoutLine: {'line': b'-- Up-to-date: /home/cjs/VL53L8CX/VL53L8CX_ws/install/base_interfaces_demo/include/base_interfaces_demo/msg/charger_info.hpp\n'}
[4.937409] (base_interfaces_demo) StdoutLine: {'line': b'-- Up-to-date: /home/cjs/VL53L8CX/VL53L8CX_ws/install/base_interfaces_demo/include/base_interfaces_demo/msg/movecontrol_info.hpp\n'}
[4.937570] (base_interfaces_demo) StdoutLine: {'line': b'-- Up-to-date: /home/cjs/VL53L8CX/VL53L8CX_ws/install/base_interfaces_demo/include/base_interfaces_demo/msg/rosidl_generator_cpp__visibility_control.hpp\n'}
[4.937731] (base_interfaces_demo) StdoutLine: {'line': b'-- Up-to-date: /home/cjs/VL53L8CX/VL53L8CX_ws/install/base_interfaces_demo/include/base_interfaces_demo/msg/location.hpp\n'}
[4.937889] (base_interfaces_demo) StdoutLine: {'line': b'-- Up-to-date: /home/cjs/VL53L8CX/VL53L8CX_ws/install/base_interfaces_demo/include/base_interfaces_demo/msg/file_updata.hpp\n'}
[4.938058] (base_interfaces_demo) StdoutLine: {'line': b'-- Up-to-date: /home/cjs/VL53L8CX/VL53L8CX_ws/install/base_interfaces_demo/include/base_interfaces_demo/msg/seek_cmd.hpp\n'}
[4.938218] (base_interfaces_demo) StdoutLine: {'line': b'-- Up-to-date: /home/cjs/VL53L8CX/VL53L8CX_ws/install/base_interfaces_demo/include/base_interfaces_demo/msg/health_node.hpp\n'}
[4.938436] (base_interfaces_demo) StdoutLine: {'line': b'-- Up-to-date: /home/cjs/VL53L8CX/VL53L8CX_ws/install/base_interfaces_demo/include/base_interfaces_demo/msg/bt_status.hpp\n'}
[4.938598] (base_interfaces_demo) StdoutLine: {'line': b'-- Up-to-date: /home/cjs/VL53L8CX/VL53L8CX_ws/install/base_interfaces_demo/include/base_interfaces_demo/msg/obs_laser.hpp\n'}
[4.938758] (base_interfaces_demo) StdoutLine: {'line': b'-- Up-to-date: /home/cjs/VL53L8CX/VL53L8CX_ws/install/base_interfaces_demo/include/base_interfaces_demo/msg/system_status.hpp\n'}
[4.938922] (base_interfaces_demo) StdoutLine: {'line': b'-- Up-to-date: /home/cjs/VL53L8CX/VL53L8CX_ws/install/base_interfaces_demo/include/base_interfaces_demo/msg/bms_info.hpp\n'}
[4.939101] (base_interfaces_demo) StdoutLine: {'line': b'-- Up-to-date: /home/cjs/VL53L8CX/VL53L8CX_ws/install/base_interfaces_demo/include/base_interfaces_demo/msg/manual.hpp\n'}
[4.939278] (base_interfaces_demo) StdoutLine: {'line': b'-- Up-to-date: /home/cjs/VL53L8CX/VL53L8CX_ws/install/base_interfaces_demo/include/base_interfaces_demo/msg/lift_info.hpp\n'}
[4.939599] (base_interfaces_demo) StdoutLine: {'line': b'-- Up-to-date: /home/cjs/VL53L8CX/VL53L8CX_ws/install/base_interfaces_demo/include/base_interfaces_demo\n'}
[4.939766] (base_interfaces_demo) StdoutLine: {'line': b'-- Up-to-date: /home/cjs/VL53L8CX/VL53L8CX_ws/install/base_interfaces_demo/include/base_interfaces_demo/action\n'}
[4.939925] (base_interfaces_demo) StdoutLine: {'line': b'-- Up-to-date: /home/cjs/VL53L8CX/VL53L8CX_ws/install/base_interfaces_demo/include/base_interfaces_demo/action/detail\n'}
[4.940086] (base_interfaces_demo) StdoutLine: {'line': b'-- Up-to-date: /home/cjs/VL53L8CX/VL53L8CX_ws/install/base_interfaces_demo/include/base_interfaces_demo/action/detail/nav__rosidl_typesupport_introspection_cpp.hpp\n'}
[4.940250] (base_interfaces_demo) StdoutLine: {'line': b'-- Up-to-date: /home/cjs/VL53L8CX/VL53L8CX_ws/install/base_interfaces_demo/include/base_interfaces_demo/action/detail/reverse__type_support.cpp\n'}
[4.940427] (base_interfaces_demo) StdoutLine: {'line': b'-- Up-to-date: /home/cjs/VL53L8CX/VL53L8CX_ws/install/base_interfaces_demo/include/base_interfaces_demo/action/detail/reverse__rosidl_typesupport_introspection_cpp.hpp\n'}
[4.940619] (base_interfaces_demo) StdoutLine: {'line': b'-- Up-to-date: /home/cjs/VL53L8CX/VL53L8CX_ws/install/base_interfaces_demo/include/base_interfaces_demo/action/detail/pallet__type_support.cpp\n'}
[4.940774] (base_interfaces_demo) StdoutLine: {'line': b'-- Up-to-date: /home/cjs/VL53L8CX/VL53L8CX_ws/install/base_interfaces_demo/include/base_interfaces_demo/action/detail/pallet__rosidl_typesupport_introspection_cpp.hpp\n'}
[4.940935] (base_interfaces_demo) StdoutLine: {'line': b'-- Up-to-date: /home/cjs/VL53L8CX/VL53L8CX_ws/install/base_interfaces_demo/include/base_interfaces_demo/action/detail/nav__type_support.cpp\n'}
[4.941096] (base_interfaces_demo) StdoutLine: {'line': b'-- Up-to-date: /home/cjs/VL53L8CX/VL53L8CX_ws/install/base_interfaces_demo/include/base_interfaces_demo/srv\n'}
[4.941259] (base_interfaces_demo) StdoutLine: {'line': b'-- Up-to-date: /home/cjs/VL53L8CX/VL53L8CX_ws/install/base_interfaces_demo/include/base_interfaces_demo/srv/detail\n'}
[4.941430] (base_interfaces_demo) StdoutLine: {'line': b'-- Up-to-date: /home/cjs/VL53L8CX/VL53L8CX_ws/install/base_interfaces_demo/include/base_interfaces_demo/srv/detail/check_emergency__rosidl_typesupport_introspection_cpp.hpp\n'}
[4.941587] (base_interfaces_demo) StdoutLine: {'line': b'-- Up-to-date: /home/cjs/VL53L8CX/VL53L8CX_ws/install/base_interfaces_demo/include/base_interfaces_demo/srv/detail/rcs_server__rosidl_typesupport_introspection_cpp.hpp\n'}
[4.941755] (base_interfaces_demo) StdoutLine: {'line': b'-- Up-to-date: /home/cjs/VL53L8CX/VL53L8CX_ws/install/base_interfaces_demo/include/base_interfaces_demo/srv/detail/pub_code__rosidl_typesupport_introspection_cpp.hpp\n'}
[4.941921] (base_interfaces_demo) StdoutLine: {'line': b'-- Up-to-date: /home/cjs/VL53L8CX/VL53L8CX_ws/install/base_interfaces_demo/include/base_interfaces_demo/srv/detail/rcs_server__type_support.cpp\n'}
[4.942079] (base_interfaces_demo) StdoutLine: {'line': b'-- Up-to-date: /home/cjs/VL53L8CX/VL53L8CX_ws/install/base_interfaces_demo/include/base_interfaces_demo/srv/detail/check_emergency__type_support.cpp\n'}
[4.942236] (base_interfaces_demo) StdoutLine: {'line': b'-- Up-to-date: /home/cjs/VL53L8CX/VL53L8CX_ws/install/base_interfaces_demo/include/base_interfaces_demo/srv/detail/hall__rosidl_typesupport_introspection_cpp.hpp\n'}
[4.942489] (base_interfaces_demo) StdoutLine: {'line': b'-- Up-to-date: /home/cjs/VL53L8CX/VL53L8CX_ws/install/base_interfaces_demo/include/base_interfaces_demo/srv/detail/hall__type_support.cpp\n'}
[4.942625] (base_interfaces_demo) StdoutLine: {'line': b'-- Up-to-date: /home/cjs/VL53L8CX/VL53L8CX_ws/install/base_interfaces_demo/include/base_interfaces_demo/srv/detail/set_emergency__rosidl_typesupport_introspection_cpp.hpp\n'}
[4.942747] (base_interfaces_demo) StdoutLine: {'line': b'-- Up-to-date: /home/cjs/VL53L8CX/VL53L8CX_ws/install/base_interfaces_demo/include/base_interfaces_demo/srv/detail/pub_code__type_support.cpp\n'}
[4.942868] (base_interfaces_demo) StdoutLine: {'line': b'-- Up-to-date: /home/cjs/VL53L8CX/VL53L8CX_ws/install/base_interfaces_demo/include/base_interfaces_demo/srv/detail/set_emergency__type_support.cpp\n'}
[4.942988] (base_interfaces_demo) StdoutLine: {'line': b'-- Up-to-date: /home/cjs/VL53L8CX/VL53L8CX_ws/install/base_interfaces_demo/include/base_interfaces_demo/msg\n'}
[4.943108] (base_interfaces_demo) StdoutLine: {'line': b'-- Up-to-date: /home/cjs/VL53L8CX/VL53L8CX_ws/install/base_interfaces_demo/include/base_interfaces_demo/msg/detail\n'}
[4.943226] (base_interfaces_demo) StdoutLine: {'line': b'-- Up-to-date: /home/cjs/VL53L8CX/VL53L8CX_ws/install/base_interfaces_demo/include/base_interfaces_demo/msg/detail/lift_info__rosidl_typesupport_introspection_cpp.hpp\n'}
[4.943394] (base_interfaces_demo) StdoutLine: {'line': b'-- Up-to-date: /home/cjs/VL53L8CX/VL53L8CX_ws/install/base_interfaces_demo/include/base_interfaces_demo/msg/detail/ohom__rosidl_typesupport_introspection_cpp.hpp\n'}
[4.943688] (base_interfaces_demo) StdoutLine: {'line': b'-- Up-to-date: /home/cjs/VL53L8CX/VL53L8CX_ws/install/base_interfaces_demo/include/base_interfaces_demo/msg/detail/test__rosidl_typesupport_introspection_cpp.hpp\n'}
[4.943824] (base_interfaces_demo) StdoutLine: {'line': b'-- Up-to-date: /home/cjs/VL53L8CX/VL53L8CX_ws/install/base_interfaces_demo/include/base_interfaces_demo/msg/detail/health_node__rosidl_typesupport_introspection_cpp.hpp\n'}
[4.943947] (base_interfaces_demo) StdoutLine: {'line': b'-- Up-to-date: /home/cjs/VL53L8CX/VL53L8CX_ws/install/base_interfaces_demo/include/base_interfaces_demo/msg/detail/car_status__rosidl_typesupport_introspection_cpp.hpp\n'}
[4.944071] (base_interfaces_demo) StdoutLine: {'line': b'-- Up-to-date: /home/cjs/VL53L8CX/VL53L8CX_ws/install/base_interfaces_demo/include/base_interfaces_demo/msg/detail/motor_cmd__rosidl_typesupport_introspection_cpp.hpp\n'}
[4.944197] (base_interfaces_demo) StdoutLine: {'line': b'-- Up-to-date: /home/cjs/VL53L8CX/VL53L8CX_ws/install/base_interfaces_demo/include/base_interfaces_demo/msg/detail/location__type_support.cpp\n'}
[4.944331] (base_interfaces_demo) StdoutLine: {'line': b'-- Up-to-date: /home/cjs/VL53L8CX/VL53L8CX_ws/install/base_interfaces_demo/include/base_interfaces_demo/msg/detail/pub_code__rosidl_typesupport_introspection_cpp.hpp\n'}
[4.944457] (base_interfaces_demo) StdoutLine: {'line': b'-- Up-to-date: /home/cjs/VL53L8CX/VL53L8CX_ws/install/base_interfaces_demo/include/base_interfaces_demo/msg/detail/rcs_info__type_support.cpp\n'}
[4.944586] (base_interfaces_demo) StdoutLine: {'line': b'-- Up-to-date: /home/cjs/VL53L8CX/VL53L8CX_ws/install/base_interfaces_demo/include/base_interfaces_demo/msg/detail/health_node__type_support.cpp\n'}
[4.944710] (base_interfaces_demo) StdoutLine: {'line': b'-- Up-to-date: /home/cjs/VL53L8CX/VL53L8CX_ws/install/base_interfaces_demo/include/base_interfaces_demo/msg/detail/motion_control__type_support.cpp\n'}
[4.944894] (base_interfaces_demo) StdoutLine: {'line': b'-- Up-to-date: /home/cjs/VL53L8CX/VL53L8CX_ws/install/base_interfaces_demo/include/base_interfaces_demo/msg/detail/car_status__type_support.cpp\n'}
[4.945087] (base_interfaces_demo) StdoutLine: {'line': b'-- Up-to-date: /home/cjs/VL53L8CX/VL53L8CX_ws/install/base_interfaces_demo/include/base_interfaces_demo/msg/detail/seek_ret__type_support.cpp\n'}
[4.945236] (base_interfaces_demo) StdoutLine: {'line': b'-- Up-to-date: /home/cjs/VL53L8CX/VL53L8CX_ws/install/base_interfaces_demo/include/base_interfaces_demo/msg/detail/movecontrol_info__rosidl_typesupport_introspection_cpp.hpp\n'}
[4.945363] (base_interfaces_demo) StdoutLine: {'line': b'-- Up-to-date: /home/cjs/VL53L8CX/VL53L8CX_ws/install/base_interfaces_demo/include/base_interfaces_demo/msg/detail/motion_control__rosidl_typesupport_introspection_cpp.hpp\n'}
[4.945494] (base_interfaces_demo) StdoutLine: {'line': b'-- Up-to-date: /home/cjs/VL53L8CX/VL53L8CX_ws/install/base_interfaces_demo/include/base_interfaces_demo/msg/detail/manual__rosidl_typesupport_introspection_cpp.hpp\n'}
[4.945622] (base_interfaces_demo) StdoutLine: {'line': b'-- Up-to-date: /home/cjs/VL53L8CX/VL53L8CX_ws/install/base_interfaces_demo/include/base_interfaces_demo/msg/detail/charger_info__type_support.cpp\n'}
[4.945745] (base_interfaces_demo) StdoutLine: {'line': b'-- Up-to-date: /home/cjs/VL53L8CX/VL53L8CX_ws/install/base_interfaces_demo/include/base_interfaces_demo/msg/detail/color_info__rosidl_typesupport_introspection_cpp.hpp\n'}
[4.945900] (base_interfaces_demo) StdoutLine: {'line': b'-- Up-to-date: /home/cjs/VL53L8CX/VL53L8CX_ws/install/base_interfaces_demo/include/base_interfaces_demo/msg/detail/seek_cmd__rosidl_typesupport_introspection_cpp.hpp\n'}
[4.946053] (base_interfaces_demo) StdoutLine: {'line': b'-- Up-to-date: /home/cjs/VL53L8CX/VL53L8CX_ws/install/base_interfaces_demo/include/base_interfaces_demo/msg/detail/location__rosidl_typesupport_introspection_cpp.hpp\n'}
[4.946226] (base_interfaces_demo) StdoutLine: {'line': b'-- Up-to-date: /home/cjs/VL53L8CX/VL53L8CX_ws/install/base_interfaces_demo/include/base_interfaces_demo/msg/detail/bt_status__type_support.cpp\n'}
[4.946412] (base_interfaces_demo) StdoutLine: {'line': b'-- Up-to-date: /home/cjs/VL53L8CX/VL53L8CX_ws/install/base_interfaces_demo/include/base_interfaces_demo/msg/detail/manual_seek_label__type_support.cpp\n'}
[4.946580] (base_interfaces_demo) StdoutLine: {'line': b'-- Up-to-date: /home/cjs/VL53L8CX/VL53L8CX_ws/install/base_interfaces_demo/include/base_interfaces_demo/msg/detail/manual__type_support.cpp\n'}
[4.946760] (base_interfaces_demo) StdoutLine: {'line': b'-- Up-to-date: /home/cjs/VL53L8CX/VL53L8CX_ws/install/base_interfaces_demo/include/base_interfaces_demo/msg/detail/rcs_info__rosidl_typesupport_introspection_cpp.hpp\n'}
[4.947136] (base_interfaces_demo) StdoutLine: {'line': b'-- Up-to-date: /home/cjs/VL53L8CX/VL53L8CX_ws/install/base_interfaces_demo/include/base_interfaces_demo/msg/detail/bms_info__type_support.cpp\n'}
[4.947302] (base_interfaces_demo) StdoutLine: {'line': b'-- Up-to-date: /home/cjs/VL53L8CX/VL53L8CX_ws/install/base_interfaces_demo/include/base_interfaces_demo/msg/detail/system_status__type_support.cpp\n'}
[4.947553] (base_interfaces_demo) StdoutLine: {'line': b'-- Up-to-date: /home/cjs/VL53L8CX/VL53L8CX_ws/install/base_interfaces_demo/include/base_interfaces_demo/msg/detail/bt_status__rosidl_typesupport_introspection_cpp.hpp\n'}
[4.947734] (base_interfaces_demo) StdoutLine: {'line': b'-- Up-to-date: /home/cjs/VL53L8CX/VL53L8CX_ws/install/base_interfaces_demo/include/base_interfaces_demo/msg/detail/lift_info__type_support.cpp\n'}
[4.947921] (base_interfaces_demo) StdoutLine: {'line': b'-- Up-to-date: /home/cjs/VL53L8CX/VL53L8CX_ws/install/base_interfaces_demo/include/base_interfaces_demo/msg/detail/manual_seek_label__rosidl_typesupport_introspection_cpp.hpp\n'}
[4.948084] (base_interfaces_demo) StdoutLine: {'line': b'-- Up-to-date: /home/cjs/VL53L8CX/VL53L8CX_ws/install/base_interfaces_demo/include/base_interfaces_demo/msg/detail/lift_control__rosidl_typesupport_introspection_cpp.hpp\n'}
[4.948244] (base_interfaces_demo) StdoutLine: {'line': b'-- Up-to-date: /home/cjs/VL53L8CX/VL53L8CX_ws/install/base_interfaces_demo/include/base_interfaces_demo/msg/detail/charger_info__rosidl_typesupport_introspection_cpp.hpp\n'}
[4.948407] (base_interfaces_demo) StdoutLine: {'line': b'-- Up-to-date: /home/cjs/VL53L8CX/VL53L8CX_ws/install/base_interfaces_demo/include/base_interfaces_demo/msg/detail/obs_laser__rosidl_typesupport_introspection_cpp.hpp\n'}
[4.948568] (base_interfaces_demo) StdoutLine: {'line': b'-- Up-to-date: /home/cjs/VL53L8CX/VL53L8CX_ws/install/base_interfaces_demo/include/base_interfaces_demo/msg/detail/seek_cmd__type_support.cpp\n'}
[4.948729] (base_interfaces_demo) StdoutLine: {'line': b'-- Up-to-date: /home/cjs/VL53L8CX/VL53L8CX_ws/install/base_interfaces_demo/include/base_interfaces_demo/msg/detail/color_info__type_support.cpp\n'}
[4.949006] (base_interfaces_demo) StdoutLine: {'line': b'-- Up-to-date: /home/cjs/VL53L8CX/VL53L8CX_ws/install/base_interfaces_demo/include/base_interfaces_demo/msg/detail/pallet_info__rosidl_typesupport_introspection_cpp.hpp\n'}
[4.949142] (base_interfaces_demo) StdoutLine: {'line': b'-- Up-to-date: /home/cjs/VL53L8CX/VL53L8CX_ws/install/base_interfaces_demo/include/base_interfaces_demo/msg/detail/file_updata__rosidl_typesupport_introspection_cpp.hpp\n'}
[4.949264] (base_interfaces_demo) StdoutLine: {'line': b'-- Up-to-date: /home/cjs/VL53L8CX/VL53L8CX_ws/install/base_interfaces_demo/include/base_interfaces_demo/msg/detail/motor_cmd__type_support.cpp\n'}
[4.949384] (base_interfaces_demo) StdoutLine: {'line': b'-- Up-to-date: /home/cjs/VL53L8CX/VL53L8CX_ws/install/base_interfaces_demo/include/base_interfaces_demo/msg/detail/motor_status__type_support.cpp\n'}
[4.949504] (base_interfaces_demo) StdoutLine: {'line': b'-- Up-to-date: /home/cjs/VL53L8CX/VL53L8CX_ws/install/base_interfaces_demo/include/base_interfaces_demo/msg/detail/file_updata__type_support.cpp\n'}
[4.949635] (base_interfaces_demo) StdoutLine: {'line': b'-- Up-to-date: /home/cjs/VL53L8CX/VL53L8CX_ws/install/base_interfaces_demo/include/base_interfaces_demo/msg/detail/ohom__type_support.cpp\n'}
[4.949761] (base_interfaces_demo) StdoutLine: {'line': b'-- Up-to-date: /home/cjs/VL53L8CX/VL53L8CX_ws/install/base_interfaces_demo/include/base_interfaces_demo/msg/detail/pub_code__type_support.cpp\n'}
[4.949884] (base_interfaces_demo) StdoutLine: {'line': b'-- Up-to-date: /home/cjs/VL53L8CX/VL53L8CX_ws/install/base_interfaces_demo/include/base_interfaces_demo/msg/detail/lift_control__type_support.cpp\n'}
[4.950005] (base_interfaces_demo) StdoutLine: {'line': b'-- Up-to-date: /home/cjs/VL53L8CX/VL53L8CX_ws/install/base_interfaces_demo/include/base_interfaces_demo/msg/detail/bms_info__rosidl_typesupport_introspection_cpp.hpp\n'}
[4.950127] (base_interfaces_demo) StdoutLine: {'line': b'-- Up-to-date: /home/cjs/VL53L8CX/VL53L8CX_ws/install/base_interfaces_demo/include/base_interfaces_demo/msg/detail/seek_ret__rosidl_typesupport_introspection_cpp.hpp\n'}
[4.950264] (base_interfaces_demo) StdoutLine: {'line': b'-- Up-to-date: /home/cjs/VL53L8CX/VL53L8CX_ws/install/base_interfaces_demo/include/base_interfaces_demo/msg/detail/system_status__rosidl_typesupport_introspection_cpp.hpp\n'}
[4.950413] (base_interfaces_demo) StdoutLine: {'line': b'-- Up-to-date: /home/cjs/VL53L8CX/VL53L8CX_ws/install/base_interfaces_demo/include/base_interfaces_demo/msg/detail/hall_info__rosidl_typesupport_introspection_cpp.hpp\n'}
[4.950539] (base_interfaces_demo) StdoutLine: {'line': b'-- Up-to-date: /home/cjs/VL53L8CX/VL53L8CX_ws/install/base_interfaces_demo/include/base_interfaces_demo/msg/detail/movecontrol_info__type_support.cpp\n'}
[4.950725] (base_interfaces_demo) StdoutLine: {'line': b'-- Up-to-date: /home/cjs/VL53L8CX/VL53L8CX_ws/install/base_interfaces_demo/include/base_interfaces_demo/msg/detail/motor_status__rosidl_typesupport_introspection_cpp.hpp\n'}
[4.951369] (base_interfaces_demo) StdoutLine: {'line': b'-- Up-to-date: /home/cjs/VL53L8CX/VL53L8CX_ws/install/base_interfaces_demo/include/base_interfaces_demo/msg/detail/pallet_info__type_support.cpp\n'}
[4.951661] (base_interfaces_demo) StdoutLine: {'line': b'-- Up-to-date: /home/cjs/VL53L8CX/VL53L8CX_ws/install/base_interfaces_demo/include/base_interfaces_demo/msg/detail/test__type_support.cpp\n'}
[4.951843] (base_interfaces_demo) StdoutLine: {'line': b'-- Up-to-date: /home/cjs/VL53L8CX/VL53L8CX_ws/install/base_interfaces_demo/include/base_interfaces_demo/msg/detail/obs_laser__type_support.cpp\n'}
[4.952028] (base_interfaces_demo) StdoutLine: {'line': b'-- Up-to-date: /home/cjs/VL53L8CX/VL53L8CX_ws/install/base_interfaces_demo/include/base_interfaces_demo/msg/detail/hall_info__type_support.cpp\n'}
[4.952193] (base_interfaces_demo) StdoutLine: {'line': b'-- Up-to-date: /home/cjs/VL53L8CX/VL53L8CX_ws/install/base_interfaces_demo/lib/libbase_interfaces_demo__rosidl_typesupport_introspection_cpp.so\n'}
[4.952370] (base_interfaces_demo) StdoutLine: {'line': b'-- Up-to-date: /home/cjs/VL53L8CX/VL53L8CX_ws/install/base_interfaces_demo/lib/libbase_interfaces_demo__rosidl_typesupport_cpp.so\n'}
[4.952539] (base_interfaces_demo) StdoutLine: {'line': b'-- Up-to-date: /home/cjs/VL53L8CX/VL53L8CX_ws/install/base_interfaces_demo/share/base_interfaces_demo/environment/pythonpath.sh\n'}
[4.952718] (base_interfaces_demo) StdoutLine: {'line': b'-- Up-to-date: /home/cjs/VL53L8CX/VL53L8CX_ws/install/base_interfaces_demo/share/base_interfaces_demo/environment/pythonpath.dsv\n'}
[4.952916] (base_interfaces_demo) StdoutLine: {'line': b'-- Up-to-date: /home/cjs/VL53L8CX/VL53L8CX_ws/install/base_interfaces_demo/lib/python3.8/site-packages/base_interfaces_demo/__init__.py\n'}
[4.959422] (-) TimerEvent: {}
[4.972389] (base_interfaces_demo) StdoutLine: {'line': b'-- Up-to-date: /home/cjs/VL53L8CX/VL53L8CX_ws/install/base_interfaces_demo/lib/python3.8/site-packages/base_interfaces_demo/action\n'}
[4.972990] (base_interfaces_demo) StdoutLine: {'line': b'-- Up-to-date: /home/cjs/VL53L8CX/VL53L8CX_ws/install/base_interfaces_demo/lib/python3.8/site-packages/base_interfaces_demo/action/_reverse_s.c\n'}
[4.973846] (base_interfaces_demo) StdoutLine: {'line': b'-- Up-to-date: /home/cjs/VL53L8CX/VL53L8CX_ws/install/base_interfaces_demo/lib/python3.8/site-packages/base_interfaces_demo/action/_nav_s.c\n'}
[4.974189] (base_interfaces_demo) StdoutLine: {'line': b'-- Up-to-date: /home/cjs/VL53L8CX/VL53L8CX_ws/install/base_interfaces_demo/lib/python3.8/site-packages/base_interfaces_demo/action/_reverse.py\n'}
[4.974428] (base_interfaces_demo) StdoutLine: {'line': b'-- Up-to-date: /home/cjs/VL53L8CX/VL53L8CX_ws/install/base_interfaces_demo/lib/python3.8/site-packages/base_interfaces_demo/action/_nav.py\n'}
[4.974997] (base_interfaces_demo) StdoutLine: {'line': b'-- Up-to-date: /home/cjs/VL53L8CX/VL53L8CX_ws/install/base_interfaces_demo/lib/python3.8/site-packages/base_interfaces_demo/action/_pallet.py\n'}
[4.975768] (base_interfaces_demo) StdoutLine: {'line': b'-- Up-to-date: /home/cjs/VL53L8CX/VL53L8CX_ws/install/base_interfaces_demo/lib/python3.8/site-packages/base_interfaces_demo/action/_pallet_s.c\n'}
[4.976608] (base_interfaces_demo) StdoutLine: {'line': b'-- Up-to-date: /home/cjs/VL53L8CX/VL53L8CX_ws/install/base_interfaces_demo/lib/python3.8/site-packages/base_interfaces_demo/action/__init__.py\n'}
[4.977291] (base_interfaces_demo) StdoutLine: {'line': b'-- Up-to-date: /home/cjs/VL53L8CX/VL53L8CX_ws/install/base_interfaces_demo/lib/python3.8/site-packages/base_interfaces_demo/msg\n'}
[4.977936] (base_interfaces_demo) StdoutLine: {'line': b'-- Up-to-date: /home/cjs/VL53L8CX/VL53L8CX_ws/install/base_interfaces_demo/lib/python3.8/site-packages/base_interfaces_demo/msg/_hall_info_s.c\n'}
[4.978585] (base_interfaces_demo) StdoutLine: {'line': b'-- Up-to-date: /home/cjs/VL53L8CX/VL53L8CX_ws/install/base_interfaces_demo/lib/python3.8/site-packages/base_interfaces_demo/msg/_health_node.py\n'}
[4.979193] (base_interfaces_demo) StdoutLine: {'line': b'-- Up-to-date: /home/cjs/VL53L8CX/VL53L8CX_ws/install/base_interfaces_demo/lib/python3.8/site-packages/base_interfaces_demo/msg/_car_status_s.c\n'}
[4.980335] (base_interfaces_demo) StdoutLine: {'line': b'-- Up-to-date: /home/cjs/VL53L8CX/VL53L8CX_ws/install/base_interfaces_demo/lib/python3.8/site-packages/base_interfaces_demo/msg/_health_node_s.c\n'}
[4.980984] (base_interfaces_demo) StdoutLine: {'line': b'-- Up-to-date: /home/cjs/VL53L8CX/VL53L8CX_ws/install/base_interfaces_demo/lib/python3.8/site-packages/base_interfaces_demo/msg/_color_info.py\n'}
[4.981370] (base_interfaces_demo) StdoutLine: {'line': b'-- Up-to-date: /home/cjs/VL53L8CX/VL53L8CX_ws/install/base_interfaces_demo/lib/python3.8/site-packages/base_interfaces_demo/msg/_lift_info_s.c\n'}
[4.982056] (base_interfaces_demo) StdoutLine: {'line': b'-- Up-to-date: /home/cjs/VL53L8CX/VL53L8CX_ws/install/base_interfaces_demo/lib/python3.8/site-packages/base_interfaces_demo/msg/_motor_status.py\n'}
[4.982632] (base_interfaces_demo) StdoutLine: {'line': b'-- Up-to-date: /home/cjs/VL53L8CX/VL53L8CX_ws/install/base_interfaces_demo/lib/python3.8/site-packages/base_interfaces_demo/msg/_pallet_info.py\n'}
[4.983343] (base_interfaces_demo) StdoutLine: {'line': b'-- Up-to-date: /home/cjs/VL53L8CX/VL53L8CX_ws/install/base_interfaces_demo/lib/python3.8/site-packages/base_interfaces_demo/msg/_obs_laser.py\n'}
[4.983887] (base_interfaces_demo) StdoutLine: {'line': b'-- Up-to-date: /home/cjs/VL53L8CX/VL53L8CX_ws/install/base_interfaces_demo/lib/python3.8/site-packages/base_interfaces_demo/msg/_movecontrol_info.py\n'}
[4.984693] (base_interfaces_demo) StdoutLine: {'line': b'-- Up-to-date: /home/cjs/VL53L8CX/VL53L8CX_ws/install/base_interfaces_demo/lib/python3.8/site-packages/base_interfaces_demo/msg/_seek_ret_s.c\n'}
[4.985605] (base_interfaces_demo) StdoutLine: {'line': b'-- Up-to-date: /home/cjs/VL53L8CX/VL53L8CX_ws/install/base_interfaces_demo/lib/python3.8/site-packages/base_interfaces_demo/msg/_seek_cmd_s.c\n'}
[4.985771] (base_interfaces_demo) StdoutLine: {'line': b'-- Up-to-date: /home/cjs/VL53L8CX/VL53L8CX_ws/install/base_interfaces_demo/lib/python3.8/site-packages/base_interfaces_demo/msg/_file_updata_s.c\n'}
[4.986037] (base_interfaces_demo) StdoutLine: {'line': b'-- Up-to-date: /home/cjs/VL53L8CX/VL53L8CX_ws/install/base_interfaces_demo/lib/python3.8/site-packages/base_interfaces_demo/msg/_manual_seek_label.py\n'}
[4.986520] (base_interfaces_demo) StdoutLine: {'line': b'-- Up-to-date: /home/cjs/VL53L8CX/VL53L8CX_ws/install/base_interfaces_demo/lib/python3.8/site-packages/base_interfaces_demo/msg/_motor_cmd_s.c\n'}
[4.987338] (base_interfaces_demo) StdoutLine: {'line': b'-- Up-to-date: /home/cjs/VL53L8CX/VL53L8CX_ws/install/base_interfaces_demo/lib/python3.8/site-packages/base_interfaces_demo/msg/_ohom.py\n'}
[4.987864] (base_interfaces_demo) StdoutLine: {'line': b'-- Up-to-date: /home/cjs/VL53L8CX/VL53L8CX_ws/install/base_interfaces_demo/lib/python3.8/site-packages/base_interfaces_demo/msg/_obs_laser_s.c\n'}
[4.988559] (base_interfaces_demo) StdoutLine: {'line': b'-- Up-to-date: /home/cjs/VL53L8CX/VL53L8CX_ws/install/base_interfaces_demo/lib/python3.8/site-packages/base_interfaces_demo/msg/_charger_info_s.c\n'}
[4.988944] (base_interfaces_demo) StdoutLine: {'line': b'-- Up-to-date: /home/cjs/VL53L8CX/VL53L8CX_ws/install/base_interfaces_demo/lib/python3.8/site-packages/base_interfaces_demo/msg/_pub_code_s.c\n'}
[4.989117] (base_interfaces_demo) StdoutLine: {'line': b'-- Up-to-date: /home/cjs/VL53L8CX/VL53L8CX_ws/install/base_interfaces_demo/lib/python3.8/site-packages/base_interfaces_demo/msg/_seek_cmd.py\n'}
[4.989275] (base_interfaces_demo) StdoutLine: {'line': b'-- Up-to-date: /home/cjs/VL53L8CX/VL53L8CX_ws/install/base_interfaces_demo/lib/python3.8/site-packages/base_interfaces_demo/msg/_system_status.py\n'}
[4.989458] (base_interfaces_demo) StdoutLine: {'line': b'-- Up-to-date: /home/cjs/VL53L8CX/VL53L8CX_ws/install/base_interfaces_demo/lib/python3.8/site-packages/base_interfaces_demo/msg/_manual.py\n'}
[4.989621] (base_interfaces_demo) StdoutLine: {'line': b'-- Up-to-date: /home/cjs/VL53L8CX/VL53L8CX_ws/install/base_interfaces_demo/lib/python3.8/site-packages/base_interfaces_demo/msg/_movecontrol_info_s.c\n'}
[4.989778] (base_interfaces_demo) StdoutLine: {'line': b'-- Up-to-date: /home/cjs/VL53L8CX/VL53L8CX_ws/install/base_interfaces_demo/lib/python3.8/site-packages/base_interfaces_demo/msg/_pub_code.py\n'}
[4.989949] (base_interfaces_demo) StdoutLine: {'line': b'-- Up-to-date: /home/cjs/VL53L8CX/VL53L8CX_ws/install/base_interfaces_demo/lib/python3.8/site-packages/base_interfaces_demo/msg/_charger_info.py\n'}
[4.990112] (base_interfaces_demo) StdoutLine: {'line': b'-- Up-to-date: /home/cjs/VL53L8CX/VL53L8CX_ws/install/base_interfaces_demo/lib/python3.8/site-packages/base_interfaces_demo/msg/_lift_control_s.c\n'}
[4.990321] (base_interfaces_demo) StdoutLine: {'line': b'-- Up-to-date: /home/cjs/VL53L8CX/VL53L8CX_ws/install/base_interfaces_demo/lib/python3.8/site-packages/base_interfaces_demo/msg/_manual_s.c\n'}
[4.990520] (base_interfaces_demo) StdoutLine: {'line': b'-- Up-to-date: /home/cjs/VL53L8CX/VL53L8CX_ws/install/base_interfaces_demo/lib/python3.8/site-packages/base_interfaces_demo/msg/_bt_status.py\n'}
[4.990687] (base_interfaces_demo) StdoutLine: {'line': b'-- Up-to-date: /home/cjs/VL53L8CX/VL53L8CX_ws/install/base_interfaces_demo/lib/python3.8/site-packages/base_interfaces_demo/msg/_motion_control_s.c\n'}
[4.991636] (base_interfaces_demo) StdoutLine: {'line': b'-- Up-to-date: /home/cjs/VL53L8CX/VL53L8CX_ws/install/base_interfaces_demo/lib/python3.8/site-packages/base_interfaces_demo/msg/_manual_seek_label_s.c\n'}
[4.991983] (base_interfaces_demo) StdoutLine: {'line': b'-- Up-to-date: /home/cjs/VL53L8CX/VL53L8CX_ws/install/base_interfaces_demo/lib/python3.8/site-packages/base_interfaces_demo/msg/_hall_info.py\n'}
[4.992132] (base_interfaces_demo) StdoutLine: {'line': b'-- Up-to-date: /home/cjs/VL53L8CX/VL53L8CX_ws/install/base_interfaces_demo/lib/python3.8/site-packages/base_interfaces_demo/msg/_location_s.c\n'}
[4.992280] (base_interfaces_demo) StdoutLine: {'line': b'-- Up-to-date: /home/cjs/VL53L8CX/VL53L8CX_ws/install/base_interfaces_demo/lib/python3.8/site-packages/base_interfaces_demo/msg/_seek_ret.py\n'}
[4.992424] (base_interfaces_demo) StdoutLine: {'line': b'-- Up-to-date: /home/cjs/VL53L8CX/VL53L8CX_ws/install/base_interfaces_demo/lib/python3.8/site-packages/base_interfaces_demo/msg/_ohom_s.c\n'}
[4.992570] (base_interfaces_demo) StdoutLine: {'line': b'-- Up-to-date: /home/cjs/VL53L8CX/VL53L8CX_ws/install/base_interfaces_demo/lib/python3.8/site-packages/base_interfaces_demo/msg/_car_status.py\n'}
[4.992717] (base_interfaces_demo) StdoutLine: {'line': b'-- Up-to-date: /home/cjs/VL53L8CX/VL53L8CX_ws/install/base_interfaces_demo/lib/python3.8/site-packages/base_interfaces_demo/msg/_lift_control.py\n'}
[4.992881] (base_interfaces_demo) StdoutLine: {'line': b'-- Up-to-date: /home/cjs/VL53L8CX/VL53L8CX_ws/install/base_interfaces_demo/lib/python3.8/site-packages/base_interfaces_demo/msg/_bt_status_s.c\n'}
[4.993071] (base_interfaces_demo) StdoutLine: {'line': b'-- Up-to-date: /home/cjs/VL53L8CX/VL53L8CX_ws/install/base_interfaces_demo/lib/python3.8/site-packages/base_interfaces_demo/msg/_motion_control.py\n'}
[4.993220] (base_interfaces_demo) StdoutLine: {'line': b'-- Up-to-date: /home/cjs/VL53L8CX/VL53L8CX_ws/install/base_interfaces_demo/lib/python3.8/site-packages/base_interfaces_demo/msg/_test.py\n'}
[4.993367] (base_interfaces_demo) StdoutLine: {'line': b'-- Up-to-date: /home/cjs/VL53L8CX/VL53L8CX_ws/install/base_interfaces_demo/lib/python3.8/site-packages/base_interfaces_demo/msg/_rcs_info_s.c\n'}
[4.993514] (base_interfaces_demo) StdoutLine: {'line': b'-- Up-to-date: /home/cjs/VL53L8CX/VL53L8CX_ws/install/base_interfaces_demo/lib/python3.8/site-packages/base_interfaces_demo/msg/_system_status_s.c\n'}
[4.993670] (base_interfaces_demo) StdoutLine: {'line': b'-- Up-to-date: /home/cjs/VL53L8CX/VL53L8CX_ws/install/base_interfaces_demo/lib/python3.8/site-packages/base_interfaces_demo/msg/_location.py\n'}
[4.993819] (base_interfaces_demo) StdoutLine: {'line': b'-- Up-to-date: /home/cjs/VL53L8CX/VL53L8CX_ws/install/base_interfaces_demo/lib/python3.8/site-packages/base_interfaces_demo/msg/_motor_cmd.py\n'}
[4.993968] (base_interfaces_demo) StdoutLine: {'line': b'-- Up-to-date: /home/cjs/VL53L8CX/VL53L8CX_ws/install/base_interfaces_demo/lib/python3.8/site-packages/base_interfaces_demo/msg/_color_info_s.c\n'}
[4.994114] (base_interfaces_demo) StdoutLine: {'line': b'-- Up-to-date: /home/cjs/VL53L8CX/VL53L8CX_ws/install/base_interfaces_demo/lib/python3.8/site-packages/base_interfaces_demo/msg/_motor_status_s.c\n'}
[4.994273] (base_interfaces_demo) StdoutLine: {'line': b'-- Up-to-date: /home/cjs/VL53L8CX/VL53L8CX_ws/install/base_interfaces_demo/lib/python3.8/site-packages/base_interfaces_demo/msg/_rcs_info.py\n'}
[4.994430] (base_interfaces_demo) StdoutLine: {'line': b'-- Up-to-date: /home/cjs/VL53L8CX/VL53L8CX_ws/install/base_interfaces_demo/lib/python3.8/site-packages/base_interfaces_demo/msg/_file_updata.py\n'}
[4.995016] (base_interfaces_demo) StdoutLine: {'line': b'-- Up-to-date: /home/cjs/VL53L8CX/VL53L8CX_ws/install/base_interfaces_demo/lib/python3.8/site-packages/base_interfaces_demo/msg/_lift_info.py\n'}
[4.995185] (base_interfaces_demo) StdoutLine: {'line': b'-- Up-to-date: /home/cjs/VL53L8CX/VL53L8CX_ws/install/base_interfaces_demo/lib/python3.8/site-packages/base_interfaces_demo/msg/_bms_info_s.c\n'}
[4.995337] (base_interfaces_demo) StdoutLine: {'line': b'-- Up-to-date: /home/cjs/VL53L8CX/VL53L8CX_ws/install/base_interfaces_demo/lib/python3.8/site-packages/base_interfaces_demo/msg/_pallet_info_s.c\n'}
[4.995485] (base_interfaces_demo) StdoutLine: {'line': b'-- Up-to-date: /home/cjs/VL53L8CX/VL53L8CX_ws/install/base_interfaces_demo/lib/python3.8/site-packages/base_interfaces_demo/msg/__init__.py\n'}
[4.995630] (base_interfaces_demo) StdoutLine: {'line': b'-- Up-to-date: /home/cjs/VL53L8CX/VL53L8CX_ws/install/base_interfaces_demo/lib/python3.8/site-packages/base_interfaces_demo/msg/_bms_info.py\n'}
[4.995774] (base_interfaces_demo) StdoutLine: {'line': b'-- Up-to-date: /home/cjs/VL53L8CX/VL53L8CX_ws/install/base_interfaces_demo/lib/python3.8/site-packages/base_interfaces_demo/msg/_test_s.c\n'}
[4.997462] (base_interfaces_demo) StdoutLine: {'line': b'-- Up-to-date: /home/cjs/VL53L8CX/VL53L8CX_ws/install/base_interfaces_demo/lib/python3.8/site-packages/base_interfaces_demo/srv\n'}
[4.997618] (base_interfaces_demo) StdoutLine: {'line': b'-- Up-to-date: /home/cjs/VL53L8CX/VL53L8CX_ws/install/base_interfaces_demo/lib/python3.8/site-packages/base_interfaces_demo/srv/_hall.py\n'}
[4.997771] (base_interfaces_demo) StdoutLine: {'line': b'-- Up-to-date: /home/cjs/VL53L8CX/VL53L8CX_ws/install/base_interfaces_demo/lib/python3.8/site-packages/base_interfaces_demo/srv/_hall_s.c\n'}
[4.997921] (base_interfaces_demo) StdoutLine: {'line': b'-- Up-to-date: /home/cjs/VL53L8CX/VL53L8CX_ws/install/base_interfaces_demo/lib/python3.8/site-packages/base_interfaces_demo/srv/_check_emergency.py\n'}
[4.998077] (base_interfaces_demo) StdoutLine: {'line': b'-- Up-to-date: /home/cjs/VL53L8CX/VL53L8CX_ws/install/base_interfaces_demo/lib/python3.8/site-packages/base_interfaces_demo/srv/_set_emergency_s.c\n'}
[4.998357] (base_interfaces_demo) StdoutLine: {'line': b'-- Up-to-date: /home/cjs/VL53L8CX/VL53L8CX_ws/install/base_interfaces_demo/lib/python3.8/site-packages/base_interfaces_demo/srv/_rcs_server_s.c\n'}
[4.998505] (base_interfaces_demo) StdoutLine: {'line': b'-- Up-to-date: /home/cjs/VL53L8CX/VL53L8CX_ws/install/base_interfaces_demo/lib/python3.8/site-packages/base_interfaces_demo/srv/_pub_code_s.c\n'}
[4.998720] (base_interfaces_demo) StdoutLine: {'line': b'-- Up-to-date: /home/cjs/VL53L8CX/VL53L8CX_ws/install/base_interfaces_demo/lib/python3.8/site-packages/base_interfaces_demo/srv/_set_emergency.py\n'}
[4.999027] (base_interfaces_demo) StdoutLine: {'line': b'-- Up-to-date: /home/cjs/VL53L8CX/VL53L8CX_ws/install/base_interfaces_demo/lib/python3.8/site-packages/base_interfaces_demo/srv/_check_emergency_s.c\n'}
[4.999182] (base_interfaces_demo) StdoutLine: {'line': b'-- Up-to-date: /home/cjs/VL53L8CX/VL53L8CX_ws/install/base_interfaces_demo/lib/python3.8/site-packages/base_interfaces_demo/srv/_rcs_server.py\n'}
[4.999326] (base_interfaces_demo) StdoutLine: {'line': b'-- Up-to-date: /home/cjs/VL53L8CX/VL53L8CX_ws/install/base_interfaces_demo/lib/python3.8/site-packages/base_interfaces_demo/srv/_pub_code.py\n'}
[4.999471] (base_interfaces_demo) StdoutLine: {'line': b'-- Up-to-date: /home/cjs/VL53L8CX/VL53L8CX_ws/install/base_interfaces_demo/lib/python3.8/site-packages/base_interfaces_demo/srv/__init__.py\n'}
[4.999614] (base_interfaces_demo) StdoutLine: {'line': b'-- Up-to-date: /home/cjs/VL53L8CX/VL53L8CX_ws/install/base_interfaces_demo/lib/python3.8/site-packages/base_interfaces_demo/base_interfaces_demo_s__rosidl_typesupport_fastrtps_c.cpython-38-x86_64-linux-gnu.so\n'}
[4.999761] (base_interfaces_demo) StdoutLine: {'line': b'-- Up-to-date: /home/cjs/VL53L8CX/VL53L8CX_ws/install/base_interfaces_demo/lib/python3.8/site-packages/base_interfaces_demo/base_interfaces_demo_s__rosidl_typesupport_introspection_c.cpython-38-x86_64-linux-gnu.so\n'}
[4.999905] (base_interfaces_demo) StdoutLine: {'line': b'-- Up-to-date: /home/cjs/VL53L8CX/VL53L8CX_ws/install/base_interfaces_demo/lib/python3.8/site-packages/base_interfaces_demo/base_interfaces_demo_s__rosidl_typesupport_c.cpython-38-x86_64-linux-gnu.so\n'}
[5.003193] (base_interfaces_demo) StdoutLine: {'line': b'-- Up-to-date: /home/cjs/VL53L8CX/VL53L8CX_ws/install/base_interfaces_demo/lib/libbase_interfaces_demo__python.so\n'}
[5.004638] (base_interfaces_demo) StdoutLine: {'line': b'-- Up-to-date: /home/cjs/VL53L8CX/VL53L8CX_ws/install/base_interfaces_demo/share/base_interfaces_demo/action/Nav.idl\n'}
[5.005149] (base_interfaces_demo) StdoutLine: {'line': b'-- Up-to-date: /home/cjs/VL53L8CX/VL53L8CX_ws/install/base_interfaces_demo/share/base_interfaces_demo/msg/Ohom.idl\n'}
[5.005601] (base_interfaces_demo) StdoutLine: {'line': b'-- Up-to-date: /home/cjs/VL53L8CX/VL53L8CX_ws/install/base_interfaces_demo/share/base_interfaces_demo/msg/HallInfo.idl\n'}
[5.006061] (base_interfaces_demo) StdoutLine: {'line': b'-- Up-to-date: /home/cjs/VL53L8CX/VL53L8CX_ws/install/base_interfaces_demo/share/base_interfaces_demo/msg/Location.idl\n'}
[5.006709] (base_interfaces_demo) StdoutLine: {'line': b'-- Up-to-date: /home/cjs/VL53L8CX/VL53L8CX_ws/install/base_interfaces_demo/share/base_interfaces_demo/msg/MotorCmd.idl\n'}
[5.007218] (base_interfaces_demo) StdoutLine: {'line': b'-- Up-to-date: /home/cjs/VL53L8CX/VL53L8CX_ws/install/base_interfaces_demo/share/base_interfaces_demo/msg/MotorStatus.idl\n'}
[5.007875] (base_interfaces_demo) StdoutLine: {'line': b'-- Up-to-date: /home/cjs/VL53L8CX/VL53L8CX_ws/install/base_interfaces_demo/share/base_interfaces_demo/msg/Manual.idl\n'}
[5.008208] (base_interfaces_demo) StdoutLine: {'line': b'-- Up-to-date: /home/cjs/VL53L8CX/VL53L8CX_ws/install/base_interfaces_demo/share/base_interfaces_demo/msg/Test.idl\n'}
[5.008892] (base_interfaces_demo) StdoutLine: {'line': b'-- Up-to-date: /home/cjs/VL53L8CX/VL53L8CX_ws/install/base_interfaces_demo/share/base_interfaces_demo/srv/Hall.idl\n'}
[5.009241] (base_interfaces_demo) StdoutLine: {'line': b'-- Up-to-date: /home/cjs/VL53L8CX/VL53L8CX_ws/install/base_interfaces_demo/share/base_interfaces_demo/msg/BmsInfo.idl\n'}
[5.009923] (base_interfaces_demo) StdoutLine: {'line': b'-- Up-to-date: /home/cjs/VL53L8CX/VL53L8CX_ws/install/base_interfaces_demo/share/base_interfaces_demo/msg/ChargerInfo.idl\n'}
[5.010258] (base_interfaces_demo) StdoutLine: {'line': b'-- Up-to-date: /home/cjs/VL53L8CX/VL53L8CX_ws/install/base_interfaces_demo/share/base_interfaces_demo/msg/ManualSeekLabel.idl\n'}
[5.011074] (base_interfaces_demo) StdoutLine: {'line': b'-- Up-to-date: /home/cjs/VL53L8CX/VL53L8CX_ws/install/base_interfaces_demo/share/base_interfaces_demo/msg/SeekCmd.idl\n'}
[5.011469] (base_interfaces_demo) StdoutLine: {'line': b'-- Up-to-date: /home/cjs/VL53L8CX/VL53L8CX_ws/install/base_interfaces_demo/share/base_interfaces_demo/msg/SeekRet.idl\n'}
[5.012218] (base_interfaces_demo) StdoutLine: {'line': b'-- Up-to-date: /home/cjs/VL53L8CX/VL53L8CX_ws/install/base_interfaces_demo/share/base_interfaces_demo/msg/SystemStatus.idl\n'}
[5.012651] (base_interfaces_demo) StdoutLine: {'line': b'-- Up-to-date: /home/cjs/VL53L8CX/VL53L8CX_ws/install/base_interfaces_demo/share/base_interfaces_demo/action/Reverse.idl\n'}
[5.014100] (base_interfaces_demo) StdoutLine: {'line': b'-- Up-to-date: /home/cjs/VL53L8CX/VL53L8CX_ws/install/base_interfaces_demo/share/base_interfaces_demo/msg/LiftInfo.idl\n'}
[5.014726] (base_interfaces_demo) StdoutLine: {'line': b'-- Up-to-date: /home/cjs/VL53L8CX/VL53L8CX_ws/install/base_interfaces_demo/share/base_interfaces_demo/msg/ColorInfo.idl\n'}
[5.015309] (base_interfaces_demo) StdoutLine: {'line': b'-- Up-to-date: /home/cjs/VL53L8CX/VL53L8CX_ws/install/base_interfaces_demo/share/base_interfaces_demo/msg/FileUpdata.idl\n'}
[5.015480] (base_interfaces_demo) StdoutLine: {'line': b'-- Up-to-date: /home/cjs/VL53L8CX/VL53L8CX_ws/install/base_interfaces_demo/share/base_interfaces_demo/msg/ObsLaser.idl\n'}
[5.018172] (base_interfaces_demo) StdoutLine: {'line': b'-- Up-to-date: /home/cjs/VL53L8CX/VL53L8CX_ws/install/base_interfaces_demo/share/base_interfaces_demo/msg/PalletInfo.idl\n'}
[5.018453] (base_interfaces_demo) StdoutLine: {'line': b'-- Up-to-date: /home/cjs/VL53L8CX/VL53L8CX_ws/install/base_interfaces_demo/share/base_interfaces_demo/msg/MovecontrolInfo.idl\n'}
[5.019104] (base_interfaces_demo) StdoutLine: {'line': b'-- Up-to-date: /home/cjs/VL53L8CX/VL53L8CX_ws/install/base_interfaces_demo/share/base_interfaces_demo/msg/MotionControl.idl\n'}
[5.019522] (base_interfaces_demo) StdoutLine: {'line': b'-- Up-to-date: /home/cjs/VL53L8CX/VL53L8CX_ws/install/base_interfaces_demo/share/base_interfaces_demo/msg/RcsInfo.idl\n'}
[5.020144] (base_interfaces_demo) StdoutLine: {'line': b'-- Up-to-date: /home/cjs/VL53L8CX/VL53L8CX_ws/install/base_interfaces_demo/share/base_interfaces_demo/msg/LiftControl.idl\n'}
[5.020510] (base_interfaces_demo) StdoutLine: {'line': b'-- Up-to-date: /home/cjs/VL53L8CX/VL53L8CX_ws/install/base_interfaces_demo/share/base_interfaces_demo/msg/BtStatus.idl\n'}
[5.021170] (base_interfaces_demo) StdoutLine: {'line': b'-- Up-to-date: /home/cjs/VL53L8CX/VL53L8CX_ws/install/base_interfaces_demo/share/base_interfaces_demo/msg/CarStatus.idl\n'}
[5.021516] (base_interfaces_demo) StdoutLine: {'line': b'-- Up-to-date: /home/cjs/VL53L8CX/VL53L8CX_ws/install/base_interfaces_demo/share/base_interfaces_demo/msg/HealthNode.idl\n'}
[5.022162] (base_interfaces_demo) StdoutLine: {'line': b'-- Up-to-date: /home/cjs/VL53L8CX/VL53L8CX_ws/install/base_interfaces_demo/share/base_interfaces_demo/action/Pallet.idl\n'}
[5.022525] (base_interfaces_demo) StdoutLine: {'line': b'-- Up-to-date: /home/cjs/VL53L8CX/VL53L8CX_ws/install/base_interfaces_demo/share/base_interfaces_demo/srv/CheckEmergency.idl\n'}
[5.023374] (base_interfaces_demo) StdoutLine: {'line': b'-- Up-to-date: /home/cjs/VL53L8CX/VL53L8CX_ws/install/base_interfaces_demo/share/base_interfaces_demo/srv/SetEmergency.idl\n'}
[5.023720] (base_interfaces_demo) StdoutLine: {'line': b'-- Up-to-date: /home/cjs/VL53L8CX/VL53L8CX_ws/install/base_interfaces_demo/share/base_interfaces_demo/srv/RcsServer.idl\n'}
[5.024372] (base_interfaces_demo) StdoutLine: {'line': b'-- Up-to-date: /home/cjs/VL53L8CX/VL53L8CX_ws/install/base_interfaces_demo/share/base_interfaces_demo/action/Nav.action\n'}
[5.024731] (base_interfaces_demo) StdoutLine: {'line': b'-- Up-to-date: /home/cjs/VL53L8CX/VL53L8CX_ws/install/base_interfaces_demo/share/base_interfaces_demo/msg/Ohom.msg\n'}
[5.025415] (base_interfaces_demo) StdoutLine: {'line': b'-- Up-to-date: /home/cjs/VL53L8CX/VL53L8CX_ws/install/base_interfaces_demo/share/base_interfaces_demo/msg/HallInfo.msg\n'}
[5.025785] (base_interfaces_demo) StdoutLine: {'line': b'-- Up-to-date: /home/cjs/VL53L8CX/VL53L8CX_ws/install/base_interfaces_demo/share/base_interfaces_demo/msg/Location.msg\n'}
[5.027339] (base_interfaces_demo) StdoutLine: {'line': b'-- Up-to-date: /home/cjs/VL53L8CX/VL53L8CX_ws/install/base_interfaces_demo/share/base_interfaces_demo/msg/MotorCmd.msg\n'}
[5.027613] (base_interfaces_demo) StdoutLine: {'line': b'-- Up-to-date: /home/cjs/VL53L8CX/VL53L8CX_ws/install/base_interfaces_demo/share/base_interfaces_demo/msg/MotorStatus.msg\n'}
[5.027771] (base_interfaces_demo) StdoutLine: {'line': b'-- Up-to-date: /home/cjs/VL53L8CX/VL53L8CX_ws/install/base_interfaces_demo/share/base_interfaces_demo/msg/Manual.msg\n'}
[5.028200] (base_interfaces_demo) StdoutLine: {'line': b'-- Up-to-date: /home/cjs/VL53L8CX/VL53L8CX_ws/install/base_interfaces_demo/share/base_interfaces_demo/msg/Test.msg\n'}
[5.028634] (base_interfaces_demo) StdoutLine: {'line': b'-- Up-to-date: /home/cjs/VL53L8CX/VL53L8CX_ws/install/base_interfaces_demo/share/base_interfaces_demo/srv/Hall.srv\n'}
[5.029077] (base_interfaces_demo) StdoutLine: {'line': b'-- Up-to-date: /home/cjs/VL53L8CX/VL53L8CX_ws/install/base_interfaces_demo/share/base_interfaces_demo/srv/Hall_Request.msg\n'}
[5.029698] (base_interfaces_demo) StdoutLine: {'line': b'-- Up-to-date: /home/cjs/VL53L8CX/VL53L8CX_ws/install/base_interfaces_demo/share/base_interfaces_demo/srv/Hall_Response.msg\n'}
[5.030161] (base_interfaces_demo) StdoutLine: {'line': b'-- Up-to-date: /home/cjs/VL53L8CX/VL53L8CX_ws/install/base_interfaces_demo/share/base_interfaces_demo/msg/BmsInfo.msg\n'}
[5.031114] (base_interfaces_demo) StdoutLine: {'line': b'-- Up-to-date: /home/cjs/VL53L8CX/VL53L8CX_ws/install/base_interfaces_demo/share/base_interfaces_demo/msg/ChargerInfo.msg\n'}
[5.031389] (base_interfaces_demo) StdoutLine: {'line': b'-- Up-to-date: /home/cjs/VL53L8CX/VL53L8CX_ws/install/base_interfaces_demo/share/base_interfaces_demo/msg/ManualSeekLabel.msg\n'}
[5.031997] (base_interfaces_demo) StdoutLine: {'line': b'-- Up-to-date: /home/cjs/VL53L8CX/VL53L8CX_ws/install/base_interfaces_demo/share/base_interfaces_demo/msg/SeekCmd.msg\n'}
[5.032338] (base_interfaces_demo) StdoutLine: {'line': b'-- Up-to-date: /home/cjs/VL53L8CX/VL53L8CX_ws/install/base_interfaces_demo/share/base_interfaces_demo/msg/SeekRet.msg\n'}
[5.033030] (base_interfaces_demo) StdoutLine: {'line': b'-- Up-to-date: /home/cjs/VL53L8CX/VL53L8CX_ws/install/base_interfaces_demo/share/base_interfaces_demo/msg/SystemStatus.msg\n'}
[5.033352] (base_interfaces_demo) StdoutLine: {'line': b'-- Up-to-date: /home/cjs/VL53L8CX/VL53L8CX_ws/install/base_interfaces_demo/share/base_interfaces_demo/action/Reverse.action\n'}
[5.034034] (base_interfaces_demo) StdoutLine: {'line': b'-- Up-to-date: /home/cjs/VL53L8CX/VL53L8CX_ws/install/base_interfaces_demo/share/base_interfaces_demo/msg/LiftInfo.msg\n'}
[5.034448] (base_interfaces_demo) StdoutLine: {'line': b'-- Up-to-date: /home/cjs/VL53L8CX/VL53L8CX_ws/install/base_interfaces_demo/share/base_interfaces_demo/msg/ColorInfo.msg\n'}
[5.035836] (base_interfaces_demo) StdoutLine: {'line': b'-- Up-to-date: /home/cjs/VL53L8CX/VL53L8CX_ws/install/base_interfaces_demo/share/base_interfaces_demo/msg/FileUpdata.msg\n'}
[5.036765] (base_interfaces_demo) StdoutLine: {'line': b'-- Up-to-date: /home/cjs/VL53L8CX/VL53L8CX_ws/install/base_interfaces_demo/share/base_interfaces_demo/msg/ObsLaser.msg\n'}
[5.037449] (base_interfaces_demo) StdoutLine: {'line': b'-- Up-to-date: /home/cjs/VL53L8CX/VL53L8CX_ws/install/base_interfaces_demo/share/base_interfaces_demo/msg/PalletInfo.msg\n'}
[5.037859] (base_interfaces_demo) StdoutLine: {'line': b'-- Up-to-date: /home/cjs/VL53L8CX/VL53L8CX_ws/install/base_interfaces_demo/share/base_interfaces_demo/msg/MovecontrolInfo.msg\n'}
[5.039623] (base_interfaces_demo) StdoutLine: {'line': b'-- Up-to-date: /home/cjs/VL53L8CX/VL53L8CX_ws/install/base_interfaces_demo/share/base_interfaces_demo/msg/MotionControl.msg\n'}
[5.039788] (base_interfaces_demo) StdoutLine: {'line': b'-- Up-to-date: /home/cjs/VL53L8CX/VL53L8CX_ws/install/base_interfaces_demo/share/base_interfaces_demo/msg/RcsInfo.msg\n'}
[5.040190] (base_interfaces_demo) StdoutLine: {'line': b'-- Up-to-date: /home/cjs/VL53L8CX/VL53L8CX_ws/install/base_interfaces_demo/share/base_interfaces_demo/msg/LiftControl.msg\n'}
[5.040644] (base_interfaces_demo) StdoutLine: {'line': b'-- Up-to-date: /home/cjs/VL53L8CX/VL53L8CX_ws/install/base_interfaces_demo/share/base_interfaces_demo/msg/BtStatus.msg\n'}
[5.041401] (base_interfaces_demo) StdoutLine: {'line': b'-- Up-to-date: /home/cjs/VL53L8CX/VL53L8CX_ws/install/base_interfaces_demo/share/base_interfaces_demo/msg/CarStatus.msg\n'}
[5.041953] (base_interfaces_demo) StdoutLine: {'line': b'-- Up-to-date: /home/cjs/VL53L8CX/VL53L8CX_ws/install/base_interfaces_demo/share/base_interfaces_demo/msg/HealthNode.msg\n'}
[5.042673] (base_interfaces_demo) StdoutLine: {'line': b'-- Up-to-date: /home/cjs/VL53L8CX/VL53L8CX_ws/install/base_interfaces_demo/share/base_interfaces_demo/action/Pallet.action\n'}
[5.043414] (base_interfaces_demo) StdoutLine: {'line': b'-- Up-to-date: /home/cjs/VL53L8CX/VL53L8CX_ws/install/base_interfaces_demo/share/base_interfaces_demo/srv/CheckEmergency.srv\n'}
[5.044387] (base_interfaces_demo) StdoutLine: {'line': b'-- Up-to-date: /home/cjs/VL53L8CX/VL53L8CX_ws/install/base_interfaces_demo/share/base_interfaces_demo/srv/CheckEmergency_Request.msg\n'}
[5.044715] (base_interfaces_demo) StdoutLine: {'line': b'-- Up-to-date: /home/cjs/VL53L8CX/VL53L8CX_ws/install/base_interfaces_demo/share/base_interfaces_demo/srv/CheckEmergency_Response.msg\n'}
[5.045266] (base_interfaces_demo) StdoutLine: {'line': b'-- Up-to-date: /home/cjs/VL53L8CX/VL53L8CX_ws/install/base_interfaces_demo/share/base_interfaces_demo/srv/SetEmergency.srv\n'}
[5.045809] (base_interfaces_demo) StdoutLine: {'line': b'-- Up-to-date: /home/cjs/VL53L8CX/VL53L8CX_ws/install/base_interfaces_demo/share/base_interfaces_demo/srv/SetEmergency_Request.msg\n'}
[5.046691] (base_interfaces_demo) StdoutLine: {'line': b'-- Up-to-date: /home/cjs/VL53L8CX/VL53L8CX_ws/install/base_interfaces_demo/share/base_interfaces_demo/srv/SetEmergency_Response.msg\n'}
[5.046984] (base_interfaces_demo) StdoutLine: {'line': b'-- Up-to-date: /home/cjs/VL53L8CX/VL53L8CX_ws/install/base_interfaces_demo/share/base_interfaces_demo/srv/RcsServer.srv\n'}
[5.059065] (base_interfaces_demo) StdoutLine: {'line': b'-- Up-to-date: /home/cjs/VL53L8CX/VL53L8CX_ws/install/base_interfaces_demo/share/base_interfaces_demo/srv/RcsServer_Request.msg\n'}
[5.060061] (base_interfaces_demo) StdoutLine: {'line': b'-- Up-to-date: /home/cjs/VL53L8CX/VL53L8CX_ws/install/base_interfaces_demo/share/base_interfaces_demo/srv/RcsServer_Response.msg\n'}
[5.060243] (-) TimerEvent: {}
[5.061455] (base_interfaces_demo) StdoutLine: {'line': b'-- Up-to-date: /home/cjs/VL53L8CX/VL53L8CX_ws/install/base_interfaces_demo/share/ament_index/resource_index/package_run_dependencies/base_interfaces_demo\n'}
[5.061639] (base_interfaces_demo) StdoutLine: {'line': b'-- Up-to-date: /home/cjs/VL53L8CX/VL53L8CX_ws/install/base_interfaces_demo/share/ament_index/resource_index/parent_prefix_path/base_interfaces_demo\n'}
[5.062600] (base_interfaces_demo) StdoutLine: {'line': b'-- Up-to-date: /home/cjs/VL53L8CX/VL53L8CX_ws/install/base_interfaces_demo/share/base_interfaces_demo/environment/ament_prefix_path.sh\n'}
[5.063217] (base_interfaces_demo) StdoutLine: {'line': b'-- Up-to-date: /home/cjs/VL53L8CX/VL53L8CX_ws/install/base_interfaces_demo/share/base_interfaces_demo/environment/ament_prefix_path.dsv\n'}
[5.064416] (base_interfaces_demo) StdoutLine: {'line': b'-- Up-to-date: /home/cjs/VL53L8CX/VL53L8CX_ws/install/base_interfaces_demo/share/base_interfaces_demo/environment/path.sh\n'}
[5.065042] (base_interfaces_demo) StdoutLine: {'line': b'-- Up-to-date: /home/cjs/VL53L8CX/VL53L8CX_ws/install/base_interfaces_demo/share/base_interfaces_demo/environment/path.dsv\n'}
[5.065908] (base_interfaces_demo) StdoutLine: {'line': b'-- Up-to-date: /home/cjs/VL53L8CX/VL53L8CX_ws/install/base_interfaces_demo/share/base_interfaces_demo/local_setup.bash\n'}
[5.066733] (base_interfaces_demo) StdoutLine: {'line': b'-- Up-to-date: /home/cjs/VL53L8CX/VL53L8CX_ws/install/base_interfaces_demo/share/base_interfaces_demo/local_setup.sh\n'}
[5.067883] (base_interfaces_demo) StdoutLine: {'line': b'-- Up-to-date: /home/cjs/VL53L8CX/VL53L8CX_ws/install/base_interfaces_demo/share/base_interfaces_demo/local_setup.zsh\n'}
[5.068030] (base_interfaces_demo) StdoutLine: {'line': b'-- Up-to-date: /home/cjs/VL53L8CX/VL53L8CX_ws/install/base_interfaces_demo/share/base_interfaces_demo/local_setup.dsv\n'}
[5.068676] (base_interfaces_demo) StdoutLine: {'line': b'-- Installing: /home/cjs/VL53L8CX/VL53L8CX_ws/install/base_interfaces_demo/share/base_interfaces_demo/package.dsv\n'}
[5.069819] (base_interfaces_demo) StdoutLine: {'line': b'-- Up-to-date: /home/cjs/VL53L8CX/VL53L8CX_ws/install/base_interfaces_demo/share/ament_index/resource_index/packages/base_interfaces_demo\n'}
[5.070762] (base_interfaces_demo) StdoutLine: {'line': b'-- Up-to-date: /home/cjs/VL53L8CX/VL53L8CX_ws/install/base_interfaces_demo/share/base_interfaces_demo/cmake/base_interfaces_demo__rosidl_generator_cExport.cmake\n'}
[5.071312] (base_interfaces_demo) StdoutLine: {'line': b'-- Up-to-date: /home/cjs/VL53L8CX/VL53L8CX_ws/install/base_interfaces_demo/share/base_interfaces_demo/cmake/base_interfaces_demo__rosidl_generator_cExport-noconfig.cmake\n'}
[5.072579] (base_interfaces_demo) StdoutLine: {'line': b'-- Up-to-date: /home/cjs/VL53L8CX/VL53L8CX_ws/install/base_interfaces_demo/share/base_interfaces_demo/cmake/base_interfaces_demo__rosidl_typesupport_introspection_cExport.cmake\n'}
[5.073132] (base_interfaces_demo) StdoutLine: {'line': b'-- Up-to-date: /home/cjs/VL53L8CX/VL53L8CX_ws/install/base_interfaces_demo/share/base_interfaces_demo/cmake/base_interfaces_demo__rosidl_typesupport_introspection_cExport-noconfig.cmake\n'}
[5.074216] (base_interfaces_demo) StdoutLine: {'line': b'-- Up-to-date: /home/cjs/VL53L8CX/VL53L8CX_ws/install/base_interfaces_demo/share/base_interfaces_demo/cmake/base_interfaces_demo__rosidl_typesupport_cExport.cmake\n'}
[5.074750] (base_interfaces_demo) StdoutLine: {'line': b'-- Up-to-date: /home/cjs/VL53L8CX/VL53L8CX_ws/install/base_interfaces_demo/share/base_interfaces_demo/cmake/base_interfaces_demo__rosidl_typesupport_cExport-noconfig.cmake\n'}
[5.076177] (base_interfaces_demo) StdoutLine: {'line': b'-- Up-to-date: /home/cjs/VL53L8CX/VL53L8CX_ws/install/base_interfaces_demo/share/base_interfaces_demo/cmake/base_interfaces_demo__rosidl_generator_cppExport.cmake\n'}
[5.076985] (base_interfaces_demo) StdoutLine: {'line': b'-- Up-to-date: /home/cjs/VL53L8CX/VL53L8CX_ws/install/base_interfaces_demo/share/base_interfaces_demo/cmake/base_interfaces_demo__rosidl_typesupport_introspection_cppExport.cmake\n'}
[5.077912] (base_interfaces_demo) StdoutLine: {'line': b'-- Up-to-date: /home/cjs/VL53L8CX/VL53L8CX_ws/install/base_interfaces_demo/share/base_interfaces_demo/cmake/base_interfaces_demo__rosidl_typesupport_introspection_cppExport-noconfig.cmake\n'}
[5.078660] (base_interfaces_demo) StdoutLine: {'line': b'-- Up-to-date: /home/cjs/VL53L8CX/VL53L8CX_ws/install/base_interfaces_demo/share/base_interfaces_demo/cmake/base_interfaces_demo__rosidl_typesupport_cppExport.cmake\n'}
[5.079615] (base_interfaces_demo) StdoutLine: {'line': b'-- Up-to-date: /home/cjs/VL53L8CX/VL53L8CX_ws/install/base_interfaces_demo/share/base_interfaces_demo/cmake/base_interfaces_demo__rosidl_typesupport_cppExport-noconfig.cmake\n'}
[5.080294] (base_interfaces_demo) StdoutLine: {'line': b'-- Up-to-date: /home/cjs/VL53L8CX/VL53L8CX_ws/install/base_interfaces_demo/share/base_interfaces_demo/cmake/rosidl_cmake-extras.cmake\n'}
[5.081140] (base_interfaces_demo) StdoutLine: {'line': b'-- Up-to-date: /home/cjs/VL53L8CX/VL53L8CX_ws/install/base_interfaces_demo/share/base_interfaces_demo/cmake/ament_cmake_export_dependencies-extras.cmake\n'}
[5.081909] (base_interfaces_demo) StdoutLine: {'line': b'-- Up-to-date: /home/cjs/VL53L8CX/VL53L8CX_ws/install/base_interfaces_demo/share/base_interfaces_demo/cmake/ament_cmake_export_libraries-extras.cmake\n'}
[5.084548] (base_interfaces_demo) StdoutLine: {'line': b'-- Up-to-date: /home/cjs/VL53L8CX/VL53L8CX_ws/install/base_interfaces_demo/share/base_interfaces_demo/cmake/ament_cmake_export_targets-extras.cmake\n'}
[5.085757] (base_interfaces_demo) StdoutLine: {'line': b'-- Up-to-date: /home/cjs/VL53L8CX/VL53L8CX_ws/install/base_interfaces_demo/share/base_interfaces_demo/cmake/ament_cmake_export_include_directories-extras.cmake\n'}
[5.087005] (base_interfaces_demo) StdoutLine: {'line': b'-- Up-to-date: /home/cjs/VL53L8CX/VL53L8CX_ws/install/base_interfaces_demo/share/base_interfaces_demo/cmake/rosidl_cmake_export_typesupport_libraries-extras.cmake\n'}
[5.087824] (base_interfaces_demo) StdoutLine: {'line': b'-- Up-to-date: /home/cjs/VL53L8CX/VL53L8CX_ws/install/base_interfaces_demo/share/base_interfaces_demo/cmake/rosidl_cmake_export_typesupport_targets-extras.cmake\n'}
[5.088559] (base_interfaces_demo) StdoutLine: {'line': b'-- Up-to-date: /home/cjs/VL53L8CX/VL53L8CX_ws/install/base_interfaces_demo/share/base_interfaces_demo/cmake/base_interfaces_demoConfig.cmake\n'}
[5.088951] (base_interfaces_demo) StdoutLine: {'line': b'-- Up-to-date: /home/cjs/VL53L8CX/VL53L8CX_ws/install/base_interfaces_demo/share/base_interfaces_demo/cmake/base_interfaces_demoConfig-version.cmake\n'}
[5.089547] (base_interfaces_demo) StdoutLine: {'line': b'-- Up-to-date: /home/cjs/VL53L8CX/VL53L8CX_ws/install/base_interfaces_demo/share/base_interfaces_demo/package.xml\n'}
[5.102457] (base_interfaces_demo) CommandEnded: {'returncode': 0}
[5.161378] (-) TimerEvent: {}
[5.263053] (-) TimerEvent: {}
[5.365174] (-) TimerEvent: {}
[5.466909] (-) TimerEvent: {}
[5.568350] (-) TimerEvent: {}
[5.669811] (-) TimerEvent: {}
[5.771405] (-) TimerEvent: {}
[5.873021] (-) TimerEvent: {}
[5.975090] (-) TimerEvent: {}
[6.078059] (-) TimerEvent: {}
[6.180720] (-) TimerEvent: {}
[6.282503] (-) TimerEvent: {}
[6.385918] (-) TimerEvent: {}
[6.487381] (-) TimerEvent: {}
[6.589987] (-) TimerEvent: {}
[6.693664] (-) TimerEvent: {}
[6.794680] (-) TimerEvent: {}
[6.895331] (-) TimerEvent: {}
[6.996723] (-) TimerEvent: {}
[7.097300] (-) TimerEvent: {}
[7.197872] (-) TimerEvent: {}
[7.300241] (-) TimerEvent: {}
[7.403152] (-) TimerEvent: {}
[7.504780] (-) TimerEvent: {}
[7.606324] (-) TimerEvent: {}
[7.707905] (-) TimerEvent: {}
[7.809175] (-) TimerEvent: {}
[7.909834] (-) TimerEvent: {}
[8.010585] (-) TimerEvent: {}
[8.111589] (-) TimerEvent: {}
[8.214148] (-) TimerEvent: {}
[8.315780] (-) TimerEvent: {}
[8.417432] (-) TimerEvent: {}
[8.519203] (-) TimerEvent: {}
[8.620737] (-) TimerEvent: {}
[8.722317] (-) TimerEvent: {}
[8.824977] (-) TimerEvent: {}
[8.883099] (base_interfaces_demo) JobEnded: {'identifier': 'base_interfaces_demo', 'rc': 0}
[8.887752] (tof_sensor_package) JobStarted: {'identifier': 'tof_sensor_package'}
[8.926036] (tof_sensor_package) JobProgress: {'identifier': 'tof_sensor_package', 'progress': 'cmake'}
[8.926425] (-) TimerEvent: {}
[8.928378] (tof_sensor_package) JobProgress: {'identifier': 'tof_sensor_package', 'progress': 'build'}
[8.935666] (tof_sensor_package) Command: {'cmd': ['/usr/bin/cmake', '--build', '/home/cjs/VL53L8CX/VL53L8CX_ws/build/tof_sensor_package', '--', '-j4', '-l4'], 'cwd': '/home/cjs/VL53L8CX/VL53L8CX_ws/build/tof_sensor_package', 'env': OrderedDict([('USER', 'cjs'), ('LC_TIME', 'zh_CN.UTF-8'), ('GIO_MODULE_DIR', '/home/cjs/snap/code/common/.cache/gio-modules'), ('SSH_AGENT_PID', '1520'), ('XDG_SESSION_TYPE', 'x11'), ('GTK_EXE_PREFIX_VSCODE_SNAP_ORIG', ''), ('GIT_ASKPASS', '/snap/code/166/usr/share/code/resources/app/extensions/git/dist/askpass.sh'), ('GDK_BACKEND_VSCODE_SNAP_ORIG', ''), ('SHLVL', '2'), ('LD_LIBRARY_PATH', '/home/cjs/VL53L8CX/VL53L8CX_ws/install/base_interfaces_demo/lib:/opt/ros/foxy/opt/yaml_cpp_vendor/lib:/opt/ros/foxy/opt/rviz_ogre_vendor/lib:/opt/ros/foxy/lib/x86_64-linux-gnu:/opt/ros/foxy/lib'), ('LESS', '-R'), ('HOME', '/home/cjs'), ('LOCPATH_VSCODE_SNAP_ORIG', ''), ('OLDPWD', '/home/cjs/VL53L8CX'), ('CHROME_DESKTOP', 'code-url-handler.desktop'), ('DESKTOP_SESSION', 'ubuntu'), ('GTK_PATH', '/snap/code/166/usr/lib/x86_64-linux-gnu/gtk-3.0'), ('TERM_PROGRAM_VERSION', '1.92.1'), ('LSCOLORS', 'Gxfxcxdxbxegedabagacad'), ('ZSH', '/home/cjs/.oh-my-zsh'), ('GTK_IM_MODULE_FILE', '/home/cjs/snap/code/common/.cache/immodules/immodules.cache'), ('ROS_PYTHON_VERSION', '3'), ('GNOME_SHELL_SESSION_MODE', 'ubuntu'), ('ALL', 'en.US.UTF-8'), ('GTK_MODULES', 'gail:atk-bridge'), ('GSETTINGS_SCHEMA_DIR_VSCODE_SNAP_ORIG', ''), ('PAGER', 'less'), ('VSCODE_GIT_ASKPASS_MAIN', '/snap/code/166/usr/share/code/resources/app/extensions/git/dist/askpass-main.js'), ('LC_MONETARY', 'zh_CN.UTF-8'), ('MANAGERPID', '1424'), ('VSCODE_GIT_ASKPASS_NODE', '/snap/code/166/usr/share/code/code'), ('DBUS_STARTER_BUS_TYPE', 'session'), ('DBUS_SESSION_BUS_ADDRESS', 'unix:path=/run/user/1000/bus,guid=268dcd2de439d3d90858002266b82368'), ('COLORTERM', 'truecolor'), ('IM_CONFIG_PHASE', '1'), ('ROS_DISTRO', 'foxy'), ('LOGNAME', 'cjs'), ('JOURNAL_STREAM', '8:57458'), ('_', '/usr/bin/colcon'), ('ROS_VERSION', '2'), ('XDG_CONFIG_DIRS_VSCODE_SNAP_ORIG', '/etc/xdg/xdg-ubuntu:/etc/xdg'), ('XDG_SESSION_CLASS', 'user'), ('XDG_DATA_DIRS_VSCODE_SNAP_ORIG', '/usr/share/ubuntu:/usr/local/share/:/usr/share/:/var/lib/snapd/desktop'), ('USER_ZDOTDIR', '/home/cjs'), ('USERNAME', 'cjs'), ('TERM', 'xterm-256color'), ('GNOME_DESKTOP_SESSION_ID', 'this-is-deprecated'), ('ROS_LOCALHOST_ONLY', '0'), ('WINDOWPATH', '2'), ('PATH', '/opt/ros/foxy/bin:/usr/local/sbin:/usr/local/bin:/usr/sbin:/usr/bin:/sbin:/bin:/usr/games:/usr/local/games:/snap/bin'), ('SESSION_MANAGER', 'local/cjs-virtual-machine:@/tmp/.ICE-unix/1556,unix/cjs-virtual-machine:/tmp/.ICE-unix/1556'), ('GTK_EXE_PREFIX', '/snap/code/166/usr'), ('INVOCATION_ID', '9ee8dd2fd7cc48b9b2c20cfcb166a738'), ('XDG_MENU_PREFIX', 'gnome-'), ('LC_ADDRESS', 'zh_CN.UTF-8'), ('XDG_RUNTIME_DIR', '/run/user/1000'), ('GDK_BACKEND', 'x11'), ('DISPLAY', ':0'), ('LOCPATH', '/snap/code/166/usr/lib/locale'), ('LANG', 'en_US.UTF-8'), ('XDG_CURRENT_DESKTOP', 'Unity'), ('LC_TELEPHONE', 'zh_CN.UTF-8'), ('TILIX_ID', '9923de69-11f6-49bd-8a1c-424db162521e'), ('VSCODE_INJECTION', '1'), ('GIO_MODULE_DIR_VSCODE_SNAP_ORIG', ''), ('XMODIFIERS', '@im=ibus'), ('XDG_SESSION_DESKTOP', 'ubuntu'), ('XAUTHORITY', '/run/user/1000/gdm/Xauthority'), ('LS_COLORS', 'no=00:fi=00:di=01;34:ln=00;36:pi=40;33:so=01;35:do=01;35:bd=40;33;01:cd=40;33;01:or=41;33;01:ex=00;32:*.cmd=00;32:*.exe=01;32:*.com=01;32:*.bat=01;32:*.btm=01;32:*.dll=01;32:*.tar=00;31:*.tbz=00;31:*.tgz=00;31:*.rpm=00;31:*.deb=00;31:*.arj=00;31:*.taz=00;31:*.lzh=00;31:*.lzma=00;31:*.zip=00;31:*.zoo=00;31:*.z=00;31:*.Z=00;31:*.gz=00;31:*.bz2=00;31:*.tb2=00;31:*.tz2=00;31:*.tbz2=00;31:*.avi=01;35:*.bmp=01;35:*.fli=01;35:*.gif=01;35:*.jpg=01;35:*.jpeg=01;35:*.mng=01;35:*.mov=01;35:*.mpg=01;35:*.pcx=01;35:*.pbm=01;35:*.pgm=01;35:*.png=01;35:*.ppm=01;35:*.tga=01;35:*.tif=01;35:*.xbm=01;35:*.xpm=01;35:*.dl=01;35:*.gl=01;35:*.wmv=01;35:*.aiff=00;32:*.au=00;32:*.mid=00;32:*.mp3=00;32:*.ogg=00;32:*.voc=00;32:*.wav=00;32:'), ('TERM_PROGRAM', 'vscode'), ('VSCODE_GIT_IPC_HANDLE', '/run/user/1000/vscode-git-6e22b0dd4c.sock'), ('SSH_AUTH_SOCK', '/run/user/1000/keyring/ssh'), ('GSETTINGS_SCHEMA_DIR', '/home/cjs/snap/code/166/.local/share/glib-2.0/schemas'), ('AMENT_PREFIX_PATH', '/home/cjs/VL53L8CX/VL53L8CX_ws/install/base_interfaces_demo:/opt/ros/foxy'), ('ORIGINAL_XDG_CURRENT_DESKTOP', 'ubuntu:GNOME'), ('SHELL', '/usr/bin/zsh'), ('LC_NAME', 'zh_CN.UTF-8'), ('QT_ACCESSIBILITY', '1'), ('GDMSESSION', 'ubuntu'), ('GTK_PATH_VSCODE_SNAP_ORIG', ''), ('GTK_IM_MODULE_FILE_VSCODE_SNAP_ORIG', ''), ('LC_MEASUREMENT', 'zh_CN.UTF-8'), ('GPG_AGENT_INFO', '/run/user/1000/gnupg/S.gpg-agent:0:1'), ('LC_IDENTIFICATION', 'zh_CN.UTF-8'), ('QT_IM_MODULE', 'ibus'), ('VSCODE_GIT_ASKPASS_EXTRA_ARGS', ''), ('PWD', '/home/cjs/VL53L8CX/VL53L8CX_ws/build/tof_sensor_package'), ('XDG_CONFIG_DIRS', '/etc/xdg/xdg-ubuntu:/etc/xdg'), ('DBUS_STARTER_ADDRESS', 'unix:path=/run/user/1000/bus,guid=268dcd2de439d3d90858002266b82368'), ('XDG_DATA_DIRS', '/home/cjs/snap/code/166/.local/share:/home/cjs/snap/code/166:/snap/code/166/usr/share:/usr/share/ubuntu:/usr/local/share/:/usr/share/:/var/lib/snapd/desktop'), ('ZDOTDIR', '/home/cjs'), ('PYTHONPATH', '/home/cjs/VL53L8CX/VL53L8CX_ws/install/base_interfaces_demo/lib/python3.8/site-packages:/opt/ros/foxy/lib/python3.8/site-packages'), ('LC_NUMERIC', 'zh_CN.UTF-8'), ('LC_PAPER', 'zh_CN.UTF-8'), ('COLCON', '1'), ('VTE_VERSION', '6003'), ('CMAKE_PREFIX_PATH', '/home/cjs/VL53L8CX/VL53L8CX_ws/install/base_interfaces_demo:/opt/ros/foxy')]), 'shell': False}
[9.027187] (-) TimerEvent: {}
[9.122882] (tof_sensor_package) StdoutLine: {'line': b'\x1b[35m\x1b[1mScanning dependencies of target pallet_detect_node\x1b[0m\n'}
[9.127669] (-) TimerEvent: {}
[9.228294] (-) TimerEvent: {}
[9.323356] (tof_sensor_package) StdoutLine: {'line': b'[ 20%] \x1b[32mBuilding CXX object CMakeFiles/pallet_detect_node.dir/src/BestFit.cpp.o\x1b[0m\n'}
[9.328824] (-) TimerEvent: {}
[9.344644] (tof_sensor_package) StdoutLine: {'line': b'[ 40%] \x1b[32mBuilding CXX object CMakeFiles/pallet_detect_node.dir/src/pallet_detect_node.cpp.o\x1b[0m\n'}
[9.429288] (-) TimerEvent: {}
[9.531078] (-) TimerEvent: {}
[9.636365] (-) TimerEvent: {}
[9.737546] (-) TimerEvent: {}
[9.839169] (-) TimerEvent: {}
[9.940604] (-) TimerEvent: {}
[10.042117] (-) TimerEvent: {}
[10.143721] (-) TimerEvent: {}
[10.245243] (-) TimerEvent: {}
[10.346840] (-) TimerEvent: {}
[10.447505] (-) TimerEvent: {}
[10.548594] (-) TimerEvent: {}
[10.650110] (-) TimerEvent: {}
[10.751644] (-) TimerEvent: {}
[10.853151] (-) TimerEvent: {}
[10.954735] (-) TimerEvent: {}
[11.055402] (-) TimerEvent: {}
[11.156007] (-) TimerEvent: {}
[11.257439] (-) TimerEvent: {}
[11.359040] (-) TimerEvent: {}
[11.460377] (-) TimerEvent: {}
[11.560977] (-) TimerEvent: {}
[11.662582] (-) TimerEvent: {}
[11.763188] (-) TimerEvent: {}
[11.817871] (tof_sensor_package) StderrLine: {'line': b'In file included from \x1b[01m\x1b[K/home/cjs/VL53L8CX/VL53L8CX_ws/src/tof_sensor_package/src/BestFit.cpp:1\x1b[m\x1b[K:\n'}
[11.818228] (tof_sensor_package) StderrLine: {'line': b'\x1b[01m\x1b[K/home/cjs/VL53L8CX/VL53L8CX_ws/src/tof_sensor_package/src/BestFit.hpp:6:21:\x1b[m\x1b[K \x1b[01;31m\x1b[Kerror: \x1b[m\x1b[KISO C++ forbids in-class initialization of non-const static member \xe2\x80\x98\x1b[01m\x1b[KBestFit::status\x1b[m\x1b[K\xe2\x80\x99\n'}
[11.818380] (tof_sensor_package) StderrLine: {'line': b'    6 |     static uint32_t \x1b[01;31m\x1b[Kstatus\x1b[m\x1b[K = -1;\n'}
[11.818502] (tof_sensor_package) StderrLine: {'line': b'      |                     \x1b[01;31m\x1b[K^~~~~~\x1b[m\x1b[K\n'}
[11.864734] (-) TimerEvent: {}
[11.924040] (tof_sensor_package) StderrLine: {'line': b'\x1b[01m\x1b[K/home/cjs/VL53L8CX/VL53L8CX_ws/src/tof_sensor_package/src/BestFit.cpp:\x1b[m\x1b[K In static member function \xe2\x80\x98\x1b[01m\x1b[Kstatic std::pair<double, double> BestFit::analyze(const cv::Mat&, int)\x1b[m\x1b[K\xe2\x80\x99:\n'}
[11.924435] (tof_sensor_package) StderrLine: {'line': b'\x1b[01m\x1b[K/home/cjs/VL53L8CX/VL53L8CX_ws/src/tof_sensor_package/src/BestFit.cpp:87:14:\x1b[m\x1b[K \x1b[01;35m\x1b[Kwarning: \x1b[m\x1b[Kstructured bindings only available with \xe2\x80\x98\x1b[01m\x1b[K-std=c++17\x1b[m\x1b[K\xe2\x80\x99 or \xe2\x80\x98\x1b[01m\x1b[K-std=gnu++17\x1b[m\x1b[K\xe2\x80\x99\n'}
[11.924641] (tof_sensor_package) StderrLine: {'line': b'   87 |         auto \x1b[01;35m\x1b[K[\x1b[m\x1b[Kcoefficients, inliers] = fitLineRANSAC(robotEdgePoints);\n'}
[11.924809] (tof_sensor_package) StderrLine: {'line': b'      |              \x1b[01;35m\x1b[K^\x1b[m\x1b[K\n'}
[11.935273] (tof_sensor_package) StderrLine: {'line': b'\x1b[01m\x1b[K/home/cjs/VL53L8CX/VL53L8CX_ws/src/tof_sensor_package/src/BestFit.cpp:27:66:\x1b[m\x1b[K \x1b[01;35m\x1b[Kwarning: \x1b[m\x1b[Kunused parameter \xe2\x80\x98\x1b[01m\x1b[Kthreshold\x1b[m\x1b[K\xe2\x80\x99 [\x1b[01;35m\x1b[K-Wunused-parameter\x1b[m\x1b[K]\n'}
[11.935707] (tof_sensor_package) StderrLine: {'line': b'   27 | std::pair<double, double> BestFit::analyze(const cv::Mat &A, \x1b[01;35m\x1b[Kint threshold\x1b[m\x1b[K) {\n'}
[11.935941] (tof_sensor_package) StderrLine: {'line': b'      |                                                              \x1b[01;35m\x1b[K~~~~^~~~~~~~~\x1b[m\x1b[K\n'}
[11.965463] (-) TimerEvent: {}
[12.066341] (-) TimerEvent: {}
[12.119695] (tof_sensor_package) StderrLine: {'line': b'In file included from \x1b[01m\x1b[K/home/cjs/VL53L8CX/VL53L8CX_ws/src/tof_sensor_package/src/pallet_detect_node.cpp:2\x1b[m\x1b[K:\n'}
[12.120177] (tof_sensor_package) StderrLine: {'line': b'\x1b[01m\x1b[K/home/cjs/VL53L8CX/VL53L8CX_ws/src/tof_sensor_package/src/BestFit.hpp:6:21:\x1b[m\x1b[K \x1b[01;31m\x1b[Kerror: \x1b[m\x1b[KISO C++ forbids in-class initialization of non-const static member \xe2\x80\x98\x1b[01m\x1b[KBestFit::status\x1b[m\x1b[K\xe2\x80\x99\n'}
[12.120420] (tof_sensor_package) StderrLine: {'line': b'    6 |     static uint32_t \x1b[01;31m\x1b[Kstatus\x1b[m\x1b[K = -1;\n'}
[12.120660] (tof_sensor_package) StderrLine: {'line': b'      |                     \x1b[01;31m\x1b[K^~~~~~\x1b[m\x1b[K\n'}
[12.166931] (-) TimerEvent: {}
[12.268384] (-) TimerEvent: {}
[12.369859] (-) TimerEvent: {}
[12.472095] (-) TimerEvent: {}
[12.573889] (-) TimerEvent: {}
[12.675599] (-) TimerEvent: {}
[12.777752] (-) TimerEvent: {}
[12.778427] (tof_sensor_package) StderrLine: {'line': b'make[2]: *** [CMakeFiles/pallet_detect_node.dir/build.make:89: CMakeFiles/pallet_detect_node.dir/src/BestFit.cpp.o] Error 1\n'}
[12.778864] (tof_sensor_package) StderrLine: {'line': b'make[2]: *** Waiting for unfinished jobs....\n'}
[12.877498] (-) TimerEvent: {}
[12.978971] (-) TimerEvent: {}
[13.079864] (-) TimerEvent: {}
[13.181290] (-) TimerEvent: {}
[13.283039] (-) TimerEvent: {}
[13.384478] (-) TimerEvent: {}
[13.485854] (-) TimerEvent: {}
[13.587213] (-) TimerEvent: {}
[13.688058] (-) TimerEvent: {}
[13.788880] (-) TimerEvent: {}
[13.796745] (tof_sensor_package) StderrLine: {'line': b'\x1b[01m\x1b[K/home/cjs/VL53L8CX/VL53L8CX_ws/src/tof_sensor_package/src/pallet_detect_node.cpp:\x1b[m\x1b[K In member function \xe2\x80\x98\x1b[01m\x1b[Kvoid PalletDetectNode::timer_callback()\x1b[m\x1b[K\xe2\x80\x99:\n'}
[13.797110] (tof_sensor_package) StderrLine: {'line': b'\x1b[01m\x1b[K/home/cjs/VL53L8CX/VL53L8CX_ws/src/tof_sensor_package/src/pallet_detect_node.cpp:127:26:\x1b[m\x1b[K \x1b[01;35m\x1b[Kwarning: \x1b[m\x1b[Kstructured bindings only available with \xe2\x80\x98\x1b[01m\x1b[K-std=c++17\x1b[m\x1b[K\xe2\x80\x99 or \xe2\x80\x98\x1b[01m\x1b[K-std=gnu++17\x1b[m\x1b[K\xe2\x80\x99\n'}
[13.797309] (tof_sensor_package) StderrLine: {'line': b'  127 |                     auto \x1b[01;35m\x1b[K[\x1b[m\x1b[KangleA, driftA] = BestFit::analyze(A_8, distance_threshold);\n'}
[13.797470] (tof_sensor_package) StderrLine: {'line': b'      |                          \x1b[01;35m\x1b[K^\x1b[m\x1b[K\n'}
[13.800390] (tof_sensor_package) StderrLine: {'line': b'\x1b[01m\x1b[K/home/cjs/VL53L8CX/VL53L8CX_ws/src/tof_sensor_package/src/pallet_detect_node.cpp:128:26:\x1b[m\x1b[K \x1b[01;35m\x1b[Kwarning: \x1b[m\x1b[Kstructured bindings only available with \xe2\x80\x98\x1b[01m\x1b[K-std=c++17\x1b[m\x1b[K\xe2\x80\x99 or \xe2\x80\x98\x1b[01m\x1b[K-std=gnu++17\x1b[m\x1b[K\xe2\x80\x99\n'}
[13.800741] (tof_sensor_package) StderrLine: {'line': b'  128 |                     auto \x1b[01;35m\x1b[K[\x1b[m\x1b[KangleC, driftC] = BestFit::analyze(C_8, distance_threshold);\n'}
[13.800919] (tof_sensor_package) StderrLine: {'line': b'      |                          \x1b[01;35m\x1b[K^\x1b[m\x1b[K\n'}
[13.889244] (-) TimerEvent: {}
[13.989969] (-) TimerEvent: {}
[14.090933] (-) TimerEvent: {}
[14.191546] (-) TimerEvent: {}
[14.292910] (-) TimerEvent: {}
[14.394254] (-) TimerEvent: {}
[14.495762] (-) TimerEvent: {}
[14.597617] (-) TimerEvent: {}
[14.698306] (-) TimerEvent: {}
[14.799519] (-) TimerEvent: {}
[14.901072] (-) TimerEvent: {}
[15.002757] (-) TimerEvent: {}
[15.103720] (-) TimerEvent: {}
[15.205406] (-) TimerEvent: {}
[15.306981] (-) TimerEvent: {}
[15.407837] (-) TimerEvent: {}
[15.508449] (-) TimerEvent: {}
[15.609115] (-) TimerEvent: {}
[15.711163] (-) TimerEvent: {}
[15.812593] (-) TimerEvent: {}
[15.913590] (-) TimerEvent: {}
[16.014512] (-) TimerEvent: {}
[16.115963] (-) TimerEvent: {}
[16.217576] (-) TimerEvent: {}
[16.319488] (-) TimerEvent: {}
[16.421108] (-) TimerEvent: {}
[16.521838] (-) TimerEvent: {}
[16.622554] (-) TimerEvent: {}
[16.680380] (tof_sensor_package) StderrLine: {'line': b'make[2]: *** [CMakeFiles/pallet_detect_node.dir/build.make:63: CMakeFiles/pallet_detect_node.dir/src/pallet_detect_node.cpp.o] Error 1\n'}
[16.681260] (tof_sensor_package) StderrLine: {'line': b'make[1]: *** [CMakeFiles/Makefile2:78: CMakeFiles/pallet_detect_node.dir/all] Error 2\n'}
[16.681906] (tof_sensor_package) StderrLine: {'line': b'make: *** [Makefile:141: all] Error 2\n'}
[16.688026] (tof_sensor_package) CommandEnded: {'returncode': 2}
[16.723952] (-) TimerEvent: {}
[16.828864] (-) TimerEvent: {}
[16.845401] (tof_sensor_package) JobEnded: {'identifier': 'tof_sensor_package', 'rc': 2}
[16.858041] (-) EventReactorShutdown: {}
