[0.000000] (-) TimerEvent: {}
[0.000359] (base_interfaces_demo) JobQueued: {'identifier': 'base_interfaces_demo', 'dependencies': OrderedDict()}
[0.000436] (tof_sensor_package) JobQueued: {'identifier': 'tof_sensor_package', 'dependencies': OrderedDict([('base_interfaces_demo', '/home/cjs/VL53L8CX/VL53L8CX_ws/install/base_interfaces_demo')])}
[0.000502] (base_interfaces_demo) JobStarted: {'identifier': 'base_interfaces_demo'}
[0.039685] (base_interfaces_demo) JobProgress: {'identifier': 'base_interfaces_demo', 'progress': 'cmake'}
[0.044876] (base_interfaces_demo) JobProgress: {'identifier': 'base_interfaces_demo', 'progress': 'build'}
[0.044990] (base_interfaces_demo) Command: {'cmd': ['/usr/bin/cmake', '--build', '/home/cjs/VL53L8CX/VL53L8CX_ws/build/base_interfaces_demo', '--', '-j4', '-l4'], 'cwd': '/home/cjs/VL53L8CX/VL53L8CX_ws/build/base_interfaces_demo', 'env': OrderedDict([('USER', 'cjs'), ('LC_TIME', 'zh_CN.UTF-8'), ('GIO_MODULE_DIR', '/home/cjs/snap/code/common/.cache/gio-modules'), ('SSH_AGENT_PID', '1520'), ('XDG_SESSION_TYPE', 'x11'), ('GTK_EXE_PREFIX_VSCODE_SNAP_ORIG', ''), ('GIT_ASKPASS', '/snap/code/166/usr/share/code/resources/app/extensions/git/dist/askpass.sh'), ('GDK_BACKEND_VSCODE_SNAP_ORIG', ''), ('SHLVL', '2'), ('LD_LIBRARY_PATH', '/opt/ros/foxy/opt/yaml_cpp_vendor/lib:/opt/ros/foxy/opt/rviz_ogre_vendor/lib:/opt/ros/foxy/lib/x86_64-linux-gnu:/opt/ros/foxy/lib'), ('LESS', '-R'), ('HOME', '/home/cjs'), ('LOCPATH_VSCODE_SNAP_ORIG', ''), ('OLDPWD', '/home/cjs/VL53L8CX'), ('CHROME_DESKTOP', 'code-url-handler.desktop'), ('DESKTOP_SESSION', 'ubuntu'), ('GTK_PATH', '/snap/code/166/usr/lib/x86_64-linux-gnu/gtk-3.0'), ('TERM_PROGRAM_VERSION', '1.92.1'), ('LSCOLORS', 'Gxfxcxdxbxegedabagacad'), ('ZSH', '/home/cjs/.oh-my-zsh'), ('GTK_IM_MODULE_FILE', '/home/cjs/snap/code/common/.cache/immodules/immodules.cache'), ('ROS_PYTHON_VERSION', '3'), ('GNOME_SHELL_SESSION_MODE', 'ubuntu'), ('ALL', 'en.US.UTF-8'), ('GTK_MODULES', 'gail:atk-bridge'), ('GSETTINGS_SCHEMA_DIR_VSCODE_SNAP_ORIG', ''), ('PAGER', 'less'), ('VSCODE_GIT_ASKPASS_MAIN', '/snap/code/166/usr/share/code/resources/app/extensions/git/dist/askpass-main.js'), ('LC_MONETARY', 'zh_CN.UTF-8'), ('MANAGERPID', '1424'), ('VSCODE_GIT_ASKPASS_NODE', '/snap/code/166/usr/share/code/code'), ('DBUS_STARTER_BUS_TYPE', 'session'), ('DBUS_SESSION_BUS_ADDRESS', 'unix:path=/run/user/1000/bus,guid=268dcd2de439d3d90858002266b82368'), ('COLORTERM', 'truecolor'), ('IM_CONFIG_PHASE', '1'), ('ROS_DISTRO', 'foxy'), ('LOGNAME', 'cjs'), ('JOURNAL_STREAM', '8:57458'), ('_', '/usr/bin/colcon'), ('ROS_VERSION', '2'), ('XDG_CONFIG_DIRS_VSCODE_SNAP_ORIG', '/etc/xdg/xdg-ubuntu:/etc/xdg'), ('XDG_SESSION_CLASS', 'user'), ('XDG_DATA_DIRS_VSCODE_SNAP_ORIG', '/usr/share/ubuntu:/usr/local/share/:/usr/share/:/var/lib/snapd/desktop'), ('USER_ZDOTDIR', '/home/cjs'), ('USERNAME', 'cjs'), ('TERM', 'xterm-256color'), ('GNOME_DESKTOP_SESSION_ID', 'this-is-deprecated'), ('ROS_LOCALHOST_ONLY', '0'), ('WINDOWPATH', '2'), ('PATH', '/opt/ros/foxy/bin:/usr/local/sbin:/usr/local/bin:/usr/sbin:/usr/bin:/sbin:/bin:/usr/games:/usr/local/games:/snap/bin'), ('SESSION_MANAGER', 'local/cjs-virtual-machine:@/tmp/.ICE-unix/1556,unix/cjs-virtual-machine:/tmp/.ICE-unix/1556'), ('GTK_EXE_PREFIX', '/snap/code/166/usr'), ('INVOCATION_ID', '9ee8dd2fd7cc48b9b2c20cfcb166a738'), ('XDG_MENU_PREFIX', 'gnome-'), ('LC_ADDRESS', 'zh_CN.UTF-8'), ('XDG_RUNTIME_DIR', '/run/user/1000'), ('GDK_BACKEND', 'x11'), ('DISPLAY', ':0'), ('LOCPATH', '/snap/code/166/usr/lib/locale'), ('LANG', 'en_US.UTF-8'), ('XDG_CURRENT_DESKTOP', 'Unity'), ('LC_TELEPHONE', 'zh_CN.UTF-8'), ('TILIX_ID', '9923de69-11f6-49bd-8a1c-424db162521e'), ('VSCODE_INJECTION', '1'), ('GIO_MODULE_DIR_VSCODE_SNAP_ORIG', ''), ('XMODIFIERS', '@im=ibus'), ('XDG_SESSION_DESKTOP', 'ubuntu'), ('XAUTHORITY', '/run/user/1000/gdm/Xauthority'), ('LS_COLORS', 'no=00:fi=00:di=01;34:ln=00;36:pi=40;33:so=01;35:do=01;35:bd=40;33;01:cd=40;33;01:or=41;33;01:ex=00;32:*.cmd=00;32:*.exe=01;32:*.com=01;32:*.bat=01;32:*.btm=01;32:*.dll=01;32:*.tar=00;31:*.tbz=00;31:*.tgz=00;31:*.rpm=00;31:*.deb=00;31:*.arj=00;31:*.taz=00;31:*.lzh=00;31:*.lzma=00;31:*.zip=00;31:*.zoo=00;31:*.z=00;31:*.Z=00;31:*.gz=00;31:*.bz2=00;31:*.tb2=00;31:*.tz2=00;31:*.tbz2=00;31:*.avi=01;35:*.bmp=01;35:*.fli=01;35:*.gif=01;35:*.jpg=01;35:*.jpeg=01;35:*.mng=01;35:*.mov=01;35:*.mpg=01;35:*.pcx=01;35:*.pbm=01;35:*.pgm=01;35:*.png=01;35:*.ppm=01;35:*.tga=01;35:*.tif=01;35:*.xbm=01;35:*.xpm=01;35:*.dl=01;35:*.gl=01;35:*.wmv=01;35:*.aiff=00;32:*.au=00;32:*.mid=00;32:*.mp3=00;32:*.ogg=00;32:*.voc=00;32:*.wav=00;32:'), ('TERM_PROGRAM', 'vscode'), ('VSCODE_GIT_IPC_HANDLE', '/run/user/1000/vscode-git-6e22b0dd4c.sock'), ('SSH_AUTH_SOCK', '/run/user/1000/keyring/ssh'), ('GSETTINGS_SCHEMA_DIR', '/home/cjs/snap/code/166/.local/share/glib-2.0/schemas'), ('AMENT_PREFIX_PATH', '/opt/ros/foxy'), ('ORIGINAL_XDG_CURRENT_DESKTOP', 'ubuntu:GNOME'), ('SHELL', '/usr/bin/zsh'), ('LC_NAME', 'zh_CN.UTF-8'), ('QT_ACCESSIBILITY', '1'), ('GDMSESSION', 'ubuntu'), ('GTK_PATH_VSCODE_SNAP_ORIG', ''), ('GTK_IM_MODULE_FILE_VSCODE_SNAP_ORIG', ''), ('LC_MEASUREMENT', 'zh_CN.UTF-8'), ('GPG_AGENT_INFO', '/run/user/1000/gnupg/S.gpg-agent:0:1'), ('LC_IDENTIFICATION', 'zh_CN.UTF-8'), ('QT_IM_MODULE', 'ibus'), ('VSCODE_GIT_ASKPASS_EXTRA_ARGS', ''), ('PWD', '/home/cjs/VL53L8CX/VL53L8CX_ws/build/base_interfaces_demo'), ('XDG_CONFIG_DIRS', '/etc/xdg/xdg-ubuntu:/etc/xdg'), ('DBUS_STARTER_ADDRESS', 'unix:path=/run/user/1000/bus,guid=268dcd2de439d3d90858002266b82368'), ('XDG_DATA_DIRS', '/home/cjs/snap/code/166/.local/share:/home/cjs/snap/code/166:/snap/code/166/usr/share:/usr/share/ubuntu:/usr/local/share/:/usr/share/:/var/lib/snapd/desktop'), ('ZDOTDIR', '/home/cjs'), ('PYTHONPATH', '/opt/ros/foxy/lib/python3.8/site-packages'), ('LC_NUMERIC', 'zh_CN.UTF-8'), ('LC_PAPER', 'zh_CN.UTF-8'), ('COLCON', '1'), ('VTE_VERSION', '6003'), ('CMAKE_PREFIX_PATH', '/opt/ros/foxy')]), 'shell': False}
[0.099008] (-) TimerEvent: {}
[0.201554] (-) TimerEvent: {}
[0.303074] (-) TimerEvent: {}
[0.404582] (-) TimerEvent: {}
[0.445794] (base_interfaces_demo) StdoutLine: {'line': b'[  0%] Built target base_interfaces_demo__cpp\n'}
[0.473461] (base_interfaces_demo) StdoutLine: {'line': b'[ 12%] Built target base_interfaces_demo__rosidl_generator_c\n'}
[0.514816] (-) TimerEvent: {}
[0.605769] (base_interfaces_demo) StdoutLine: {'line': b'[ 25%] Built target base_interfaces_demo__rosidl_typesupport_introspection_cpp\n'}
[0.609895] (base_interfaces_demo) StdoutLine: {'line': b'[ 37%] Built target base_interfaces_demo__rosidl_typesupport_cpp\n'}
[0.615441] (-) TimerEvent: {}
[0.636519] (base_interfaces_demo) StdoutLine: {'line': b'[ 50%] Built target base_interfaces_demo__rosidl_typesupport_introspection_c\n'}
[0.659532] (base_interfaces_demo) StdoutLine: {'line': b'[ 62%] Built target base_interfaces_demo__rosidl_typesupport_fastrtps_cpp\n'}
[0.716716] (-) TimerEvent: {}
[0.724474] (base_interfaces_demo) StdoutLine: {'line': b'[ 74%] Built target base_interfaces_demo__rosidl_typesupport_c\n'}
[0.776071] (base_interfaces_demo) StdoutLine: {'line': b'[ 87%] Built target base_interfaces_demo__rosidl_typesupport_fastrtps_c\n'}
[0.818343] (-) TimerEvent: {}
[0.865502] (base_interfaces_demo) StdoutLine: {'line': b'[ 87%] Built target base_interfaces_demo\n'}
[0.919555] (-) TimerEvent: {}
[0.949488] (base_interfaces_demo) StdoutLine: {'line': b'[ 87%] Built target base_interfaces_demo__py\n'}
[1.019930] (-) TimerEvent: {}
[1.081502] (base_interfaces_demo) StdoutLine: {'line': b'[ 99%] Built target base_interfaces_demo__python\n'}
[1.120631] (-) TimerEvent: {}
[1.217273] (base_interfaces_demo) StdoutLine: {'line': b'[ 99%] Built target base_interfaces_demo__rosidl_typesupport_introspection_c__pyext\n'}
[1.220923] (-) TimerEvent: {}
[1.227097] (base_interfaces_demo) StdoutLine: {'line': b'[ 99%] Built target base_interfaces_demo__rosidl_typesupport_fastrtps_c__pyext\n'}
[1.228082] (base_interfaces_demo) StdoutLine: {'line': b'[100%] Built target base_interfaces_demo__rosidl_typesupport_c__pyext\n'}
[1.277053] (base_interfaces_demo) CommandEnded: {'returncode': 0}
[1.323227] (-) TimerEvent: {}
[1.426058] (-) TimerEvent: {}
[1.527139] (-) TimerEvent: {}
[1.628599] (-) TimerEvent: {}
[1.730048] (-) TimerEvent: {}
[1.831807] (-) TimerEvent: {}
[1.932644] (-) TimerEvent: {}
[2.034929] (-) TimerEvent: {}
[2.136462] (-) TimerEvent: {}
[2.237514] (-) TimerEvent: {}
[2.338359] (-) TimerEvent: {}
[2.440106] (-) TimerEvent: {}
[2.541671] (-) TimerEvent: {}
[2.643005] (-) TimerEvent: {}
[2.746637] (-) TimerEvent: {}
[2.848340] (-) TimerEvent: {}
[2.949361] (-) TimerEvent: {}
[3.049994] (-) TimerEvent: {}
[3.150665] (-) TimerEvent: {}
[3.252395] (-) TimerEvent: {}
[3.354035] (-) TimerEvent: {}
[3.455485] (-) TimerEvent: {}
[3.556042] (-) TimerEvent: {}
[3.656629] (-) TimerEvent: {}
[3.757356] (-) TimerEvent: {}
[3.858608] (-) TimerEvent: {}
[3.960060] (-) TimerEvent: {}
[4.060773] (-) TimerEvent: {}
[4.161756] (-) TimerEvent: {}
[4.262894] (-) TimerEvent: {}
[4.365183] (-) TimerEvent: {}
[4.466657] (-) TimerEvent: {}
[4.567456] (-) TimerEvent: {}
[4.668722] (-) TimerEvent: {}
[4.769634] (-) TimerEvent: {}
[4.871094] (-) TimerEvent: {}
[4.881109] (base_interfaces_demo) JobProgress: {'identifier': 'base_interfaces_demo', 'progress': 'install'}
[4.915090] (base_interfaces_demo) Command: {'cmd': ['/usr/bin/cmake', '--install', '/home/cjs/VL53L8CX/VL53L8CX_ws/build/base_interfaces_demo'], 'cwd': '/home/cjs/VL53L8CX/VL53L8CX_ws/build/base_interfaces_demo', 'env': OrderedDict([('USER', 'cjs'), ('LC_TIME', 'zh_CN.UTF-8'), ('GIO_MODULE_DIR', '/home/cjs/snap/code/common/.cache/gio-modules'), ('SSH_AGENT_PID', '1520'), ('XDG_SESSION_TYPE', 'x11'), ('GTK_EXE_PREFIX_VSCODE_SNAP_ORIG', ''), ('GIT_ASKPASS', '/snap/code/166/usr/share/code/resources/app/extensions/git/dist/askpass.sh'), ('GDK_BACKEND_VSCODE_SNAP_ORIG', ''), ('SHLVL', '2'), ('LD_LIBRARY_PATH', '/opt/ros/foxy/opt/yaml_cpp_vendor/lib:/opt/ros/foxy/opt/rviz_ogre_vendor/lib:/opt/ros/foxy/lib/x86_64-linux-gnu:/opt/ros/foxy/lib'), ('LESS', '-R'), ('HOME', '/home/cjs'), ('LOCPATH_VSCODE_SNAP_ORIG', ''), ('OLDPWD', '/home/cjs/VL53L8CX'), ('CHROME_DESKTOP', 'code-url-handler.desktop'), ('DESKTOP_SESSION', 'ubuntu'), ('GTK_PATH', '/snap/code/166/usr/lib/x86_64-linux-gnu/gtk-3.0'), ('TERM_PROGRAM_VERSION', '1.92.1'), ('LSCOLORS', 'Gxfxcxdxbxegedabagacad'), ('ZSH', '/home/cjs/.oh-my-zsh'), ('GTK_IM_MODULE_FILE', '/home/cjs/snap/code/common/.cache/immodules/immodules.cache'), ('ROS_PYTHON_VERSION', '3'), ('GNOME_SHELL_SESSION_MODE', 'ubuntu'), ('ALL', 'en.US.UTF-8'), ('GTK_MODULES', 'gail:atk-bridge'), ('GSETTINGS_SCHEMA_DIR_VSCODE_SNAP_ORIG', ''), ('PAGER', 'less'), ('VSCODE_GIT_ASKPASS_MAIN', '/snap/code/166/usr/share/code/resources/app/extensions/git/dist/askpass-main.js'), ('LC_MONETARY', 'zh_CN.UTF-8'), ('MANAGERPID', '1424'), ('VSCODE_GIT_ASKPASS_NODE', '/snap/code/166/usr/share/code/code'), ('DBUS_STARTER_BUS_TYPE', 'session'), ('DBUS_SESSION_BUS_ADDRESS', 'unix:path=/run/user/1000/bus,guid=268dcd2de439d3d90858002266b82368'), ('COLORTERM', 'truecolor'), ('IM_CONFIG_PHASE', '1'), ('ROS_DISTRO', 'foxy'), ('LOGNAME', 'cjs'), ('JOURNAL_STREAM', '8:57458'), ('_', '/usr/bin/colcon'), ('ROS_VERSION', '2'), ('XDG_CONFIG_DIRS_VSCODE_SNAP_ORIG', '/etc/xdg/xdg-ubuntu:/etc/xdg'), ('XDG_SESSION_CLASS', 'user'), ('XDG_DATA_DIRS_VSCODE_SNAP_ORIG', '/usr/share/ubuntu:/usr/local/share/:/usr/share/:/var/lib/snapd/desktop'), ('USER_ZDOTDIR', '/home/cjs'), ('USERNAME', 'cjs'), ('TERM', 'xterm-256color'), ('GNOME_DESKTOP_SESSION_ID', 'this-is-deprecated'), ('ROS_LOCALHOST_ONLY', '0'), ('WINDOWPATH', '2'), ('PATH', '/opt/ros/foxy/bin:/usr/local/sbin:/usr/local/bin:/usr/sbin:/usr/bin:/sbin:/bin:/usr/games:/usr/local/games:/snap/bin'), ('SESSION_MANAGER', 'local/cjs-virtual-machine:@/tmp/.ICE-unix/1556,unix/cjs-virtual-machine:/tmp/.ICE-unix/1556'), ('GTK_EXE_PREFIX', '/snap/code/166/usr'), ('INVOCATION_ID', '9ee8dd2fd7cc48b9b2c20cfcb166a738'), ('XDG_MENU_PREFIX', 'gnome-'), ('LC_ADDRESS', 'zh_CN.UTF-8'), ('XDG_RUNTIME_DIR', '/run/user/1000'), ('GDK_BACKEND', 'x11'), ('DISPLAY', ':0'), ('LOCPATH', '/snap/code/166/usr/lib/locale'), ('LANG', 'en_US.UTF-8'), ('XDG_CURRENT_DESKTOP', 'Unity'), ('LC_TELEPHONE', 'zh_CN.UTF-8'), ('TILIX_ID', '9923de69-11f6-49bd-8a1c-424db162521e'), ('VSCODE_INJECTION', '1'), ('GIO_MODULE_DIR_VSCODE_SNAP_ORIG', ''), ('XMODIFIERS', '@im=ibus'), ('XDG_SESSION_DESKTOP', 'ubuntu'), ('XAUTHORITY', '/run/user/1000/gdm/Xauthority'), ('LS_COLORS', 'no=00:fi=00:di=01;34:ln=00;36:pi=40;33:so=01;35:do=01;35:bd=40;33;01:cd=40;33;01:or=41;33;01:ex=00;32:*.cmd=00;32:*.exe=01;32:*.com=01;32:*.bat=01;32:*.btm=01;32:*.dll=01;32:*.tar=00;31:*.tbz=00;31:*.tgz=00;31:*.rpm=00;31:*.deb=00;31:*.arj=00;31:*.taz=00;31:*.lzh=00;31:*.lzma=00;31:*.zip=00;31:*.zoo=00;31:*.z=00;31:*.Z=00;31:*.gz=00;31:*.bz2=00;31:*.tb2=00;31:*.tz2=00;31:*.tbz2=00;31:*.avi=01;35:*.bmp=01;35:*.fli=01;35:*.gif=01;35:*.jpg=01;35:*.jpeg=01;35:*.mng=01;35:*.mov=01;35:*.mpg=01;35:*.pcx=01;35:*.pbm=01;35:*.pgm=01;35:*.png=01;35:*.ppm=01;35:*.tga=01;35:*.tif=01;35:*.xbm=01;35:*.xpm=01;35:*.dl=01;35:*.gl=01;35:*.wmv=01;35:*.aiff=00;32:*.au=00;32:*.mid=00;32:*.mp3=00;32:*.ogg=00;32:*.voc=00;32:*.wav=00;32:'), ('TERM_PROGRAM', 'vscode'), ('VSCODE_GIT_IPC_HANDLE', '/run/user/1000/vscode-git-6e22b0dd4c.sock'), ('SSH_AUTH_SOCK', '/run/user/1000/keyring/ssh'), ('GSETTINGS_SCHEMA_DIR', '/home/cjs/snap/code/166/.local/share/glib-2.0/schemas'), ('AMENT_PREFIX_PATH', '/opt/ros/foxy'), ('ORIGINAL_XDG_CURRENT_DESKTOP', 'ubuntu:GNOME'), ('SHELL', '/usr/bin/zsh'), ('LC_NAME', 'zh_CN.UTF-8'), ('QT_ACCESSIBILITY', '1'), ('GDMSESSION', 'ubuntu'), ('GTK_PATH_VSCODE_SNAP_ORIG', ''), ('GTK_IM_MODULE_FILE_VSCODE_SNAP_ORIG', ''), ('LC_MEASUREMENT', 'zh_CN.UTF-8'), ('GPG_AGENT_INFO', '/run/user/1000/gnupg/S.gpg-agent:0:1'), ('LC_IDENTIFICATION', 'zh_CN.UTF-8'), ('QT_IM_MODULE', 'ibus'), ('VSCODE_GIT_ASKPASS_EXTRA_ARGS', ''), ('PWD', '/home/cjs/VL53L8CX/VL53L8CX_ws/build/base_interfaces_demo'), ('XDG_CONFIG_DIRS', '/etc/xdg/xdg-ubuntu:/etc/xdg'), ('DBUS_STARTER_ADDRESS', 'unix:path=/run/user/1000/bus,guid=268dcd2de439d3d90858002266b82368'), ('XDG_DATA_DIRS', '/home/cjs/snap/code/166/.local/share:/home/cjs/snap/code/166:/snap/code/166/usr/share:/usr/share/ubuntu:/usr/local/share/:/usr/share/:/var/lib/snapd/desktop'), ('ZDOTDIR', '/home/cjs'), ('PYTHONPATH', '/opt/ros/foxy/lib/python3.8/site-packages'), ('LC_NUMERIC', 'zh_CN.UTF-8'), ('LC_PAPER', 'zh_CN.UTF-8'), ('COLCON', '1'), ('VTE_VERSION', '6003'), ('CMAKE_PREFIX_PATH', '/opt/ros/foxy')]), 'shell': False}
[4.956175] (base_interfaces_demo) StdoutLine: {'line': b'-- Install configuration: ""\n'}
[4.958113] (base_interfaces_demo) StdoutLine: {'line': b'-- Up-to-date: /home/cjs/VL53L8CX/VL53L8CX_ws/install/base_interfaces_demo/share/ament_index/resource_index/rosidl_interfaces/base_interfaces_demo\n'}
[4.959255] (base_interfaces_demo) StdoutLine: {'line': b'-- Up-to-date: /home/cjs/VL53L8CX/VL53L8CX_ws/install/base_interfaces_demo/include/base_interfaces_demo\n'}
[4.959996] (base_interfaces_demo) StdoutLine: {'line': b'-- Up-to-date: /home/cjs/VL53L8CX/VL53L8CX_ws/install/base_interfaces_demo/include/base_interfaces_demo/action\n'}
[4.960238] (base_interfaces_demo) StdoutLine: {'line': b'-- Up-to-date: /home/cjs/VL53L8CX/VL53L8CX_ws/install/base_interfaces_demo/include/base_interfaces_demo/action/nav.h\n'}
[4.960447] (base_interfaces_demo) StdoutLine: {'line': b'-- Up-to-date: /home/cjs/VL53L8CX/VL53L8CX_ws/install/base_interfaces_demo/include/base_interfaces_demo/action/detail\n'}
[4.960651] (base_interfaces_demo) StdoutLine: {'line': b'-- Up-to-date: /home/cjs/VL53L8CX/VL53L8CX_ws/install/base_interfaces_demo/include/base_interfaces_demo/action/detail/pallet__type_support.h\n'}
[4.960868] (base_interfaces_demo) StdoutLine: {'line': b'-- Up-to-date: /home/cjs/VL53L8CX/VL53L8CX_ws/install/base_interfaces_demo/include/base_interfaces_demo/action/detail/pallet__functions.h\n'}
[4.961071] (base_interfaces_demo) StdoutLine: {'line': b'-- Up-to-date: /home/cjs/VL53L8CX/VL53L8CX_ws/install/base_interfaces_demo/include/base_interfaces_demo/action/detail/pallet__struct.h\n'}
[4.961278] (base_interfaces_demo) StdoutLine: {'line': b'-- Up-to-date: /home/cjs/VL53L8CX/VL53L8CX_ws/install/base_interfaces_demo/include/base_interfaces_demo/action/detail/reverse__type_support.h\n'}
[4.961517] (base_interfaces_demo) StdoutLine: {'line': b'-- Up-to-date: /home/cjs/VL53L8CX/VL53L8CX_ws/install/base_interfaces_demo/include/base_interfaces_demo/action/detail/reverse__struct.h\n'}
[4.961722] (base_interfaces_demo) StdoutLine: {'line': b'-- Up-to-date: /home/cjs/VL53L8CX/VL53L8CX_ws/install/base_interfaces_demo/include/base_interfaces_demo/action/detail/nav__functions.c\n'}
[4.961941] (base_interfaces_demo) StdoutLine: {'line': b'-- Up-to-date: /home/cjs/VL53L8CX/VL53L8CX_ws/install/base_interfaces_demo/include/base_interfaces_demo/action/detail/reverse__functions.h\n'}
[4.962156] (base_interfaces_demo) StdoutLine: {'line': b'-- Up-to-date: /home/cjs/VL53L8CX/VL53L8CX_ws/install/base_interfaces_demo/include/base_interfaces_demo/action/detail/nav__type_support.h\n'}
[4.962361] (base_interfaces_demo) StdoutLine: {'line': b'-- Up-to-date: /home/cjs/VL53L8CX/VL53L8CX_ws/install/base_interfaces_demo/include/base_interfaces_demo/action/detail/nav__functions.h\n'}
[4.962563] (base_interfaces_demo) StdoutLine: {'line': b'-- Up-to-date: /home/cjs/VL53L8CX/VL53L8CX_ws/install/base_interfaces_demo/include/base_interfaces_demo/action/detail/reverse__functions.c\n'}
[4.962779] (base_interfaces_demo) StdoutLine: {'line': b'-- Up-to-date: /home/cjs/VL53L8CX/VL53L8CX_ws/install/base_interfaces_demo/include/base_interfaces_demo/action/detail/nav__struct.h\n'}
[4.962989] (base_interfaces_demo) StdoutLine: {'line': b'-- Up-to-date: /home/cjs/VL53L8CX/VL53L8CX_ws/install/base_interfaces_demo/include/base_interfaces_demo/action/detail/pallet__functions.c\n'}
[4.963216] (base_interfaces_demo) StdoutLine: {'line': b'-- Up-to-date: /home/cjs/VL53L8CX/VL53L8CX_ws/install/base_interfaces_demo/include/base_interfaces_demo/action/pallet.h\n'}
[4.963642] (base_interfaces_demo) StdoutLine: {'line': b'-- Up-to-date: /home/cjs/VL53L8CX/VL53L8CX_ws/install/base_interfaces_demo/include/base_interfaces_demo/action/reverse.h\n'}
[4.963868] (base_interfaces_demo) StdoutLine: {'line': b'-- Up-to-date: /home/cjs/VL53L8CX/VL53L8CX_ws/install/base_interfaces_demo/include/base_interfaces_demo/srv\n'}
[4.964095] (base_interfaces_demo) StdoutLine: {'line': b'-- Up-to-date: /home/cjs/VL53L8CX/VL53L8CX_ws/install/base_interfaces_demo/include/base_interfaces_demo/srv/check_emergency.h\n'}
[4.964363] (base_interfaces_demo) StdoutLine: {'line': b'-- Up-to-date: /home/cjs/VL53L8CX/VL53L8CX_ws/install/base_interfaces_demo/include/base_interfaces_demo/srv/detail\n'}
[4.964576] (base_interfaces_demo) StdoutLine: {'line': b'-- Up-to-date: /home/cjs/VL53L8CX/VL53L8CX_ws/install/base_interfaces_demo/include/base_interfaces_demo/srv/detail/pub_code__functions.c\n'}
[4.965003] (base_interfaces_demo) StdoutLine: {'line': b'-- Up-to-date: /home/cjs/VL53L8CX/VL53L8CX_ws/install/base_interfaces_demo/include/base_interfaces_demo/srv/detail/set_emergency__type_support.h\n'}
[4.971666] (-) TimerEvent: {}
[4.972608] (base_interfaces_demo) StdoutLine: {'line': b'-- Up-to-date: /home/cjs/VL53L8CX/VL53L8CX_ws/install/base_interfaces_demo/include/base_interfaces_demo/srv/detail/pub_code__functions.h\n'}
[4.973344] (base_interfaces_demo) StdoutLine: {'line': b'-- Up-to-date: /home/cjs/VL53L8CX/VL53L8CX_ws/install/base_interfaces_demo/include/base_interfaces_demo/srv/detail/hall__functions.h\n'}
[4.974008] (base_interfaces_demo) StdoutLine: {'line': b'-- Up-to-date: /home/cjs/VL53L8CX/VL53L8CX_ws/install/base_interfaces_demo/include/base_interfaces_demo/srv/detail/check_emergency__functions.h\n'}
[4.974784] (base_interfaces_demo) StdoutLine: {'line': b'-- Up-to-date: /home/cjs/VL53L8CX/VL53L8CX_ws/install/base_interfaces_demo/include/base_interfaces_demo/srv/detail/rcs_server__functions.h\n'}
[4.975410] (base_interfaces_demo) StdoutLine: {'line': b'-- Up-to-date: /home/cjs/VL53L8CX/VL53L8CX_ws/install/base_interfaces_demo/include/base_interfaces_demo/srv/detail/set_emergency__struct.h\n'}
[4.976467] (base_interfaces_demo) StdoutLine: {'line': b'-- Up-to-date: /home/cjs/VL53L8CX/VL53L8CX_ws/install/base_interfaces_demo/include/base_interfaces_demo/srv/detail/pub_code__type_support.h\n'}
[4.976735] (base_interfaces_demo) StdoutLine: {'line': b'-- Up-to-date: /home/cjs/VL53L8CX/VL53L8CX_ws/install/base_interfaces_demo/include/base_interfaces_demo/srv/detail/rcs_server__type_support.h\n'}
[4.977179] (base_interfaces_demo) StdoutLine: {'line': b'-- Up-to-date: /home/cjs/VL53L8CX/VL53L8CX_ws/install/base_interfaces_demo/include/base_interfaces_demo/srv/detail/rcs_server__functions.c\n'}
[4.977628] (base_interfaces_demo) StdoutLine: {'line': b'-- Up-to-date: /home/cjs/VL53L8CX/VL53L8CX_ws/install/base_interfaces_demo/include/base_interfaces_demo/srv/detail/check_emergency__struct.h\n'}
[4.978027] (base_interfaces_demo) StdoutLine: {'line': b'-- Up-to-date: /home/cjs/VL53L8CX/VL53L8CX_ws/install/base_interfaces_demo/include/base_interfaces_demo/srv/detail/hall__struct.h\n'}
[4.978182] (base_interfaces_demo) StdoutLine: {'line': b'-- Up-to-date: /home/cjs/VL53L8CX/VL53L8CX_ws/install/base_interfaces_demo/include/base_interfaces_demo/srv/detail/rcs_server__struct.h\n'}
[4.978558] (base_interfaces_demo) StdoutLine: {'line': b'-- Up-to-date: /home/cjs/VL53L8CX/VL53L8CX_ws/install/base_interfaces_demo/include/base_interfaces_demo/srv/detail/pub_code__struct.h\n'}
[4.979115] (base_interfaces_demo) StdoutLine: {'line': b'-- Up-to-date: /home/cjs/VL53L8CX/VL53L8CX_ws/install/base_interfaces_demo/include/base_interfaces_demo/srv/detail/set_emergency__functions.h\n'}
[4.980853] (base_interfaces_demo) StdoutLine: {'line': b'-- Up-to-date: /home/cjs/VL53L8CX/VL53L8CX_ws/install/base_interfaces_demo/include/base_interfaces_demo/srv/detail/set_emergency__functions.c\n'}
[4.981507] (base_interfaces_demo) StdoutLine: {'line': b'-- Up-to-date: /home/cjs/VL53L8CX/VL53L8CX_ws/install/base_interfaces_demo/include/base_interfaces_demo/srv/detail/check_emergency__type_support.h\n'}
[4.982689] (base_interfaces_demo) StdoutLine: {'line': b'-- Up-to-date: /home/cjs/VL53L8CX/VL53L8CX_ws/install/base_interfaces_demo/include/base_interfaces_demo/srv/detail/hall__functions.c\n'}
[4.984557] (base_interfaces_demo) StdoutLine: {'line': b'-- Up-to-date: /home/cjs/VL53L8CX/VL53L8CX_ws/install/base_interfaces_demo/include/base_interfaces_demo/srv/detail/hall__type_support.h\n'}
[4.984748] (base_interfaces_demo) StdoutLine: {'line': b'-- Up-to-date: /home/cjs/VL53L8CX/VL53L8CX_ws/install/base_interfaces_demo/include/base_interfaces_demo/srv/detail/check_emergency__functions.c\n'}
[4.984998] (base_interfaces_demo) StdoutLine: {'line': b'-- Up-to-date: /home/cjs/VL53L8CX/VL53L8CX_ws/install/base_interfaces_demo/include/base_interfaces_demo/srv/rcs_server.h\n'}
[4.985171] (base_interfaces_demo) StdoutLine: {'line': b'-- Up-to-date: /home/cjs/VL53L8CX/VL53L8CX_ws/install/base_interfaces_demo/include/base_interfaces_demo/srv/set_emergency.h\n'}
[4.985344] (base_interfaces_demo) StdoutLine: {'line': b'-- Up-to-date: /home/cjs/VL53L8CX/VL53L8CX_ws/install/base_interfaces_demo/include/base_interfaces_demo/srv/hall.h\n'}
[4.985536] (base_interfaces_demo) StdoutLine: {'line': b'-- Up-to-date: /home/cjs/VL53L8CX/VL53L8CX_ws/install/base_interfaces_demo/include/base_interfaces_demo/srv/pub_code.h\n'}
[4.985746] (base_interfaces_demo) StdoutLine: {'line': b'-- Up-to-date: /home/cjs/VL53L8CX/VL53L8CX_ws/install/base_interfaces_demo/include/base_interfaces_demo/msg\n'}
[4.985937] (base_interfaces_demo) StdoutLine: {'line': b'-- Up-to-date: /home/cjs/VL53L8CX/VL53L8CX_ws/install/base_interfaces_demo/include/base_interfaces_demo/msg/bms_info.h\n'}
[4.986115] (base_interfaces_demo) StdoutLine: {'line': b'-- Up-to-date: /home/cjs/VL53L8CX/VL53L8CX_ws/install/base_interfaces_demo/include/base_interfaces_demo/msg/ohom.h\n'}
[4.986300] (base_interfaces_demo) StdoutLine: {'line': b'-- Up-to-date: /home/cjs/VL53L8CX/VL53L8CX_ws/install/base_interfaces_demo/include/base_interfaces_demo/msg/manual_seek_label.h\n'}
[4.987796] (base_interfaces_demo) StdoutLine: {'line': b'-- Up-to-date: /home/cjs/VL53L8CX/VL53L8CX_ws/install/base_interfaces_demo/include/base_interfaces_demo/msg/motor_cmd.h\n'}
[4.988766] (base_interfaces_demo) StdoutLine: {'line': b'-- Up-to-date: /home/cjs/VL53L8CX/VL53L8CX_ws/install/base_interfaces_demo/include/base_interfaces_demo/msg/lift_control.h\n'}
[4.989792] (base_interfaces_demo) StdoutLine: {'line': b'-- Up-to-date: /home/cjs/VL53L8CX/VL53L8CX_ws/install/base_interfaces_demo/include/base_interfaces_demo/msg/rosidl_generator_c__visibility_control.h\n'}
[4.990702] (base_interfaces_demo) StdoutLine: {'line': b'-- Up-to-date: /home/cjs/VL53L8CX/VL53L8CX_ws/install/base_interfaces_demo/include/base_interfaces_demo/msg/detail\n'}
[4.991856] (base_interfaces_demo) StdoutLine: {'line': b'-- Up-to-date: /home/cjs/VL53L8CX/VL53L8CX_ws/install/base_interfaces_demo/include/base_interfaces_demo/msg/detail/pub_code__functions.c\n'}
[4.992507] (base_interfaces_demo) StdoutLine: {'line': b'-- Up-to-date: /home/cjs/VL53L8CX/VL53L8CX_ws/install/base_interfaces_demo/include/base_interfaces_demo/msg/detail/motor_status__functions.c\n'}
[4.992931] (base_interfaces_demo) StdoutLine: {'line': b'-- Up-to-date: /home/cjs/VL53L8CX/VL53L8CX_ws/install/base_interfaces_demo/include/base_interfaces_demo/msg/detail/movecontrol_info__functions.h\n'}
[4.993877] (base_interfaces_demo) StdoutLine: {'line': b'-- Up-to-date: /home/cjs/VL53L8CX/VL53L8CX_ws/install/base_interfaces_demo/include/base_interfaces_demo/msg/detail/rcs_info__functions.h\n'}
[4.994431] (base_interfaces_demo) StdoutLine: {'line': b'-- Up-to-date: /home/cjs/VL53L8CX/VL53L8CX_ws/install/base_interfaces_demo/include/base_interfaces_demo/msg/detail/pub_code__functions.h\n'}
[4.994908] (base_interfaces_demo) StdoutLine: {'line': b'-- Up-to-date: /home/cjs/VL53L8CX/VL53L8CX_ws/install/base_interfaces_demo/include/base_interfaces_demo/msg/detail/rcs_info__type_support.h\n'}
[4.995379] (base_interfaces_demo) StdoutLine: {'line': b'-- Up-to-date: /home/cjs/VL53L8CX/VL53L8CX_ws/install/base_interfaces_demo/include/base_interfaces_demo/msg/detail/bms_info__type_support.h\n'}
[4.996292] (base_interfaces_demo) StdoutLine: {'line': b'-- Up-to-date: /home/cjs/VL53L8CX/VL53L8CX_ws/install/base_interfaces_demo/include/base_interfaces_demo/msg/detail/seek_ret__type_support.h\n'}
[4.996970] (base_interfaces_demo) StdoutLine: {'line': b'-- Up-to-date: /home/cjs/VL53L8CX/VL53L8CX_ws/install/base_interfaces_demo/include/base_interfaces_demo/msg/detail/lift_control__type_support.h\n'}
[4.998164] (base_interfaces_demo) StdoutLine: {'line': b'-- Up-to-date: /home/cjs/VL53L8CX/VL53L8CX_ws/install/base_interfaces_demo/include/base_interfaces_demo/msg/detail/color_info__functions.c\n'}
[4.999050] (base_interfaces_demo) StdoutLine: {'line': b'-- Up-to-date: /home/cjs/VL53L8CX/VL53L8CX_ws/install/base_interfaces_demo/include/base_interfaces_demo/msg/detail/lift_control__struct.h\n'}
[4.999287] (base_interfaces_demo) StdoutLine: {'line': b'-- Up-to-date: /home/cjs/VL53L8CX/VL53L8CX_ws/install/base_interfaces_demo/include/base_interfaces_demo/msg/detail/pallet_info__functions.h\n'}
[4.999683] (base_interfaces_demo) StdoutLine: {'line': b'-- Up-to-date: /home/cjs/VL53L8CX/VL53L8CX_ws/install/base_interfaces_demo/include/base_interfaces_demo/msg/detail/rcs_info__struct.h\n'}
[5.000319] (base_interfaces_demo) StdoutLine: {'line': b'-- Up-to-date: /home/cjs/VL53L8CX/VL53L8CX_ws/install/base_interfaces_demo/include/base_interfaces_demo/msg/detail/bt_status__struct.h\n'}
[5.000523] (base_interfaces_demo) StdoutLine: {'line': b'-- Up-to-date: /home/cjs/VL53L8CX/VL53L8CX_ws/install/base_interfaces_demo/include/base_interfaces_demo/msg/detail/obs_laser__type_support.h\n'}
[5.000743] (base_interfaces_demo) StdoutLine: {'line': b'-- Up-to-date: /home/cjs/VL53L8CX/VL53L8CX_ws/install/base_interfaces_demo/include/base_interfaces_demo/msg/detail/manual__struct.h\n'}
[5.000951] (base_interfaces_demo) StdoutLine: {'line': b'-- Up-to-date: /home/cjs/VL53L8CX/VL53L8CX_ws/install/base_interfaces_demo/include/base_interfaces_demo/msg/detail/bt_status__type_support.h\n'}
[5.001214] (base_interfaces_demo) StdoutLine: {'line': b'-- Up-to-date: /home/cjs/VL53L8CX/VL53L8CX_ws/install/base_interfaces_demo/include/base_interfaces_demo/msg/detail/file_updata__struct.h\n'}
[5.001847] (base_interfaces_demo) StdoutLine: {'line': b'-- Up-to-date: /home/cjs/VL53L8CX/VL53L8CX_ws/install/base_interfaces_demo/include/base_interfaces_demo/msg/detail/seek_cmd__functions.h\n'}
[5.002268] (base_interfaces_demo) StdoutLine: {'line': b'-- Up-to-date: /home/cjs/VL53L8CX/VL53L8CX_ws/install/base_interfaces_demo/include/base_interfaces_demo/msg/detail/motor_status__struct.h\n'}
[5.002733] (base_interfaces_demo) StdoutLine: {'line': b'-- Up-to-date: /home/cjs/VL53L8CX/VL53L8CX_ws/install/base_interfaces_demo/include/base_interfaces_demo/msg/detail/motor_cmd__functions.c\n'}
[5.002966] (base_interfaces_demo) StdoutLine: {'line': b'-- Up-to-date: /home/cjs/VL53L8CX/VL53L8CX_ws/install/base_interfaces_demo/include/base_interfaces_demo/msg/detail/manual_seek_label__struct.h\n'}
[5.003584] (base_interfaces_demo) StdoutLine: {'line': b'-- Up-to-date: /home/cjs/VL53L8CX/VL53L8CX_ws/install/base_interfaces_demo/include/base_interfaces_demo/msg/detail/motor_status__type_support.h\n'}
[5.003937] (base_interfaces_demo) StdoutLine: {'line': b'-- Up-to-date: /home/cjs/VL53L8CX/VL53L8CX_ws/install/base_interfaces_demo/include/base_interfaces_demo/msg/detail/motion_control__functions.c\n'}
[5.004374] (base_interfaces_demo) StdoutLine: {'line': b'-- Up-to-date: /home/cjs/VL53L8CX/VL53L8CX_ws/install/base_interfaces_demo/include/base_interfaces_demo/msg/detail/health_node__functions.c\n'}
[5.004890] (base_interfaces_demo) StdoutLine: {'line': b'-- Up-to-date: /home/cjs/VL53L8CX/VL53L8CX_ws/install/base_interfaces_demo/include/base_interfaces_demo/msg/detail/seek_cmd__struct.h\n'}
[5.005303] (base_interfaces_demo) StdoutLine: {'line': b'-- Up-to-date: /home/cjs/VL53L8CX/VL53L8CX_ws/install/base_interfaces_demo/include/base_interfaces_demo/msg/detail/charger_info__functions.h\n'}
[5.005745] (base_interfaces_demo) StdoutLine: {'line': b'-- Up-to-date: /home/cjs/VL53L8CX/VL53L8CX_ws/install/base_interfaces_demo/include/base_interfaces_demo/msg/detail/test__struct.h\n'}
[5.006168] (base_interfaces_demo) StdoutLine: {'line': b'-- Up-to-date: /home/cjs/VL53L8CX/VL53L8CX_ws/install/base_interfaces_demo/include/base_interfaces_demo/msg/detail/health_node__struct.h\n'}
[5.006612] (base_interfaces_demo) StdoutLine: {'line': b'-- Up-to-date: /home/cjs/VL53L8CX/VL53L8CX_ws/install/base_interfaces_demo/include/base_interfaces_demo/msg/detail/lift_info__functions.c\n'}
[5.007345] (base_interfaces_demo) StdoutLine: {'line': b'-- Up-to-date: /home/cjs/VL53L8CX/VL53L8CX_ws/install/base_interfaces_demo/include/base_interfaces_demo/msg/detail/motor_status__functions.h\n'}
[5.008208] (base_interfaces_demo) StdoutLine: {'line': b'-- Up-to-date: /home/cjs/VL53L8CX/VL53L8CX_ws/install/base_interfaces_demo/include/base_interfaces_demo/msg/detail/movecontrol_info__type_support.h\n'}
[5.008439] (base_interfaces_demo) StdoutLine: {'line': b'-- Up-to-date: /home/cjs/VL53L8CX/VL53L8CX_ws/install/base_interfaces_demo/include/base_interfaces_demo/msg/detail/pub_code__type_support.h\n'}
[5.008950] (base_interfaces_demo) StdoutLine: {'line': b'-- Up-to-date: /home/cjs/VL53L8CX/VL53L8CX_ws/install/base_interfaces_demo/include/base_interfaces_demo/msg/detail/test__functions.h\n'}
[5.009073] (base_interfaces_demo) StdoutLine: {'line': b'-- Up-to-date: /home/cjs/VL53L8CX/VL53L8CX_ws/install/base_interfaces_demo/include/base_interfaces_demo/msg/detail/lift_info__functions.h\n'}
[5.009209] (base_interfaces_demo) StdoutLine: {'line': b'-- Up-to-date: /home/cjs/VL53L8CX/VL53L8CX_ws/install/base_interfaces_demo/include/base_interfaces_demo/msg/detail/movecontrol_info__struct.h\n'}
[5.009596] (base_interfaces_demo) StdoutLine: {'line': b'-- Up-to-date: /home/cjs/VL53L8CX/VL53L8CX_ws/install/base_interfaces_demo/include/base_interfaces_demo/msg/detail/motor_cmd__functions.h\n'}
[5.009842] (base_interfaces_demo) StdoutLine: {'line': b'-- Up-to-date: /home/cjs/VL53L8CX/VL53L8CX_ws/install/base_interfaces_demo/include/base_interfaces_demo/msg/detail/bt_status__functions.c\n'}
[5.009966] (base_interfaces_demo) StdoutLine: {'line': b'-- Up-to-date: /home/cjs/VL53L8CX/VL53L8CX_ws/install/base_interfaces_demo/include/base_interfaces_demo/msg/detail/manual__functions.h\n'}
[5.010120] (base_interfaces_demo) StdoutLine: {'line': b'-- Up-to-date: /home/cjs/VL53L8CX/VL53L8CX_ws/install/base_interfaces_demo/include/base_interfaces_demo/msg/detail/hall_info__functions.h\n'}
[5.010240] (base_interfaces_demo) StdoutLine: {'line': b'-- Up-to-date: /home/cjs/VL53L8CX/VL53L8CX_ws/install/base_interfaces_demo/include/base_interfaces_demo/msg/detail/manual__functions.c\n'}
[5.010412] (base_interfaces_demo) StdoutLine: {'line': b'-- Up-to-date: /home/cjs/VL53L8CX/VL53L8CX_ws/install/base_interfaces_demo/include/base_interfaces_demo/msg/detail/file_updata__functions.c\n'}
[5.010532] (base_interfaces_demo) StdoutLine: {'line': b'-- Up-to-date: /home/cjs/VL53L8CX/VL53L8CX_ws/install/base_interfaces_demo/include/base_interfaces_demo/msg/detail/manual_seek_label__type_support.h\n'}
[5.010672] (base_interfaces_demo) StdoutLine: {'line': b'-- Up-to-date: /home/cjs/VL53L8CX/VL53L8CX_ws/install/base_interfaces_demo/include/base_interfaces_demo/msg/detail/pallet_info__type_support.h\n'}
[5.010812] (base_interfaces_demo) StdoutLine: {'line': b'-- Up-to-date: /home/cjs/VL53L8CX/VL53L8CX_ws/install/base_interfaces_demo/include/base_interfaces_demo/msg/detail/ohom__functions.h\n'}
[5.010932] (base_interfaces_demo) StdoutLine: {'line': b'-- Up-to-date: /home/cjs/VL53L8CX/VL53L8CX_ws/install/base_interfaces_demo/include/base_interfaces_demo/msg/detail/color_info__functions.h\n'}
[5.011051] (base_interfaces_demo) StdoutLine: {'line': b'-- Up-to-date: /home/cjs/VL53L8CX/VL53L8CX_ws/install/base_interfaces_demo/include/base_interfaces_demo/msg/detail/health_node__functions.h\n'}
[5.011171] (base_interfaces_demo) StdoutLine: {'line': b'-- Up-to-date: /home/cjs/VL53L8CX/VL53L8CX_ws/install/base_interfaces_demo/include/base_interfaces_demo/msg/detail/seek_cmd__functions.c\n'}
[5.011292] (base_interfaces_demo) StdoutLine: {'line': b'-- Up-to-date: /home/cjs/VL53L8CX/VL53L8CX_ws/install/base_interfaces_demo/include/base_interfaces_demo/msg/detail/car_status__functions.h\n'}
[5.011593] (base_interfaces_demo) StdoutLine: {'line': b'-- Up-to-date: /home/cjs/VL53L8CX/VL53L8CX_ws/install/base_interfaces_demo/include/base_interfaces_demo/msg/detail/motion_control__type_support.h\n'}
[5.011750] (base_interfaces_demo) StdoutLine: {'line': b'-- Up-to-date: /home/cjs/VL53L8CX/VL53L8CX_ws/install/base_interfaces_demo/include/base_interfaces_demo/msg/detail/manual_seek_label__functions.c\n'}
[5.011872] (base_interfaces_demo) StdoutLine: {'line': b'-- Up-to-date: /home/cjs/VL53L8CX/VL53L8CX_ws/install/base_interfaces_demo/include/base_interfaces_demo/msg/detail/bms_info__functions.h\n'}
[5.011993] (base_interfaces_demo) StdoutLine: {'line': b'-- Up-to-date: /home/cjs/VL53L8CX/VL53L8CX_ws/install/base_interfaces_demo/include/base_interfaces_demo/msg/detail/system_status__functions.h\n'}
[5.012140] (base_interfaces_demo) StdoutLine: {'line': b'-- Up-to-date: /home/cjs/VL53L8CX/VL53L8CX_ws/install/base_interfaces_demo/include/base_interfaces_demo/msg/detail/location__functions.c\n'}
[5.012299] (base_interfaces_demo) StdoutLine: {'line': b'-- Up-to-date: /home/cjs/VL53L8CX/VL53L8CX_ws/install/base_interfaces_demo/include/base_interfaces_demo/msg/detail/lift_info__struct.h\n'}
[5.012424] (base_interfaces_demo) StdoutLine: {'line': b'-- Up-to-date: /home/cjs/VL53L8CX/VL53L8CX_ws/install/base_interfaces_demo/include/base_interfaces_demo/msg/detail/rcs_info__functions.c\n'}
[5.012552] (base_interfaces_demo) StdoutLine: {'line': b'-- Up-to-date: /home/cjs/VL53L8CX/VL53L8CX_ws/install/base_interfaces_demo/include/base_interfaces_demo/msg/detail/motion_control__functions.h\n'}
[5.012694] (base_interfaces_demo) StdoutLine: {'line': b'-- Up-to-date: /home/cjs/VL53L8CX/VL53L8CX_ws/install/base_interfaces_demo/include/base_interfaces_demo/msg/detail/motor_cmd__struct.h\n'}
[5.012831] (base_interfaces_demo) StdoutLine: {'line': b'-- Up-to-date: /home/cjs/VL53L8CX/VL53L8CX_ws/install/base_interfaces_demo/include/base_interfaces_demo/msg/detail/system_status__functions.c\n'}
[5.012956] (base_interfaces_demo) StdoutLine: {'line': b'-- Up-to-date: /home/cjs/VL53L8CX/VL53L8CX_ws/install/base_interfaces_demo/include/base_interfaces_demo/msg/detail/location__struct.h\n'}
[5.013074] (base_interfaces_demo) StdoutLine: {'line': b'-- Up-to-date: /home/cjs/VL53L8CX/VL53L8CX_ws/install/base_interfaces_demo/include/base_interfaces_demo/msg/detail/motor_cmd__type_support.h\n'}
[5.013201] (base_interfaces_demo) StdoutLine: {'line': b'-- Up-to-date: /home/cjs/VL53L8CX/VL53L8CX_ws/install/base_interfaces_demo/include/base_interfaces_demo/msg/detail/hall_info__functions.c\n'}
[5.013324] (base_interfaces_demo) StdoutLine: {'line': b'-- Up-to-date: /home/cjs/VL53L8CX/VL53L8CX_ws/install/base_interfaces_demo/include/base_interfaces_demo/msg/detail/file_updata__functions.h\n'}
[5.013475] (base_interfaces_demo) StdoutLine: {'line': b'-- Up-to-date: /home/cjs/VL53L8CX/VL53L8CX_ws/install/base_interfaces_demo/include/base_interfaces_demo/msg/detail/test__type_support.h\n'}
[5.013593] (base_interfaces_demo) StdoutLine: {'line': b'-- Up-to-date: /home/cjs/VL53L8CX/VL53L8CX_ws/install/base_interfaces_demo/include/base_interfaces_demo/msg/detail/ohom__type_support.h\n'}
[5.013711] (base_interfaces_demo) StdoutLine: {'line': b'-- Up-to-date: /home/cjs/VL53L8CX/VL53L8CX_ws/install/base_interfaces_demo/include/base_interfaces_demo/msg/detail/bt_status__functions.h\n'}
[5.013863] (base_interfaces_demo) StdoutLine: {'line': b'-- Up-to-date: /home/cjs/VL53L8CX/VL53L8CX_ws/install/base_interfaces_demo/include/base_interfaces_demo/msg/detail/pallet_info__struct.h\n'}
[5.014035] (base_interfaces_demo) StdoutLine: {'line': b'-- Up-to-date: /home/cjs/VL53L8CX/VL53L8CX_ws/install/base_interfaces_demo/include/base_interfaces_demo/msg/detail/seek_ret__functions.h\n'}
[5.014213] (base_interfaces_demo) StdoutLine: {'line': b'-- Up-to-date: /home/cjs/VL53L8CX/VL53L8CX_ws/install/base_interfaces_demo/include/base_interfaces_demo/msg/detail/color_info__struct.h\n'}
[5.014379] (base_interfaces_demo) StdoutLine: {'line': b'-- Up-to-date: /home/cjs/VL53L8CX/VL53L8CX_ws/install/base_interfaces_demo/include/base_interfaces_demo/msg/detail/charger_info__functions.c\n'}
[5.014516] (base_interfaces_demo) StdoutLine: {'line': b'-- Up-to-date: /home/cjs/VL53L8CX/VL53L8CX_ws/install/base_interfaces_demo/include/base_interfaces_demo/msg/detail/pub_code__struct.h\n'}
[5.014677] (base_interfaces_demo) StdoutLine: {'line': b'-- Up-to-date: /home/cjs/VL53L8CX/VL53L8CX_ws/install/base_interfaces_demo/include/base_interfaces_demo/msg/detail/lift_control__functions.h\n'}
[5.014826] (base_interfaces_demo) StdoutLine: {'line': b'-- Up-to-date: /home/cjs/VL53L8CX/VL53L8CX_ws/install/base_interfaces_demo/include/base_interfaces_demo/msg/detail/obs_laser__functions.h\n'}
[5.014946] (base_interfaces_demo) StdoutLine: {'line': b'-- Up-to-date: /home/cjs/VL53L8CX/VL53L8CX_ws/install/base_interfaces_demo/include/base_interfaces_demo/msg/detail/seek_cmd__type_support.h\n'}
[5.015071] (base_interfaces_demo) StdoutLine: {'line': b'-- Up-to-date: /home/cjs/VL53L8CX/VL53L8CX_ws/install/base_interfaces_demo/include/base_interfaces_demo/msg/detail/movecontrol_info__functions.c\n'}
[5.015192] (base_interfaces_demo) StdoutLine: {'line': b'-- Up-to-date: /home/cjs/VL53L8CX/VL53L8CX_ws/install/base_interfaces_demo/include/base_interfaces_demo/msg/detail/manual__type_support.h\n'}
[5.015546] (base_interfaces_demo) StdoutLine: {'line': b'-- Up-to-date: /home/cjs/VL53L8CX/VL53L8CX_ws/install/base_interfaces_demo/include/base_interfaces_demo/msg/detail/system_status__type_support.h\n'}
[5.015754] (base_interfaces_demo) StdoutLine: {'line': b'-- Up-to-date: /home/cjs/VL53L8CX/VL53L8CX_ws/install/base_interfaces_demo/include/base_interfaces_demo/msg/detail/car_status__struct.h\n'}
[5.015906] (base_interfaces_demo) StdoutLine: {'line': b'-- Up-to-date: /home/cjs/VL53L8CX/VL53L8CX_ws/install/base_interfaces_demo/include/base_interfaces_demo/msg/detail/lift_control__functions.c\n'}
[5.016036] (base_interfaces_demo) StdoutLine: {'line': b'-- Up-to-date: /home/cjs/VL53L8CX/VL53L8CX_ws/install/base_interfaces_demo/include/base_interfaces_demo/msg/detail/seek_ret__functions.c\n'}
[5.016161] (base_interfaces_demo) StdoutLine: {'line': b'-- Up-to-date: /home/cjs/VL53L8CX/VL53L8CX_ws/install/base_interfaces_demo/include/base_interfaces_demo/msg/detail/hall_info__type_support.h\n'}
[5.016280] (base_interfaces_demo) StdoutLine: {'line': b'-- Up-to-date: /home/cjs/VL53L8CX/VL53L8CX_ws/install/base_interfaces_demo/include/base_interfaces_demo/msg/detail/obs_laser__struct.h\n'}
[5.016399] (base_interfaces_demo) StdoutLine: {'line': b'-- Up-to-date: /home/cjs/VL53L8CX/VL53L8CX_ws/install/base_interfaces_demo/include/base_interfaces_demo/msg/detail/ohom__functions.c\n'}
[5.016518] (base_interfaces_demo) StdoutLine: {'line': b'-- Up-to-date: /home/cjs/VL53L8CX/VL53L8CX_ws/install/base_interfaces_demo/include/base_interfaces_demo/msg/detail/motion_control__struct.h\n'}
[5.016635] (base_interfaces_demo) StdoutLine: {'line': b'-- Up-to-date: /home/cjs/VL53L8CX/VL53L8CX_ws/install/base_interfaces_demo/include/base_interfaces_demo/msg/detail/lift_info__type_support.h\n'}
[5.016753] (base_interfaces_demo) StdoutLine: {'line': b'-- Up-to-date: /home/cjs/VL53L8CX/VL53L8CX_ws/install/base_interfaces_demo/include/base_interfaces_demo/msg/detail/location__type_support.h\n'}
[5.016871] (base_interfaces_demo) StdoutLine: {'line': b'-- Up-to-date: /home/cjs/VL53L8CX/VL53L8CX_ws/install/base_interfaces_demo/include/base_interfaces_demo/msg/detail/health_node__type_support.h\n'}
[5.017001] (base_interfaces_demo) StdoutLine: {'line': b'-- Up-to-date: /home/cjs/VL53L8CX/VL53L8CX_ws/install/base_interfaces_demo/include/base_interfaces_demo/msg/detail/seek_ret__struct.h\n'}
[5.017121] (base_interfaces_demo) StdoutLine: {'line': b'-- Up-to-date: /home/cjs/VL53L8CX/VL53L8CX_ws/install/base_interfaces_demo/include/base_interfaces_demo/msg/detail/hall_info__struct.h\n'}
[5.017239] (base_interfaces_demo) StdoutLine: {'line': b'-- Up-to-date: /home/cjs/VL53L8CX/VL53L8CX_ws/install/base_interfaces_demo/include/base_interfaces_demo/msg/detail/bms_info__struct.h\n'}
[5.017370] (base_interfaces_demo) StdoutLine: {'line': b'-- Up-to-date: /home/cjs/VL53L8CX/VL53L8CX_ws/install/base_interfaces_demo/include/base_interfaces_demo/msg/detail/pallet_info__functions.c\n'}
[5.017491] (base_interfaces_demo) StdoutLine: {'line': b'-- Up-to-date: /home/cjs/VL53L8CX/VL53L8CX_ws/install/base_interfaces_demo/include/base_interfaces_demo/msg/detail/ohom__struct.h\n'}
[5.017610] (base_interfaces_demo) StdoutLine: {'line': b'-- Up-to-date: /home/cjs/VL53L8CX/VL53L8CX_ws/install/base_interfaces_demo/include/base_interfaces_demo/msg/detail/charger_info__struct.h\n'}
[5.017729] (base_interfaces_demo) StdoutLine: {'line': b'-- Up-to-date: /home/cjs/VL53L8CX/VL53L8CX_ws/install/base_interfaces_demo/include/base_interfaces_demo/msg/detail/charger_info__type_support.h\n'}
[5.017847] (base_interfaces_demo) StdoutLine: {'line': b'-- Up-to-date: /home/cjs/VL53L8CX/VL53L8CX_ws/install/base_interfaces_demo/include/base_interfaces_demo/msg/detail/bms_info__functions.c\n'}
[5.017976] (base_interfaces_demo) StdoutLine: {'line': b'-- Up-to-date: /home/cjs/VL53L8CX/VL53L8CX_ws/install/base_interfaces_demo/include/base_interfaces_demo/msg/detail/test__functions.c\n'}
[5.018095] (base_interfaces_demo) StdoutLine: {'line': b'-- Up-to-date: /home/cjs/VL53L8CX/VL53L8CX_ws/install/base_interfaces_demo/include/base_interfaces_demo/msg/detail/location__functions.h\n'}
[5.018214] (base_interfaces_demo) StdoutLine: {'line': b'-- Up-to-date: /home/cjs/VL53L8CX/VL53L8CX_ws/install/base_interfaces_demo/include/base_interfaces_demo/msg/detail/manual_seek_label__functions.h\n'}
[5.018562] (base_interfaces_demo) StdoutLine: {'line': b'-- Up-to-date: /home/cjs/VL53L8CX/VL53L8CX_ws/install/base_interfaces_demo/include/base_interfaces_demo/msg/detail/system_status__struct.h\n'}
[5.018684] (base_interfaces_demo) StdoutLine: {'line': b'-- Up-to-date: /home/cjs/VL53L8CX/VL53L8CX_ws/install/base_interfaces_demo/include/base_interfaces_demo/msg/detail/obs_laser__functions.c\n'}
[5.018809] (base_interfaces_demo) StdoutLine: {'line': b'-- Up-to-date: /home/cjs/VL53L8CX/VL53L8CX_ws/install/base_interfaces_demo/include/base_interfaces_demo/msg/detail/color_info__type_support.h\n'}
[5.018928] (base_interfaces_demo) StdoutLine: {'line': b'-- Up-to-date: /home/cjs/VL53L8CX/VL53L8CX_ws/install/base_interfaces_demo/include/base_interfaces_demo/msg/detail/file_updata__type_support.h\n'}
[5.019049] (base_interfaces_demo) StdoutLine: {'line': b'-- Up-to-date: /home/cjs/VL53L8CX/VL53L8CX_ws/install/base_interfaces_demo/include/base_interfaces_demo/msg/detail/car_status__type_support.h\n'}
[5.019186] (base_interfaces_demo) StdoutLine: {'line': b'-- Up-to-date: /home/cjs/VL53L8CX/VL53L8CX_ws/install/base_interfaces_demo/include/base_interfaces_demo/msg/detail/car_status__functions.c\n'}
[5.019307] (base_interfaces_demo) StdoutLine: {'line': b'-- Up-to-date: /home/cjs/VL53L8CX/VL53L8CX_ws/install/base_interfaces_demo/include/base_interfaces_demo/msg/pallet_info.h\n'}
[5.019616] (base_interfaces_demo) StdoutLine: {'line': b'-- Up-to-date: /home/cjs/VL53L8CX/VL53L8CX_ws/install/base_interfaces_demo/include/base_interfaces_demo/msg/motor_status.h\n'}
[5.019829] (base_interfaces_demo) StdoutLine: {'line': b'-- Up-to-date: /home/cjs/VL53L8CX/VL53L8CX_ws/install/base_interfaces_demo/include/base_interfaces_demo/msg/location.h\n'}
[5.020073] (base_interfaces_demo) StdoutLine: {'line': b'-- Up-to-date: /home/cjs/VL53L8CX/VL53L8CX_ws/install/base_interfaces_demo/include/base_interfaces_demo/msg/charger_info.h\n'}
[5.020193] (base_interfaces_demo) StdoutLine: {'line': b'-- Up-to-date: /home/cjs/VL53L8CX/VL53L8CX_ws/install/base_interfaces_demo/include/base_interfaces_demo/msg/rcs_info.h\n'}
[5.020312] (base_interfaces_demo) StdoutLine: {'line': b'-- Up-to-date: /home/cjs/VL53L8CX/VL53L8CX_ws/install/base_interfaces_demo/include/base_interfaces_demo/msg/bt_status.h\n'}
[5.020430] (base_interfaces_demo) StdoutLine: {'line': b'-- Up-to-date: /home/cjs/VL53L8CX/VL53L8CX_ws/install/base_interfaces_demo/include/base_interfaces_demo/msg/lift_info.h\n'}
[5.020558] (base_interfaces_demo) StdoutLine: {'line': b'-- Up-to-date: /home/cjs/VL53L8CX/VL53L8CX_ws/install/base_interfaces_demo/include/base_interfaces_demo/msg/color_info.h\n'}
[5.020678] (base_interfaces_demo) StdoutLine: {'line': b'-- Up-to-date: /home/cjs/VL53L8CX/VL53L8CX_ws/install/base_interfaces_demo/include/base_interfaces_demo/msg/movecontrol_info.h\n'}
[5.020797] (base_interfaces_demo) StdoutLine: {'line': b'-- Up-to-date: /home/cjs/VL53L8CX/VL53L8CX_ws/install/base_interfaces_demo/include/base_interfaces_demo/msg/test.h\n'}
[5.020915] (base_interfaces_demo) StdoutLine: {'line': b'-- Up-to-date: /home/cjs/VL53L8CX/VL53L8CX_ws/install/base_interfaces_demo/include/base_interfaces_demo/msg/obs_laser.h\n'}
[5.021034] (base_interfaces_demo) StdoutLine: {'line': b'-- Up-to-date: /home/cjs/VL53L8CX/VL53L8CX_ws/install/base_interfaces_demo/include/base_interfaces_demo/msg/hall_info.h\n'}
[5.021153] (base_interfaces_demo) StdoutLine: {'line': b'-- Up-to-date: /home/cjs/VL53L8CX/VL53L8CX_ws/install/base_interfaces_demo/include/base_interfaces_demo/msg/health_node.h\n'}
[5.021280] (base_interfaces_demo) StdoutLine: {'line': b'-- Up-to-date: /home/cjs/VL53L8CX/VL53L8CX_ws/install/base_interfaces_demo/include/base_interfaces_demo/msg/car_status.h\n'}
[5.021414] (base_interfaces_demo) StdoutLine: {'line': b'-- Up-to-date: /home/cjs/VL53L8CX/VL53L8CX_ws/install/base_interfaces_demo/include/base_interfaces_demo/msg/motion_control.h\n'}
[5.021535] (base_interfaces_demo) StdoutLine: {'line': b'-- Up-to-date: /home/cjs/VL53L8CX/VL53L8CX_ws/install/base_interfaces_demo/include/base_interfaces_demo/msg/pub_code.h\n'}
[5.021657] (base_interfaces_demo) StdoutLine: {'line': b'-- Up-to-date: /home/cjs/VL53L8CX/VL53L8CX_ws/install/base_interfaces_demo/include/base_interfaces_demo/msg/seek_cmd.h\n'}
[5.021895] (base_interfaces_demo) StdoutLine: {'line': b'-- Up-to-date: /home/cjs/VL53L8CX/VL53L8CX_ws/install/base_interfaces_demo/include/base_interfaces_demo/msg/system_status.h\n'}
[5.022115] (base_interfaces_demo) StdoutLine: {'line': b'-- Up-to-date: /home/cjs/VL53L8CX/VL53L8CX_ws/install/base_interfaces_demo/include/base_interfaces_demo/msg/manual.h\n'}
[5.022702] (base_interfaces_demo) StdoutLine: {'line': b'-- Up-to-date: /home/cjs/VL53L8CX/VL53L8CX_ws/install/base_interfaces_demo/include/base_interfaces_demo/msg/seek_ret.h\n'}
[5.023044] (base_interfaces_demo) StdoutLine: {'line': b'-- Up-to-date: /home/cjs/VL53L8CX/VL53L8CX_ws/install/base_interfaces_demo/include/base_interfaces_demo/msg/file_updata.h\n'}
[5.023768] (base_interfaces_demo) StdoutLine: {'line': b'-- Up-to-date: /home/cjs/VL53L8CX/VL53L8CX_ws/install/base_interfaces_demo/share/base_interfaces_demo/environment/library_path.sh\n'}
[5.024109] (base_interfaces_demo) StdoutLine: {'line': b'-- Up-to-date: /home/cjs/VL53L8CX/VL53L8CX_ws/install/base_interfaces_demo/share/base_interfaces_demo/environment/library_path.dsv\n'}
[5.024787] (base_interfaces_demo) StdoutLine: {'line': b'-- Up-to-date: /home/cjs/VL53L8CX/VL53L8CX_ws/install/base_interfaces_demo/lib/libbase_interfaces_demo__rosidl_generator_c.so\n'}
[5.025237] (base_interfaces_demo) StdoutLine: {'line': b'-- Up-to-date: /home/cjs/VL53L8CX/VL53L8CX_ws/install/base_interfaces_demo/include/base_interfaces_demo\n'}
[5.025581] (base_interfaces_demo) StdoutLine: {'line': b'-- Up-to-date: /home/cjs/VL53L8CX/VL53L8CX_ws/install/base_interfaces_demo/include/base_interfaces_demo/action\n'}
[5.026413] (base_interfaces_demo) StdoutLine: {'line': b'-- Up-to-date: /home/cjs/VL53L8CX/VL53L8CX_ws/install/base_interfaces_demo/include/base_interfaces_demo/action/detail\n'}
[5.027414] (base_interfaces_demo) StdoutLine: {'line': b'-- Up-to-date: /home/cjs/VL53L8CX/VL53L8CX_ws/install/base_interfaces_demo/include/base_interfaces_demo/action/detail/nav__rosidl_typesupport_fastrtps_c.h\n'}
[5.027869] (base_interfaces_demo) StdoutLine: {'line': b'-- Up-to-date: /home/cjs/VL53L8CX/VL53L8CX_ws/install/base_interfaces_demo/include/base_interfaces_demo/action/detail/pallet__rosidl_typesupport_fastrtps_c.h\n'}
[5.028799] (base_interfaces_demo) StdoutLine: {'line': b'-- Up-to-date: /home/cjs/VL53L8CX/VL53L8CX_ws/install/base_interfaces_demo/include/base_interfaces_demo/action/detail/reverse__rosidl_typesupport_fastrtps_c.h\n'}
[5.029349] (base_interfaces_demo) StdoutLine: {'line': b'-- Up-to-date: /home/cjs/VL53L8CX/VL53L8CX_ws/install/base_interfaces_demo/include/base_interfaces_demo/srv\n'}
[5.029521] (base_interfaces_demo) StdoutLine: {'line': b'-- Up-to-date: /home/cjs/VL53L8CX/VL53L8CX_ws/install/base_interfaces_demo/include/base_interfaces_demo/srv/detail\n'}
[5.029730] (base_interfaces_demo) StdoutLine: {'line': b'-- Up-to-date: /home/cjs/VL53L8CX/VL53L8CX_ws/install/base_interfaces_demo/include/base_interfaces_demo/srv/detail/hall__rosidl_typesupport_fastrtps_c.h\n'}
[5.029902] (base_interfaces_demo) StdoutLine: {'line': b'-- Up-to-date: /home/cjs/VL53L8CX/VL53L8CX_ws/install/base_interfaces_demo/include/base_interfaces_demo/srv/detail/check_emergency__rosidl_typesupport_fastrtps_c.h\n'}
[5.030091] (base_interfaces_demo) StdoutLine: {'line': b'-- Up-to-date: /home/cjs/VL53L8CX/VL53L8CX_ws/install/base_interfaces_demo/include/base_interfaces_demo/srv/detail/pub_code__rosidl_typesupport_fastrtps_c.h\n'}
[5.030290] (base_interfaces_demo) StdoutLine: {'line': b'-- Up-to-date: /home/cjs/VL53L8CX/VL53L8CX_ws/install/base_interfaces_demo/include/base_interfaces_demo/srv/detail/set_emergency__rosidl_typesupport_fastrtps_c.h\n'}
[5.030446] (base_interfaces_demo) StdoutLine: {'line': b'-- Up-to-date: /home/cjs/VL53L8CX/VL53L8CX_ws/install/base_interfaces_demo/include/base_interfaces_demo/srv/detail/rcs_server__rosidl_typesupport_fastrtps_c.h\n'}
[5.030602] (base_interfaces_demo) StdoutLine: {'line': b'-- Up-to-date: /home/cjs/VL53L8CX/VL53L8CX_ws/install/base_interfaces_demo/include/base_interfaces_demo/msg\n'}
[5.030768] (base_interfaces_demo) StdoutLine: {'line': b'-- Up-to-date: /home/cjs/VL53L8CX/VL53L8CX_ws/install/base_interfaces_demo/include/base_interfaces_demo/msg/detail\n'}
[5.030938] (base_interfaces_demo) StdoutLine: {'line': b'-- Up-to-date: /home/cjs/VL53L8CX/VL53L8CX_ws/install/base_interfaces_demo/include/base_interfaces_demo/msg/detail/hall_info__rosidl_typesupport_fastrtps_c.h\n'}
[5.031101] (base_interfaces_demo) StdoutLine: {'line': b'-- Up-to-date: /home/cjs/VL53L8CX/VL53L8CX_ws/install/base_interfaces_demo/include/base_interfaces_demo/msg/detail/manual__rosidl_typesupport_fastrtps_c.h\n'}
[5.031249] (base_interfaces_demo) StdoutLine: {'line': b'-- Up-to-date: /home/cjs/VL53L8CX/VL53L8CX_ws/install/base_interfaces_demo/include/base_interfaces_demo/msg/detail/manual_seek_label__rosidl_typesupport_fastrtps_c.h\n'}
[5.031397] (base_interfaces_demo) StdoutLine: {'line': b'-- Up-to-date: /home/cjs/VL53L8CX/VL53L8CX_ws/install/base_interfaces_demo/include/base_interfaces_demo/msg/detail/lift_info__rosidl_typesupport_fastrtps_c.h\n'}
[5.031545] (base_interfaces_demo) StdoutLine: {'line': b'-- Up-to-date: /home/cjs/VL53L8CX/VL53L8CX_ws/install/base_interfaces_demo/include/base_interfaces_demo/msg/detail/location__rosidl_typesupport_fastrtps_c.h\n'}
[5.031693] (base_interfaces_demo) StdoutLine: {'line': b'-- Up-to-date: /home/cjs/VL53L8CX/VL53L8CX_ws/install/base_interfaces_demo/include/base_interfaces_demo/msg/detail/movecontrol_info__rosidl_typesupport_fastrtps_c.h\n'}
[5.031843] (base_interfaces_demo) StdoutLine: {'line': b'-- Up-to-date: /home/cjs/VL53L8CX/VL53L8CX_ws/install/base_interfaces_demo/include/base_interfaces_demo/msg/detail/bms_info__rosidl_typesupport_fastrtps_c.h\n'}
[5.032133] (base_interfaces_demo) StdoutLine: {'line': b'-- Up-to-date: /home/cjs/VL53L8CX/VL53L8CX_ws/install/base_interfaces_demo/include/base_interfaces_demo/msg/detail/health_node__rosidl_typesupport_fastrtps_c.h\n'}
[5.032308] (base_interfaces_demo) StdoutLine: {'line': b'-- Up-to-date: /home/cjs/VL53L8CX/VL53L8CX_ws/install/base_interfaces_demo/include/base_interfaces_demo/msg/detail/lift_control__rosidl_typesupport_fastrtps_c.h\n'}
[5.032460] (base_interfaces_demo) StdoutLine: {'line': b'-- Up-to-date: /home/cjs/VL53L8CX/VL53L8CX_ws/install/base_interfaces_demo/include/base_interfaces_demo/msg/detail/color_info__rosidl_typesupport_fastrtps_c.h\n'}
[5.032608] (base_interfaces_demo) StdoutLine: {'line': b'-- Up-to-date: /home/cjs/VL53L8CX/VL53L8CX_ws/install/base_interfaces_demo/include/base_interfaces_demo/msg/detail/car_status__rosidl_typesupport_fastrtps_c.h\n'}
[5.032758] (base_interfaces_demo) StdoutLine: {'line': b'-- Up-to-date: /home/cjs/VL53L8CX/VL53L8CX_ws/install/base_interfaces_demo/include/base_interfaces_demo/msg/detail/pallet_info__rosidl_typesupport_fastrtps_c.h\n'}
[5.032922] (base_interfaces_demo) StdoutLine: {'line': b'-- Up-to-date: /home/cjs/VL53L8CX/VL53L8CX_ws/install/base_interfaces_demo/include/base_interfaces_demo/msg/detail/seek_ret__rosidl_typesupport_fastrtps_c.h\n'}
[5.033122] (base_interfaces_demo) StdoutLine: {'line': b'-- Up-to-date: /home/cjs/VL53L8CX/VL53L8CX_ws/install/base_interfaces_demo/include/base_interfaces_demo/msg/detail/pub_code__rosidl_typesupport_fastrtps_c.h\n'}
[5.033333] (base_interfaces_demo) StdoutLine: {'line': b'-- Up-to-date: /home/cjs/VL53L8CX/VL53L8CX_ws/install/base_interfaces_demo/include/base_interfaces_demo/msg/detail/rcs_info__rosidl_typesupport_fastrtps_c.h\n'}
[5.033508] (base_interfaces_demo) StdoutLine: {'line': b'-- Up-to-date: /home/cjs/VL53L8CX/VL53L8CX_ws/install/base_interfaces_demo/include/base_interfaces_demo/msg/detail/bt_status__rosidl_typesupport_fastrtps_c.h\n'}
[5.033836] (base_interfaces_demo) StdoutLine: {'line': b'-- Up-to-date: /home/cjs/VL53L8CX/VL53L8CX_ws/install/base_interfaces_demo/include/base_interfaces_demo/msg/detail/charger_info__rosidl_typesupport_fastrtps_c.h\n'}
[5.034241] (base_interfaces_demo) StdoutLine: {'line': b'-- Up-to-date: /home/cjs/VL53L8CX/VL53L8CX_ws/install/base_interfaces_demo/include/base_interfaces_demo/msg/detail/seek_cmd__rosidl_typesupport_fastrtps_c.h\n'}
[5.034379] (base_interfaces_demo) StdoutLine: {'line': b'-- Up-to-date: /home/cjs/VL53L8CX/VL53L8CX_ws/install/base_interfaces_demo/include/base_interfaces_demo/msg/detail/system_status__rosidl_typesupport_fastrtps_c.h\n'}
[5.034562] (base_interfaces_demo) StdoutLine: {'line': b'-- Up-to-date: /home/cjs/VL53L8CX/VL53L8CX_ws/install/base_interfaces_demo/include/base_interfaces_demo/msg/detail/motion_control__rosidl_typesupport_fastrtps_c.h\n'}
[5.034717] (base_interfaces_demo) StdoutLine: {'line': b'-- Up-to-date: /home/cjs/VL53L8CX/VL53L8CX_ws/install/base_interfaces_demo/include/base_interfaces_demo/msg/detail/test__rosidl_typesupport_fastrtps_c.h\n'}
[5.034866] (base_interfaces_demo) StdoutLine: {'line': b'-- Up-to-date: /home/cjs/VL53L8CX/VL53L8CX_ws/install/base_interfaces_demo/include/base_interfaces_demo/msg/detail/file_updata__rosidl_typesupport_fastrtps_c.h\n'}
[5.035030] (base_interfaces_demo) StdoutLine: {'line': b'-- Up-to-date: /home/cjs/VL53L8CX/VL53L8CX_ws/install/base_interfaces_demo/include/base_interfaces_demo/msg/detail/ohom__rosidl_typesupport_fastrtps_c.h\n'}
[5.035183] (base_interfaces_demo) StdoutLine: {'line': b'-- Up-to-date: /home/cjs/VL53L8CX/VL53L8CX_ws/install/base_interfaces_demo/include/base_interfaces_demo/msg/detail/motor_cmd__rosidl_typesupport_fastrtps_c.h\n'}
[5.035343] (base_interfaces_demo) StdoutLine: {'line': b'-- Up-to-date: /home/cjs/VL53L8CX/VL53L8CX_ws/install/base_interfaces_demo/include/base_interfaces_demo/msg/detail/obs_laser__rosidl_typesupport_fastrtps_c.h\n'}
[5.035474] (base_interfaces_demo) StdoutLine: {'line': b'-- Up-to-date: /home/cjs/VL53L8CX/VL53L8CX_ws/install/base_interfaces_demo/include/base_interfaces_demo/msg/detail/motor_status__rosidl_typesupport_fastrtps_c.h\n'}
[5.035622] (base_interfaces_demo) StdoutLine: {'line': b'-- Up-to-date: /home/cjs/VL53L8CX/VL53L8CX_ws/install/base_interfaces_demo/include/base_interfaces_demo/msg/rosidl_typesupport_fastrtps_c__visibility_control.h\n'}
[5.043267] (base_interfaces_demo) StdoutLine: {'line': b'-- Up-to-date: /home/cjs/VL53L8CX/VL53L8CX_ws/install/base_interfaces_demo/lib/libbase_interfaces_demo__rosidl_typesupport_fastrtps_c.so\n'}
[5.044282] (base_interfaces_demo) StdoutLine: {'line': b'-- Up-to-date: /home/cjs/VL53L8CX/VL53L8CX_ws/install/base_interfaces_demo/include/base_interfaces_demo\n'}
[5.045020] (base_interfaces_demo) StdoutLine: {'line': b'-- Up-to-date: /home/cjs/VL53L8CX/VL53L8CX_ws/install/base_interfaces_demo/include/base_interfaces_demo/action\n'}
[5.045166] (base_interfaces_demo) StdoutLine: {'line': b'-- Up-to-date: /home/cjs/VL53L8CX/VL53L8CX_ws/install/base_interfaces_demo/include/base_interfaces_demo/action/detail\n'}
[5.045286] (base_interfaces_demo) StdoutLine: {'line': b'-- Up-to-date: /home/cjs/VL53L8CX/VL53L8CX_ws/install/base_interfaces_demo/include/base_interfaces_demo/action/detail/pallet__rosidl_typesupport_fastrtps_cpp.hpp\n'}
[5.045513] (base_interfaces_demo) StdoutLine: {'line': b'-- Up-to-date: /home/cjs/VL53L8CX/VL53L8CX_ws/install/base_interfaces_demo/include/base_interfaces_demo/action/detail/dds_fastrtps\n'}
[5.045746] (base_interfaces_demo) StdoutLine: {'line': b'-- Up-to-date: /home/cjs/VL53L8CX/VL53L8CX_ws/install/base_interfaces_demo/include/base_interfaces_demo/action/detail/reverse__rosidl_typesupport_fastrtps_cpp.hpp\n'}
[5.045885] (base_interfaces_demo) StdoutLine: {'line': b'-- Up-to-date: /home/cjs/VL53L8CX/VL53L8CX_ws/install/base_interfaces_demo/include/base_interfaces_demo/action/detail/nav__rosidl_typesupport_fastrtps_cpp.hpp\n'}
[5.046031] (base_interfaces_demo) StdoutLine: {'line': b'-- Up-to-date: /home/cjs/VL53L8CX/VL53L8CX_ws/install/base_interfaces_demo/include/base_interfaces_demo/srv\n'}
[5.046152] (base_interfaces_demo) StdoutLine: {'line': b'-- Up-to-date: /home/cjs/VL53L8CX/VL53L8CX_ws/install/base_interfaces_demo/include/base_interfaces_demo/srv/detail\n'}
[5.046306] (base_interfaces_demo) StdoutLine: {'line': b'-- Up-to-date: /home/cjs/VL53L8CX/VL53L8CX_ws/install/base_interfaces_demo/include/base_interfaces_demo/srv/detail/check_emergency__rosidl_typesupport_fastrtps_cpp.hpp\n'}
[5.046734] (base_interfaces_demo) StdoutLine: {'line': b'-- Up-to-date: /home/cjs/VL53L8CX/VL53L8CX_ws/install/base_interfaces_demo/include/base_interfaces_demo/srv/detail/set_emergency__rosidl_typesupport_fastrtps_cpp.hpp\n'}
[5.047179] (base_interfaces_demo) StdoutLine: {'line': b'-- Up-to-date: /home/cjs/VL53L8CX/VL53L8CX_ws/install/base_interfaces_demo/include/base_interfaces_demo/srv/detail/rcs_server__rosidl_typesupport_fastrtps_cpp.hpp\n'}
[5.047459] (base_interfaces_demo) StdoutLine: {'line': b'-- Up-to-date: /home/cjs/VL53L8CX/VL53L8CX_ws/install/base_interfaces_demo/include/base_interfaces_demo/srv/detail/dds_fastrtps\n'}
[5.047582] (base_interfaces_demo) StdoutLine: {'line': b'-- Up-to-date: /home/cjs/VL53L8CX/VL53L8CX_ws/install/base_interfaces_demo/include/base_interfaces_demo/srv/detail/pub_code__rosidl_typesupport_fastrtps_cpp.hpp\n'}
[5.047706] (base_interfaces_demo) StdoutLine: {'line': b'-- Up-to-date: /home/cjs/VL53L8CX/VL53L8CX_ws/install/base_interfaces_demo/include/base_interfaces_demo/srv/detail/hall__rosidl_typesupport_fastrtps_cpp.hpp\n'}
[5.048179] (base_interfaces_demo) StdoutLine: {'line': b'-- Up-to-date: /home/cjs/VL53L8CX/VL53L8CX_ws/install/base_interfaces_demo/include/base_interfaces_demo/msg\n'}
[5.048311] (base_interfaces_demo) StdoutLine: {'line': b'-- Up-to-date: /home/cjs/VL53L8CX/VL53L8CX_ws/install/base_interfaces_demo/include/base_interfaces_demo/msg/detail\n'}
[5.048432] (base_interfaces_demo) StdoutLine: {'line': b'-- Up-to-date: /home/cjs/VL53L8CX/VL53L8CX_ws/install/base_interfaces_demo/include/base_interfaces_demo/msg/detail/hall_info__rosidl_typesupport_fastrtps_cpp.hpp\n'}
[5.048788] (base_interfaces_demo) StdoutLine: {'line': b'-- Up-to-date: /home/cjs/VL53L8CX/VL53L8CX_ws/install/base_interfaces_demo/include/base_interfaces_demo/msg/detail/pallet_info__rosidl_typesupport_fastrtps_cpp.hpp\n'}
[5.049060] (base_interfaces_demo) StdoutLine: {'line': b'-- Up-to-date: /home/cjs/VL53L8CX/VL53L8CX_ws/install/base_interfaces_demo/include/base_interfaces_demo/msg/detail/car_status__rosidl_typesupport_fastrtps_cpp.hpp\n'}
[5.049500] (base_interfaces_demo) StdoutLine: {'line': b'-- Up-to-date: /home/cjs/VL53L8CX/VL53L8CX_ws/install/base_interfaces_demo/include/base_interfaces_demo/msg/detail/manual__rosidl_typesupport_fastrtps_cpp.hpp\n'}
[5.049621] (base_interfaces_demo) StdoutLine: {'line': b'-- Up-to-date: /home/cjs/VL53L8CX/VL53L8CX_ws/install/base_interfaces_demo/include/base_interfaces_demo/msg/detail/test__rosidl_typesupport_fastrtps_cpp.hpp\n'}
[5.049742] (base_interfaces_demo) StdoutLine: {'line': b'-- Up-to-date: /home/cjs/VL53L8CX/VL53L8CX_ws/install/base_interfaces_demo/include/base_interfaces_demo/msg/detail/lift_info__rosidl_typesupport_fastrtps_cpp.hpp\n'}
[5.049874] (base_interfaces_demo) StdoutLine: {'line': b'-- Up-to-date: /home/cjs/VL53L8CX/VL53L8CX_ws/install/base_interfaces_demo/include/base_interfaces_demo/msg/detail/manual_seek_label__rosidl_typesupport_fastrtps_cpp.hpp\n'}
[5.049997] (base_interfaces_demo) StdoutLine: {'line': b'-- Up-to-date: /home/cjs/VL53L8CX/VL53L8CX_ws/install/base_interfaces_demo/include/base_interfaces_demo/msg/detail/file_updata__rosidl_typesupport_fastrtps_cpp.hpp\n'}
[5.050119] (base_interfaces_demo) StdoutLine: {'line': b'-- Up-to-date: /home/cjs/VL53L8CX/VL53L8CX_ws/install/base_interfaces_demo/include/base_interfaces_demo/msg/detail/lift_control__rosidl_typesupport_fastrtps_cpp.hpp\n'}
[5.050282] (base_interfaces_demo) StdoutLine: {'line': b'-- Up-to-date: /home/cjs/VL53L8CX/VL53L8CX_ws/install/base_interfaces_demo/include/base_interfaces_demo/msg/detail/movecontrol_info__rosidl_typesupport_fastrtps_cpp.hpp\n'}
[5.050440] (base_interfaces_demo) StdoutLine: {'line': b'-- Up-to-date: /home/cjs/VL53L8CX/VL53L8CX_ws/install/base_interfaces_demo/include/base_interfaces_demo/msg/detail/seek_cmd__rosidl_typesupport_fastrtps_cpp.hpp\n'}
[5.050595] (base_interfaces_demo) StdoutLine: {'line': b'-- Up-to-date: /home/cjs/VL53L8CX/VL53L8CX_ws/install/base_interfaces_demo/include/base_interfaces_demo/msg/detail/seek_ret__rosidl_typesupport_fastrtps_cpp.hpp\n'}
[5.050773] (base_interfaces_demo) StdoutLine: {'line': b'-- Up-to-date: /home/cjs/VL53L8CX/VL53L8CX_ws/install/base_interfaces_demo/include/base_interfaces_demo/msg/detail/color_info__rosidl_typesupport_fastrtps_cpp.hpp\n'}
[5.050951] (base_interfaces_demo) StdoutLine: {'line': b'-- Up-to-date: /home/cjs/VL53L8CX/VL53L8CX_ws/install/base_interfaces_demo/include/base_interfaces_demo/msg/detail/location__rosidl_typesupport_fastrtps_cpp.hpp\n'}
[5.051109] (base_interfaces_demo) StdoutLine: {'line': b'-- Up-to-date: /home/cjs/VL53L8CX/VL53L8CX_ws/install/base_interfaces_demo/include/base_interfaces_demo/msg/detail/bt_status__rosidl_typesupport_fastrtps_cpp.hpp\n'}
[5.051264] (base_interfaces_demo) StdoutLine: {'line': b'-- Up-to-date: /home/cjs/VL53L8CX/VL53L8CX_ws/install/base_interfaces_demo/include/base_interfaces_demo/msg/detail/dds_fastrtps\n'}
[5.051429] (base_interfaces_demo) StdoutLine: {'line': b'-- Up-to-date: /home/cjs/VL53L8CX/VL53L8CX_ws/install/base_interfaces_demo/include/base_interfaces_demo/msg/detail/motor_cmd__rosidl_typesupport_fastrtps_cpp.hpp\n'}
[5.051609] (base_interfaces_demo) StdoutLine: {'line': b'-- Up-to-date: /home/cjs/VL53L8CX/VL53L8CX_ws/install/base_interfaces_demo/include/base_interfaces_demo/msg/detail/motion_control__rosidl_typesupport_fastrtps_cpp.hpp\n'}
[5.051775] (base_interfaces_demo) StdoutLine: {'line': b'-- Up-to-date: /home/cjs/VL53L8CX/VL53L8CX_ws/install/base_interfaces_demo/include/base_interfaces_demo/msg/detail/bms_info__rosidl_typesupport_fastrtps_cpp.hpp\n'}
[5.052327] (base_interfaces_demo) StdoutLine: {'line': b'-- Up-to-date: /home/cjs/VL53L8CX/VL53L8CX_ws/install/base_interfaces_demo/include/base_interfaces_demo/msg/detail/ohom__rosidl_typesupport_fastrtps_cpp.hpp\n'}
[5.052507] (base_interfaces_demo) StdoutLine: {'line': b'-- Up-to-date: /home/cjs/VL53L8CX/VL53L8CX_ws/install/base_interfaces_demo/include/base_interfaces_demo/msg/detail/pub_code__rosidl_typesupport_fastrtps_cpp.hpp\n'}
[5.052673] (base_interfaces_demo) StdoutLine: {'line': b'-- Up-to-date: /home/cjs/VL53L8CX/VL53L8CX_ws/install/base_interfaces_demo/include/base_interfaces_demo/msg/detail/charger_info__rosidl_typesupport_fastrtps_cpp.hpp\n'}
[5.052833] (base_interfaces_demo) StdoutLine: {'line': b'-- Up-to-date: /home/cjs/VL53L8CX/VL53L8CX_ws/install/base_interfaces_demo/include/base_interfaces_demo/msg/detail/system_status__rosidl_typesupport_fastrtps_cpp.hpp\n'}
[5.052995] (base_interfaces_demo) StdoutLine: {'line': b'-- Up-to-date: /home/cjs/VL53L8CX/VL53L8CX_ws/install/base_interfaces_demo/include/base_interfaces_demo/msg/detail/rcs_info__rosidl_typesupport_fastrtps_cpp.hpp\n'}
[5.053146] (base_interfaces_demo) StdoutLine: {'line': b'-- Up-to-date: /home/cjs/VL53L8CX/VL53L8CX_ws/install/base_interfaces_demo/include/base_interfaces_demo/msg/detail/motor_status__rosidl_typesupport_fastrtps_cpp.hpp\n'}
[5.053294] (base_interfaces_demo) StdoutLine: {'line': b'-- Up-to-date: /home/cjs/VL53L8CX/VL53L8CX_ws/install/base_interfaces_demo/include/base_interfaces_demo/msg/detail/health_node__rosidl_typesupport_fastrtps_cpp.hpp\n'}
[5.053439] (base_interfaces_demo) StdoutLine: {'line': b'-- Up-to-date: /home/cjs/VL53L8CX/VL53L8CX_ws/install/base_interfaces_demo/include/base_interfaces_demo/msg/detail/obs_laser__rosidl_typesupport_fastrtps_cpp.hpp\n'}
[5.053583] (base_interfaces_demo) StdoutLine: {'line': b'-- Up-to-date: /home/cjs/VL53L8CX/VL53L8CX_ws/install/base_interfaces_demo/include/base_interfaces_demo/msg/rosidl_typesupport_fastrtps_cpp__visibility_control.h\n'}
[5.057530] (base_interfaces_demo) StdoutLine: {'line': b'-- Up-to-date: /home/cjs/VL53L8CX/VL53L8CX_ws/install/base_interfaces_demo/lib/libbase_interfaces_demo__rosidl_typesupport_fastrtps_cpp.so\n'}
[5.059571] (base_interfaces_demo) StdoutLine: {'line': b'-- Up-to-date: /home/cjs/VL53L8CX/VL53L8CX_ws/install/base_interfaces_demo/include/base_interfaces_demo\n'}
[5.060387] (base_interfaces_demo) StdoutLine: {'line': b'-- Up-to-date: /home/cjs/VL53L8CX/VL53L8CX_ws/install/base_interfaces_demo/include/base_interfaces_demo/action\n'}
[5.061024] (base_interfaces_demo) StdoutLine: {'line': b'-- Up-to-date: /home/cjs/VL53L8CX/VL53L8CX_ws/install/base_interfaces_demo/include/base_interfaces_demo/action/detail\n'}
[5.061196] (base_interfaces_demo) StdoutLine: {'line': b'-- Up-to-date: /home/cjs/VL53L8CX/VL53L8CX_ws/install/base_interfaces_demo/include/base_interfaces_demo/action/detail/pallet__rosidl_typesupport_introspection_c.h\n'}
[5.061471] (base_interfaces_demo) StdoutLine: {'line': b'-- Up-to-date: /home/cjs/VL53L8CX/VL53L8CX_ws/install/base_interfaces_demo/include/base_interfaces_demo/action/detail/reverse__type_support.c\n'}
[5.061631] (base_interfaces_demo) StdoutLine: {'line': b'-- Up-to-date: /home/cjs/VL53L8CX/VL53L8CX_ws/install/base_interfaces_demo/include/base_interfaces_demo/action/detail/nav__rosidl_typesupport_introspection_c.h\n'}
[5.063889] (base_interfaces_demo) StdoutLine: {'line': b'-- Up-to-date: /home/cjs/VL53L8CX/VL53L8CX_ws/install/base_interfaces_demo/include/base_interfaces_demo/action/detail/nav__type_support.c\n'}
[5.064264] (base_interfaces_demo) StdoutLine: {'line': b'-- Up-to-date: /home/cjs/VL53L8CX/VL53L8CX_ws/install/base_interfaces_demo/include/base_interfaces_demo/action/detail/reverse__rosidl_typesupport_introspection_c.h\n'}
[5.064401] (base_interfaces_demo) StdoutLine: {'line': b'-- Up-to-date: /home/cjs/VL53L8CX/VL53L8CX_ws/install/base_interfaces_demo/include/base_interfaces_demo/action/detail/pallet__type_support.c\n'}
[5.064521] (base_interfaces_demo) StdoutLine: {'line': b'-- Up-to-date: /home/cjs/VL53L8CX/VL53L8CX_ws/install/base_interfaces_demo/include/base_interfaces_demo/srv\n'}
[5.064639] (base_interfaces_demo) StdoutLine: {'line': b'-- Up-to-date: /home/cjs/VL53L8CX/VL53L8CX_ws/install/base_interfaces_demo/include/base_interfaces_demo/srv/detail\n'}
[5.065191] (base_interfaces_demo) StdoutLine: {'line': b'-- Up-to-date: /home/cjs/VL53L8CX/VL53L8CX_ws/install/base_interfaces_demo/include/base_interfaces_demo/srv/detail/pub_code__rosidl_typesupport_introspection_c.h\n'}
[5.065999] (base_interfaces_demo) StdoutLine: {'line': b'-- Up-to-date: /home/cjs/VL53L8CX/VL53L8CX_ws/install/base_interfaces_demo/include/base_interfaces_demo/srv/detail/set_emergency__rosidl_typesupport_introspection_c.h\n'}
[5.066334] (base_interfaces_demo) StdoutLine: {'line': b'-- Up-to-date: /home/cjs/VL53L8CX/VL53L8CX_ws/install/base_interfaces_demo/include/base_interfaces_demo/srv/detail/pub_code__type_support.c\n'}
[5.066625] (base_interfaces_demo) StdoutLine: {'line': b'-- Up-to-date: /home/cjs/VL53L8CX/VL53L8CX_ws/install/base_interfaces_demo/include/base_interfaces_demo/srv/detail/rcs_server__rosidl_typesupport_introspection_c.h\n'}
[5.066909] (base_interfaces_demo) StdoutLine: {'line': b'-- Up-to-date: /home/cjs/VL53L8CX/VL53L8CX_ws/install/base_interfaces_demo/include/base_interfaces_demo/srv/detail/rcs_server__type_support.c\n'}
[5.067136] (base_interfaces_demo) StdoutLine: {'line': b'-- Up-to-date: /home/cjs/VL53L8CX/VL53L8CX_ws/install/base_interfaces_demo/include/base_interfaces_demo/srv/detail/set_emergency__type_support.c\n'}
[5.068339] (base_interfaces_demo) StdoutLine: {'line': b'-- Up-to-date: /home/cjs/VL53L8CX/VL53L8CX_ws/install/base_interfaces_demo/include/base_interfaces_demo/srv/detail/check_emergency__rosidl_typesupport_introspection_c.h\n'}
[5.068930] (base_interfaces_demo) StdoutLine: {'line': b'-- Up-to-date: /home/cjs/VL53L8CX/VL53L8CX_ws/install/base_interfaces_demo/include/base_interfaces_demo/srv/detail/check_emergency__type_support.c\n'}
[5.069441] (base_interfaces_demo) StdoutLine: {'line': b'-- Up-to-date: /home/cjs/VL53L8CX/VL53L8CX_ws/install/base_interfaces_demo/include/base_interfaces_demo/srv/detail/hall__type_support.c\n'}
[5.069679] (base_interfaces_demo) StdoutLine: {'line': b'-- Up-to-date: /home/cjs/VL53L8CX/VL53L8CX_ws/install/base_interfaces_demo/include/base_interfaces_demo/srv/detail/hall__rosidl_typesupport_introspection_c.h\n'}
[5.069802] (base_interfaces_demo) StdoutLine: {'line': b'-- Up-to-date: /home/cjs/VL53L8CX/VL53L8CX_ws/install/base_interfaces_demo/include/base_interfaces_demo/msg\n'}
[5.070174] (base_interfaces_demo) StdoutLine: {'line': b'-- Up-to-date: /home/cjs/VL53L8CX/VL53L8CX_ws/install/base_interfaces_demo/include/base_interfaces_demo/msg/detail\n'}
[5.070593] (base_interfaces_demo) StdoutLine: {'line': b'-- Up-to-date: /home/cjs/VL53L8CX/VL53L8CX_ws/install/base_interfaces_demo/include/base_interfaces_demo/msg/detail/motor_status__type_support.c\n'}
[5.070806] (base_interfaces_demo) StdoutLine: {'line': b'-- Up-to-date: /home/cjs/VL53L8CX/VL53L8CX_ws/install/base_interfaces_demo/include/base_interfaces_demo/msg/detail/pub_code__rosidl_typesupport_introspection_c.h\n'}
[5.071148] (base_interfaces_demo) StdoutLine: {'line': b'-- Up-to-date: /home/cjs/VL53L8CX/VL53L8CX_ws/install/base_interfaces_demo/include/base_interfaces_demo/msg/detail/seek_cmd__rosidl_typesupport_introspection_c.h\n'}
[5.071559] (base_interfaces_demo) StdoutLine: {'line': b'-- Up-to-date: /home/cjs/VL53L8CX/VL53L8CX_ws/install/base_interfaces_demo/include/base_interfaces_demo/msg/detail/pub_code__type_support.c\n'}
[5.071672] (-) TimerEvent: {}
[5.072583] (base_interfaces_demo) StdoutLine: {'line': b'-- Up-to-date: /home/cjs/VL53L8CX/VL53L8CX_ws/install/base_interfaces_demo/include/base_interfaces_demo/msg/detail/car_status__rosidl_typesupport_introspection_c.h\n'}
[5.073028] (base_interfaces_demo) StdoutLine: {'line': b'-- Up-to-date: /home/cjs/VL53L8CX/VL53L8CX_ws/install/base_interfaces_demo/include/base_interfaces_demo/msg/detail/manual__type_support.c\n'}
[5.073239] (base_interfaces_demo) StdoutLine: {'line': b'-- Up-to-date: /home/cjs/VL53L8CX/VL53L8CX_ws/install/base_interfaces_demo/include/base_interfaces_demo/msg/detail/motor_status__rosidl_typesupport_introspection_c.h\n'}
[5.073590] (base_interfaces_demo) StdoutLine: {'line': b'-- Up-to-date: /home/cjs/VL53L8CX/VL53L8CX_ws/install/base_interfaces_demo/include/base_interfaces_demo/msg/detail/lift_info__type_support.c\n'}
[5.074204] (base_interfaces_demo) StdoutLine: {'line': b'-- Up-to-date: /home/cjs/VL53L8CX/VL53L8CX_ws/install/base_interfaces_demo/include/base_interfaces_demo/msg/detail/bms_info__rosidl_typesupport_introspection_c.h\n'}
[5.074973] (base_interfaces_demo) StdoutLine: {'line': b'-- Up-to-date: /home/cjs/VL53L8CX/VL53L8CX_ws/install/base_interfaces_demo/include/base_interfaces_demo/msg/detail/hall_info__rosidl_typesupport_introspection_c.h\n'}
[5.075307] (base_interfaces_demo) StdoutLine: {'line': b'-- Up-to-date: /home/cjs/VL53L8CX/VL53L8CX_ws/install/base_interfaces_demo/include/base_interfaces_demo/msg/detail/system_status__type_support.c\n'}
[5.076163] (base_interfaces_demo) StdoutLine: {'line': b'-- Up-to-date: /home/cjs/VL53L8CX/VL53L8CX_ws/install/base_interfaces_demo/include/base_interfaces_demo/msg/detail/bt_status__rosidl_typesupport_introspection_c.h\n'}
[5.076630] (base_interfaces_demo) StdoutLine: {'line': b'-- Up-to-date: /home/cjs/VL53L8CX/VL53L8CX_ws/install/base_interfaces_demo/include/base_interfaces_demo/msg/detail/obs_laser__rosidl_typesupport_introspection_c.h\n'}
[5.081038] (base_interfaces_demo) StdoutLine: {'line': b'-- Up-to-date: /home/cjs/VL53L8CX/VL53L8CX_ws/install/base_interfaces_demo/include/base_interfaces_demo/msg/detail/location__type_support.c\n'}
[5.081498] (base_interfaces_demo) StdoutLine: {'line': b'-- Up-to-date: /home/cjs/VL53L8CX/VL53L8CX_ws/install/base_interfaces_demo/include/base_interfaces_demo/msg/detail/pallet_info__rosidl_typesupport_introspection_c.h\n'}
[5.081723] (base_interfaces_demo) StdoutLine: {'line': b'-- Up-to-date: /home/cjs/VL53L8CX/VL53L8CX_ws/install/base_interfaces_demo/include/base_interfaces_demo/msg/detail/charger_info__type_support.c\n'}
[5.082222] (base_interfaces_demo) StdoutLine: {'line': b'-- Up-to-date: /home/cjs/VL53L8CX/VL53L8CX_ws/install/base_interfaces_demo/include/base_interfaces_demo/msg/detail/bt_status__type_support.c\n'}
[5.082674] (base_interfaces_demo) StdoutLine: {'line': b'-- Up-to-date: /home/cjs/VL53L8CX/VL53L8CX_ws/install/base_interfaces_demo/include/base_interfaces_demo/msg/detail/test__type_support.c\n'}
[5.083088] (base_interfaces_demo) StdoutLine: {'line': b'-- Up-to-date: /home/cjs/VL53L8CX/VL53L8CX_ws/install/base_interfaces_demo/include/base_interfaces_demo/msg/detail/system_status__rosidl_typesupport_introspection_c.h\n'}
[5.083365] (base_interfaces_demo) StdoutLine: {'line': b'-- Up-to-date: /home/cjs/VL53L8CX/VL53L8CX_ws/install/base_interfaces_demo/include/base_interfaces_demo/msg/detail/seek_ret__type_support.c\n'}
[5.083627] (base_interfaces_demo) StdoutLine: {'line': b'-- Up-to-date: /home/cjs/VL53L8CX/VL53L8CX_ws/install/base_interfaces_demo/include/base_interfaces_demo/msg/detail/lift_control__type_support.c\n'}
[5.084078] (base_interfaces_demo) StdoutLine: {'line': b'-- Up-to-date: /home/cjs/VL53L8CX/VL53L8CX_ws/install/base_interfaces_demo/include/base_interfaces_demo/msg/detail/color_info__type_support.c\n'}
[5.084457] (base_interfaces_demo) StdoutLine: {'line': b'-- Up-to-date: /home/cjs/VL53L8CX/VL53L8CX_ws/install/base_interfaces_demo/include/base_interfaces_demo/msg/detail/bms_info__type_support.c\n'}
[5.084685] (base_interfaces_demo) StdoutLine: {'line': b'-- Up-to-date: /home/cjs/VL53L8CX/VL53L8CX_ws/install/base_interfaces_demo/include/base_interfaces_demo/msg/detail/manual__rosidl_typesupport_introspection_c.h\n'}
[5.085126] (base_interfaces_demo) StdoutLine: {'line': b'-- Up-to-date: /home/cjs/VL53L8CX/VL53L8CX_ws/install/base_interfaces_demo/include/base_interfaces_demo/msg/detail/charger_info__rosidl_typesupport_introspection_c.h\n'}
[5.085251] (base_interfaces_demo) StdoutLine: {'line': b'-- Up-to-date: /home/cjs/VL53L8CX/VL53L8CX_ws/install/base_interfaces_demo/include/base_interfaces_demo/msg/detail/motion_control__type_support.c\n'}
[5.085372] (base_interfaces_demo) StdoutLine: {'line': b'-- Up-to-date: /home/cjs/VL53L8CX/VL53L8CX_ws/install/base_interfaces_demo/include/base_interfaces_demo/msg/detail/seek_cmd__type_support.c\n'}
[5.085500] (base_interfaces_demo) StdoutLine: {'line': b'-- Up-to-date: /home/cjs/VL53L8CX/VL53L8CX_ws/install/base_interfaces_demo/include/base_interfaces_demo/msg/detail/movecontrol_info__rosidl_typesupport_introspection_c.h\n'}
[5.085631] (base_interfaces_demo) StdoutLine: {'line': b'-- Up-to-date: /home/cjs/VL53L8CX/VL53L8CX_ws/install/base_interfaces_demo/include/base_interfaces_demo/msg/detail/hall_info__type_support.c\n'}
[5.085754] (base_interfaces_demo) StdoutLine: {'line': b'-- Up-to-date: /home/cjs/VL53L8CX/VL53L8CX_ws/install/base_interfaces_demo/include/base_interfaces_demo/msg/detail/lift_info__rosidl_typesupport_introspection_c.h\n'}
[5.085888] (base_interfaces_demo) StdoutLine: {'line': b'-- Up-to-date: /home/cjs/VL53L8CX/VL53L8CX_ws/install/base_interfaces_demo/include/base_interfaces_demo/msg/detail/movecontrol_info__type_support.c\n'}
[5.086013] (base_interfaces_demo) StdoutLine: {'line': b'-- Up-to-date: /home/cjs/VL53L8CX/VL53L8CX_ws/install/base_interfaces_demo/include/base_interfaces_demo/msg/detail/lift_control__rosidl_typesupport_introspection_c.h\n'}
[5.086138] (base_interfaces_demo) StdoutLine: {'line': b'-- Up-to-date: /home/cjs/VL53L8CX/VL53L8CX_ws/install/base_interfaces_demo/include/base_interfaces_demo/msg/detail/motor_cmd__type_support.c\n'}
[5.086263] (base_interfaces_demo) StdoutLine: {'line': b'-- Up-to-date: /home/cjs/VL53L8CX/VL53L8CX_ws/install/base_interfaces_demo/include/base_interfaces_demo/msg/detail/car_status__type_support.c\n'}
[5.086388] (base_interfaces_demo) StdoutLine: {'line': b'-- Up-to-date: /home/cjs/VL53L8CX/VL53L8CX_ws/install/base_interfaces_demo/include/base_interfaces_demo/msg/detail/ohom__rosidl_typesupport_introspection_c.h\n'}
[5.086507] (base_interfaces_demo) StdoutLine: {'line': b'-- Up-to-date: /home/cjs/VL53L8CX/VL53L8CX_ws/install/base_interfaces_demo/include/base_interfaces_demo/msg/detail/manual_seek_label__type_support.c\n'}
[5.086635] (base_interfaces_demo) StdoutLine: {'line': b'-- Up-to-date: /home/cjs/VL53L8CX/VL53L8CX_ws/install/base_interfaces_demo/include/base_interfaces_demo/msg/detail/manual_seek_label__rosidl_typesupport_introspection_c.h\n'}
[5.086764] (base_interfaces_demo) StdoutLine: {'line': b'-- Up-to-date: /home/cjs/VL53L8CX/VL53L8CX_ws/install/base_interfaces_demo/include/base_interfaces_demo/msg/detail/motion_control__rosidl_typesupport_introspection_c.h\n'}
[5.086891] (base_interfaces_demo) StdoutLine: {'line': b'-- Up-to-date: /home/cjs/VL53L8CX/VL53L8CX_ws/install/base_interfaces_demo/include/base_interfaces_demo/msg/detail/file_updata__type_support.c\n'}
[5.087013] (base_interfaces_demo) StdoutLine: {'line': b'-- Up-to-date: /home/cjs/VL53L8CX/VL53L8CX_ws/install/base_interfaces_demo/include/base_interfaces_demo/msg/detail/rcs_info__rosidl_typesupport_introspection_c.h\n'}
[5.087139] (base_interfaces_demo) StdoutLine: {'line': b'-- Up-to-date: /home/cjs/VL53L8CX/VL53L8CX_ws/install/base_interfaces_demo/include/base_interfaces_demo/msg/detail/health_node__type_support.c\n'}
[5.087261] (base_interfaces_demo) StdoutLine: {'line': b'-- Up-to-date: /home/cjs/VL53L8CX/VL53L8CX_ws/install/base_interfaces_demo/include/base_interfaces_demo/msg/detail/obs_laser__type_support.c\n'}
[5.087389] (base_interfaces_demo) StdoutLine: {'line': b'-- Up-to-date: /home/cjs/VL53L8CX/VL53L8CX_ws/install/base_interfaces_demo/include/base_interfaces_demo/msg/detail/test__rosidl_typesupport_introspection_c.h\n'}
[5.087517] (base_interfaces_demo) StdoutLine: {'line': b'-- Up-to-date: /home/cjs/VL53L8CX/VL53L8CX_ws/install/base_interfaces_demo/include/base_interfaces_demo/msg/detail/seek_ret__rosidl_typesupport_introspection_c.h\n'}
[5.087645] (base_interfaces_demo) StdoutLine: {'line': b'-- Up-to-date: /home/cjs/VL53L8CX/VL53L8CX_ws/install/base_interfaces_demo/include/base_interfaces_demo/msg/detail/file_updata__rosidl_typesupport_introspection_c.h\n'}
[5.087764] (base_interfaces_demo) StdoutLine: {'line': b'-- Up-to-date: /home/cjs/VL53L8CX/VL53L8CX_ws/install/base_interfaces_demo/include/base_interfaces_demo/msg/detail/ohom__type_support.c\n'}
[5.088029] (base_interfaces_demo) StdoutLine: {'line': b'-- Up-to-date: /home/cjs/VL53L8CX/VL53L8CX_ws/install/base_interfaces_demo/include/base_interfaces_demo/msg/detail/motor_cmd__rosidl_typesupport_introspection_c.h\n'}
[5.088355] (base_interfaces_demo) StdoutLine: {'line': b'-- Up-to-date: /home/cjs/VL53L8CX/VL53L8CX_ws/install/base_interfaces_demo/include/base_interfaces_demo/msg/detail/location__rosidl_typesupport_introspection_c.h\n'}
[5.088596] (base_interfaces_demo) StdoutLine: {'line': b'-- Up-to-date: /home/cjs/VL53L8CX/VL53L8CX_ws/install/base_interfaces_demo/include/base_interfaces_demo/msg/detail/pallet_info__type_support.c\n'}
[5.088769] (base_interfaces_demo) StdoutLine: {'line': b'-- Up-to-date: /home/cjs/VL53L8CX/VL53L8CX_ws/install/base_interfaces_demo/include/base_interfaces_demo/msg/detail/rcs_info__type_support.c\n'}
[5.088937] (base_interfaces_demo) StdoutLine: {'line': b'-- Up-to-date: /home/cjs/VL53L8CX/VL53L8CX_ws/install/base_interfaces_demo/include/base_interfaces_demo/msg/detail/health_node__rosidl_typesupport_introspection_c.h\n'}
[5.089100] (base_interfaces_demo) StdoutLine: {'line': b'-- Up-to-date: /home/cjs/VL53L8CX/VL53L8CX_ws/install/base_interfaces_demo/include/base_interfaces_demo/msg/detail/color_info__rosidl_typesupport_introspection_c.h\n'}
[5.089263] (base_interfaces_demo) StdoutLine: {'line': b'-- Up-to-date: /home/cjs/VL53L8CX/VL53L8CX_ws/install/base_interfaces_demo/include/base_interfaces_demo/msg/rosidl_typesupport_introspection_c__visibility_control.h\n'}
[5.090688] (base_interfaces_demo) StdoutLine: {'line': b'-- Up-to-date: /home/cjs/VL53L8CX/VL53L8CX_ws/install/base_interfaces_demo/lib/libbase_interfaces_demo__rosidl_typesupport_introspection_c.so\n'}
[5.094927] (base_interfaces_demo) StdoutLine: {'line': b'-- Up-to-date: /home/cjs/VL53L8CX/VL53L8CX_ws/install/base_interfaces_demo/lib/libbase_interfaces_demo__rosidl_typesupport_c.so\n'}
[5.097005] (base_interfaces_demo) StdoutLine: {'line': b'-- Up-to-date: /home/cjs/VL53L8CX/VL53L8CX_ws/install/base_interfaces_demo/include/base_interfaces_demo\n'}
[5.097561] (base_interfaces_demo) StdoutLine: {'line': b'-- Up-to-date: /home/cjs/VL53L8CX/VL53L8CX_ws/install/base_interfaces_demo/include/base_interfaces_demo/action\n'}
[5.099270] (base_interfaces_demo) StdoutLine: {'line': b'-- Up-to-date: /home/cjs/VL53L8CX/VL53L8CX_ws/install/base_interfaces_demo/include/base_interfaces_demo/action/detail\n'}
[5.100373] (base_interfaces_demo) StdoutLine: {'line': b'-- Up-to-date: /home/cjs/VL53L8CX/VL53L8CX_ws/install/base_interfaces_demo/include/base_interfaces_demo/action/detail/reverse__builder.hpp\n'}
[5.100537] (base_interfaces_demo) StdoutLine: {'line': b'-- Up-to-date: /home/cjs/VL53L8CX/VL53L8CX_ws/install/base_interfaces_demo/include/base_interfaces_demo/action/detail/nav__traits.hpp\n'}
[5.100715] (base_interfaces_demo) StdoutLine: {'line': b'-- Up-to-date: /home/cjs/VL53L8CX/VL53L8CX_ws/install/base_interfaces_demo/include/base_interfaces_demo/action/detail/reverse__struct.hpp\n'}
[5.101036] (base_interfaces_demo) StdoutLine: {'line': b'-- Up-to-date: /home/cjs/VL53L8CX/VL53L8CX_ws/install/base_interfaces_demo/include/base_interfaces_demo/action/detail/pallet__traits.hpp\n'}
[5.101195] (base_interfaces_demo) StdoutLine: {'line': b'-- Up-to-date: /home/cjs/VL53L8CX/VL53L8CX_ws/install/base_interfaces_demo/include/base_interfaces_demo/action/detail/pallet__type_support.hpp\n'}
[5.101348] (base_interfaces_demo) StdoutLine: {'line': b'-- Up-to-date: /home/cjs/VL53L8CX/VL53L8CX_ws/install/base_interfaces_demo/include/base_interfaces_demo/action/detail/pallet__struct.hpp\n'}
[5.101541] (base_interfaces_demo) StdoutLine: {'line': b'-- Up-to-date: /home/cjs/VL53L8CX/VL53L8CX_ws/install/base_interfaces_demo/include/base_interfaces_demo/action/detail/nav__type_support.hpp\n'}
[5.101734] (base_interfaces_demo) StdoutLine: {'line': b'-- Up-to-date: /home/cjs/VL53L8CX/VL53L8CX_ws/install/base_interfaces_demo/include/base_interfaces_demo/action/detail/reverse__traits.hpp\n'}
[5.101933] (base_interfaces_demo) StdoutLine: {'line': b'-- Up-to-date: /home/cjs/VL53L8CX/VL53L8CX_ws/install/base_interfaces_demo/include/base_interfaces_demo/action/detail/pallet__builder.hpp\n'}
[5.102102] (base_interfaces_demo) StdoutLine: {'line': b'-- Up-to-date: /home/cjs/VL53L8CX/VL53L8CX_ws/install/base_interfaces_demo/include/base_interfaces_demo/action/detail/nav__builder.hpp\n'}
[5.102265] (base_interfaces_demo) StdoutLine: {'line': b'-- Up-to-date: /home/cjs/VL53L8CX/VL53L8CX_ws/install/base_interfaces_demo/include/base_interfaces_demo/action/detail/nav__struct.hpp\n'}
[5.102424] (base_interfaces_demo) StdoutLine: {'line': b'-- Up-to-date: /home/cjs/VL53L8CX/VL53L8CX_ws/install/base_interfaces_demo/include/base_interfaces_demo/action/detail/reverse__type_support.hpp\n'}
[5.102587] (base_interfaces_demo) StdoutLine: {'line': b'-- Up-to-date: /home/cjs/VL53L8CX/VL53L8CX_ws/install/base_interfaces_demo/include/base_interfaces_demo/action/reverse.hpp\n'}
[5.102746] (base_interfaces_demo) StdoutLine: {'line': b'-- Up-to-date: /home/cjs/VL53L8CX/VL53L8CX_ws/install/base_interfaces_demo/include/base_interfaces_demo/action/nav.hpp\n'}
[5.102906] (base_interfaces_demo) StdoutLine: {'line': b'-- Up-to-date: /home/cjs/VL53L8CX/VL53L8CX_ws/install/base_interfaces_demo/include/base_interfaces_demo/action/pallet.hpp\n'}
[5.103058] (base_interfaces_demo) StdoutLine: {'line': b'-- Up-to-date: /home/cjs/VL53L8CX/VL53L8CX_ws/install/base_interfaces_demo/include/base_interfaces_demo/srv\n'}
[5.108495] (base_interfaces_demo) StdoutLine: {'line': b'-- Up-to-date: /home/cjs/VL53L8CX/VL53L8CX_ws/install/base_interfaces_demo/include/base_interfaces_demo/srv/set_emergency.hpp\n'}
[5.112258] (base_interfaces_demo) StdoutLine: {'line': b'-- Up-to-date: /home/cjs/VL53L8CX/VL53L8CX_ws/install/base_interfaces_demo/include/base_interfaces_demo/srv/pub_code.hpp\n'}
[5.112486] (base_interfaces_demo) StdoutLine: {'line': b'-- Up-to-date: /home/cjs/VL53L8CX/VL53L8CX_ws/install/base_interfaces_demo/include/base_interfaces_demo/srv/detail\n'}
[5.112991] (base_interfaces_demo) StdoutLine: {'line': b'-- Up-to-date: /home/cjs/VL53L8CX/VL53L8CX_ws/install/base_interfaces_demo/include/base_interfaces_demo/srv/detail/check_emergency__builder.hpp\n'}
[5.113379] (base_interfaces_demo) StdoutLine: {'line': b'-- Up-to-date: /home/cjs/VL53L8CX/VL53L8CX_ws/install/base_interfaces_demo/include/base_interfaces_demo/srv/detail/check_emergency__traits.hpp\n'}
[5.116132] (base_interfaces_demo) StdoutLine: {'line': b'-- Up-to-date: /home/cjs/VL53L8CX/VL53L8CX_ws/install/base_interfaces_demo/include/base_interfaces_demo/srv/detail/check_emergency__struct.hpp\n'}
[5.116351] (base_interfaces_demo) StdoutLine: {'line': b'-- Up-to-date: /home/cjs/VL53L8CX/VL53L8CX_ws/install/base_interfaces_demo/include/base_interfaces_demo/srv/detail/pub_code__type_support.hpp\n'}
[5.116521] (base_interfaces_demo) StdoutLine: {'line': b'-- Up-to-date: /home/cjs/VL53L8CX/VL53L8CX_ws/install/base_interfaces_demo/include/base_interfaces_demo/srv/detail/hall__type_support.hpp\n'}
[5.116676] (base_interfaces_demo) StdoutLine: {'line': b'-- Up-to-date: /home/cjs/VL53L8CX/VL53L8CX_ws/install/base_interfaces_demo/include/base_interfaces_demo/srv/detail/hall__builder.hpp\n'}
[5.116838] (base_interfaces_demo) StdoutLine: {'line': b'-- Up-to-date: /home/cjs/VL53L8CX/VL53L8CX_ws/install/base_interfaces_demo/include/base_interfaces_demo/srv/detail/pub_code__builder.hpp\n'}
[5.117353] (base_interfaces_demo) StdoutLine: {'line': b'-- Up-to-date: /home/cjs/VL53L8CX/VL53L8CX_ws/install/base_interfaces_demo/include/base_interfaces_demo/srv/detail/rcs_server__traits.hpp\n'}
[5.117735] (base_interfaces_demo) StdoutLine: {'line': b'-- Up-to-date: /home/cjs/VL53L8CX/VL53L8CX_ws/install/base_interfaces_demo/include/base_interfaces_demo/srv/detail/rcs_server__struct.hpp\n'}
[5.117912] (base_interfaces_demo) StdoutLine: {'line': b'-- Up-to-date: /home/cjs/VL53L8CX/VL53L8CX_ws/install/base_interfaces_demo/include/base_interfaces_demo/srv/detail/rcs_server__type_support.hpp\n'}
[5.118090] (base_interfaces_demo) StdoutLine: {'line': b'-- Up-to-date: /home/cjs/VL53L8CX/VL53L8CX_ws/install/base_interfaces_demo/include/base_interfaces_demo/srv/detail/check_emergency__type_support.hpp\n'}
[5.118244] (base_interfaces_demo) StdoutLine: {'line': b'-- Up-to-date: /home/cjs/VL53L8CX/VL53L8CX_ws/install/base_interfaces_demo/include/base_interfaces_demo/srv/detail/set_emergency__struct.hpp\n'}
[5.118395] (base_interfaces_demo) StdoutLine: {'line': b'-- Up-to-date: /home/cjs/VL53L8CX/VL53L8CX_ws/install/base_interfaces_demo/include/base_interfaces_demo/srv/detail/set_emergency__traits.hpp\n'}
[5.118546] (base_interfaces_demo) StdoutLine: {'line': b'-- Up-to-date: /home/cjs/VL53L8CX/VL53L8CX_ws/install/base_interfaces_demo/include/base_interfaces_demo/srv/detail/set_emergency__builder.hpp\n'}
[5.118719] (base_interfaces_demo) StdoutLine: {'line': b'-- Up-to-date: /home/cjs/VL53L8CX/VL53L8CX_ws/install/base_interfaces_demo/include/base_interfaces_demo/srv/detail/pub_code__struct.hpp\n'}
[5.119050] (base_interfaces_demo) StdoutLine: {'line': b'-- Up-to-date: /home/cjs/VL53L8CX/VL53L8CX_ws/install/base_interfaces_demo/include/base_interfaces_demo/srv/detail/hall__struct.hpp\n'}
[5.123952] (base_interfaces_demo) StdoutLine: {'line': b'-- Up-to-date: /home/cjs/VL53L8CX/VL53L8CX_ws/install/base_interfaces_demo/include/base_interfaces_demo/srv/detail/set_emergency__type_support.hpp\n'}
[5.124538] (base_interfaces_demo) StdoutLine: {'line': b'-- Up-to-date: /home/cjs/VL53L8CX/VL53L8CX_ws/install/base_interfaces_demo/include/base_interfaces_demo/srv/detail/pub_code__traits.hpp\n'}
[5.124706] (base_interfaces_demo) StdoutLine: {'line': b'-- Up-to-date: /home/cjs/VL53L8CX/VL53L8CX_ws/install/base_interfaces_demo/include/base_interfaces_demo/srv/detail/hall__traits.hpp\n'}
[5.124858] (base_interfaces_demo) StdoutLine: {'line': b'-- Up-to-date: /home/cjs/VL53L8CX/VL53L8CX_ws/install/base_interfaces_demo/include/base_interfaces_demo/srv/detail/rcs_server__builder.hpp\n'}
[5.125018] (base_interfaces_demo) StdoutLine: {'line': b'-- Up-to-date: /home/cjs/VL53L8CX/VL53L8CX_ws/install/base_interfaces_demo/include/base_interfaces_demo/srv/rcs_server.hpp\n'}
[5.125180] (base_interfaces_demo) StdoutLine: {'line': b'-- Up-to-date: /home/cjs/VL53L8CX/VL53L8CX_ws/install/base_interfaces_demo/include/base_interfaces_demo/srv/check_emergency.hpp\n'}
[5.125337] (base_interfaces_demo) StdoutLine: {'line': b'-- Up-to-date: /home/cjs/VL53L8CX/VL53L8CX_ws/install/base_interfaces_demo/include/base_interfaces_demo/srv/hall.hpp\n'}
[5.125509] (base_interfaces_demo) StdoutLine: {'line': b'-- Up-to-date: /home/cjs/VL53L8CX/VL53L8CX_ws/install/base_interfaces_demo/include/base_interfaces_demo/msg\n'}
[5.125690] (base_interfaces_demo) StdoutLine: {'line': b'-- Up-to-date: /home/cjs/VL53L8CX/VL53L8CX_ws/install/base_interfaces_demo/include/base_interfaces_demo/msg/color_info.hpp\n'}
[5.125876] (base_interfaces_demo) StdoutLine: {'line': b'-- Up-to-date: /home/cjs/VL53L8CX/VL53L8CX_ws/install/base_interfaces_demo/include/base_interfaces_demo/msg/car_status.hpp\n'}
[5.126081] (base_interfaces_demo) StdoutLine: {'line': b'-- Up-to-date: /home/cjs/VL53L8CX/VL53L8CX_ws/install/base_interfaces_demo/include/base_interfaces_demo/msg/test.hpp\n'}
[5.126254] (base_interfaces_demo) StdoutLine: {'line': b'-- Up-to-date: /home/cjs/VL53L8CX/VL53L8CX_ws/install/base_interfaces_demo/include/base_interfaces_demo/msg/ohom.hpp\n'}
[5.132044] (base_interfaces_demo) StdoutLine: {'line': b'-- Up-to-date: /home/cjs/VL53L8CX/VL53L8CX_ws/install/base_interfaces_demo/include/base_interfaces_demo/msg/seek_ret.hpp\n'}
[5.132519] (base_interfaces_demo) StdoutLine: {'line': b'-- Up-to-date: /home/cjs/VL53L8CX/VL53L8CX_ws/install/base_interfaces_demo/include/base_interfaces_demo/msg/pub_code.hpp\n'}
[5.132918] (base_interfaces_demo) StdoutLine: {'line': b'-- Up-to-date: /home/cjs/VL53L8CX/VL53L8CX_ws/install/base_interfaces_demo/include/base_interfaces_demo/msg/motor_cmd.hpp\n'}
[5.133119] (base_interfaces_demo) StdoutLine: {'line': b'-- Up-to-date: /home/cjs/VL53L8CX/VL53L8CX_ws/install/base_interfaces_demo/include/base_interfaces_demo/msg/rcs_info.hpp\n'}
[5.133315] (base_interfaces_demo) StdoutLine: {'line': b'-- Up-to-date: /home/cjs/VL53L8CX/VL53L8CX_ws/install/base_interfaces_demo/include/base_interfaces_demo/msg/pallet_info.hpp\n'}
[5.133487] (base_interfaces_demo) StdoutLine: {'line': b'-- Up-to-date: /home/cjs/VL53L8CX/VL53L8CX_ws/install/base_interfaces_demo/include/base_interfaces_demo/msg/detail\n'}
[5.134291] (base_interfaces_demo) StdoutLine: {'line': b'-- Up-to-date: /home/cjs/VL53L8CX/VL53L8CX_ws/install/base_interfaces_demo/include/base_interfaces_demo/msg/detail/motion_control__builder.hpp\n'}
[5.134872] (base_interfaces_demo) StdoutLine: {'line': b'-- Up-to-date: /home/cjs/VL53L8CX/VL53L8CX_ws/install/base_interfaces_demo/include/base_interfaces_demo/msg/detail/pallet_info__type_support.hpp\n'}
[5.135145] (base_interfaces_demo) StdoutLine: {'line': b'-- Up-to-date: /home/cjs/VL53L8CX/VL53L8CX_ws/install/base_interfaces_demo/include/base_interfaces_demo/msg/detail/pub_code__type_support.hpp\n'}
[5.139819] (base_interfaces_demo) StdoutLine: {'line': b'-- Up-to-date: /home/cjs/VL53L8CX/VL53L8CX_ws/install/base_interfaces_demo/include/base_interfaces_demo/msg/detail/manual__struct.hpp\n'}
[5.140282] (base_interfaces_demo) StdoutLine: {'line': b'-- Up-to-date: /home/cjs/VL53L8CX/VL53L8CX_ws/install/base_interfaces_demo/include/base_interfaces_demo/msg/detail/movecontrol_info__struct.hpp\n'}
[5.140499] (base_interfaces_demo) StdoutLine: {'line': b'-- Up-to-date: /home/cjs/VL53L8CX/VL53L8CX_ws/install/base_interfaces_demo/include/base_interfaces_demo/msg/detail/obs_laser__builder.hpp\n'}
[5.140969] (base_interfaces_demo) StdoutLine: {'line': b'-- Up-to-date: /home/cjs/VL53L8CX/VL53L8CX_ws/install/base_interfaces_demo/include/base_interfaces_demo/msg/detail/seek_cmd__builder.hpp\n'}
[5.141177] (base_interfaces_demo) StdoutLine: {'line': b'-- Up-to-date: /home/cjs/VL53L8CX/VL53L8CX_ws/install/base_interfaces_demo/include/base_interfaces_demo/msg/detail/charger_info__traits.hpp\n'}
[5.143694] (base_interfaces_demo) StdoutLine: {'line': b'-- Up-to-date: /home/cjs/VL53L8CX/VL53L8CX_ws/install/base_interfaces_demo/include/base_interfaces_demo/msg/detail/motor_cmd__struct.hpp\n'}
[5.143894] (base_interfaces_demo) StdoutLine: {'line': b'-- Up-to-date: /home/cjs/VL53L8CX/VL53L8CX_ws/install/base_interfaces_demo/include/base_interfaces_demo/msg/detail/system_status__traits.hpp\n'}
[5.144052] (base_interfaces_demo) StdoutLine: {'line': b'-- Up-to-date: /home/cjs/VL53L8CX/VL53L8CX_ws/install/base_interfaces_demo/include/base_interfaces_demo/msg/detail/seek_ret__type_support.hpp\n'}
[5.144220] (base_interfaces_demo) StdoutLine: {'line': b'-- Up-to-date: /home/cjs/VL53L8CX/VL53L8CX_ws/install/base_interfaces_demo/include/base_interfaces_demo/msg/detail/ohom__builder.hpp\n'}
[5.144388] (base_interfaces_demo) StdoutLine: {'line': b'-- Up-to-date: /home/cjs/VL53L8CX/VL53L8CX_ws/install/base_interfaces_demo/include/base_interfaces_demo/msg/detail/car_status__type_support.hpp\n'}
[5.144637] (base_interfaces_demo) StdoutLine: {'line': b'-- Up-to-date: /home/cjs/VL53L8CX/VL53L8CX_ws/install/base_interfaces_demo/include/base_interfaces_demo/msg/detail/system_status__struct.hpp\n'}
[5.144794] (base_interfaces_demo) StdoutLine: {'line': b'-- Up-to-date: /home/cjs/VL53L8CX/VL53L8CX_ws/install/base_interfaces_demo/include/base_interfaces_demo/msg/detail/pallet_info__builder.hpp\n'}
[5.144949] (base_interfaces_demo) StdoutLine: {'line': b'-- Up-to-date: /home/cjs/VL53L8CX/VL53L8CX_ws/install/base_interfaces_demo/include/base_interfaces_demo/msg/detail/seek_ret__traits.hpp\n'}
[5.145105] (base_interfaces_demo) StdoutLine: {'line': b'-- Up-to-date: /home/cjs/VL53L8CX/VL53L8CX_ws/install/base_interfaces_demo/include/base_interfaces_demo/msg/detail/motor_cmd__builder.hpp\n'}
[5.145260] (base_interfaces_demo) StdoutLine: {'line': b'-- Up-to-date: /home/cjs/VL53L8CX/VL53L8CX_ws/install/base_interfaces_demo/include/base_interfaces_demo/msg/detail/pallet_info__traits.hpp\n'}
[5.145415] (base_interfaces_demo) StdoutLine: {'line': b'-- Up-to-date: /home/cjs/VL53L8CX/VL53L8CX_ws/install/base_interfaces_demo/include/base_interfaces_demo/msg/detail/location__traits.hpp\n'}
[5.145571] (base_interfaces_demo) StdoutLine: {'line': b'-- Up-to-date: /home/cjs/VL53L8CX/VL53L8CX_ws/install/base_interfaces_demo/include/base_interfaces_demo/msg/detail/lift_info__builder.hpp\n'}
[5.145724] (base_interfaces_demo) StdoutLine: {'line': b'-- Up-to-date: /home/cjs/VL53L8CX/VL53L8CX_ws/install/base_interfaces_demo/include/base_interfaces_demo/msg/detail/rcs_info__builder.hpp\n'}
[5.145876] (base_interfaces_demo) StdoutLine: {'line': b'-- Up-to-date: /home/cjs/VL53L8CX/VL53L8CX_ws/install/base_interfaces_demo/include/base_interfaces_demo/msg/detail/ohom__type_support.hpp\n'}
[5.146029] (base_interfaces_demo) StdoutLine: {'line': b'-- Up-to-date: /home/cjs/VL53L8CX/VL53L8CX_ws/install/base_interfaces_demo/include/base_interfaces_demo/msg/detail/system_status__type_support.hpp\n'}
[5.146188] (base_interfaces_demo) StdoutLine: {'line': b'-- Up-to-date: /home/cjs/VL53L8CX/VL53L8CX_ws/install/base_interfaces_demo/include/base_interfaces_demo/msg/detail/pub_code__builder.hpp\n'}
[5.146341] (base_interfaces_demo) StdoutLine: {'line': b'-- Up-to-date: /home/cjs/VL53L8CX/VL53L8CX_ws/install/base_interfaces_demo/include/base_interfaces_demo/msg/detail/system_status__builder.hpp\n'}
[5.146528] (base_interfaces_demo) StdoutLine: {'line': b'-- Up-to-date: /home/cjs/VL53L8CX/VL53L8CX_ws/install/base_interfaces_demo/include/base_interfaces_demo/msg/detail/health_node__struct.hpp\n'}
[5.146687] (base_interfaces_demo) StdoutLine: {'line': b'-- Up-to-date: /home/cjs/VL53L8CX/VL53L8CX_ws/install/base_interfaces_demo/include/base_interfaces_demo/msg/detail/file_updata__struct.hpp\n'}
[5.146848] (base_interfaces_demo) StdoutLine: {'line': b'-- Up-to-date: /home/cjs/VL53L8CX/VL53L8CX_ws/install/base_interfaces_demo/include/base_interfaces_demo/msg/detail/bms_info__struct.hpp\n'}
[5.147002] (base_interfaces_demo) StdoutLine: {'line': b'-- Up-to-date: /home/cjs/VL53L8CX/VL53L8CX_ws/install/base_interfaces_demo/include/base_interfaces_demo/msg/detail/obs_laser__struct.hpp\n'}
[5.147156] (base_interfaces_demo) StdoutLine: {'line': b'-- Up-to-date: /home/cjs/VL53L8CX/VL53L8CX_ws/install/base_interfaces_demo/include/base_interfaces_demo/msg/detail/car_status__struct.hpp\n'}
[5.147310] (base_interfaces_demo) StdoutLine: {'line': b'-- Up-to-date: /home/cjs/VL53L8CX/VL53L8CX_ws/install/base_interfaces_demo/include/base_interfaces_demo/msg/detail/manual_seek_label__builder.hpp\n'}
[5.147586] (base_interfaces_demo) StdoutLine: {'line': b'-- Up-to-date: /home/cjs/VL53L8CX/VL53L8CX_ws/install/base_interfaces_demo/include/base_interfaces_demo/msg/detail/motor_status__type_support.hpp\n'}
[5.147747] (base_interfaces_demo) StdoutLine: {'line': b'-- Up-to-date: /home/cjs/VL53L8CX/VL53L8CX_ws/install/base_interfaces_demo/include/base_interfaces_demo/msg/detail/bt_status__type_support.hpp\n'}
[5.147910] (base_interfaces_demo) StdoutLine: {'line': b'-- Up-to-date: /home/cjs/VL53L8CX/VL53L8CX_ws/install/base_interfaces_demo/include/base_interfaces_demo/msg/detail/bt_status__struct.hpp\n'}
[5.148064] (base_interfaces_demo) StdoutLine: {'line': b'-- Up-to-date: /home/cjs/VL53L8CX/VL53L8CX_ws/install/base_interfaces_demo/include/base_interfaces_demo/msg/detail/motor_cmd__traits.hpp\n'}
[5.148217] (base_interfaces_demo) StdoutLine: {'line': b'-- Up-to-date: /home/cjs/VL53L8CX/VL53L8CX_ws/install/base_interfaces_demo/include/base_interfaces_demo/msg/detail/motion_control__struct.hpp\n'}
[5.148368] (base_interfaces_demo) StdoutLine: {'line': b'-- Up-to-date: /home/cjs/VL53L8CX/VL53L8CX_ws/install/base_interfaces_demo/include/base_interfaces_demo/msg/detail/lift_info__type_support.hpp\n'}
[5.148559] (base_interfaces_demo) StdoutLine: {'line': b'-- Up-to-date: /home/cjs/VL53L8CX/VL53L8CX_ws/install/base_interfaces_demo/include/base_interfaces_demo/msg/detail/bt_status__traits.hpp\n'}
[5.148713] (base_interfaces_demo) StdoutLine: {'line': b'-- Up-to-date: /home/cjs/VL53L8CX/VL53L8CX_ws/install/base_interfaces_demo/include/base_interfaces_demo/msg/detail/car_status__builder.hpp\n'}
[5.148866] (base_interfaces_demo) StdoutLine: {'line': b'-- Up-to-date: /home/cjs/VL53L8CX/VL53L8CX_ws/install/base_interfaces_demo/include/base_interfaces_demo/msg/detail/obs_laser__traits.hpp\n'}
[5.149020] (base_interfaces_demo) StdoutLine: {'line': b'-- Up-to-date: /home/cjs/VL53L8CX/VL53L8CX_ws/install/base_interfaces_demo/include/base_interfaces_demo/msg/detail/lift_control__type_support.hpp\n'}
[5.149175] (base_interfaces_demo) StdoutLine: {'line': b'-- Up-to-date: /home/cjs/VL53L8CX/VL53L8CX_ws/install/base_interfaces_demo/include/base_interfaces_demo/msg/detail/manual__traits.hpp\n'}
[5.149329] (base_interfaces_demo) StdoutLine: {'line': b'-- Up-to-date: /home/cjs/VL53L8CX/VL53L8CX_ws/install/base_interfaces_demo/include/base_interfaces_demo/msg/detail/motion_control__type_support.hpp\n'}
[5.149482] (base_interfaces_demo) StdoutLine: {'line': b'-- Up-to-date: /home/cjs/VL53L8CX/VL53L8CX_ws/install/base_interfaces_demo/include/base_interfaces_demo/msg/detail/test__traits.hpp\n'}
[5.149636] (base_interfaces_demo) StdoutLine: {'line': b'-- Up-to-date: /home/cjs/VL53L8CX/VL53L8CX_ws/install/base_interfaces_demo/include/base_interfaces_demo/msg/detail/manual__type_support.hpp\n'}
[5.149790] (base_interfaces_demo) StdoutLine: {'line': b'-- Up-to-date: /home/cjs/VL53L8CX/VL53L8CX_ws/install/base_interfaces_demo/include/base_interfaces_demo/msg/detail/color_info__type_support.hpp\n'}
[5.149943] (base_interfaces_demo) StdoutLine: {'line': b'-- Up-to-date: /home/cjs/VL53L8CX/VL53L8CX_ws/install/base_interfaces_demo/include/base_interfaces_demo/msg/detail/seek_cmd__type_support.hpp\n'}
[5.150096] (base_interfaces_demo) StdoutLine: {'line': b'-- Up-to-date: /home/cjs/VL53L8CX/VL53L8CX_ws/install/base_interfaces_demo/include/base_interfaces_demo/msg/detail/charger_info__builder.hpp\n'}
[5.150248] (base_interfaces_demo) StdoutLine: {'line': b'-- Up-to-date: /home/cjs/VL53L8CX/VL53L8CX_ws/install/base_interfaces_demo/include/base_interfaces_demo/msg/detail/car_status__traits.hpp\n'}
[5.150414] (base_interfaces_demo) StdoutLine: {'line': b'-- Up-to-date: /home/cjs/VL53L8CX/VL53L8CX_ws/install/base_interfaces_demo/include/base_interfaces_demo/msg/detail/lift_control__builder.hpp\n'}
[5.150592] (base_interfaces_demo) StdoutLine: {'line': b'-- Up-to-date: /home/cjs/VL53L8CX/VL53L8CX_ws/install/base_interfaces_demo/include/base_interfaces_demo/msg/detail/hall_info__struct.hpp\n'}
[5.150755] (base_interfaces_demo) StdoutLine: {'line': b'-- Up-to-date: /home/cjs/VL53L8CX/VL53L8CX_ws/install/base_interfaces_demo/include/base_interfaces_demo/msg/detail/bms_info__builder.hpp\n'}
[5.150909] (base_interfaces_demo) StdoutLine: {'line': b'-- Up-to-date: /home/cjs/VL53L8CX/VL53L8CX_ws/install/base_interfaces_demo/include/base_interfaces_demo/msg/detail/file_updata__type_support.hpp\n'}
[5.151063] (base_interfaces_demo) StdoutLine: {'line': b'-- Up-to-date: /home/cjs/VL53L8CX/VL53L8CX_ws/install/base_interfaces_demo/include/base_interfaces_demo/msg/detail/ohom__traits.hpp\n'}
[5.151218] (base_interfaces_demo) StdoutLine: {'line': b'-- Up-to-date: /home/cjs/VL53L8CX/VL53L8CX_ws/install/base_interfaces_demo/include/base_interfaces_demo/msg/detail/color_info__traits.hpp\n'}
[5.151370] (base_interfaces_demo) StdoutLine: {'line': b'-- Up-to-date: /home/cjs/VL53L8CX/VL53L8CX_ws/install/base_interfaces_demo/include/base_interfaces_demo/msg/detail/health_node__builder.hpp\n'}
[5.152338] (base_interfaces_demo) StdoutLine: {'line': b'-- Up-to-date: /home/cjs/VL53L8CX/VL53L8CX_ws/install/base_interfaces_demo/include/base_interfaces_demo/msg/detail/obs_laser__type_support.hpp\n'}
[5.152536] (base_interfaces_demo) StdoutLine: {'line': b'-- Up-to-date: /home/cjs/VL53L8CX/VL53L8CX_ws/install/base_interfaces_demo/include/base_interfaces_demo/msg/detail/charger_info__type_support.hpp\n'}
[5.152696] (base_interfaces_demo) StdoutLine: {'line': b'-- Up-to-date: /home/cjs/VL53L8CX/VL53L8CX_ws/install/base_interfaces_demo/include/base_interfaces_demo/msg/detail/color_info__builder.hpp\n'}
[5.152853] (base_interfaces_demo) StdoutLine: {'line': b'-- Up-to-date: /home/cjs/VL53L8CX/VL53L8CX_ws/install/base_interfaces_demo/include/base_interfaces_demo/msg/detail/lift_info__traits.hpp\n'}
[5.153011] (base_interfaces_demo) StdoutLine: {'line': b'-- Up-to-date: /home/cjs/VL53L8CX/VL53L8CX_ws/install/base_interfaces_demo/include/base_interfaces_demo/msg/detail/hall_info__traits.hpp\n'}
[5.153167] (base_interfaces_demo) StdoutLine: {'line': b'-- Up-to-date: /home/cjs/VL53L8CX/VL53L8CX_ws/install/base_interfaces_demo/include/base_interfaces_demo/msg/detail/health_node__traits.hpp\n'}
[5.153320] (base_interfaces_demo) StdoutLine: {'line': b'-- Up-to-date: /home/cjs/VL53L8CX/VL53L8CX_ws/install/base_interfaces_demo/include/base_interfaces_demo/msg/detail/color_info__struct.hpp\n'}
[5.153473] (base_interfaces_demo) StdoutLine: {'line': b'-- Up-to-date: /home/cjs/VL53L8CX/VL53L8CX_ws/install/base_interfaces_demo/include/base_interfaces_demo/msg/detail/location__builder.hpp\n'}
[5.153624] (base_interfaces_demo) StdoutLine: {'line': b'-- Up-to-date: /home/cjs/VL53L8CX/VL53L8CX_ws/install/base_interfaces_demo/include/base_interfaces_demo/msg/detail/motor_cmd__type_support.hpp\n'}
[5.153782] (base_interfaces_demo) StdoutLine: {'line': b'-- Up-to-date: /home/cjs/VL53L8CX/VL53L8CX_ws/install/base_interfaces_demo/include/base_interfaces_demo/msg/detail/manual_seek_label__traits.hpp\n'}
[5.153937] (base_interfaces_demo) StdoutLine: {'line': b'-- Up-to-date: /home/cjs/VL53L8CX/VL53L8CX_ws/install/base_interfaces_demo/include/base_interfaces_demo/msg/detail/seek_ret__builder.hpp\n'}
[5.154093] (base_interfaces_demo) StdoutLine: {'line': b'-- Up-to-date: /home/cjs/VL53L8CX/VL53L8CX_ws/install/base_interfaces_demo/include/base_interfaces_demo/msg/detail/motor_status__struct.hpp\n'}
[5.154266] (base_interfaces_demo) StdoutLine: {'line': b'-- Up-to-date: /home/cjs/VL53L8CX/VL53L8CX_ws/install/base_interfaces_demo/include/base_interfaces_demo/msg/detail/file_updata__traits.hpp\n'}
[5.154479] (base_interfaces_demo) StdoutLine: {'line': b'-- Up-to-date: /home/cjs/VL53L8CX/VL53L8CX_ws/install/base_interfaces_demo/include/base_interfaces_demo/msg/detail/bms_info__type_support.hpp\n'}
[5.154641] (base_interfaces_demo) StdoutLine: {'line': b'-- Up-to-date: /home/cjs/VL53L8CX/VL53L8CX_ws/install/base_interfaces_demo/include/base_interfaces_demo/msg/detail/seek_cmd__traits.hpp\n'}
[5.154941] (base_interfaces_demo) StdoutLine: {'line': b'-- Up-to-date: /home/cjs/VL53L8CX/VL53L8CX_ws/install/base_interfaces_demo/include/base_interfaces_demo/msg/detail/health_node__type_support.hpp\n'}
[5.155860] (base_interfaces_demo) StdoutLine: {'line': b'-- Up-to-date: /home/cjs/VL53L8CX/VL53L8CX_ws/install/base_interfaces_demo/include/base_interfaces_demo/msg/detail/bt_status__builder.hpp\n'}
[5.156703] (base_interfaces_demo) StdoutLine: {'line': b'-- Up-to-date: /home/cjs/VL53L8CX/VL53L8CX_ws/install/base_interfaces_demo/include/base_interfaces_demo/msg/detail/pub_code__struct.hpp\n'}
[5.156977] (base_interfaces_demo) StdoutLine: {'line': b'-- Up-to-date: /home/cjs/VL53L8CX/VL53L8CX_ws/install/base_interfaces_demo/include/base_interfaces_demo/msg/detail/motion_control__traits.hpp\n'}
[5.157133] (base_interfaces_demo) StdoutLine: {'line': b'-- Up-to-date: /home/cjs/VL53L8CX/VL53L8CX_ws/install/base_interfaces_demo/include/base_interfaces_demo/msg/detail/movecontrol_info__type_support.hpp\n'}
[5.157288] (base_interfaces_demo) StdoutLine: {'line': b'-- Up-to-date: /home/cjs/VL53L8CX/VL53L8CX_ws/install/base_interfaces_demo/include/base_interfaces_demo/msg/detail/file_updata__builder.hpp\n'}
[5.157444] (base_interfaces_demo) StdoutLine: {'line': b'-- Up-to-date: /home/cjs/VL53L8CX/VL53L8CX_ws/install/base_interfaces_demo/include/base_interfaces_demo/msg/detail/motor_status__builder.hpp\n'}
[5.158489] (base_interfaces_demo) StdoutLine: {'line': b'-- Up-to-date: /home/cjs/VL53L8CX/VL53L8CX_ws/install/base_interfaces_demo/include/base_interfaces_demo/msg/detail/ohom__struct.hpp\n'}
[5.158655] (base_interfaces_demo) StdoutLine: {'line': b'-- Up-to-date: /home/cjs/VL53L8CX/VL53L8CX_ws/install/base_interfaces_demo/include/base_interfaces_demo/msg/detail/bms_info__traits.hpp\n'}
[5.159076] (base_interfaces_demo) StdoutLine: {'line': b'-- Up-to-date: /home/cjs/VL53L8CX/VL53L8CX_ws/install/base_interfaces_demo/include/base_interfaces_demo/msg/detail/movecontrol_info__traits.hpp\n'}
[5.159234] (base_interfaces_demo) StdoutLine: {'line': b'-- Up-to-date: /home/cjs/VL53L8CX/VL53L8CX_ws/install/base_interfaces_demo/include/base_interfaces_demo/msg/detail/lift_control__struct.hpp\n'}
[5.159601] (base_interfaces_demo) StdoutLine: {'line': b'-- Up-to-date: /home/cjs/VL53L8CX/VL53L8CX_ws/install/base_interfaces_demo/include/base_interfaces_demo/msg/detail/rcs_info__type_support.hpp\n'}
[5.159893] (base_interfaces_demo) StdoutLine: {'line': b'-- Up-to-date: /home/cjs/VL53L8CX/VL53L8CX_ws/install/base_interfaces_demo/include/base_interfaces_demo/msg/detail/rcs_info__struct.hpp\n'}
[5.160723] (base_interfaces_demo) StdoutLine: {'line': b'-- Up-to-date: /home/cjs/VL53L8CX/VL53L8CX_ws/install/base_interfaces_demo/include/base_interfaces_demo/msg/detail/hall_info__type_support.hpp\n'}
[5.161260] (base_interfaces_demo) StdoutLine: {'line': b'-- Up-to-date: /home/cjs/VL53L8CX/VL53L8CX_ws/install/base_interfaces_demo/include/base_interfaces_demo/msg/detail/test__type_support.hpp\n'}
[5.161600] (base_interfaces_demo) StdoutLine: {'line': b'-- Up-to-date: /home/cjs/VL53L8CX/VL53L8CX_ws/install/base_interfaces_demo/include/base_interfaces_demo/msg/detail/test__struct.hpp\n'}
[5.161757] (base_interfaces_demo) StdoutLine: {'line': b'-- Up-to-date: /home/cjs/VL53L8CX/VL53L8CX_ws/install/base_interfaces_demo/include/base_interfaces_demo/msg/detail/lift_info__struct.hpp\n'}
[5.161913] (base_interfaces_demo) StdoutLine: {'line': b'-- Up-to-date: /home/cjs/VL53L8CX/VL53L8CX_ws/install/base_interfaces_demo/include/base_interfaces_demo/msg/detail/hall_info__builder.hpp\n'}
[5.162334] (base_interfaces_demo) StdoutLine: {'line': b'-- Up-to-date: /home/cjs/VL53L8CX/VL53L8CX_ws/install/base_interfaces_demo/include/base_interfaces_demo/msg/detail/pub_code__traits.hpp\n'}
[5.162517] (base_interfaces_demo) StdoutLine: {'line': b'-- Up-to-date: /home/cjs/VL53L8CX/VL53L8CX_ws/install/base_interfaces_demo/include/base_interfaces_demo/msg/detail/rcs_info__traits.hpp\n'}
[5.162924] (base_interfaces_demo) StdoutLine: {'line': b'-- Up-to-date: /home/cjs/VL53L8CX/VL53L8CX_ws/install/base_interfaces_demo/include/base_interfaces_demo/msg/detail/manual__builder.hpp\n'}
[5.163087] (base_interfaces_demo) StdoutLine: {'line': b'-- Up-to-date: /home/cjs/VL53L8CX/VL53L8CX_ws/install/base_interfaces_demo/include/base_interfaces_demo/msg/detail/movecontrol_info__builder.hpp\n'}
[5.163259] (base_interfaces_demo) StdoutLine: {'line': b'-- Up-to-date: /home/cjs/VL53L8CX/VL53L8CX_ws/install/base_interfaces_demo/include/base_interfaces_demo/msg/detail/lift_control__traits.hpp\n'}
[5.163602] (base_interfaces_demo) StdoutLine: {'line': b'-- Up-to-date: /home/cjs/VL53L8CX/VL53L8CX_ws/install/base_interfaces_demo/include/base_interfaces_demo/msg/detail/seek_cmd__struct.hpp\n'}
[5.164100] (base_interfaces_demo) StdoutLine: {'line': b'-- Up-to-date: /home/cjs/VL53L8CX/VL53L8CX_ws/install/base_interfaces_demo/include/base_interfaces_demo/msg/detail/manual_seek_label__struct.hpp\n'}
[5.164399] (base_interfaces_demo) StdoutLine: {'line': b'-- Up-to-date: /home/cjs/VL53L8CX/VL53L8CX_ws/install/base_interfaces_demo/include/base_interfaces_demo/msg/detail/location__type_support.hpp\n'}
[5.164867] (base_interfaces_demo) StdoutLine: {'line': b'-- Up-to-date: /home/cjs/VL53L8CX/VL53L8CX_ws/install/base_interfaces_demo/include/base_interfaces_demo/msg/detail/manual_seek_label__type_support.hpp\n'}
[5.165291] (base_interfaces_demo) StdoutLine: {'line': b'-- Up-to-date: /home/cjs/VL53L8CX/VL53L8CX_ws/install/base_interfaces_demo/include/base_interfaces_demo/msg/detail/charger_info__struct.hpp\n'}
[5.165464] (base_interfaces_demo) StdoutLine: {'line': b'-- Up-to-date: /home/cjs/VL53L8CX/VL53L8CX_ws/install/base_interfaces_demo/include/base_interfaces_demo/msg/detail/test__builder.hpp\n'}
[5.165609] (base_interfaces_demo) StdoutLine: {'line': b'-- Up-to-date: /home/cjs/VL53L8CX/VL53L8CX_ws/install/base_interfaces_demo/include/base_interfaces_demo/msg/detail/motor_status__traits.hpp\n'}
[5.165879] (base_interfaces_demo) StdoutLine: {'line': b'-- Up-to-date: /home/cjs/VL53L8CX/VL53L8CX_ws/install/base_interfaces_demo/include/base_interfaces_demo/msg/detail/location__struct.hpp\n'}
[5.166544] (base_interfaces_demo) StdoutLine: {'line': b'-- Up-to-date: /home/cjs/VL53L8CX/VL53L8CX_ws/install/base_interfaces_demo/include/base_interfaces_demo/msg/detail/seek_ret__struct.hpp\n'}
[5.166969] (base_interfaces_demo) StdoutLine: {'line': b'-- Up-to-date: /home/cjs/VL53L8CX/VL53L8CX_ws/install/base_interfaces_demo/include/base_interfaces_demo/msg/detail/pallet_info__struct.hpp\n'}
[5.167570] (base_interfaces_demo) StdoutLine: {'line': b'-- Up-to-date: /home/cjs/VL53L8CX/VL53L8CX_ws/install/base_interfaces_demo/include/base_interfaces_demo/msg/manual_seek_label.hpp\n'}
[5.167999] (base_interfaces_demo) StdoutLine: {'line': b'-- Up-to-date: /home/cjs/VL53L8CX/VL53L8CX_ws/install/base_interfaces_demo/include/base_interfaces_demo/msg/motion_control.hpp\n'}
[5.168290] (base_interfaces_demo) StdoutLine: {'line': b'-- Up-to-date: /home/cjs/VL53L8CX/VL53L8CX_ws/install/base_interfaces_demo/include/base_interfaces_demo/msg/lift_control.hpp\n'}
[5.168753] (base_interfaces_demo) StdoutLine: {'line': b'-- Up-to-date: /home/cjs/VL53L8CX/VL53L8CX_ws/install/base_interfaces_demo/include/base_interfaces_demo/msg/motor_status.hpp\n'}
[5.169465] (base_interfaces_demo) StdoutLine: {'line': b'-- Up-to-date: /home/cjs/VL53L8CX/VL53L8CX_ws/install/base_interfaces_demo/include/base_interfaces_demo/msg/hall_info.hpp\n'}
[5.170121] (base_interfaces_demo) StdoutLine: {'line': b'-- Up-to-date: /home/cjs/VL53L8CX/VL53L8CX_ws/install/base_interfaces_demo/include/base_interfaces_demo/msg/charger_info.hpp\n'}
[5.170560] (base_interfaces_demo) StdoutLine: {'line': b'-- Up-to-date: /home/cjs/VL53L8CX/VL53L8CX_ws/install/base_interfaces_demo/include/base_interfaces_demo/msg/movecontrol_info.hpp\n'}
[5.170995] (base_interfaces_demo) StdoutLine: {'line': b'-- Up-to-date: /home/cjs/VL53L8CX/VL53L8CX_ws/install/base_interfaces_demo/include/base_interfaces_demo/msg/rosidl_generator_cpp__visibility_control.hpp\n'}
[5.171519] (base_interfaces_demo) StdoutLine: {'line': b'-- Up-to-date: /home/cjs/VL53L8CX/VL53L8CX_ws/install/base_interfaces_demo/include/base_interfaces_demo/msg/location.hpp\n'}
[5.172147] (-) TimerEvent: {}
[5.173000] (base_interfaces_demo) StdoutLine: {'line': b'-- Up-to-date: /home/cjs/VL53L8CX/VL53L8CX_ws/install/base_interfaces_demo/include/base_interfaces_demo/msg/file_updata.hpp\n'}
[5.173583] (base_interfaces_demo) StdoutLine: {'line': b'-- Up-to-date: /home/cjs/VL53L8CX/VL53L8CX_ws/install/base_interfaces_demo/include/base_interfaces_demo/msg/seek_cmd.hpp\n'}
[5.173970] (base_interfaces_demo) StdoutLine: {'line': b'-- Up-to-date: /home/cjs/VL53L8CX/VL53L8CX_ws/install/base_interfaces_demo/include/base_interfaces_demo/msg/health_node.hpp\n'}
[5.174396] (base_interfaces_demo) StdoutLine: {'line': b'-- Up-to-date: /home/cjs/VL53L8CX/VL53L8CX_ws/install/base_interfaces_demo/include/base_interfaces_demo/msg/bt_status.hpp\n'}
[5.174813] (base_interfaces_demo) StdoutLine: {'line': b'-- Up-to-date: /home/cjs/VL53L8CX/VL53L8CX_ws/install/base_interfaces_demo/include/base_interfaces_demo/msg/obs_laser.hpp\n'}
[5.176161] (base_interfaces_demo) StdoutLine: {'line': b'-- Up-to-date: /home/cjs/VL53L8CX/VL53L8CX_ws/install/base_interfaces_demo/include/base_interfaces_demo/msg/system_status.hpp\n'}
[5.176988] (base_interfaces_demo) StdoutLine: {'line': b'-- Up-to-date: /home/cjs/VL53L8CX/VL53L8CX_ws/install/base_interfaces_demo/include/base_interfaces_demo/msg/bms_info.hpp\n'}
[5.177447] (base_interfaces_demo) StdoutLine: {'line': b'-- Up-to-date: /home/cjs/VL53L8CX/VL53L8CX_ws/install/base_interfaces_demo/include/base_interfaces_demo/msg/manual.hpp\n'}
[5.178111] (base_interfaces_demo) StdoutLine: {'line': b'-- Up-to-date: /home/cjs/VL53L8CX/VL53L8CX_ws/install/base_interfaces_demo/include/base_interfaces_demo/msg/lift_info.hpp\n'}
[5.178752] (base_interfaces_demo) StdoutLine: {'line': b'-- Up-to-date: /home/cjs/VL53L8CX/VL53L8CX_ws/install/base_interfaces_demo/include/base_interfaces_demo\n'}
[5.179748] (base_interfaces_demo) StdoutLine: {'line': b'-- Up-to-date: /home/cjs/VL53L8CX/VL53L8CX_ws/install/base_interfaces_demo/include/base_interfaces_demo/action\n'}
[5.180178] (base_interfaces_demo) StdoutLine: {'line': b'-- Up-to-date: /home/cjs/VL53L8CX/VL53L8CX_ws/install/base_interfaces_demo/include/base_interfaces_demo/action/detail\n'}
[5.180330] (base_interfaces_demo) StdoutLine: {'line': b'-- Up-to-date: /home/cjs/VL53L8CX/VL53L8CX_ws/install/base_interfaces_demo/include/base_interfaces_demo/action/detail/nav__rosidl_typesupport_introspection_cpp.hpp\n'}
[5.180511] (base_interfaces_demo) StdoutLine: {'line': b'-- Up-to-date: /home/cjs/VL53L8CX/VL53L8CX_ws/install/base_interfaces_demo/include/base_interfaces_demo/action/detail/reverse__type_support.cpp\n'}
[5.180701] (base_interfaces_demo) StdoutLine: {'line': b'-- Up-to-date: /home/cjs/VL53L8CX/VL53L8CX_ws/install/base_interfaces_demo/include/base_interfaces_demo/action/detail/reverse__rosidl_typesupport_introspection_cpp.hpp\n'}
[5.180860] (base_interfaces_demo) StdoutLine: {'line': b'-- Up-to-date: /home/cjs/VL53L8CX/VL53L8CX_ws/install/base_interfaces_demo/include/base_interfaces_demo/action/detail/pallet__type_support.cpp\n'}
[5.181030] (base_interfaces_demo) StdoutLine: {'line': b'-- Up-to-date: /home/cjs/VL53L8CX/VL53L8CX_ws/install/base_interfaces_demo/include/base_interfaces_demo/action/detail/pallet__rosidl_typesupport_introspection_cpp.hpp\n'}
[5.181194] (base_interfaces_demo) StdoutLine: {'line': b'-- Up-to-date: /home/cjs/VL53L8CX/VL53L8CX_ws/install/base_interfaces_demo/include/base_interfaces_demo/action/detail/nav__type_support.cpp\n'}
[5.181346] (base_interfaces_demo) StdoutLine: {'line': b'-- Up-to-date: /home/cjs/VL53L8CX/VL53L8CX_ws/install/base_interfaces_demo/include/base_interfaces_demo/srv\n'}
[5.181502] (base_interfaces_demo) StdoutLine: {'line': b'-- Up-to-date: /home/cjs/VL53L8CX/VL53L8CX_ws/install/base_interfaces_demo/include/base_interfaces_demo/srv/detail\n'}
[5.181657] (base_interfaces_demo) StdoutLine: {'line': b'-- Up-to-date: /home/cjs/VL53L8CX/VL53L8CX_ws/install/base_interfaces_demo/include/base_interfaces_demo/srv/detail/check_emergency__rosidl_typesupport_introspection_cpp.hpp\n'}
[5.181815] (base_interfaces_demo) StdoutLine: {'line': b'-- Up-to-date: /home/cjs/VL53L8CX/VL53L8CX_ws/install/base_interfaces_demo/include/base_interfaces_demo/srv/detail/rcs_server__rosidl_typesupport_introspection_cpp.hpp\n'}
[5.181977] (base_interfaces_demo) StdoutLine: {'line': b'-- Up-to-date: /home/cjs/VL53L8CX/VL53L8CX_ws/install/base_interfaces_demo/include/base_interfaces_demo/srv/detail/pub_code__rosidl_typesupport_introspection_cpp.hpp\n'}
[5.182150] (base_interfaces_demo) StdoutLine: {'line': b'-- Up-to-date: /home/cjs/VL53L8CX/VL53L8CX_ws/install/base_interfaces_demo/include/base_interfaces_demo/srv/detail/rcs_server__type_support.cpp\n'}
[5.182306] (base_interfaces_demo) StdoutLine: {'line': b'-- Up-to-date: /home/cjs/VL53L8CX/VL53L8CX_ws/install/base_interfaces_demo/include/base_interfaces_demo/srv/detail/check_emergency__type_support.cpp\n'}
[5.182474] (base_interfaces_demo) StdoutLine: {'line': b'-- Up-to-date: /home/cjs/VL53L8CX/VL53L8CX_ws/install/base_interfaces_demo/include/base_interfaces_demo/srv/detail/hall__rosidl_typesupport_introspection_cpp.hpp\n'}
[5.182630] (base_interfaces_demo) StdoutLine: {'line': b'-- Up-to-date: /home/cjs/VL53L8CX/VL53L8CX_ws/install/base_interfaces_demo/include/base_interfaces_demo/srv/detail/hall__type_support.cpp\n'}
[5.182788] (base_interfaces_demo) StdoutLine: {'line': b'-- Up-to-date: /home/cjs/VL53L8CX/VL53L8CX_ws/install/base_interfaces_demo/include/base_interfaces_demo/srv/detail/set_emergency__rosidl_typesupport_introspection_cpp.hpp\n'}
[5.183012] (base_interfaces_demo) StdoutLine: {'line': b'-- Up-to-date: /home/cjs/VL53L8CX/VL53L8CX_ws/install/base_interfaces_demo/include/base_interfaces_demo/srv/detail/pub_code__type_support.cpp\n'}
[5.183382] (base_interfaces_demo) StdoutLine: {'line': b'-- Up-to-date: /home/cjs/VL53L8CX/VL53L8CX_ws/install/base_interfaces_demo/include/base_interfaces_demo/srv/detail/set_emergency__type_support.cpp\n'}
[5.185928] (base_interfaces_demo) StdoutLine: {'line': b'-- Up-to-date: /home/cjs/VL53L8CX/VL53L8CX_ws/install/base_interfaces_demo/include/base_interfaces_demo/msg\n'}
[5.186104] (base_interfaces_demo) StdoutLine: {'line': b'-- Up-to-date: /home/cjs/VL53L8CX/VL53L8CX_ws/install/base_interfaces_demo/include/base_interfaces_demo/msg/detail\n'}
[5.186278] (base_interfaces_demo) StdoutLine: {'line': b'-- Up-to-date: /home/cjs/VL53L8CX/VL53L8CX_ws/install/base_interfaces_demo/include/base_interfaces_demo/msg/detail/lift_info__rosidl_typesupport_introspection_cpp.hpp\n'}
[5.186462] (base_interfaces_demo) StdoutLine: {'line': b'-- Up-to-date: /home/cjs/VL53L8CX/VL53L8CX_ws/install/base_interfaces_demo/include/base_interfaces_demo/msg/detail/ohom__rosidl_typesupport_introspection_cpp.hpp\n'}
[5.186629] (base_interfaces_demo) StdoutLine: {'line': b'-- Up-to-date: /home/cjs/VL53L8CX/VL53L8CX_ws/install/base_interfaces_demo/include/base_interfaces_demo/msg/detail/test__rosidl_typesupport_introspection_cpp.hpp\n'}
[5.186801] (base_interfaces_demo) StdoutLine: {'line': b'-- Up-to-date: /home/cjs/VL53L8CX/VL53L8CX_ws/install/base_interfaces_demo/include/base_interfaces_demo/msg/detail/health_node__rosidl_typesupport_introspection_cpp.hpp\n'}
[5.187011] (base_interfaces_demo) StdoutLine: {'line': b'-- Up-to-date: /home/cjs/VL53L8CX/VL53L8CX_ws/install/base_interfaces_demo/include/base_interfaces_demo/msg/detail/car_status__rosidl_typesupport_introspection_cpp.hpp\n'}
[5.187201] (base_interfaces_demo) StdoutLine: {'line': b'-- Up-to-date: /home/cjs/VL53L8CX/VL53L8CX_ws/install/base_interfaces_demo/include/base_interfaces_demo/msg/detail/motor_cmd__rosidl_typesupport_introspection_cpp.hpp\n'}
[5.187663] (base_interfaces_demo) StdoutLine: {'line': b'-- Up-to-date: /home/cjs/VL53L8CX/VL53L8CX_ws/install/base_interfaces_demo/include/base_interfaces_demo/msg/detail/location__type_support.cpp\n'}
[5.187859] (base_interfaces_demo) StdoutLine: {'line': b'-- Up-to-date: /home/cjs/VL53L8CX/VL53L8CX_ws/install/base_interfaces_demo/include/base_interfaces_demo/msg/detail/pub_code__rosidl_typesupport_introspection_cpp.hpp\n'}
[5.188025] (base_interfaces_demo) StdoutLine: {'line': b'-- Up-to-date: /home/cjs/VL53L8CX/VL53L8CX_ws/install/base_interfaces_demo/include/base_interfaces_demo/msg/detail/rcs_info__type_support.cpp\n'}
[5.188207] (base_interfaces_demo) StdoutLine: {'line': b'-- Up-to-date: /home/cjs/VL53L8CX/VL53L8CX_ws/install/base_interfaces_demo/include/base_interfaces_demo/msg/detail/health_node__type_support.cpp\n'}
[5.188362] (base_interfaces_demo) StdoutLine: {'line': b'-- Up-to-date: /home/cjs/VL53L8CX/VL53L8CX_ws/install/base_interfaces_demo/include/base_interfaces_demo/msg/detail/motion_control__type_support.cpp\n'}
[5.188548] (base_interfaces_demo) StdoutLine: {'line': b'-- Up-to-date: /home/cjs/VL53L8CX/VL53L8CX_ws/install/base_interfaces_demo/include/base_interfaces_demo/msg/detail/car_status__type_support.cpp\n'}
[5.188698] (base_interfaces_demo) StdoutLine: {'line': b'-- Up-to-date: /home/cjs/VL53L8CX/VL53L8CX_ws/install/base_interfaces_demo/include/base_interfaces_demo/msg/detail/seek_ret__type_support.cpp\n'}
[5.188850] (base_interfaces_demo) StdoutLine: {'line': b'-- Up-to-date: /home/cjs/VL53L8CX/VL53L8CX_ws/install/base_interfaces_demo/include/base_interfaces_demo/msg/detail/movecontrol_info__rosidl_typesupport_introspection_cpp.hpp\n'}
[5.189028] (base_interfaces_demo) StdoutLine: {'line': b'-- Up-to-date: /home/cjs/VL53L8CX/VL53L8CX_ws/install/base_interfaces_demo/include/base_interfaces_demo/msg/detail/motion_control__rosidl_typesupport_introspection_cpp.hpp\n'}
[5.189194] (base_interfaces_demo) StdoutLine: {'line': b'-- Up-to-date: /home/cjs/VL53L8CX/VL53L8CX_ws/install/base_interfaces_demo/include/base_interfaces_demo/msg/detail/manual__rosidl_typesupport_introspection_cpp.hpp\n'}
[5.189349] (base_interfaces_demo) StdoutLine: {'line': b'-- Up-to-date: /home/cjs/VL53L8CX/VL53L8CX_ws/install/base_interfaces_demo/include/base_interfaces_demo/msg/detail/charger_info__type_support.cpp\n'}
[5.189500] (base_interfaces_demo) StdoutLine: {'line': b'-- Up-to-date: /home/cjs/VL53L8CX/VL53L8CX_ws/install/base_interfaces_demo/include/base_interfaces_demo/msg/detail/color_info__rosidl_typesupport_introspection_cpp.hpp\n'}
[5.189648] (base_interfaces_demo) StdoutLine: {'line': b'-- Up-to-date: /home/cjs/VL53L8CX/VL53L8CX_ws/install/base_interfaces_demo/include/base_interfaces_demo/msg/detail/seek_cmd__rosidl_typesupport_introspection_cpp.hpp\n'}
[5.189799] (base_interfaces_demo) StdoutLine: {'line': b'-- Up-to-date: /home/cjs/VL53L8CX/VL53L8CX_ws/install/base_interfaces_demo/include/base_interfaces_demo/msg/detail/location__rosidl_typesupport_introspection_cpp.hpp\n'}
[5.190251] (base_interfaces_demo) StdoutLine: {'line': b'-- Up-to-date: /home/cjs/VL53L8CX/VL53L8CX_ws/install/base_interfaces_demo/include/base_interfaces_demo/msg/detail/bt_status__type_support.cpp\n'}
[5.190445] (base_interfaces_demo) StdoutLine: {'line': b'-- Up-to-date: /home/cjs/VL53L8CX/VL53L8CX_ws/install/base_interfaces_demo/include/base_interfaces_demo/msg/detail/manual_seek_label__type_support.cpp\n'}
[5.190621] (base_interfaces_demo) StdoutLine: {'line': b'-- Up-to-date: /home/cjs/VL53L8CX/VL53L8CX_ws/install/base_interfaces_demo/include/base_interfaces_demo/msg/detail/manual__type_support.cpp\n'}
[5.190766] (base_interfaces_demo) StdoutLine: {'line': b'-- Up-to-date: /home/cjs/VL53L8CX/VL53L8CX_ws/install/base_interfaces_demo/include/base_interfaces_demo/msg/detail/rcs_info__rosidl_typesupport_introspection_cpp.hpp\n'}
[5.190911] (base_interfaces_demo) StdoutLine: {'line': b'-- Up-to-date: /home/cjs/VL53L8CX/VL53L8CX_ws/install/base_interfaces_demo/include/base_interfaces_demo/msg/detail/bms_info__type_support.cpp\n'}
[5.191076] (base_interfaces_demo) StdoutLine: {'line': b'-- Up-to-date: /home/cjs/VL53L8CX/VL53L8CX_ws/install/base_interfaces_demo/include/base_interfaces_demo/msg/detail/system_status__type_support.cpp\n'}
[5.191235] (base_interfaces_demo) StdoutLine: {'line': b'-- Up-to-date: /home/cjs/VL53L8CX/VL53L8CX_ws/install/base_interfaces_demo/include/base_interfaces_demo/msg/detail/bt_status__rosidl_typesupport_introspection_cpp.hpp\n'}
[5.191395] (base_interfaces_demo) StdoutLine: {'line': b'-- Up-to-date: /home/cjs/VL53L8CX/VL53L8CX_ws/install/base_interfaces_demo/include/base_interfaces_demo/msg/detail/lift_info__type_support.cpp\n'}
[5.193859] (base_interfaces_demo) StdoutLine: {'line': b'-- Up-to-date: /home/cjs/VL53L8CX/VL53L8CX_ws/install/base_interfaces_demo/include/base_interfaces_demo/msg/detail/manual_seek_label__rosidl_typesupport_introspection_cpp.hpp\n'}
[5.194039] (base_interfaces_demo) StdoutLine: {'line': b'-- Up-to-date: /home/cjs/VL53L8CX/VL53L8CX_ws/install/base_interfaces_demo/include/base_interfaces_demo/msg/detail/lift_control__rosidl_typesupport_introspection_cpp.hpp\n'}
[5.194197] (base_interfaces_demo) StdoutLine: {'line': b'-- Up-to-date: /home/cjs/VL53L8CX/VL53L8CX_ws/install/base_interfaces_demo/include/base_interfaces_demo/msg/detail/charger_info__rosidl_typesupport_introspection_cpp.hpp\n'}
[5.194357] (base_interfaces_demo) StdoutLine: {'line': b'-- Up-to-date: /home/cjs/VL53L8CX/VL53L8CX_ws/install/base_interfaces_demo/include/base_interfaces_demo/msg/detail/obs_laser__rosidl_typesupport_introspection_cpp.hpp\n'}
[5.194542] (base_interfaces_demo) StdoutLine: {'line': b'-- Up-to-date: /home/cjs/VL53L8CX/VL53L8CX_ws/install/base_interfaces_demo/include/base_interfaces_demo/msg/detail/seek_cmd__type_support.cpp\n'}
[5.194698] (base_interfaces_demo) StdoutLine: {'line': b'-- Up-to-date: /home/cjs/VL53L8CX/VL53L8CX_ws/install/base_interfaces_demo/include/base_interfaces_demo/msg/detail/color_info__type_support.cpp\n'}
[5.194839] (base_interfaces_demo) StdoutLine: {'line': b'-- Up-to-date: /home/cjs/VL53L8CX/VL53L8CX_ws/install/base_interfaces_demo/include/base_interfaces_demo/msg/detail/pallet_info__rosidl_typesupport_introspection_cpp.hpp\n'}
[5.194977] (base_interfaces_demo) StdoutLine: {'line': b'-- Up-to-date: /home/cjs/VL53L8CX/VL53L8CX_ws/install/base_interfaces_demo/include/base_interfaces_demo/msg/detail/file_updata__rosidl_typesupport_introspection_cpp.hpp\n'}
[5.195136] (base_interfaces_demo) StdoutLine: {'line': b'-- Up-to-date: /home/cjs/VL53L8CX/VL53L8CX_ws/install/base_interfaces_demo/include/base_interfaces_demo/msg/detail/motor_cmd__type_support.cpp\n'}
[5.195284] (base_interfaces_demo) StdoutLine: {'line': b'-- Up-to-date: /home/cjs/VL53L8CX/VL53L8CX_ws/install/base_interfaces_demo/include/base_interfaces_demo/msg/detail/motor_status__type_support.cpp\n'}
[5.195435] (base_interfaces_demo) StdoutLine: {'line': b'-- Up-to-date: /home/cjs/VL53L8CX/VL53L8CX_ws/install/base_interfaces_demo/include/base_interfaces_demo/msg/detail/file_updata__type_support.cpp\n'}
[5.195713] (base_interfaces_demo) StdoutLine: {'line': b'-- Up-to-date: /home/cjs/VL53L8CX/VL53L8CX_ws/install/base_interfaces_demo/include/base_interfaces_demo/msg/detail/ohom__type_support.cpp\n'}
[5.195870] (base_interfaces_demo) StdoutLine: {'line': b'-- Up-to-date: /home/cjs/VL53L8CX/VL53L8CX_ws/install/base_interfaces_demo/include/base_interfaces_demo/msg/detail/pub_code__type_support.cpp\n'}
[5.196019] (base_interfaces_demo) StdoutLine: {'line': b'-- Up-to-date: /home/cjs/VL53L8CX/VL53L8CX_ws/install/base_interfaces_demo/include/base_interfaces_demo/msg/detail/lift_control__type_support.cpp\n'}
[5.196168] (base_interfaces_demo) StdoutLine: {'line': b'-- Up-to-date: /home/cjs/VL53L8CX/VL53L8CX_ws/install/base_interfaces_demo/include/base_interfaces_demo/msg/detail/bms_info__rosidl_typesupport_introspection_cpp.hpp\n'}
[5.196315] (base_interfaces_demo) StdoutLine: {'line': b'-- Up-to-date: /home/cjs/VL53L8CX/VL53L8CX_ws/install/base_interfaces_demo/include/base_interfaces_demo/msg/detail/seek_ret__rosidl_typesupport_introspection_cpp.hpp\n'}
[5.196500] (base_interfaces_demo) StdoutLine: {'line': b'-- Up-to-date: /home/cjs/VL53L8CX/VL53L8CX_ws/install/base_interfaces_demo/include/base_interfaces_demo/msg/detail/system_status__rosidl_typesupport_introspection_cpp.hpp\n'}
[5.196653] (base_interfaces_demo) StdoutLine: {'line': b'-- Up-to-date: /home/cjs/VL53L8CX/VL53L8CX_ws/install/base_interfaces_demo/include/base_interfaces_demo/msg/detail/hall_info__rosidl_typesupport_introspection_cpp.hpp\n'}
[5.196803] (base_interfaces_demo) StdoutLine: {'line': b'-- Up-to-date: /home/cjs/VL53L8CX/VL53L8CX_ws/install/base_interfaces_demo/include/base_interfaces_demo/msg/detail/movecontrol_info__type_support.cpp\n'}
[5.196954] (base_interfaces_demo) StdoutLine: {'line': b'-- Up-to-date: /home/cjs/VL53L8CX/VL53L8CX_ws/install/base_interfaces_demo/include/base_interfaces_demo/msg/detail/motor_status__rosidl_typesupport_introspection_cpp.hpp\n'}
[5.197102] (base_interfaces_demo) StdoutLine: {'line': b'-- Up-to-date: /home/cjs/VL53L8CX/VL53L8CX_ws/install/base_interfaces_demo/include/base_interfaces_demo/msg/detail/pallet_info__type_support.cpp\n'}
[5.197250] (base_interfaces_demo) StdoutLine: {'line': b'-- Up-to-date: /home/cjs/VL53L8CX/VL53L8CX_ws/install/base_interfaces_demo/include/base_interfaces_demo/msg/detail/test__type_support.cpp\n'}
[5.197395] (base_interfaces_demo) StdoutLine: {'line': b'-- Up-to-date: /home/cjs/VL53L8CX/VL53L8CX_ws/install/base_interfaces_demo/include/base_interfaces_demo/msg/detail/obs_laser__type_support.cpp\n'}
[5.197542] (base_interfaces_demo) StdoutLine: {'line': b'-- Up-to-date: /home/cjs/VL53L8CX/VL53L8CX_ws/install/base_interfaces_demo/include/base_interfaces_demo/msg/detail/hall_info__type_support.cpp\n'}
[5.197697] (base_interfaces_demo) StdoutLine: {'line': b'-- Up-to-date: /home/cjs/VL53L8CX/VL53L8CX_ws/install/base_interfaces_demo/lib/libbase_interfaces_demo__rosidl_typesupport_introspection_cpp.so\n'}
[5.197853] (base_interfaces_demo) StdoutLine: {'line': b'-- Up-to-date: /home/cjs/VL53L8CX/VL53L8CX_ws/install/base_interfaces_demo/lib/libbase_interfaces_demo__rosidl_typesupport_cpp.so\n'}
[5.198001] (base_interfaces_demo) StdoutLine: {'line': b'-- Up-to-date: /home/cjs/VL53L8CX/VL53L8CX_ws/install/base_interfaces_demo/share/base_interfaces_demo/environment/pythonpath.sh\n'}
[5.198150] (base_interfaces_demo) StdoutLine: {'line': b'-- Up-to-date: /home/cjs/VL53L8CX/VL53L8CX_ws/install/base_interfaces_demo/share/base_interfaces_demo/environment/pythonpath.dsv\n'}
[5.198334] (base_interfaces_demo) StdoutLine: {'line': b'-- Up-to-date: /home/cjs/VL53L8CX/VL53L8CX_ws/install/base_interfaces_demo/lib/python3.8/site-packages/base_interfaces_demo/__init__.py\n'}
[5.271080] (base_interfaces_demo) StdoutLine: {'line': b'-- Up-to-date: /home/cjs/VL53L8CX/VL53L8CX_ws/install/base_interfaces_demo/lib/python3.8/site-packages/base_interfaces_demo/action\n'}
[5.272190] (-) TimerEvent: {}
[5.272819] (base_interfaces_demo) StdoutLine: {'line': b'-- Up-to-date: /home/cjs/VL53L8CX/VL53L8CX_ws/install/base_interfaces_demo/lib/python3.8/site-packages/base_interfaces_demo/action/_reverse_s.c\n'}
[5.273252] (base_interfaces_demo) StdoutLine: {'line': b'-- Up-to-date: /home/cjs/VL53L8CX/VL53L8CX_ws/install/base_interfaces_demo/lib/python3.8/site-packages/base_interfaces_demo/action/_nav_s.c\n'}
[5.273543] (base_interfaces_demo) StdoutLine: {'line': b'-- Up-to-date: /home/cjs/VL53L8CX/VL53L8CX_ws/install/base_interfaces_demo/lib/python3.8/site-packages/base_interfaces_demo/action/_reverse.py\n'}
[5.273856] (base_interfaces_demo) StdoutLine: {'line': b'-- Up-to-date: /home/cjs/VL53L8CX/VL53L8CX_ws/install/base_interfaces_demo/lib/python3.8/site-packages/base_interfaces_demo/action/_nav.py\n'}
[5.274523] (base_interfaces_demo) StdoutLine: {'line': b'-- Up-to-date: /home/cjs/VL53L8CX/VL53L8CX_ws/install/base_interfaces_demo/lib/python3.8/site-packages/base_interfaces_demo/action/_pallet.py\n'}
[5.275147] (base_interfaces_demo) StdoutLine: {'line': b'-- Up-to-date: /home/cjs/VL53L8CX/VL53L8CX_ws/install/base_interfaces_demo/lib/python3.8/site-packages/base_interfaces_demo/action/_pallet_s.c\n'}
[5.275549] (base_interfaces_demo) StdoutLine: {'line': b'-- Up-to-date: /home/cjs/VL53L8CX/VL53L8CX_ws/install/base_interfaces_demo/lib/python3.8/site-packages/base_interfaces_demo/action/__init__.py\n'}
[5.276082] (base_interfaces_demo) StdoutLine: {'line': b'-- Up-to-date: /home/cjs/VL53L8CX/VL53L8CX_ws/install/base_interfaces_demo/lib/python3.8/site-packages/base_interfaces_demo/msg\n'}
[5.277066] (base_interfaces_demo) StdoutLine: {'line': b'-- Up-to-date: /home/cjs/VL53L8CX/VL53L8CX_ws/install/base_interfaces_demo/lib/python3.8/site-packages/base_interfaces_demo/msg/_hall_info_s.c\n'}
[5.277541] (base_interfaces_demo) StdoutLine: {'line': b'-- Up-to-date: /home/cjs/VL53L8CX/VL53L8CX_ws/install/base_interfaces_demo/lib/python3.8/site-packages/base_interfaces_demo/msg/_health_node.py\n'}
[5.277974] (base_interfaces_demo) StdoutLine: {'line': b'-- Up-to-date: /home/cjs/VL53L8CX/VL53L8CX_ws/install/base_interfaces_demo/lib/python3.8/site-packages/base_interfaces_demo/msg/_car_status_s.c\n'}
[5.278361] (base_interfaces_demo) StdoutLine: {'line': b'-- Up-to-date: /home/cjs/VL53L8CX/VL53L8CX_ws/install/base_interfaces_demo/lib/python3.8/site-packages/base_interfaces_demo/msg/_health_node_s.c\n'}
[5.279687] (base_interfaces_demo) StdoutLine: {'line': b'-- Up-to-date: /home/cjs/VL53L8CX/VL53L8CX_ws/install/base_interfaces_demo/lib/python3.8/site-packages/base_interfaces_demo/msg/_color_info.py\n'}
[5.281487] (base_interfaces_demo) StdoutLine: {'line': b'-- Up-to-date: /home/cjs/VL53L8CX/VL53L8CX_ws/install/base_interfaces_demo/lib/python3.8/site-packages/base_interfaces_demo/msg/_lift_info_s.c\n'}
[5.282438] (base_interfaces_demo) StdoutLine: {'line': b'-- Up-to-date: /home/cjs/VL53L8CX/VL53L8CX_ws/install/base_interfaces_demo/lib/python3.8/site-packages/base_interfaces_demo/msg/_motor_status.py\n'}
[5.283388] (base_interfaces_demo) StdoutLine: {'line': b'-- Up-to-date: /home/cjs/VL53L8CX/VL53L8CX_ws/install/base_interfaces_demo/lib/python3.8/site-packages/base_interfaces_demo/msg/_pallet_info.py\n'}
[5.290754] (base_interfaces_demo) StdoutLine: {'line': b'-- Up-to-date: /home/cjs/VL53L8CX/VL53L8CX_ws/install/base_interfaces_demo/lib/python3.8/site-packages/base_interfaces_demo/msg/_obs_laser.py\n'}
[5.291210] (base_interfaces_demo) StdoutLine: {'line': b'-- Up-to-date: /home/cjs/VL53L8CX/VL53L8CX_ws/install/base_interfaces_demo/lib/python3.8/site-packages/base_interfaces_demo/msg/_movecontrol_info.py\n'}
[5.291374] (base_interfaces_demo) StdoutLine: {'line': b'-- Up-to-date: /home/cjs/VL53L8CX/VL53L8CX_ws/install/base_interfaces_demo/lib/python3.8/site-packages/base_interfaces_demo/msg/_seek_ret_s.c\n'}
[5.291533] (base_interfaces_demo) StdoutLine: {'line': b'-- Up-to-date: /home/cjs/VL53L8CX/VL53L8CX_ws/install/base_interfaces_demo/lib/python3.8/site-packages/base_interfaces_demo/msg/_seek_cmd_s.c\n'}
[5.291706] (base_interfaces_demo) StdoutLine: {'line': b'-- Up-to-date: /home/cjs/VL53L8CX/VL53L8CX_ws/install/base_interfaces_demo/lib/python3.8/site-packages/base_interfaces_demo/msg/_file_updata_s.c\n'}
[5.292095] (base_interfaces_demo) StdoutLine: {'line': b'-- Up-to-date: /home/cjs/VL53L8CX/VL53L8CX_ws/install/base_interfaces_demo/lib/python3.8/site-packages/base_interfaces_demo/msg/_manual_seek_label.py\n'}
[5.292261] (base_interfaces_demo) StdoutLine: {'line': b'-- Up-to-date: /home/cjs/VL53L8CX/VL53L8CX_ws/install/base_interfaces_demo/lib/python3.8/site-packages/base_interfaces_demo/msg/_motor_cmd_s.c\n'}
[5.292417] (base_interfaces_demo) StdoutLine: {'line': b'-- Up-to-date: /home/cjs/VL53L8CX/VL53L8CX_ws/install/base_interfaces_demo/lib/python3.8/site-packages/base_interfaces_demo/msg/_ohom.py\n'}
[5.292579] (base_interfaces_demo) StdoutLine: {'line': b'-- Up-to-date: /home/cjs/VL53L8CX/VL53L8CX_ws/install/base_interfaces_demo/lib/python3.8/site-packages/base_interfaces_demo/msg/_obs_laser_s.c\n'}
[5.292771] (base_interfaces_demo) StdoutLine: {'line': b'-- Up-to-date: /home/cjs/VL53L8CX/VL53L8CX_ws/install/base_interfaces_demo/lib/python3.8/site-packages/base_interfaces_demo/msg/_charger_info_s.c\n'}
[5.292968] (base_interfaces_demo) StdoutLine: {'line': b'-- Up-to-date: /home/cjs/VL53L8CX/VL53L8CX_ws/install/base_interfaces_demo/lib/python3.8/site-packages/base_interfaces_demo/msg/_pub_code_s.c\n'}
[5.293139] (base_interfaces_demo) StdoutLine: {'line': b'-- Up-to-date: /home/cjs/VL53L8CX/VL53L8CX_ws/install/base_interfaces_demo/lib/python3.8/site-packages/base_interfaces_demo/msg/_seek_cmd.py\n'}
[5.293293] (base_interfaces_demo) StdoutLine: {'line': b'-- Up-to-date: /home/cjs/VL53L8CX/VL53L8CX_ws/install/base_interfaces_demo/lib/python3.8/site-packages/base_interfaces_demo/msg/_system_status.py\n'}
[5.293455] (base_interfaces_demo) StdoutLine: {'line': b'-- Up-to-date: /home/cjs/VL53L8CX/VL53L8CX_ws/install/base_interfaces_demo/lib/python3.8/site-packages/base_interfaces_demo/msg/_manual.py\n'}
[5.293609] (base_interfaces_demo) StdoutLine: {'line': b'-- Up-to-date: /home/cjs/VL53L8CX/VL53L8CX_ws/install/base_interfaces_demo/lib/python3.8/site-packages/base_interfaces_demo/msg/_movecontrol_info_s.c\n'}
[5.293777] (base_interfaces_demo) StdoutLine: {'line': b'-- Up-to-date: /home/cjs/VL53L8CX/VL53L8CX_ws/install/base_interfaces_demo/lib/python3.8/site-packages/base_interfaces_demo/msg/_pub_code.py\n'}
[5.293956] (base_interfaces_demo) StdoutLine: {'line': b'-- Up-to-date: /home/cjs/VL53L8CX/VL53L8CX_ws/install/base_interfaces_demo/lib/python3.8/site-packages/base_interfaces_demo/msg/_charger_info.py\n'}
[5.294111] (base_interfaces_demo) StdoutLine: {'line': b'-- Up-to-date: /home/cjs/VL53L8CX/VL53L8CX_ws/install/base_interfaces_demo/lib/python3.8/site-packages/base_interfaces_demo/msg/_lift_control_s.c\n'}
[5.294264] (base_interfaces_demo) StdoutLine: {'line': b'-- Up-to-date: /home/cjs/VL53L8CX/VL53L8CX_ws/install/base_interfaces_demo/lib/python3.8/site-packages/base_interfaces_demo/msg/_manual_s.c\n'}
[5.294417] (base_interfaces_demo) StdoutLine: {'line': b'-- Up-to-date: /home/cjs/VL53L8CX/VL53L8CX_ws/install/base_interfaces_demo/lib/python3.8/site-packages/base_interfaces_demo/msg/_bt_status.py\n'}
[5.294573] (base_interfaces_demo) StdoutLine: {'line': b'-- Up-to-date: /home/cjs/VL53L8CX/VL53L8CX_ws/install/base_interfaces_demo/lib/python3.8/site-packages/base_interfaces_demo/msg/_motion_control_s.c\n'}
[5.294728] (base_interfaces_demo) StdoutLine: {'line': b'-- Up-to-date: /home/cjs/VL53L8CX/VL53L8CX_ws/install/base_interfaces_demo/lib/python3.8/site-packages/base_interfaces_demo/msg/_manual_seek_label_s.c\n'}
[5.294916] (base_interfaces_demo) StdoutLine: {'line': b'-- Up-to-date: /home/cjs/VL53L8CX/VL53L8CX_ws/install/base_interfaces_demo/lib/python3.8/site-packages/base_interfaces_demo/msg/_hall_info.py\n'}
[5.295097] (base_interfaces_demo) StdoutLine: {'line': b'-- Up-to-date: /home/cjs/VL53L8CX/VL53L8CX_ws/install/base_interfaces_demo/lib/python3.8/site-packages/base_interfaces_demo/msg/_location_s.c\n'}
[5.295275] (base_interfaces_demo) StdoutLine: {'line': b'-- Up-to-date: /home/cjs/VL53L8CX/VL53L8CX_ws/install/base_interfaces_demo/lib/python3.8/site-packages/base_interfaces_demo/msg/_seek_ret.py\n'}
[5.295445] (base_interfaces_demo) StdoutLine: {'line': b'-- Up-to-date: /home/cjs/VL53L8CX/VL53L8CX_ws/install/base_interfaces_demo/lib/python3.8/site-packages/base_interfaces_demo/msg/_ohom_s.c\n'}
[5.295597] (base_interfaces_demo) StdoutLine: {'line': b'-- Up-to-date: /home/cjs/VL53L8CX/VL53L8CX_ws/install/base_interfaces_demo/lib/python3.8/site-packages/base_interfaces_demo/msg/_car_status.py\n'}
[5.295750] (base_interfaces_demo) StdoutLine: {'line': b'-- Up-to-date: /home/cjs/VL53L8CX/VL53L8CX_ws/install/base_interfaces_demo/lib/python3.8/site-packages/base_interfaces_demo/msg/_lift_control.py\n'}
[5.296069] (base_interfaces_demo) StdoutLine: {'line': b'-- Up-to-date: /home/cjs/VL53L8CX/VL53L8CX_ws/install/base_interfaces_demo/lib/python3.8/site-packages/base_interfaces_demo/msg/_bt_status_s.c\n'}
[5.296245] (base_interfaces_demo) StdoutLine: {'line': b'-- Up-to-date: /home/cjs/VL53L8CX/VL53L8CX_ws/install/base_interfaces_demo/lib/python3.8/site-packages/base_interfaces_demo/msg/_motion_control.py\n'}
[5.296400] (base_interfaces_demo) StdoutLine: {'line': b'-- Up-to-date: /home/cjs/VL53L8CX/VL53L8CX_ws/install/base_interfaces_demo/lib/python3.8/site-packages/base_interfaces_demo/msg/_test.py\n'}
[5.296567] (base_interfaces_demo) StdoutLine: {'line': b'-- Up-to-date: /home/cjs/VL53L8CX/VL53L8CX_ws/install/base_interfaces_demo/lib/python3.8/site-packages/base_interfaces_demo/msg/_rcs_info_s.c\n'}
[5.296724] (base_interfaces_demo) StdoutLine: {'line': b'-- Up-to-date: /home/cjs/VL53L8CX/VL53L8CX_ws/install/base_interfaces_demo/lib/python3.8/site-packages/base_interfaces_demo/msg/_system_status_s.c\n'}
[5.296921] (base_interfaces_demo) StdoutLine: {'line': b'-- Up-to-date: /home/cjs/VL53L8CX/VL53L8CX_ws/install/base_interfaces_demo/lib/python3.8/site-packages/base_interfaces_demo/msg/_location.py\n'}
[5.297087] (base_interfaces_demo) StdoutLine: {'line': b'-- Up-to-date: /home/cjs/VL53L8CX/VL53L8CX_ws/install/base_interfaces_demo/lib/python3.8/site-packages/base_interfaces_demo/msg/_motor_cmd.py\n'}
[5.297240] (base_interfaces_demo) StdoutLine: {'line': b'-- Up-to-date: /home/cjs/VL53L8CX/VL53L8CX_ws/install/base_interfaces_demo/lib/python3.8/site-packages/base_interfaces_demo/msg/_color_info_s.c\n'}
[5.297395] (base_interfaces_demo) StdoutLine: {'line': b'-- Up-to-date: /home/cjs/VL53L8CX/VL53L8CX_ws/install/base_interfaces_demo/lib/python3.8/site-packages/base_interfaces_demo/msg/_motor_status_s.c\n'}
[5.297561] (base_interfaces_demo) StdoutLine: {'line': b'-- Up-to-date: /home/cjs/VL53L8CX/VL53L8CX_ws/install/base_interfaces_demo/lib/python3.8/site-packages/base_interfaces_demo/msg/_rcs_info.py\n'}
[5.297716] (base_interfaces_demo) StdoutLine: {'line': b'-- Up-to-date: /home/cjs/VL53L8CX/VL53L8CX_ws/install/base_interfaces_demo/lib/python3.8/site-packages/base_interfaces_demo/msg/_file_updata.py\n'}
[5.297874] (base_interfaces_demo) StdoutLine: {'line': b'-- Up-to-date: /home/cjs/VL53L8CX/VL53L8CX_ws/install/base_interfaces_demo/lib/python3.8/site-packages/base_interfaces_demo/msg/_lift_info.py\n'}
[5.298029] (base_interfaces_demo) StdoutLine: {'line': b'-- Up-to-date: /home/cjs/VL53L8CX/VL53L8CX_ws/install/base_interfaces_demo/lib/python3.8/site-packages/base_interfaces_demo/msg/_bms_info_s.c\n'}
[5.298192] (base_interfaces_demo) StdoutLine: {'line': b'-- Up-to-date: /home/cjs/VL53L8CX/VL53L8CX_ws/install/base_interfaces_demo/lib/python3.8/site-packages/base_interfaces_demo/msg/_pallet_info_s.c\n'}
[5.298346] (base_interfaces_demo) StdoutLine: {'line': b'-- Up-to-date: /home/cjs/VL53L8CX/VL53L8CX_ws/install/base_interfaces_demo/lib/python3.8/site-packages/base_interfaces_demo/msg/__init__.py\n'}
[5.298501] (base_interfaces_demo) StdoutLine: {'line': b'-- Up-to-date: /home/cjs/VL53L8CX/VL53L8CX_ws/install/base_interfaces_demo/lib/python3.8/site-packages/base_interfaces_demo/msg/_bms_info.py\n'}
[5.298787] (base_interfaces_demo) StdoutLine: {'line': b'-- Up-to-date: /home/cjs/VL53L8CX/VL53L8CX_ws/install/base_interfaces_demo/lib/python3.8/site-packages/base_interfaces_demo/msg/_test_s.c\n'}
[5.298985] (base_interfaces_demo) StdoutLine: {'line': b'-- Up-to-date: /home/cjs/VL53L8CX/VL53L8CX_ws/install/base_interfaces_demo/lib/python3.8/site-packages/base_interfaces_demo/srv\n'}
[5.299152] (base_interfaces_demo) StdoutLine: {'line': b'-- Up-to-date: /home/cjs/VL53L8CX/VL53L8CX_ws/install/base_interfaces_demo/lib/python3.8/site-packages/base_interfaces_demo/srv/_hall.py\n'}
[5.299309] (base_interfaces_demo) StdoutLine: {'line': b'-- Up-to-date: /home/cjs/VL53L8CX/VL53L8CX_ws/install/base_interfaces_demo/lib/python3.8/site-packages/base_interfaces_demo/srv/_hall_s.c\n'}
[5.299465] (base_interfaces_demo) StdoutLine: {'line': b'-- Up-to-date: /home/cjs/VL53L8CX/VL53L8CX_ws/install/base_interfaces_demo/lib/python3.8/site-packages/base_interfaces_demo/srv/_check_emergency.py\n'}
[5.299620] (base_interfaces_demo) StdoutLine: {'line': b'-- Up-to-date: /home/cjs/VL53L8CX/VL53L8CX_ws/install/base_interfaces_demo/lib/python3.8/site-packages/base_interfaces_demo/srv/_set_emergency_s.c\n'}
[5.299773] (base_interfaces_demo) StdoutLine: {'line': b'-- Up-to-date: /home/cjs/VL53L8CX/VL53L8CX_ws/install/base_interfaces_demo/lib/python3.8/site-packages/base_interfaces_demo/srv/_rcs_server_s.c\n'}
[5.300058] (base_interfaces_demo) StdoutLine: {'line': b'-- Up-to-date: /home/cjs/VL53L8CX/VL53L8CX_ws/install/base_interfaces_demo/lib/python3.8/site-packages/base_interfaces_demo/srv/_pub_code_s.c\n'}
[5.300225] (base_interfaces_demo) StdoutLine: {'line': b'-- Up-to-date: /home/cjs/VL53L8CX/VL53L8CX_ws/install/base_interfaces_demo/lib/python3.8/site-packages/base_interfaces_demo/srv/_set_emergency.py\n'}
[5.300386] (base_interfaces_demo) StdoutLine: {'line': b'-- Up-to-date: /home/cjs/VL53L8CX/VL53L8CX_ws/install/base_interfaces_demo/lib/python3.8/site-packages/base_interfaces_demo/srv/_check_emergency_s.c\n'}
[5.300540] (base_interfaces_demo) StdoutLine: {'line': b'-- Up-to-date: /home/cjs/VL53L8CX/VL53L8CX_ws/install/base_interfaces_demo/lib/python3.8/site-packages/base_interfaces_demo/srv/_rcs_server.py\n'}
[5.300697] (base_interfaces_demo) StdoutLine: {'line': b'-- Up-to-date: /home/cjs/VL53L8CX/VL53L8CX_ws/install/base_interfaces_demo/lib/python3.8/site-packages/base_interfaces_demo/srv/_pub_code.py\n'}
[5.300852] (base_interfaces_demo) StdoutLine: {'line': b'-- Up-to-date: /home/cjs/VL53L8CX/VL53L8CX_ws/install/base_interfaces_demo/lib/python3.8/site-packages/base_interfaces_demo/srv/__init__.py\n'}
[5.301397] (base_interfaces_demo) StdoutLine: {'line': b'-- Up-to-date: /home/cjs/VL53L8CX/VL53L8CX_ws/install/base_interfaces_demo/lib/python3.8/site-packages/base_interfaces_demo/base_interfaces_demo_s__rosidl_typesupport_fastrtps_c.cpython-38-x86_64-linux-gnu.so\n'}
[5.307059] (base_interfaces_demo) StdoutLine: {'line': b'-- Up-to-date: /home/cjs/VL53L8CX/VL53L8CX_ws/install/base_interfaces_demo/lib/python3.8/site-packages/base_interfaces_demo/base_interfaces_demo_s__rosidl_typesupport_introspection_c.cpython-38-x86_64-linux-gnu.so\n'}
[5.314187] (base_interfaces_demo) StdoutLine: {'line': b'-- Up-to-date: /home/cjs/VL53L8CX/VL53L8CX_ws/install/base_interfaces_demo/lib/python3.8/site-packages/base_interfaces_demo/base_interfaces_demo_s__rosidl_typesupport_c.cpython-38-x86_64-linux-gnu.so\n'}
[5.320066] (base_interfaces_demo) StdoutLine: {'line': b'-- Up-to-date: /home/cjs/VL53L8CX/VL53L8CX_ws/install/base_interfaces_demo/lib/libbase_interfaces_demo__python.so\n'}
[5.321924] (base_interfaces_demo) StdoutLine: {'line': b'-- Up-to-date: /home/cjs/VL53L8CX/VL53L8CX_ws/install/base_interfaces_demo/share/base_interfaces_demo/action/Nav.idl\n'}
[5.322299] (base_interfaces_demo) StdoutLine: {'line': b'-- Up-to-date: /home/cjs/VL53L8CX/VL53L8CX_ws/install/base_interfaces_demo/share/base_interfaces_demo/msg/Ohom.idl\n'}
[5.322714] (base_interfaces_demo) StdoutLine: {'line': b'-- Up-to-date: /home/cjs/VL53L8CX/VL53L8CX_ws/install/base_interfaces_demo/share/base_interfaces_demo/msg/HallInfo.idl\n'}
[5.322881] (base_interfaces_demo) StdoutLine: {'line': b'-- Up-to-date: /home/cjs/VL53L8CX/VL53L8CX_ws/install/base_interfaces_demo/share/base_interfaces_demo/msg/Location.idl\n'}
[5.323191] (base_interfaces_demo) StdoutLine: {'line': b'-- Up-to-date: /home/cjs/VL53L8CX/VL53L8CX_ws/install/base_interfaces_demo/share/base_interfaces_demo/msg/MotorCmd.idl\n'}
[5.323788] (base_interfaces_demo) StdoutLine: {'line': b'-- Up-to-date: /home/cjs/VL53L8CX/VL53L8CX_ws/install/base_interfaces_demo/share/base_interfaces_demo/msg/MotorStatus.idl\n'}
[5.327889] (base_interfaces_demo) StdoutLine: {'line': b'-- Up-to-date: /home/cjs/VL53L8CX/VL53L8CX_ws/install/base_interfaces_demo/share/base_interfaces_demo/msg/Manual.idl\n'}
[5.328407] (base_interfaces_demo) StdoutLine: {'line': b'-- Up-to-date: /home/cjs/VL53L8CX/VL53L8CX_ws/install/base_interfaces_demo/share/base_interfaces_demo/msg/Test.idl\n'}
[5.328820] (base_interfaces_demo) StdoutLine: {'line': b'-- Up-to-date: /home/cjs/VL53L8CX/VL53L8CX_ws/install/base_interfaces_demo/share/base_interfaces_demo/srv/Hall.idl\n'}
[5.329115] (base_interfaces_demo) StdoutLine: {'line': b'-- Up-to-date: /home/cjs/VL53L8CX/VL53L8CX_ws/install/base_interfaces_demo/share/base_interfaces_demo/msg/BmsInfo.idl\n'}
[5.329386] (base_interfaces_demo) StdoutLine: {'line': b'-- Up-to-date: /home/cjs/VL53L8CX/VL53L8CX_ws/install/base_interfaces_demo/share/base_interfaces_demo/msg/ChargerInfo.idl\n'}
[5.329721] (base_interfaces_demo) StdoutLine: {'line': b'-- Up-to-date: /home/cjs/VL53L8CX/VL53L8CX_ws/install/base_interfaces_demo/share/base_interfaces_demo/msg/ManualSeekLabel.idl\n'}
[5.329893] (base_interfaces_demo) StdoutLine: {'line': b'-- Up-to-date: /home/cjs/VL53L8CX/VL53L8CX_ws/install/base_interfaces_demo/share/base_interfaces_demo/msg/SeekCmd.idl\n'}
[5.330048] (base_interfaces_demo) StdoutLine: {'line': b'-- Up-to-date: /home/cjs/VL53L8CX/VL53L8CX_ws/install/base_interfaces_demo/share/base_interfaces_demo/msg/SeekRet.idl\n'}
[5.330578] (base_interfaces_demo) StdoutLine: {'line': b'-- Up-to-date: /home/cjs/VL53L8CX/VL53L8CX_ws/install/base_interfaces_demo/share/base_interfaces_demo/msg/SystemStatus.idl\n'}
[5.330739] (base_interfaces_demo) StdoutLine: {'line': b'-- Up-to-date: /home/cjs/VL53L8CX/VL53L8CX_ws/install/base_interfaces_demo/share/base_interfaces_demo/action/Reverse.idl\n'}
[5.332307] (base_interfaces_demo) StdoutLine: {'line': b'-- Up-to-date: /home/cjs/VL53L8CX/VL53L8CX_ws/install/base_interfaces_demo/share/base_interfaces_demo/msg/LiftInfo.idl\n'}
[5.332710] (base_interfaces_demo) StdoutLine: {'line': b'-- Up-to-date: /home/cjs/VL53L8CX/VL53L8CX_ws/install/base_interfaces_demo/share/base_interfaces_demo/msg/ColorInfo.idl\n'}
[5.332940] (base_interfaces_demo) StdoutLine: {'line': b'-- Up-to-date: /home/cjs/VL53L8CX/VL53L8CX_ws/install/base_interfaces_demo/share/base_interfaces_demo/msg/FileUpdata.idl\n'}
[5.333080] (base_interfaces_demo) StdoutLine: {'line': b'-- Up-to-date: /home/cjs/VL53L8CX/VL53L8CX_ws/install/base_interfaces_demo/share/base_interfaces_demo/msg/ObsLaser.idl\n'}
[5.333206] (base_interfaces_demo) StdoutLine: {'line': b'-- Up-to-date: /home/cjs/VL53L8CX/VL53L8CX_ws/install/base_interfaces_demo/share/base_interfaces_demo/msg/PalletInfo.idl\n'}
[5.333332] (base_interfaces_demo) StdoutLine: {'line': b'-- Up-to-date: /home/cjs/VL53L8CX/VL53L8CX_ws/install/base_interfaces_demo/share/base_interfaces_demo/msg/MovecontrolInfo.idl\n'}
[5.333520] (base_interfaces_demo) StdoutLine: {'line': b'-- Up-to-date: /home/cjs/VL53L8CX/VL53L8CX_ws/install/base_interfaces_demo/share/base_interfaces_demo/msg/MotionControl.idl\n'}
[5.333931] (base_interfaces_demo) StdoutLine: {'line': b'-- Up-to-date: /home/cjs/VL53L8CX/VL53L8CX_ws/install/base_interfaces_demo/share/base_interfaces_demo/msg/RcsInfo.idl\n'}
[5.334537] (base_interfaces_demo) StdoutLine: {'line': b'-- Up-to-date: /home/cjs/VL53L8CX/VL53L8CX_ws/install/base_interfaces_demo/share/base_interfaces_demo/msg/LiftControl.idl\n'}
[5.334738] (base_interfaces_demo) StdoutLine: {'line': b'-- Up-to-date: /home/cjs/VL53L8CX/VL53L8CX_ws/install/base_interfaces_demo/share/base_interfaces_demo/msg/BtStatus.idl\n'}
[5.335103] (base_interfaces_demo) StdoutLine: {'line': b'-- Up-to-date: /home/cjs/VL53L8CX/VL53L8CX_ws/install/base_interfaces_demo/share/base_interfaces_demo/msg/CarStatus.idl\n'}
[5.339494] (base_interfaces_demo) StdoutLine: {'line': b'-- Up-to-date: /home/cjs/VL53L8CX/VL53L8CX_ws/install/base_interfaces_demo/share/base_interfaces_demo/msg/HealthNode.idl\n'}
[5.340074] (base_interfaces_demo) StdoutLine: {'line': b'-- Up-to-date: /home/cjs/VL53L8CX/VL53L8CX_ws/install/base_interfaces_demo/share/base_interfaces_demo/action/Pallet.idl\n'}
[5.340213] (base_interfaces_demo) StdoutLine: {'line': b'-- Up-to-date: /home/cjs/VL53L8CX/VL53L8CX_ws/install/base_interfaces_demo/share/base_interfaces_demo/srv/CheckEmergency.idl\n'}
[5.340375] (base_interfaces_demo) StdoutLine: {'line': b'-- Up-to-date: /home/cjs/VL53L8CX/VL53L8CX_ws/install/base_interfaces_demo/share/base_interfaces_demo/srv/SetEmergency.idl\n'}
[5.340642] (base_interfaces_demo) StdoutLine: {'line': b'-- Up-to-date: /home/cjs/VL53L8CX/VL53L8CX_ws/install/base_interfaces_demo/share/base_interfaces_demo/srv/RcsServer.idl\n'}
[5.342089] (base_interfaces_demo) StdoutLine: {'line': b'-- Up-to-date: /home/cjs/VL53L8CX/VL53L8CX_ws/install/base_interfaces_demo/share/base_interfaces_demo/action/Nav.action\n'}
[5.342637] (base_interfaces_demo) StdoutLine: {'line': b'-- Up-to-date: /home/cjs/VL53L8CX/VL53L8CX_ws/install/base_interfaces_demo/share/base_interfaces_demo/msg/Ohom.msg\n'}
[5.342815] (base_interfaces_demo) StdoutLine: {'line': b'-- Up-to-date: /home/cjs/VL53L8CX/VL53L8CX_ws/install/base_interfaces_demo/share/base_interfaces_demo/msg/HallInfo.msg\n'}
[5.342985] (base_interfaces_demo) StdoutLine: {'line': b'-- Up-to-date: /home/cjs/VL53L8CX/VL53L8CX_ws/install/base_interfaces_demo/share/base_interfaces_demo/msg/Location.msg\n'}
[5.343270] (base_interfaces_demo) StdoutLine: {'line': b'-- Up-to-date: /home/cjs/VL53L8CX/VL53L8CX_ws/install/base_interfaces_demo/share/base_interfaces_demo/msg/MotorCmd.msg\n'}
[5.343881] (base_interfaces_demo) StdoutLine: {'line': b'-- Up-to-date: /home/cjs/VL53L8CX/VL53L8CX_ws/install/base_interfaces_demo/share/base_interfaces_demo/msg/MotorStatus.msg\n'}
[5.344060] (base_interfaces_demo) StdoutLine: {'line': b'-- Up-to-date: /home/cjs/VL53L8CX/VL53L8CX_ws/install/base_interfaces_demo/share/base_interfaces_demo/msg/Manual.msg\n'}
[5.344226] (base_interfaces_demo) StdoutLine: {'line': b'-- Up-to-date: /home/cjs/VL53L8CX/VL53L8CX_ws/install/base_interfaces_demo/share/base_interfaces_demo/msg/Test.msg\n'}
[5.346407] (base_interfaces_demo) StdoutLine: {'line': b'-- Up-to-date: /home/cjs/VL53L8CX/VL53L8CX_ws/install/base_interfaces_demo/share/base_interfaces_demo/srv/Hall.srv\n'}
[5.347371] (base_interfaces_demo) StdoutLine: {'line': b'-- Up-to-date: /home/cjs/VL53L8CX/VL53L8CX_ws/install/base_interfaces_demo/share/base_interfaces_demo/srv/Hall_Request.msg\n'}
[5.347912] (base_interfaces_demo) StdoutLine: {'line': b'-- Up-to-date: /home/cjs/VL53L8CX/VL53L8CX_ws/install/base_interfaces_demo/share/base_interfaces_demo/srv/Hall_Response.msg\n'}
[5.348091] (base_interfaces_demo) StdoutLine: {'line': b'-- Up-to-date: /home/cjs/VL53L8CX/VL53L8CX_ws/install/base_interfaces_demo/share/base_interfaces_demo/msg/BmsInfo.msg\n'}
[5.349596] (base_interfaces_demo) StdoutLine: {'line': b'-- Up-to-date: /home/cjs/VL53L8CX/VL53L8CX_ws/install/base_interfaces_demo/share/base_interfaces_demo/msg/ChargerInfo.msg\n'}
[5.349958] (base_interfaces_demo) StdoutLine: {'line': b'-- Up-to-date: /home/cjs/VL53L8CX/VL53L8CX_ws/install/base_interfaces_demo/share/base_interfaces_demo/msg/ManualSeekLabel.msg\n'}
[5.350132] (base_interfaces_demo) StdoutLine: {'line': b'-- Up-to-date: /home/cjs/VL53L8CX/VL53L8CX_ws/install/base_interfaces_demo/share/base_interfaces_demo/msg/SeekCmd.msg\n'}
[5.350705] (base_interfaces_demo) StdoutLine: {'line': b'-- Up-to-date: /home/cjs/VL53L8CX/VL53L8CX_ws/install/base_interfaces_demo/share/base_interfaces_demo/msg/SeekRet.msg\n'}
[5.350864] (base_interfaces_demo) StdoutLine: {'line': b'-- Up-to-date: /home/cjs/VL53L8CX/VL53L8CX_ws/install/base_interfaces_demo/share/base_interfaces_demo/msg/SystemStatus.msg\n'}
[5.351381] (base_interfaces_demo) StdoutLine: {'line': b'-- Up-to-date: /home/cjs/VL53L8CX/VL53L8CX_ws/install/base_interfaces_demo/share/base_interfaces_demo/action/Reverse.action\n'}
[5.351733] (base_interfaces_demo) StdoutLine: {'line': b'-- Up-to-date: /home/cjs/VL53L8CX/VL53L8CX_ws/install/base_interfaces_demo/share/base_interfaces_demo/msg/LiftInfo.msg\n'}
[5.352143] (base_interfaces_demo) StdoutLine: {'line': b'-- Up-to-date: /home/cjs/VL53L8CX/VL53L8CX_ws/install/base_interfaces_demo/share/base_interfaces_demo/msg/ColorInfo.msg\n'}
[5.352295] (base_interfaces_demo) StdoutLine: {'line': b'-- Up-to-date: /home/cjs/VL53L8CX/VL53L8CX_ws/install/base_interfaces_demo/share/base_interfaces_demo/msg/FileUpdata.msg\n'}
[5.352558] (base_interfaces_demo) StdoutLine: {'line': b'-- Up-to-date: /home/cjs/VL53L8CX/VL53L8CX_ws/install/base_interfaces_demo/share/base_interfaces_demo/msg/ObsLaser.msg\n'}
[5.352876] (base_interfaces_demo) StdoutLine: {'line': b'-- Up-to-date: /home/cjs/VL53L8CX/VL53L8CX_ws/install/base_interfaces_demo/share/base_interfaces_demo/msg/PalletInfo.msg\n'}
[5.353034] (base_interfaces_demo) StdoutLine: {'line': b'-- Up-to-date: /home/cjs/VL53L8CX/VL53L8CX_ws/install/base_interfaces_demo/share/base_interfaces_demo/msg/MovecontrolInfo.msg\n'}
[5.353470] (base_interfaces_demo) StdoutLine: {'line': b'-- Up-to-date: /home/cjs/VL53L8CX/VL53L8CX_ws/install/base_interfaces_demo/share/base_interfaces_demo/msg/MotionControl.msg\n'}
[5.353652] (base_interfaces_demo) StdoutLine: {'line': b'-- Up-to-date: /home/cjs/VL53L8CX/VL53L8CX_ws/install/base_interfaces_demo/share/base_interfaces_demo/msg/RcsInfo.msg\n'}
[5.354104] (base_interfaces_demo) StdoutLine: {'line': b'-- Up-to-date: /home/cjs/VL53L8CX/VL53L8CX_ws/install/base_interfaces_demo/share/base_interfaces_demo/msg/LiftControl.msg\n'}
[5.354272] (base_interfaces_demo) StdoutLine: {'line': b'-- Up-to-date: /home/cjs/VL53L8CX/VL53L8CX_ws/install/base_interfaces_demo/share/base_interfaces_demo/msg/BtStatus.msg\n'}
[5.354936] (base_interfaces_demo) StdoutLine: {'line': b'-- Up-to-date: /home/cjs/VL53L8CX/VL53L8CX_ws/install/base_interfaces_demo/share/base_interfaces_demo/msg/CarStatus.msg\n'}
[5.355104] (base_interfaces_demo) StdoutLine: {'line': b'-- Up-to-date: /home/cjs/VL53L8CX/VL53L8CX_ws/install/base_interfaces_demo/share/base_interfaces_demo/msg/HealthNode.msg\n'}
[5.356729] (base_interfaces_demo) StdoutLine: {'line': b'-- Up-to-date: /home/cjs/VL53L8CX/VL53L8CX_ws/install/base_interfaces_demo/share/base_interfaces_demo/action/Pallet.action\n'}
[5.356914] (base_interfaces_demo) StdoutLine: {'line': b'-- Up-to-date: /home/cjs/VL53L8CX/VL53L8CX_ws/install/base_interfaces_demo/share/base_interfaces_demo/srv/CheckEmergency.srv\n'}
[5.357343] (base_interfaces_demo) StdoutLine: {'line': b'-- Up-to-date: /home/cjs/VL53L8CX/VL53L8CX_ws/install/base_interfaces_demo/share/base_interfaces_demo/srv/CheckEmergency_Request.msg\n'}
[5.357563] (base_interfaces_demo) StdoutLine: {'line': b'-- Up-to-date: /home/cjs/VL53L8CX/VL53L8CX_ws/install/base_interfaces_demo/share/base_interfaces_demo/srv/CheckEmergency_Response.msg\n'}
[5.357727] (base_interfaces_demo) StdoutLine: {'line': b'-- Up-to-date: /home/cjs/VL53L8CX/VL53L8CX_ws/install/base_interfaces_demo/share/base_interfaces_demo/srv/SetEmergency.srv\n'}
[5.358182] (base_interfaces_demo) StdoutLine: {'line': b'-- Up-to-date: /home/cjs/VL53L8CX/VL53L8CX_ws/install/base_interfaces_demo/share/base_interfaces_demo/srv/SetEmergency_Request.msg\n'}
[5.358342] (base_interfaces_demo) StdoutLine: {'line': b'-- Up-to-date: /home/cjs/VL53L8CX/VL53L8CX_ws/install/base_interfaces_demo/share/base_interfaces_demo/srv/SetEmergency_Response.msg\n'}
[5.358758] (base_interfaces_demo) StdoutLine: {'line': b'-- Up-to-date: /home/cjs/VL53L8CX/VL53L8CX_ws/install/base_interfaces_demo/share/base_interfaces_demo/srv/RcsServer.srv\n'}
[5.358920] (base_interfaces_demo) StdoutLine: {'line': b'-- Up-to-date: /home/cjs/VL53L8CX/VL53L8CX_ws/install/base_interfaces_demo/share/base_interfaces_demo/srv/RcsServer_Request.msg\n'}
[5.359072] (base_interfaces_demo) StdoutLine: {'line': b'-- Up-to-date: /home/cjs/VL53L8CX/VL53L8CX_ws/install/base_interfaces_demo/share/base_interfaces_demo/srv/RcsServer_Response.msg\n'}
[5.359461] (base_interfaces_demo) StdoutLine: {'line': b'-- Up-to-date: /home/cjs/VL53L8CX/VL53L8CX_ws/install/base_interfaces_demo/share/ament_index/resource_index/package_run_dependencies/base_interfaces_demo\n'}
[5.360013] (base_interfaces_demo) StdoutLine: {'line': b'-- Up-to-date: /home/cjs/VL53L8CX/VL53L8CX_ws/install/base_interfaces_demo/share/ament_index/resource_index/parent_prefix_path/base_interfaces_demo\n'}
[5.364284] (base_interfaces_demo) StdoutLine: {'line': b'-- Up-to-date: /home/cjs/VL53L8CX/VL53L8CX_ws/install/base_interfaces_demo/share/base_interfaces_demo/environment/ament_prefix_path.sh\n'}
[5.364911] (base_interfaces_demo) StdoutLine: {'line': b'-- Up-to-date: /home/cjs/VL53L8CX/VL53L8CX_ws/install/base_interfaces_demo/share/base_interfaces_demo/environment/ament_prefix_path.dsv\n'}
[5.365156] (base_interfaces_demo) StdoutLine: {'line': b'-- Up-to-date: /home/cjs/VL53L8CX/VL53L8CX_ws/install/base_interfaces_demo/share/base_interfaces_demo/environment/path.sh\n'}
[5.365395] (base_interfaces_demo) StdoutLine: {'line': b'-- Up-to-date: /home/cjs/VL53L8CX/VL53L8CX_ws/install/base_interfaces_demo/share/base_interfaces_demo/environment/path.dsv\n'}
[5.367047] (base_interfaces_demo) StdoutLine: {'line': b'-- Up-to-date: /home/cjs/VL53L8CX/VL53L8CX_ws/install/base_interfaces_demo/share/base_interfaces_demo/local_setup.bash\n'}
[5.368600] (base_interfaces_demo) StdoutLine: {'line': b'-- Up-to-date: /home/cjs/VL53L8CX/VL53L8CX_ws/install/base_interfaces_demo/share/base_interfaces_demo/local_setup.sh\n'}
[5.368778] (base_interfaces_demo) StdoutLine: {'line': b'-- Up-to-date: /home/cjs/VL53L8CX/VL53L8CX_ws/install/base_interfaces_demo/share/base_interfaces_demo/local_setup.zsh\n'}
[5.368937] (base_interfaces_demo) StdoutLine: {'line': b'-- Up-to-date: /home/cjs/VL53L8CX/VL53L8CX_ws/install/base_interfaces_demo/share/base_interfaces_demo/local_setup.dsv\n'}
[5.369247] (base_interfaces_demo) StdoutLine: {'line': b'-- Installing: /home/cjs/VL53L8CX/VL53L8CX_ws/install/base_interfaces_demo/share/base_interfaces_demo/package.dsv\n'}
[5.370632] (base_interfaces_demo) StdoutLine: {'line': b'-- Up-to-date: /home/cjs/VL53L8CX/VL53L8CX_ws/install/base_interfaces_demo/share/ament_index/resource_index/packages/base_interfaces_demo\n'}
[5.373097] (base_interfaces_demo) StdoutLine: {'line': b'-- Up-to-date: /home/cjs/VL53L8CX/VL53L8CX_ws/install/base_interfaces_demo/share/base_interfaces_demo/cmake/base_interfaces_demo__rosidl_generator_cExport.cmake\n'}
[5.373294] (-) TimerEvent: {}
[5.373518] (base_interfaces_demo) StdoutLine: {'line': b'-- Up-to-date: /home/cjs/VL53L8CX/VL53L8CX_ws/install/base_interfaces_demo/share/base_interfaces_demo/cmake/base_interfaces_demo__rosidl_generator_cExport-noconfig.cmake\n'}
[5.374864] (base_interfaces_demo) StdoutLine: {'line': b'-- Up-to-date: /home/cjs/VL53L8CX/VL53L8CX_ws/install/base_interfaces_demo/share/base_interfaces_demo/cmake/base_interfaces_demo__rosidl_typesupport_introspection_cExport.cmake\n'}
[5.375197] (base_interfaces_demo) StdoutLine: {'line': b'-- Up-to-date: /home/cjs/VL53L8CX/VL53L8CX_ws/install/base_interfaces_demo/share/base_interfaces_demo/cmake/base_interfaces_demo__rosidl_typesupport_introspection_cExport-noconfig.cmake\n'}
[5.378174] (base_interfaces_demo) StdoutLine: {'line': b'-- Up-to-date: /home/cjs/VL53L8CX/VL53L8CX_ws/install/base_interfaces_demo/share/base_interfaces_demo/cmake/base_interfaces_demo__rosidl_typesupport_cExport.cmake\n'}
[5.378638] (base_interfaces_demo) StdoutLine: {'line': b'-- Up-to-date: /home/cjs/VL53L8CX/VL53L8CX_ws/install/base_interfaces_demo/share/base_interfaces_demo/cmake/base_interfaces_demo__rosidl_typesupport_cExport-noconfig.cmake\n'}
[5.379842] (base_interfaces_demo) StdoutLine: {'line': b'-- Up-to-date: /home/cjs/VL53L8CX/VL53L8CX_ws/install/base_interfaces_demo/share/base_interfaces_demo/cmake/base_interfaces_demo__rosidl_generator_cppExport.cmake\n'}
[5.381097] (base_interfaces_demo) StdoutLine: {'line': b'-- Up-to-date: /home/cjs/VL53L8CX/VL53L8CX_ws/install/base_interfaces_demo/share/base_interfaces_demo/cmake/base_interfaces_demo__rosidl_typesupport_introspection_cppExport.cmake\n'}
[5.381672] (base_interfaces_demo) StdoutLine: {'line': b'-- Up-to-date: /home/cjs/VL53L8CX/VL53L8CX_ws/install/base_interfaces_demo/share/base_interfaces_demo/cmake/base_interfaces_demo__rosidl_typesupport_introspection_cppExport-noconfig.cmake\n'}
[5.382531] (base_interfaces_demo) StdoutLine: {'line': b'-- Up-to-date: /home/cjs/VL53L8CX/VL53L8CX_ws/install/base_interfaces_demo/share/base_interfaces_demo/cmake/base_interfaces_demo__rosidl_typesupport_cppExport.cmake\n'}
[5.383035] (base_interfaces_demo) StdoutLine: {'line': b'-- Up-to-date: /home/cjs/VL53L8CX/VL53L8CX_ws/install/base_interfaces_demo/share/base_interfaces_demo/cmake/base_interfaces_demo__rosidl_typesupport_cppExport-noconfig.cmake\n'}
[5.383471] (base_interfaces_demo) StdoutLine: {'line': b'-- Up-to-date: /home/cjs/VL53L8CX/VL53L8CX_ws/install/base_interfaces_demo/share/base_interfaces_demo/cmake/rosidl_cmake-extras.cmake\n'}
[5.384527] (base_interfaces_demo) StdoutLine: {'line': b'-- Up-to-date: /home/cjs/VL53L8CX/VL53L8CX_ws/install/base_interfaces_demo/share/base_interfaces_demo/cmake/ament_cmake_export_dependencies-extras.cmake\n'}
[5.384801] (base_interfaces_demo) StdoutLine: {'line': b'-- Up-to-date: /home/cjs/VL53L8CX/VL53L8CX_ws/install/base_interfaces_demo/share/base_interfaces_demo/cmake/ament_cmake_export_libraries-extras.cmake\n'}
[5.385369] (base_interfaces_demo) StdoutLine: {'line': b'-- Up-to-date: /home/cjs/VL53L8CX/VL53L8CX_ws/install/base_interfaces_demo/share/base_interfaces_demo/cmake/ament_cmake_export_targets-extras.cmake\n'}
[5.385848] (base_interfaces_demo) StdoutLine: {'line': b'-- Up-to-date: /home/cjs/VL53L8CX/VL53L8CX_ws/install/base_interfaces_demo/share/base_interfaces_demo/cmake/ament_cmake_export_include_directories-extras.cmake\n'}
[5.386303] (base_interfaces_demo) StdoutLine: {'line': b'-- Up-to-date: /home/cjs/VL53L8CX/VL53L8CX_ws/install/base_interfaces_demo/share/base_interfaces_demo/cmake/rosidl_cmake_export_typesupport_libraries-extras.cmake\n'}
[5.386733] (base_interfaces_demo) StdoutLine: {'line': b'-- Up-to-date: /home/cjs/VL53L8CX/VL53L8CX_ws/install/base_interfaces_demo/share/base_interfaces_demo/cmake/rosidl_cmake_export_typesupport_targets-extras.cmake\n'}
[5.387305] (base_interfaces_demo) StdoutLine: {'line': b'-- Up-to-date: /home/cjs/VL53L8CX/VL53L8CX_ws/install/base_interfaces_demo/share/base_interfaces_demo/cmake/base_interfaces_demoConfig.cmake\n'}
[5.387994] (base_interfaces_demo) StdoutLine: {'line': b'-- Up-to-date: /home/cjs/VL53L8CX/VL53L8CX_ws/install/base_interfaces_demo/share/base_interfaces_demo/cmake/base_interfaces_demoConfig-version.cmake\n'}
[5.388116] (base_interfaces_demo) StdoutLine: {'line': b'-- Up-to-date: /home/cjs/VL53L8CX/VL53L8CX_ws/install/base_interfaces_demo/share/base_interfaces_demo/package.xml\n'}
[5.406899] (base_interfaces_demo) CommandEnded: {'returncode': 0}
[5.474376] (-) TimerEvent: {}
[5.576146] (-) TimerEvent: {}
[5.677046] (-) TimerEvent: {}
[5.777741] (-) TimerEvent: {}
[5.878752] (-) TimerEvent: {}
[5.980386] (-) TimerEvent: {}
[6.085417] (-) TimerEvent: {}
[6.186733] (-) TimerEvent: {}
[6.287549] (-) TimerEvent: {}
[6.389109] (-) TimerEvent: {}
[6.490727] (-) TimerEvent: {}
[6.591675] (-) TimerEvent: {}
[6.692410] (-) TimerEvent: {}
[6.793060] (-) TimerEvent: {}
[6.894560] (-) TimerEvent: {}
[6.995737] (-) TimerEvent: {}
[7.096370] (-) TimerEvent: {}
[7.197289] (-) TimerEvent: {}
[7.298162] (-) TimerEvent: {}
[7.399588] (-) TimerEvent: {}
[7.500384] (-) TimerEvent: {}
[7.601583] (-) TimerEvent: {}
[7.702518] (-) TimerEvent: {}
[7.803509] (-) TimerEvent: {}
[7.904293] (-) TimerEvent: {}
[8.005697] (-) TimerEvent: {}
[8.106388] (-) TimerEvent: {}
[8.207508] (-) TimerEvent: {}
[8.308467] (-) TimerEvent: {}
[8.410179] (-) TimerEvent: {}
[8.512084] (-) TimerEvent: {}
[8.614622] (-) TimerEvent: {}
[8.715443] (-) TimerEvent: {}
[8.816008] (-) TimerEvent: {}
[8.916739] (-) TimerEvent: {}
[9.017712] (-) TimerEvent: {}
[9.119682] (-) TimerEvent: {}
[9.162921] (base_interfaces_demo) JobEnded: {'identifier': 'base_interfaces_demo', 'rc': 0}
[9.165653] (tof_sensor_package) JobStarted: {'identifier': 'tof_sensor_package'}
[9.205849] (tof_sensor_package) JobProgress: {'identifier': 'tof_sensor_package', 'progress': 'cmake'}
[9.208746] (tof_sensor_package) JobProgress: {'identifier': 'tof_sensor_package', 'progress': 'build'}
[9.214615] (tof_sensor_package) Command: {'cmd': ['/usr/bin/cmake', '--build', '/home/cjs/VL53L8CX/VL53L8CX_ws/build/tof_sensor_package', '--', '-j4', '-l4'], 'cwd': '/home/cjs/VL53L8CX/VL53L8CX_ws/build/tof_sensor_package', 'env': OrderedDict([('USER', 'cjs'), ('LC_TIME', 'zh_CN.UTF-8'), ('GIO_MODULE_DIR', '/home/cjs/snap/code/common/.cache/gio-modules'), ('SSH_AGENT_PID', '1520'), ('XDG_SESSION_TYPE', 'x11'), ('GTK_EXE_PREFIX_VSCODE_SNAP_ORIG', ''), ('GIT_ASKPASS', '/snap/code/166/usr/share/code/resources/app/extensions/git/dist/askpass.sh'), ('GDK_BACKEND_VSCODE_SNAP_ORIG', ''), ('SHLVL', '2'), ('LD_LIBRARY_PATH', '/home/cjs/VL53L8CX/VL53L8CX_ws/install/base_interfaces_demo/lib:/opt/ros/foxy/opt/yaml_cpp_vendor/lib:/opt/ros/foxy/opt/rviz_ogre_vendor/lib:/opt/ros/foxy/lib/x86_64-linux-gnu:/opt/ros/foxy/lib'), ('LESS', '-R'), ('HOME', '/home/cjs'), ('LOCPATH_VSCODE_SNAP_ORIG', ''), ('OLDPWD', '/home/cjs/VL53L8CX'), ('CHROME_DESKTOP', 'code-url-handler.desktop'), ('DESKTOP_SESSION', 'ubuntu'), ('GTK_PATH', '/snap/code/166/usr/lib/x86_64-linux-gnu/gtk-3.0'), ('TERM_PROGRAM_VERSION', '1.92.1'), ('LSCOLORS', 'Gxfxcxdxbxegedabagacad'), ('ZSH', '/home/cjs/.oh-my-zsh'), ('GTK_IM_MODULE_FILE', '/home/cjs/snap/code/common/.cache/immodules/immodules.cache'), ('ROS_PYTHON_VERSION', '3'), ('GNOME_SHELL_SESSION_MODE', 'ubuntu'), ('ALL', 'en.US.UTF-8'), ('GTK_MODULES', 'gail:atk-bridge'), ('GSETTINGS_SCHEMA_DIR_VSCODE_SNAP_ORIG', ''), ('PAGER', 'less'), ('VSCODE_GIT_ASKPASS_MAIN', '/snap/code/166/usr/share/code/resources/app/extensions/git/dist/askpass-main.js'), ('LC_MONETARY', 'zh_CN.UTF-8'), ('MANAGERPID', '1424'), ('VSCODE_GIT_ASKPASS_NODE', '/snap/code/166/usr/share/code/code'), ('DBUS_STARTER_BUS_TYPE', 'session'), ('DBUS_SESSION_BUS_ADDRESS', 'unix:path=/run/user/1000/bus,guid=268dcd2de439d3d90858002266b82368'), ('COLORTERM', 'truecolor'), ('IM_CONFIG_PHASE', '1'), ('ROS_DISTRO', 'foxy'), ('LOGNAME', 'cjs'), ('JOURNAL_STREAM', '8:57458'), ('_', '/usr/bin/colcon'), ('ROS_VERSION', '2'), ('XDG_CONFIG_DIRS_VSCODE_SNAP_ORIG', '/etc/xdg/xdg-ubuntu:/etc/xdg'), ('XDG_SESSION_CLASS', 'user'), ('XDG_DATA_DIRS_VSCODE_SNAP_ORIG', '/usr/share/ubuntu:/usr/local/share/:/usr/share/:/var/lib/snapd/desktop'), ('USER_ZDOTDIR', '/home/cjs'), ('USERNAME', 'cjs'), ('TERM', 'xterm-256color'), ('GNOME_DESKTOP_SESSION_ID', 'this-is-deprecated'), ('ROS_LOCALHOST_ONLY', '0'), ('WINDOWPATH', '2'), ('PATH', '/opt/ros/foxy/bin:/usr/local/sbin:/usr/local/bin:/usr/sbin:/usr/bin:/sbin:/bin:/usr/games:/usr/local/games:/snap/bin'), ('SESSION_MANAGER', 'local/cjs-virtual-machine:@/tmp/.ICE-unix/1556,unix/cjs-virtual-machine:/tmp/.ICE-unix/1556'), ('GTK_EXE_PREFIX', '/snap/code/166/usr'), ('INVOCATION_ID', '9ee8dd2fd7cc48b9b2c20cfcb166a738'), ('XDG_MENU_PREFIX', 'gnome-'), ('LC_ADDRESS', 'zh_CN.UTF-8'), ('XDG_RUNTIME_DIR', '/run/user/1000'), ('GDK_BACKEND', 'x11'), ('DISPLAY', ':0'), ('LOCPATH', '/snap/code/166/usr/lib/locale'), ('LANG', 'en_US.UTF-8'), ('XDG_CURRENT_DESKTOP', 'Unity'), ('LC_TELEPHONE', 'zh_CN.UTF-8'), ('TILIX_ID', '9923de69-11f6-49bd-8a1c-424db162521e'), ('VSCODE_INJECTION', '1'), ('GIO_MODULE_DIR_VSCODE_SNAP_ORIG', ''), ('XMODIFIERS', '@im=ibus'), ('XDG_SESSION_DESKTOP', 'ubuntu'), ('XAUTHORITY', '/run/user/1000/gdm/Xauthority'), ('LS_COLORS', 'no=00:fi=00:di=01;34:ln=00;36:pi=40;33:so=01;35:do=01;35:bd=40;33;01:cd=40;33;01:or=41;33;01:ex=00;32:*.cmd=00;32:*.exe=01;32:*.com=01;32:*.bat=01;32:*.btm=01;32:*.dll=01;32:*.tar=00;31:*.tbz=00;31:*.tgz=00;31:*.rpm=00;31:*.deb=00;31:*.arj=00;31:*.taz=00;31:*.lzh=00;31:*.lzma=00;31:*.zip=00;31:*.zoo=00;31:*.z=00;31:*.Z=00;31:*.gz=00;31:*.bz2=00;31:*.tb2=00;31:*.tz2=00;31:*.tbz2=00;31:*.avi=01;35:*.bmp=01;35:*.fli=01;35:*.gif=01;35:*.jpg=01;35:*.jpeg=01;35:*.mng=01;35:*.mov=01;35:*.mpg=01;35:*.pcx=01;35:*.pbm=01;35:*.pgm=01;35:*.png=01;35:*.ppm=01;35:*.tga=01;35:*.tif=01;35:*.xbm=01;35:*.xpm=01;35:*.dl=01;35:*.gl=01;35:*.wmv=01;35:*.aiff=00;32:*.au=00;32:*.mid=00;32:*.mp3=00;32:*.ogg=00;32:*.voc=00;32:*.wav=00;32:'), ('TERM_PROGRAM', 'vscode'), ('VSCODE_GIT_IPC_HANDLE', '/run/user/1000/vscode-git-6e22b0dd4c.sock'), ('SSH_AUTH_SOCK', '/run/user/1000/keyring/ssh'), ('GSETTINGS_SCHEMA_DIR', '/home/cjs/snap/code/166/.local/share/glib-2.0/schemas'), ('AMENT_PREFIX_PATH', '/home/cjs/VL53L8CX/VL53L8CX_ws/install/base_interfaces_demo:/opt/ros/foxy'), ('ORIGINAL_XDG_CURRENT_DESKTOP', 'ubuntu:GNOME'), ('SHELL', '/usr/bin/zsh'), ('LC_NAME', 'zh_CN.UTF-8'), ('QT_ACCESSIBILITY', '1'), ('GDMSESSION', 'ubuntu'), ('GTK_PATH_VSCODE_SNAP_ORIG', ''), ('GTK_IM_MODULE_FILE_VSCODE_SNAP_ORIG', ''), ('LC_MEASUREMENT', 'zh_CN.UTF-8'), ('GPG_AGENT_INFO', '/run/user/1000/gnupg/S.gpg-agent:0:1'), ('LC_IDENTIFICATION', 'zh_CN.UTF-8'), ('QT_IM_MODULE', 'ibus'), ('VSCODE_GIT_ASKPASS_EXTRA_ARGS', ''), ('PWD', '/home/cjs/VL53L8CX/VL53L8CX_ws/build/tof_sensor_package'), ('XDG_CONFIG_DIRS', '/etc/xdg/xdg-ubuntu:/etc/xdg'), ('DBUS_STARTER_ADDRESS', 'unix:path=/run/user/1000/bus,guid=268dcd2de439d3d90858002266b82368'), ('XDG_DATA_DIRS', '/home/cjs/snap/code/166/.local/share:/home/cjs/snap/code/166:/snap/code/166/usr/share:/usr/share/ubuntu:/usr/local/share/:/usr/share/:/var/lib/snapd/desktop'), ('ZDOTDIR', '/home/cjs'), ('PYTHONPATH', '/home/cjs/VL53L8CX/VL53L8CX_ws/install/base_interfaces_demo/lib/python3.8/site-packages:/opt/ros/foxy/lib/python3.8/site-packages'), ('LC_NUMERIC', 'zh_CN.UTF-8'), ('LC_PAPER', 'zh_CN.UTF-8'), ('COLCON', '1'), ('VTE_VERSION', '6003'), ('CMAKE_PREFIX_PATH', '/home/cjs/VL53L8CX/VL53L8CX_ws/install/base_interfaces_demo:/opt/ros/foxy')]), 'shell': False}
[9.221646] (-) TimerEvent: {}
[9.322879] (-) TimerEvent: {}
[9.404079] (tof_sensor_package) StdoutLine: {'line': b'\x1b[35m\x1b[1mScanning dependencies of target pallet_detect_node\x1b[0m\n'}
[9.423350] (-) TimerEvent: {}
[9.524343] (-) TimerEvent: {}
[9.596136] (tof_sensor_package) StdoutLine: {'line': b'[ 20%] \x1b[32mBuilding CXX object CMakeFiles/pallet_detect_node.dir/src/pallet_detect_node.cpp.o\x1b[0m\n'}
[9.624854] (-) TimerEvent: {}
[9.725885] (-) TimerEvent: {}
[9.826649] (-) TimerEvent: {}
[9.927855] (-) TimerEvent: {}
[10.029280] (-) TimerEvent: {}
[10.130141] (-) TimerEvent: {}
[10.231541] (-) TimerEvent: {}
[10.334371] (-) TimerEvent: {}
[10.435676] (-) TimerEvent: {}
[10.536974] (-) TimerEvent: {}
[10.638030] (-) TimerEvent: {}
[10.738892] (-) TimerEvent: {}
[10.840459] (-) TimerEvent: {}
[10.941475] (-) TimerEvent: {}
[11.042440] (-) TimerEvent: {}
[11.143147] (-) TimerEvent: {}
[11.244415] (-) TimerEvent: {}
[11.345555] (-) TimerEvent: {}
[11.446697] (-) TimerEvent: {}
[11.547488] (-) TimerEvent: {}
[11.648361] (-) TimerEvent: {}
[11.749549] (-) TimerEvent: {}
[11.851414] (-) TimerEvent: {}
[11.953968] (-) TimerEvent: {}
[12.055201] (-) TimerEvent: {}
[12.155953] (-) TimerEvent: {}
[12.257624] (-) TimerEvent: {}
[12.358802] (-) TimerEvent: {}
[12.460395] (-) TimerEvent: {}
[12.562116] (-) TimerEvent: {}
[12.663252] (-) TimerEvent: {}
[12.764021] (-) TimerEvent: {}
[12.865532] (-) TimerEvent: {}
[12.966741] (-) TimerEvent: {}
[13.067517] (-) TimerEvent: {}
[13.168501] (-) TimerEvent: {}
[13.270015] (-) TimerEvent: {}
[13.371592] (-) TimerEvent: {}
[13.472319] (-) TimerEvent: {}
[13.573797] (-) TimerEvent: {}
[13.674501] (-) TimerEvent: {}
[13.775412] (-) TimerEvent: {}
[13.876515] (-) TimerEvent: {}
[13.978004] (-) TimerEvent: {}
[14.079981] (-) TimerEvent: {}
[14.181143] (-) TimerEvent: {}
[14.282754] (-) TimerEvent: {}
[14.328581] (tof_sensor_package) StderrLine: {'line': b'\x1b[01m\x1b[K/home/cjs/VL53L8CX/VL53L8CX_ws/src/tof_sensor_package/src/pallet_detect_node.cpp:\x1b[m\x1b[K In member function \xe2\x80\x98\x1b[01m\x1b[Kvoid PalletDetectNode::timer_callback()\x1b[m\x1b[K\xe2\x80\x99:\n'}
[14.329013] (tof_sensor_package) StderrLine: {'line': b'\x1b[01m\x1b[K/home/cjs/VL53L8CX/VL53L8CX_ws/src/tof_sensor_package/src/pallet_detect_node.cpp:127:26:\x1b[m\x1b[K \x1b[01;35m\x1b[Kwarning: \x1b[m\x1b[Kstructured bindings only available with \xe2\x80\x98\x1b[01m\x1b[K-std=c++17\x1b[m\x1b[K\xe2\x80\x99 or \xe2\x80\x98\x1b[01m\x1b[K-std=gnu++17\x1b[m\x1b[K\xe2\x80\x99\n'}
[14.329209] (tof_sensor_package) StderrLine: {'line': b'  127 |                     auto \x1b[01;35m\x1b[K[\x1b[m\x1b[KangleA, driftA] = BestFit::analyze(A_8, distance_threshold);\n'}
[14.329362] (tof_sensor_package) StderrLine: {'line': b'      |                          \x1b[01;35m\x1b[K^\x1b[m\x1b[K\n'}
[14.334044] (tof_sensor_package) StderrLine: {'line': b'\x1b[01m\x1b[K/home/cjs/VL53L8CX/VL53L8CX_ws/src/tof_sensor_package/src/pallet_detect_node.cpp:128:26:\x1b[m\x1b[K \x1b[01;35m\x1b[Kwarning: \x1b[m\x1b[Kstructured bindings only available with \xe2\x80\x98\x1b[01m\x1b[K-std=c++17\x1b[m\x1b[K\xe2\x80\x99 or \xe2\x80\x98\x1b[01m\x1b[K-std=gnu++17\x1b[m\x1b[K\xe2\x80\x99\n'}
[14.335706] (tof_sensor_package) StderrLine: {'line': b'  128 |                     auto \x1b[01;35m\x1b[K[\x1b[m\x1b[KangleC, driftC] = BestFit::analyze(C_8, distance_threshold);\n'}
[14.336329] (tof_sensor_package) StderrLine: {'line': b'      |                          \x1b[01;35m\x1b[K^\x1b[m\x1b[K\n'}
[14.383198] (-) TimerEvent: {}
[14.483922] (-) TimerEvent: {}
[14.585591] (-) TimerEvent: {}
[14.686853] (-) TimerEvent: {}
[14.787866] (-) TimerEvent: {}
[14.889169] (-) TimerEvent: {}
[14.990482] (-) TimerEvent: {}
[15.092095] (-) TimerEvent: {}
[15.193486] (-) TimerEvent: {}
[15.294741] (-) TimerEvent: {}
[15.396385] (-) TimerEvent: {}
[15.497914] (-) TimerEvent: {}
[15.598677] (-) TimerEvent: {}
[15.700135] (-) TimerEvent: {}
[15.801520] (-) TimerEvent: {}
[15.902926] (-) TimerEvent: {}
[16.003591] (-) TimerEvent: {}
[16.104511] (-) TimerEvent: {}
[16.205529] (-) TimerEvent: {}
[16.306221] (-) TimerEvent: {}
[16.407817] (-) TimerEvent: {}
[16.508465] (-) TimerEvent: {}
[16.609538] (-) TimerEvent: {}
[16.710566] (-) TimerEvent: {}
[16.812061] (-) TimerEvent: {}
[16.912890] (-) TimerEvent: {}
[17.013502] (-) TimerEvent: {}
[17.115164] (-) TimerEvent: {}
[17.215797] (-) TimerEvent: {}
[17.316598] (-) TimerEvent: {}
[17.417905] (-) TimerEvent: {}
[17.518582] (-) TimerEvent: {}
[17.620139] (-) TimerEvent: {}
[17.721870] (-) TimerEvent: {}
[17.822880] (-) TimerEvent: {}
[17.924066] (-) TimerEvent: {}
[18.025457] (-) TimerEvent: {}
[18.126343] (-) TimerEvent: {}
[18.227925] (-) TimerEvent: {}
[18.328678] (-) TimerEvent: {}
[18.429737] (-) TimerEvent: {}
[18.531015] (-) TimerEvent: {}
[18.632551] (-) TimerEvent: {}
[18.733564] (-) TimerEvent: {}
[18.835951] (-) TimerEvent: {}
[18.936853] (-) TimerEvent: {}
[19.038235] (-) TimerEvent: {}
[19.140015] (-) TimerEvent: {}
[19.241256] (-) TimerEvent: {}
[19.342738] (-) TimerEvent: {}
[19.443667] (-) TimerEvent: {}
[19.544950] (-) TimerEvent: {}
[19.645774] (-) TimerEvent: {}
[19.747355] (-) TimerEvent: {}
[19.848982] (-) TimerEvent: {}
[19.951073] (-) TimerEvent: {}
[20.052126] (-) TimerEvent: {}
[20.153559] (-) TimerEvent: {}
[20.254364] (-) TimerEvent: {}
[20.354962] (-) TimerEvent: {}
[20.455805] (-) TimerEvent: {}
[20.557017] (-) TimerEvent: {}
[20.658425] (-) TimerEvent: {}
[20.739489] (tof_sensor_package) StdoutLine: {'line': b'[ 40%] \x1b[32m\x1b[1mLinking CXX executable pallet_detect_node\x1b[0m\n'}
[20.759138] (-) TimerEvent: {}
[20.859833] (-) TimerEvent: {}
[20.961601] (-) TimerEvent: {}
[21.063240] (-) TimerEvent: {}
[21.164153] (-) TimerEvent: {}
[21.265052] (-) TimerEvent: {}
[21.366623] (-) TimerEvent: {}
[21.467681] (-) TimerEvent: {}
[21.568371] (-) TimerEvent: {}
[21.670088] (-) TimerEvent: {}
[21.771489] (-) TimerEvent: {}
[21.872910] (-) TimerEvent: {}
[21.974115] (-) TimerEvent: {}
[22.075094] (-) TimerEvent: {}
[22.175868] (-) TimerEvent: {}
[22.277112] (-) TimerEvent: {}
[22.378578] (-) TimerEvent: {}
[22.479368] (-) TimerEvent: {}
[22.554393] (tof_sensor_package) StdoutLine: {'line': b'[100%] Built target pallet_detect_node\n'}
[22.579821] (-) TimerEvent: {}
[22.606859] (tof_sensor_package) CommandEnded: {'returncode': 0}
[22.680338] (-) TimerEvent: {}
[22.747248] (tof_sensor_package) JobProgress: {'identifier': 'tof_sensor_package', 'progress': 'install'}
[22.748814] (tof_sensor_package) Command: {'cmd': ['/usr/bin/cmake', '--install', '/home/cjs/VL53L8CX/VL53L8CX_ws/build/tof_sensor_package'], 'cwd': '/home/cjs/VL53L8CX/VL53L8CX_ws/build/tof_sensor_package', 'env': OrderedDict([('USER', 'cjs'), ('LC_TIME', 'zh_CN.UTF-8'), ('GIO_MODULE_DIR', '/home/cjs/snap/code/common/.cache/gio-modules'), ('SSH_AGENT_PID', '1520'), ('XDG_SESSION_TYPE', 'x11'), ('GTK_EXE_PREFIX_VSCODE_SNAP_ORIG', ''), ('GIT_ASKPASS', '/snap/code/166/usr/share/code/resources/app/extensions/git/dist/askpass.sh'), ('GDK_BACKEND_VSCODE_SNAP_ORIG', ''), ('SHLVL', '2'), ('LD_LIBRARY_PATH', '/home/cjs/VL53L8CX/VL53L8CX_ws/install/base_interfaces_demo/lib:/opt/ros/foxy/opt/yaml_cpp_vendor/lib:/opt/ros/foxy/opt/rviz_ogre_vendor/lib:/opt/ros/foxy/lib/x86_64-linux-gnu:/opt/ros/foxy/lib'), ('LESS', '-R'), ('HOME', '/home/cjs'), ('LOCPATH_VSCODE_SNAP_ORIG', ''), ('OLDPWD', '/home/cjs/VL53L8CX'), ('CHROME_DESKTOP', 'code-url-handler.desktop'), ('DESKTOP_SESSION', 'ubuntu'), ('GTK_PATH', '/snap/code/166/usr/lib/x86_64-linux-gnu/gtk-3.0'), ('TERM_PROGRAM_VERSION', '1.92.1'), ('LSCOLORS', 'Gxfxcxdxbxegedabagacad'), ('ZSH', '/home/cjs/.oh-my-zsh'), ('GTK_IM_MODULE_FILE', '/home/cjs/snap/code/common/.cache/immodules/immodules.cache'), ('ROS_PYTHON_VERSION', '3'), ('GNOME_SHELL_SESSION_MODE', 'ubuntu'), ('ALL', 'en.US.UTF-8'), ('GTK_MODULES', 'gail:atk-bridge'), ('GSETTINGS_SCHEMA_DIR_VSCODE_SNAP_ORIG', ''), ('PAGER', 'less'), ('VSCODE_GIT_ASKPASS_MAIN', '/snap/code/166/usr/share/code/resources/app/extensions/git/dist/askpass-main.js'), ('LC_MONETARY', 'zh_CN.UTF-8'), ('MANAGERPID', '1424'), ('VSCODE_GIT_ASKPASS_NODE', '/snap/code/166/usr/share/code/code'), ('DBUS_STARTER_BUS_TYPE', 'session'), ('DBUS_SESSION_BUS_ADDRESS', 'unix:path=/run/user/1000/bus,guid=268dcd2de439d3d90858002266b82368'), ('COLORTERM', 'truecolor'), ('IM_CONFIG_PHASE', '1'), ('ROS_DISTRO', 'foxy'), ('LOGNAME', 'cjs'), ('JOURNAL_STREAM', '8:57458'), ('_', '/usr/bin/colcon'), ('ROS_VERSION', '2'), ('XDG_CONFIG_DIRS_VSCODE_SNAP_ORIG', '/etc/xdg/xdg-ubuntu:/etc/xdg'), ('XDG_SESSION_CLASS', 'user'), ('XDG_DATA_DIRS_VSCODE_SNAP_ORIG', '/usr/share/ubuntu:/usr/local/share/:/usr/share/:/var/lib/snapd/desktop'), ('USER_ZDOTDIR', '/home/cjs'), ('USERNAME', 'cjs'), ('TERM', 'xterm-256color'), ('GNOME_DESKTOP_SESSION_ID', 'this-is-deprecated'), ('ROS_LOCALHOST_ONLY', '0'), ('WINDOWPATH', '2'), ('PATH', '/opt/ros/foxy/bin:/usr/local/sbin:/usr/local/bin:/usr/sbin:/usr/bin:/sbin:/bin:/usr/games:/usr/local/games:/snap/bin'), ('SESSION_MANAGER', 'local/cjs-virtual-machine:@/tmp/.ICE-unix/1556,unix/cjs-virtual-machine:/tmp/.ICE-unix/1556'), ('GTK_EXE_PREFIX', '/snap/code/166/usr'), ('INVOCATION_ID', '9ee8dd2fd7cc48b9b2c20cfcb166a738'), ('XDG_MENU_PREFIX', 'gnome-'), ('LC_ADDRESS', 'zh_CN.UTF-8'), ('XDG_RUNTIME_DIR', '/run/user/1000'), ('GDK_BACKEND', 'x11'), ('DISPLAY', ':0'), ('LOCPATH', '/snap/code/166/usr/lib/locale'), ('LANG', 'en_US.UTF-8'), ('XDG_CURRENT_DESKTOP', 'Unity'), ('LC_TELEPHONE', 'zh_CN.UTF-8'), ('TILIX_ID', '9923de69-11f6-49bd-8a1c-424db162521e'), ('VSCODE_INJECTION', '1'), ('GIO_MODULE_DIR_VSCODE_SNAP_ORIG', ''), ('XMODIFIERS', '@im=ibus'), ('XDG_SESSION_DESKTOP', 'ubuntu'), ('XAUTHORITY', '/run/user/1000/gdm/Xauthority'), ('LS_COLORS', 'no=00:fi=00:di=01;34:ln=00;36:pi=40;33:so=01;35:do=01;35:bd=40;33;01:cd=40;33;01:or=41;33;01:ex=00;32:*.cmd=00;32:*.exe=01;32:*.com=01;32:*.bat=01;32:*.btm=01;32:*.dll=01;32:*.tar=00;31:*.tbz=00;31:*.tgz=00;31:*.rpm=00;31:*.deb=00;31:*.arj=00;31:*.taz=00;31:*.lzh=00;31:*.lzma=00;31:*.zip=00;31:*.zoo=00;31:*.z=00;31:*.Z=00;31:*.gz=00;31:*.bz2=00;31:*.tb2=00;31:*.tz2=00;31:*.tbz2=00;31:*.avi=01;35:*.bmp=01;35:*.fli=01;35:*.gif=01;35:*.jpg=01;35:*.jpeg=01;35:*.mng=01;35:*.mov=01;35:*.mpg=01;35:*.pcx=01;35:*.pbm=01;35:*.pgm=01;35:*.png=01;35:*.ppm=01;35:*.tga=01;35:*.tif=01;35:*.xbm=01;35:*.xpm=01;35:*.dl=01;35:*.gl=01;35:*.wmv=01;35:*.aiff=00;32:*.au=00;32:*.mid=00;32:*.mp3=00;32:*.ogg=00;32:*.voc=00;32:*.wav=00;32:'), ('TERM_PROGRAM', 'vscode'), ('VSCODE_GIT_IPC_HANDLE', '/run/user/1000/vscode-git-6e22b0dd4c.sock'), ('SSH_AUTH_SOCK', '/run/user/1000/keyring/ssh'), ('GSETTINGS_SCHEMA_DIR', '/home/cjs/snap/code/166/.local/share/glib-2.0/schemas'), ('AMENT_PREFIX_PATH', '/home/cjs/VL53L8CX/VL53L8CX_ws/install/base_interfaces_demo:/opt/ros/foxy'), ('ORIGINAL_XDG_CURRENT_DESKTOP', 'ubuntu:GNOME'), ('SHELL', '/usr/bin/zsh'), ('LC_NAME', 'zh_CN.UTF-8'), ('QT_ACCESSIBILITY', '1'), ('GDMSESSION', 'ubuntu'), ('GTK_PATH_VSCODE_SNAP_ORIG', ''), ('GTK_IM_MODULE_FILE_VSCODE_SNAP_ORIG', ''), ('LC_MEASUREMENT', 'zh_CN.UTF-8'), ('GPG_AGENT_INFO', '/run/user/1000/gnupg/S.gpg-agent:0:1'), ('LC_IDENTIFICATION', 'zh_CN.UTF-8'), ('QT_IM_MODULE', 'ibus'), ('VSCODE_GIT_ASKPASS_EXTRA_ARGS', ''), ('PWD', '/home/cjs/VL53L8CX/VL53L8CX_ws/build/tof_sensor_package'), ('XDG_CONFIG_DIRS', '/etc/xdg/xdg-ubuntu:/etc/xdg'), ('DBUS_STARTER_ADDRESS', 'unix:path=/run/user/1000/bus,guid=268dcd2de439d3d90858002266b82368'), ('XDG_DATA_DIRS', '/home/cjs/snap/code/166/.local/share:/home/cjs/snap/code/166:/snap/code/166/usr/share:/usr/share/ubuntu:/usr/local/share/:/usr/share/:/var/lib/snapd/desktop'), ('ZDOTDIR', '/home/cjs'), ('PYTHONPATH', '/home/cjs/VL53L8CX/VL53L8CX_ws/install/base_interfaces_demo/lib/python3.8/site-packages:/opt/ros/foxy/lib/python3.8/site-packages'), ('LC_NUMERIC', 'zh_CN.UTF-8'), ('LC_PAPER', 'zh_CN.UTF-8'), ('COLCON', '1'), ('VTE_VERSION', '6003'), ('CMAKE_PREFIX_PATH', '/home/cjs/VL53L8CX/VL53L8CX_ws/install/base_interfaces_demo:/opt/ros/foxy')]), 'shell': False}
[22.780990] (-) TimerEvent: {}
[22.786575] (tof_sensor_package) StdoutLine: {'line': b'-- Install configuration: ""\n'}
[22.788192] (tof_sensor_package) StdoutLine: {'line': b'-- Installing: /home/cjs/VL53L8CX/VL53L8CX_ws/install/tof_sensor_package/lib/tof_sensor_package/pallet_detect_node\n'}
[22.802143] (tof_sensor_package) StdoutLine: {'line': b'-- Set runtime path of "/home/cjs/VL53L8CX/VL53L8CX_ws/install/tof_sensor_package/lib/tof_sensor_package/pallet_detect_node" to ""\n'}
[22.802705] (tof_sensor_package) StdoutLine: {'line': b'-- Up-to-date: /home/cjs/VL53L8CX/VL53L8CX_ws/install/tof_sensor_package/share/ament_index/resource_index/package_run_dependencies/tof_sensor_package\n'}
[22.803028] (tof_sensor_package) StdoutLine: {'line': b'-- Up-to-date: /home/cjs/VL53L8CX/VL53L8CX_ws/install/tof_sensor_package/share/ament_index/resource_index/parent_prefix_path/tof_sensor_package\n'}
[22.803209] (tof_sensor_package) StdoutLine: {'line': b'-- Up-to-date: /home/cjs/VL53L8CX/VL53L8CX_ws/install/tof_sensor_package/share/tof_sensor_package/environment/ament_prefix_path.sh\n'}
[22.803707] (tof_sensor_package) StdoutLine: {'line': b'-- Installing: /home/cjs/VL53L8CX/VL53L8CX_ws/install/tof_sensor_package/share/tof_sensor_package/environment/ament_prefix_path.dsv\n'}
[22.804270] (tof_sensor_package) StdoutLine: {'line': b'-- Up-to-date: /home/cjs/VL53L8CX/VL53L8CX_ws/install/tof_sensor_package/share/tof_sensor_package/environment/path.sh\n'}
[22.804761] (tof_sensor_package) StdoutLine: {'line': b'-- Installing: /home/cjs/VL53L8CX/VL53L8CX_ws/install/tof_sensor_package/share/tof_sensor_package/environment/path.dsv\n'}
[22.805073] (tof_sensor_package) StdoutLine: {'line': b'-- Up-to-date: /home/cjs/VL53L8CX/VL53L8CX_ws/install/tof_sensor_package/share/tof_sensor_package/local_setup.bash\n'}
[22.805971] (tof_sensor_package) StdoutLine: {'line': b'-- Up-to-date: /home/cjs/VL53L8CX/VL53L8CX_ws/install/tof_sensor_package/share/tof_sensor_package/local_setup.sh\n'}
[22.806137] (tof_sensor_package) StdoutLine: {'line': b'-- Up-to-date: /home/cjs/VL53L8CX/VL53L8CX_ws/install/tof_sensor_package/share/tof_sensor_package/local_setup.zsh\n'}
[22.807889] (tof_sensor_package) StdoutLine: {'line': b'-- Installing: /home/cjs/VL53L8CX/VL53L8CX_ws/install/tof_sensor_package/share/tof_sensor_package/local_setup.dsv\n'}
[22.809879] (tof_sensor_package) StdoutLine: {'line': b'-- Installing: /home/cjs/VL53L8CX/VL53L8CX_ws/install/tof_sensor_package/share/tof_sensor_package/package.dsv\n'}
[22.810070] (tof_sensor_package) StdoutLine: {'line': b'-- Up-to-date: /home/cjs/VL53L8CX/VL53L8CX_ws/install/tof_sensor_package/share/ament_index/resource_index/packages/tof_sensor_package\n'}
[22.810251] (tof_sensor_package) StdoutLine: {'line': b'-- Up-to-date: /home/cjs/VL53L8CX/VL53L8CX_ws/install/tof_sensor_package/share/tof_sensor_package/cmake/tof_sensor_packageConfig.cmake\n'}
[22.810500] (tof_sensor_package) StdoutLine: {'line': b'-- Up-to-date: /home/cjs/VL53L8CX/VL53L8CX_ws/install/tof_sensor_package/share/tof_sensor_package/cmake/tof_sensor_packageConfig-version.cmake\n'}
[22.810773] (tof_sensor_package) StdoutLine: {'line': b'-- Up-to-date: /home/cjs/VL53L8CX/VL53L8CX_ws/install/tof_sensor_package/share/tof_sensor_package/package.xml\n'}
[22.817765] (tof_sensor_package) CommandEnded: {'returncode': 0}
[22.881841] (-) TimerEvent: {}
[22.986061] (-) TimerEvent: {}
[23.055714] (tof_sensor_package) JobEnded: {'identifier': 'tof_sensor_package', 'rc': 0}
[23.059329] (-) EventReactorShutdown: {}
