[0.042s] Invoking command in '/home/cjs/VL53L8CX/VL53L8CX_ws/build/base_interfaces_demo': CMAKE_PREFIX_PATH=/opt/ros/foxy /usr/bin/cmake --build /home/cjs/VL53L8CX/VL53L8CX_ws/build/base_interfaces_demo -- -j4 -l4
[0.318s] -- Found ament_cmake: 0.9.12 (/opt/ros/foxy/share/ament_cmake/cmake)
[0.379s] -- Found PythonInterp: /usr/bin/python3 (found suitable version "3.8.10", minimum required is "3") 
[0.381s] -- Using PYTHON_EXECUTABLE: /usr/bin/python3
[0.813s] -- Found rosidl_default_generators: 1.0.1 (/opt/ros/foxy/share/rosidl_default_generators/cmake)
[0.822s] -- Using all available rosidl_typesupport_c: rosidl_typesupport_fastrtps_c;rosidl_typesupport_introspection_c
[0.838s] -- Found rosidl_adapter: 1.3.1 (/opt/ros/foxy/share/rosidl_adapter/cmake)
[1.220s] -- Using all available rosidl_typesupport_cpp: rosidl_typesupport_fastrtps_cpp;rosidl_typesupport_introspection_cpp
[1.366s] -- Found PythonInterp: /usr/bin/python3 (found version "3.8.10") 
[2.063s] -- Found ament_cmake_ros: 0.9.2 (/opt/ros/foxy/share/ament_cmake_ros/cmake)
[2.425s] -- Using all available rosidl_typesupport_c: rosidl_typesupport_fastrtps_c;rosidl_typesupport_introspection_c
[2.529s] -- Using all available rosidl_typesupport_cpp: rosidl_typesupport_fastrtps_cpp;rosidl_typesupport_introspection_cpp
[2.591s] -- Found PythonInterp: /usr/bin/python3 (found suitable version "3.8.10", minimum required is "3.5") 
[2.595s] -- Found python_cmake_module: 0.8.1 (/opt/ros/foxy/share/python_cmake_module/cmake)
[2.658s] -- Using PYTHON_EXECUTABLE: /usr/bin/python3
[2.658s] -- Using PYTHON_INCLUDE_DIRS: /usr/include/python3.8
[2.659s] -- Using PYTHON_LIBRARIES: /usr/lib/x86_64-linux-gnu/libpython3.8.so
[2.723s] -- Found ament_lint_auto: 0.9.8 (/opt/ros/foxy/share/ament_lint_auto/cmake)
[2.790s] -- Configuring done
[3.257s] -- Generating done
[3.267s] -- Build files have been written to: /home/cjs/VL53L8CX/VL53L8CX_ws/build/base_interfaces_demo
[3.378s] [  0%] [34m[1mGenerating C code for ROS interfaces[0m
[3.406s] [35m[1mScanning dependencies of target base_interfaces_demo__cpp[0m
[3.463s] [  0%] [34m[1mGenerating C++ code for ROS interfaces[0m
[10.335s] [  0%] Built target base_interfaces_demo__cpp
[10.417s] [  0%] [34m[1mGenerating C++ type support dispatch for ROS interfaces[0m
[10.606s] [  1%] [34m[1mGenerating C++ type support for eProsima Fast-RTPS[0m
[10.617s] [  2%] [34m[1mGenerating C++ introspection for ROS interfaces[0m
[10.643s] [35m[1mScanning dependencies of target base_interfaces_demo__rosidl_generator_c[0m
[10.908s] [  3%] [32mBuilding C object CMakeFiles/base_interfaces_demo__rosidl_generator_c.dir/rosidl_generator_c/base_interfaces_demo/action/detail/nav__functions.c.o[0m
[11.662s] [  3%] [32mBuilding C object CMakeFiles/base_interfaces_demo__rosidl_generator_c.dir/rosidl_generator_c/base_interfaces_demo/msg/detail/ohom__functions.c.o[0m
[11.878s] [  3%] [32mBuilding C object CMakeFiles/base_interfaces_demo__rosidl_generator_c.dir/rosidl_generator_c/base_interfaces_demo/msg/detail/hall_info__functions.c.o[0m
[12.292s] [  4%] [32mBuilding C object CMakeFiles/base_interfaces_demo__rosidl_generator_c.dir/rosidl_generator_c/base_interfaces_demo/msg/detail/location__functions.c.o[0m
[12.636s] [  4%] [32mBuilding C object CMakeFiles/base_interfaces_demo__rosidl_generator_c.dir/rosidl_generator_c/base_interfaces_demo/msg/detail/motor_cmd__functions.c.o[0m
[12.848s] [  5%] [32mBuilding C object CMakeFiles/base_interfaces_demo__rosidl_generator_c.dir/rosidl_generator_c/base_interfaces_demo/msg/detail/motor_status__functions.c.o[0m
[13.077s] [  5%] [32mBuilding C object CMakeFiles/base_interfaces_demo__rosidl_generator_c.dir/rosidl_generator_c/base_interfaces_demo/msg/detail/manual__functions.c.o[0m
[13.359s] [  5%] [32mBuilding C object CMakeFiles/base_interfaces_demo__rosidl_generator_c.dir/rosidl_generator_c/base_interfaces_demo/msg/detail/test__functions.c.o[0m
[13.538s] [  6%] [32mBuilding C object CMakeFiles/base_interfaces_demo__rosidl_generator_c.dir/rosidl_generator_c/base_interfaces_demo/srv/detail/hall__functions.c.o[0m
[13.791s] [  6%] [32mBuilding C object CMakeFiles/base_interfaces_demo__rosidl_generator_c.dir/rosidl_generator_c/base_interfaces_demo/msg/detail/bms_info__functions.c.o[0m
[14.065s] [  6%] [32mBuilding C object CMakeFiles/base_interfaces_demo__rosidl_generator_c.dir/rosidl_generator_c/base_interfaces_demo/msg/detail/charger_info__functions.c.o[0m
[14.334s] [  7%] [32mBuilding C object CMakeFiles/base_interfaces_demo__rosidl_generator_c.dir/rosidl_generator_c/base_interfaces_demo/msg/detail/manual_seek_label__functions.c.o[0m
[14.513s] [  7%] [32mBuilding C object CMakeFiles/base_interfaces_demo__rosidl_generator_c.dir/rosidl_generator_c/base_interfaces_demo/msg/detail/seek_cmd__functions.c.o[0m
[14.827s] [  7%] [32mBuilding C object CMakeFiles/base_interfaces_demo__rosidl_generator_c.dir/rosidl_generator_c/base_interfaces_demo/msg/detail/seek_ret__functions.c.o[0m
[14.866s] [35m[1mScanning dependencies of target base_interfaces_demo__rosidl_typesupport_cpp[0m
[15.013s] [  8%] [32mBuilding C object CMakeFiles/base_interfaces_demo__rosidl_generator_c.dir/rosidl_generator_c/base_interfaces_demo/msg/detail/system_status__functions.c.o[0m
[15.107s] [  9%] [32mBuilding CXX object CMakeFiles/base_interfaces_demo__rosidl_typesupport_cpp.dir/rosidl_typesupport_cpp/base_interfaces_demo/action/nav__type_support.cpp.o[0m
[15.222s] [  9%] [32mBuilding C object CMakeFiles/base_interfaces_demo__rosidl_generator_c.dir/rosidl_generator_c/base_interfaces_demo/action/detail/reverse__functions.c.o[0m
[15.638s] [  9%] [32mBuilding C object CMakeFiles/base_interfaces_demo__rosidl_generator_c.dir/rosidl_generator_c/base_interfaces_demo/msg/detail/lift_info__functions.c.o[0m
[15.893s] [ 10%] [32mBuilding C object CMakeFiles/base_interfaces_demo__rosidl_generator_c.dir/rosidl_generator_c/base_interfaces_demo/msg/detail/color_info__functions.c.o[0m
[16.089s] [ 10%] [32mBuilding C object CMakeFiles/base_interfaces_demo__rosidl_generator_c.dir/rosidl_generator_c/base_interfaces_demo/msg/detail/file_updata__functions.c.o[0m
[16.286s] [ 11%] [32mBuilding C object CMakeFiles/base_interfaces_demo__rosidl_generator_c.dir/rosidl_generator_c/base_interfaces_demo/msg/detail/obs_laser__functions.c.o[0m
[16.479s] [ 11%] [32mBuilding C object CMakeFiles/base_interfaces_demo__rosidl_generator_c.dir/rosidl_generator_c/base_interfaces_demo/msg/detail/pallet_info__functions.c.o[0m
[16.721s] [ 11%] [32mBuilding C object CMakeFiles/base_interfaces_demo__rosidl_generator_c.dir/rosidl_generator_c/base_interfaces_demo/msg/detail/movecontrol_info__functions.c.o[0m
[16.753s] [ 11%] [32mBuilding CXX object CMakeFiles/base_interfaces_demo__rosidl_typesupport_cpp.dir/rosidl_typesupport_cpp/base_interfaces_demo/msg/ohom__type_support.cpp.o[0m
[16.990s] [ 12%] [32mBuilding C object CMakeFiles/base_interfaces_demo__rosidl_generator_c.dir/rosidl_generator_c/base_interfaces_demo/msg/detail/motion_control__functions.c.o[0m
[17.129s] [35m[1mScanning dependencies of target base_interfaces_demo__rosidl_typesupport_introspection_cpp[0m
[17.170s] [ 12%] [32mBuilding C object CMakeFiles/base_interfaces_demo__rosidl_generator_c.dir/rosidl_generator_c/base_interfaces_demo/msg/detail/rcs_info__functions.c.o[0m
[17.344s] [ 12%] [32mBuilding CXX object CMakeFiles/base_interfaces_demo__rosidl_typesupport_introspection_cpp.dir/rosidl_typesupport_introspection_cpp/base_interfaces_demo/action/detail/nav__type_support.cpp.o[0m
[17.370s] [ 12%] [32mBuilding C object CMakeFiles/base_interfaces_demo__rosidl_generator_c.dir/rosidl_generator_c/base_interfaces_demo/msg/detail/lift_control__functions.c.o[0m
[17.621s] [ 13%] [32mBuilding C object CMakeFiles/base_interfaces_demo__rosidl_generator_c.dir/rosidl_generator_c/base_interfaces_demo/msg/detail/bt_status__functions.c.o[0m
[17.861s] [ 13%] [32mBuilding C object CMakeFiles/base_interfaces_demo__rosidl_generator_c.dir/rosidl_generator_c/base_interfaces_demo/msg/detail/car_status__functions.c.o[0m
[18.119s] [ 13%] [32mBuilding C object CMakeFiles/base_interfaces_demo__rosidl_generator_c.dir/rosidl_generator_c/base_interfaces_demo/msg/detail/health_node__functions.c.o[0m
[18.156s] [ 14%] [32mBuilding CXX object CMakeFiles/base_interfaces_demo__rosidl_typesupport_cpp.dir/rosidl_typesupport_cpp/base_interfaces_demo/msg/hall_info__type_support.cpp.o[0m
[18.383s] [ 15%] [32mBuilding C object CMakeFiles/base_interfaces_demo__rosidl_generator_c.dir/rosidl_generator_c/base_interfaces_demo/action/detail/pallet__functions.c.o[0m
[18.496s] [ 15%] [32mBuilding CXX object CMakeFiles/base_interfaces_demo__rosidl_typesupport_introspection_cpp.dir/rosidl_typesupport_introspection_cpp/base_interfaces_demo/msg/detail/ohom__type_support.cpp.o[0m
[18.610s] [35m[1mScanning dependencies of target base_interfaces_demo__rosidl_typesupport_fastrtps_cpp[0m
[18.983s] [ 15%] [32mBuilding C object CMakeFiles/base_interfaces_demo__rosidl_generator_c.dir/rosidl_generator_c/base_interfaces_demo/srv/detail/check_emergency__functions.c.o[0m
[19.046s] [ 15%] [32mBuilding CXX object CMakeFiles/base_interfaces_demo__rosidl_typesupport_fastrtps_cpp.dir/rosidl_typesupport_fastrtps_cpp/base_interfaces_demo/action/detail/dds_fastrtps/nav__type_support.cpp.o[0m
[19.303s] [ 15%] [32mBuilding CXX object CMakeFiles/base_interfaces_demo__rosidl_typesupport_cpp.dir/rosidl_typesupport_cpp/base_interfaces_demo/msg/location__type_support.cpp.o[0m
[19.337s] [ 16%] [32mBuilding C object CMakeFiles/base_interfaces_demo__rosidl_generator_c.dir/rosidl_generator_c/base_interfaces_demo/srv/detail/set_emergency__functions.c.o[0m
[19.734s] [ 16%] [32mBuilding C object CMakeFiles/base_interfaces_demo__rosidl_generator_c.dir/rosidl_generator_c/base_interfaces_demo/srv/detail/rcs_server__functions.c.o[0m
[19.745s] [ 17%] [32mBuilding CXX object CMakeFiles/base_interfaces_demo__rosidl_typesupport_introspection_cpp.dir/rosidl_typesupport_introspection_cpp/base_interfaces_demo/msg/detail/hall_info__type_support.cpp.o[0m
[20.140s] [ 17%] [32mBuilding CXX object CMakeFiles/base_interfaces_demo__rosidl_typesupport_cpp.dir/rosidl_typesupport_cpp/base_interfaces_demo/msg/motor_cmd__type_support.cpp.o[0m
[20.144s] [ 17%] [32m[1mLinking C shared library libbase_interfaces_demo__rosidl_generator_c.so[0m
[20.608s] [ 17%] [32mBuilding CXX object CMakeFiles/base_interfaces_demo__rosidl_typesupport_fastrtps_cpp.dir/rosidl_typesupport_fastrtps_cpp/base_interfaces_demo/msg/detail/dds_fastrtps/ohom__type_support.cpp.o[0m
[20.807s] [ 17%] Built target base_interfaces_demo__rosidl_generator_c
[20.922s] [ 18%] [34m[1mGenerating C introspection for ROS interfaces[0m
[20.941s] [ 19%] [32mBuilding CXX object CMakeFiles/base_interfaces_demo__rosidl_typesupport_cpp.dir/rosidl_typesupport_cpp/base_interfaces_demo/msg/motor_status__type_support.cpp.o[0m
[21.050s] [ 19%] [32mBuilding CXX object CMakeFiles/base_interfaces_demo__rosidl_typesupport_introspection_cpp.dir/rosidl_typesupport_introspection_cpp/base_interfaces_demo/msg/detail/location__type_support.cpp.o[0m
[21.731s] [ 19%] [32mBuilding CXX object CMakeFiles/base_interfaces_demo__rosidl_typesupport_cpp.dir/rosidl_typesupport_cpp/base_interfaces_demo/msg/manual__type_support.cpp.o[0m
[22.087s] [ 20%] [32mBuilding CXX object CMakeFiles/base_interfaces_demo__rosidl_typesupport_fastrtps_cpp.dir/rosidl_typesupport_fastrtps_cpp/base_interfaces_demo/msg/detail/dds_fastrtps/hall_info__type_support.cpp.o[0m
[22.104s] [ 20%] [32mBuilding CXX object CMakeFiles/base_interfaces_demo__rosidl_typesupport_introspection_cpp.dir/rosidl_typesupport_introspection_cpp/base_interfaces_demo/msg/detail/motor_cmd__type_support.cpp.o[0m
[22.775s] [ 20%] [32mBuilding CXX object CMakeFiles/base_interfaces_demo__rosidl_typesupport_cpp.dir/rosidl_typesupport_cpp/base_interfaces_demo/msg/test__type_support.cpp.o[0m
[23.174s] [ 21%] [32mBuilding CXX object CMakeFiles/base_interfaces_demo__rosidl_typesupport_introspection_cpp.dir/rosidl_typesupport_introspection_cpp/base_interfaces_demo/msg/detail/motor_status__type_support.cpp.o[0m
[23.290s] [ 21%] [32mBuilding CXX object CMakeFiles/base_interfaces_demo__rosidl_typesupport_fastrtps_cpp.dir/rosidl_typesupport_fastrtps_cpp/base_interfaces_demo/msg/detail/dds_fastrtps/location__type_support.cpp.o[0m
[23.872s] [ 22%] [32mBuilding CXX object CMakeFiles/base_interfaces_demo__rosidl_typesupport_cpp.dir/rosidl_typesupport_cpp/base_interfaces_demo/srv/hall__type_support.cpp.o[0m
[24.359s] [ 22%] [32mBuilding CXX object CMakeFiles/base_interfaces_demo__rosidl_typesupport_introspection_cpp.dir/rosidl_typesupport_introspection_cpp/base_interfaces_demo/msg/detail/manual__type_support.cpp.o[0m
[24.658s] [ 22%] [32mBuilding CXX object CMakeFiles/base_interfaces_demo__rosidl_typesupport_fastrtps_cpp.dir/rosidl_typesupport_fastrtps_cpp/base_interfaces_demo/msg/detail/dds_fastrtps/motor_cmd__type_support.cpp.o[0m
[24.984s] [ 22%] [32mBuilding CXX object CMakeFiles/base_interfaces_demo__rosidl_typesupport_cpp.dir/rosidl_typesupport_cpp/base_interfaces_demo/msg/bms_info__type_support.cpp.o[0m
[25.335s] [ 23%] [32mBuilding CXX object CMakeFiles/base_interfaces_demo__rosidl_typesupport_introspection_cpp.dir/rosidl_typesupport_introspection_cpp/base_interfaces_demo/msg/detail/test__type_support.cpp.o[0m
[25.727s] [ 23%] [32mBuilding CXX object CMakeFiles/base_interfaces_demo__rosidl_typesupport_cpp.dir/rosidl_typesupport_cpp/base_interfaces_demo/msg/charger_info__type_support.cpp.o[0m
[25.925s] [ 24%] [32mBuilding CXX object CMakeFiles/base_interfaces_demo__rosidl_typesupport_fastrtps_cpp.dir/rosidl_typesupport_fastrtps_cpp/base_interfaces_demo/msg/detail/dds_fastrtps/motor_status__type_support.cpp.o[0m
[26.238s] [ 24%] [32mBuilding CXX object CMakeFiles/base_interfaces_demo__rosidl_typesupport_introspection_cpp.dir/rosidl_typesupport_introspection_cpp/base_interfaces_demo/srv/detail/hall__type_support.cpp.o[0m
[26.691s] [ 25%] [32mBuilding CXX object CMakeFiles/base_interfaces_demo__rosidl_typesupport_cpp.dir/rosidl_typesupport_cpp/base_interfaces_demo/msg/manual_seek_label__type_support.cpp.o[0m
[26.952s] [ 25%] [32mBuilding CXX object CMakeFiles/base_interfaces_demo__rosidl_typesupport_introspection_cpp.dir/rosidl_typesupport_introspection_cpp/base_interfaces_demo/msg/detail/bms_info__type_support.cpp.o[0m
[27.361s] [ 25%] [32mBuilding CXX object CMakeFiles/base_interfaces_demo__rosidl_typesupport_fastrtps_cpp.dir/rosidl_typesupport_fastrtps_cpp/base_interfaces_demo/msg/detail/dds_fastrtps/manual__type_support.cpp.o[0m
[27.706s] [ 25%] [32mBuilding CXX object CMakeFiles/base_interfaces_demo__rosidl_typesupport_cpp.dir/rosidl_typesupport_cpp/base_interfaces_demo/msg/seek_cmd__type_support.cpp.o[0m
[27.915s] [ 26%] [32mBuilding CXX object CMakeFiles/base_interfaces_demo__rosidl_typesupport_introspection_cpp.dir/rosidl_typesupport_introspection_cpp/base_interfaces_demo/msg/detail/charger_info__type_support.cpp.o[0m
[28.628s] [ 27%] [32mBuilding CXX object CMakeFiles/base_interfaces_demo__rosidl_typesupport_cpp.dir/rosidl_typesupport_cpp/base_interfaces_demo/msg/seek_ret__type_support.cpp.o[0m
[28.710s] [ 27%] [32mBuilding CXX object CMakeFiles/base_interfaces_demo__rosidl_typesupport_fastrtps_cpp.dir/rosidl_typesupport_fastrtps_cpp/base_interfaces_demo/msg/detail/dds_fastrtps/test__type_support.cpp.o[0m
[28.735s] [ 27%] [32mBuilding CXX object CMakeFiles/base_interfaces_demo__rosidl_typesupport_introspection_cpp.dir/rosidl_typesupport_introspection_cpp/base_interfaces_demo/msg/detail/manual_seek_label__type_support.cpp.o[0m
[28.990s] [35m[1mScanning dependencies of target base_interfaces_demo__rosidl_typesupport_introspection_c[0m
[29.125s] [ 27%] [32mBuilding C object CMakeFiles/base_interfaces_demo__rosidl_typesupport_introspection_c.dir/rosidl_typesupport_introspection_c/base_interfaces_demo/action/detail/nav__type_support.c.o[0m
[29.367s] [ 27%] [32mBuilding C object CMakeFiles/base_interfaces_demo__rosidl_typesupport_introspection_c.dir/rosidl_typesupport_introspection_c/base_interfaces_demo/msg/detail/ohom__type_support.c.o[0m
[29.574s] [ 28%] [32mBuilding C object CMakeFiles/base_interfaces_demo__rosidl_typesupport_introspection_c.dir/rosidl_typesupport_introspection_c/base_interfaces_demo/msg/detail/hall_info__type_support.c.o[0m
[29.662s] [ 28%] [32mBuilding CXX object CMakeFiles/base_interfaces_demo__rosidl_typesupport_cpp.dir/rosidl_typesupport_cpp/base_interfaces_demo/msg/system_status__type_support.cpp.o[0m
[29.705s] [ 28%] [32mBuilding CXX object CMakeFiles/base_interfaces_demo__rosidl_typesupport_introspection_cpp.dir/rosidl_typesupport_introspection_cpp/base_interfaces_demo/msg/detail/seek_cmd__type_support.cpp.o[0m
[29.777s] [ 28%] [32mBuilding C object CMakeFiles/base_interfaces_demo__rosidl_typesupport_introspection_c.dir/rosidl_typesupport_introspection_c/base_interfaces_demo/msg/detail/location__type_support.c.o[0m
[30.027s] [ 29%] [32mBuilding CXX object CMakeFiles/base_interfaces_demo__rosidl_typesupport_fastrtps_cpp.dir/rosidl_typesupport_fastrtps_cpp/base_interfaces_demo/srv/detail/dds_fastrtps/hall__type_support.cpp.o[0m
[30.073s] [ 30%] [32mBuilding C object CMakeFiles/base_interfaces_demo__rosidl_typesupport_introspection_c.dir/rosidl_typesupport_introspection_c/base_interfaces_demo/msg/detail/motor_cmd__type_support.c.o[0m
[30.358s] [ 30%] [32mBuilding C object CMakeFiles/base_interfaces_demo__rosidl_typesupport_introspection_c.dir/rosidl_typesupport_introspection_c/base_interfaces_demo/msg/detail/motor_status__type_support.c.o[0m
[30.577s] [ 30%] [32mBuilding CXX object CMakeFiles/base_interfaces_demo__rosidl_typesupport_cpp.dir/rosidl_typesupport_cpp/base_interfaces_demo/action/reverse__type_support.cpp.o[0m
[30.646s] [ 30%] [32mBuilding C object CMakeFiles/base_interfaces_demo__rosidl_typesupport_introspection_c.dir/rosidl_typesupport_introspection_c/base_interfaces_demo/msg/detail/manual__type_support.c.o[0m
[30.754s] [ 31%] [32mBuilding CXX object CMakeFiles/base_interfaces_demo__rosidl_typesupport_introspection_cpp.dir/rosidl_typesupport_introspection_cpp/base_interfaces_demo/msg/detail/seek_ret__type_support.cpp.o[0m
[30.871s] [ 32%] [32mBuilding C object CMakeFiles/base_interfaces_demo__rosidl_typesupport_introspection_c.dir/rosidl_typesupport_introspection_c/base_interfaces_demo/msg/detail/test__type_support.c.o[0m
[31.140s] [ 32%] [32mBuilding C object CMakeFiles/base_interfaces_demo__rosidl_typesupport_introspection_c.dir/rosidl_typesupport_introspection_c/base_interfaces_demo/srv/detail/hall__type_support.c.o[0m
[31.348s] [ 32%] [32mBuilding CXX object CMakeFiles/base_interfaces_demo__rosidl_typesupport_fastrtps_cpp.dir/rosidl_typesupport_fastrtps_cpp/base_interfaces_demo/msg/detail/dds_fastrtps/bms_info__type_support.cpp.o[0m
[31.411s] [ 32%] [32mBuilding C object CMakeFiles/base_interfaces_demo__rosidl_typesupport_introspection_c.dir/rosidl_typesupport_introspection_c/base_interfaces_demo/msg/detail/bms_info__type_support.c.o[0m
[31.652s] [ 33%] [32mBuilding C object CMakeFiles/base_interfaces_demo__rosidl_typesupport_introspection_c.dir/rosidl_typesupport_introspection_c/base_interfaces_demo/msg/detail/charger_info__type_support.c.o[0m
[31.682s] [ 34%] [32mBuilding CXX object CMakeFiles/base_interfaces_demo__rosidl_typesupport_cpp.dir/rosidl_typesupport_cpp/base_interfaces_demo/msg/lift_info__type_support.cpp.o[0m
[31.716s] [ 34%] [32mBuilding CXX object CMakeFiles/base_interfaces_demo__rosidl_typesupport_introspection_cpp.dir/rosidl_typesupport_introspection_cpp/base_interfaces_demo/msg/detail/system_status__type_support.cpp.o[0m
[31.818s] [ 34%] [32mBuilding C object CMakeFiles/base_interfaces_demo__rosidl_typesupport_introspection_c.dir/rosidl_typesupport_introspection_c/base_interfaces_demo/msg/detail/manual_seek_label__type_support.c.o[0m
[32.096s] [ 34%] [32mBuilding C object CMakeFiles/base_interfaces_demo__rosidl_typesupport_introspection_c.dir/rosidl_typesupport_introspection_c/base_interfaces_demo/msg/detail/seek_cmd__type_support.c.o[0m
[32.390s] [ 35%] [32mBuilding C object CMakeFiles/base_interfaces_demo__rosidl_typesupport_introspection_c.dir/rosidl_typesupport_introspection_c/base_interfaces_demo/msg/detail/seek_ret__type_support.c.o[0m
[32.580s] [ 35%] [32mBuilding CXX object CMakeFiles/base_interfaces_demo__rosidl_typesupport_introspection_cpp.dir/rosidl_typesupport_introspection_cpp/base_interfaces_demo/action/detail/reverse__type_support.cpp.o[0m
[32.632s] [ 35%] [32mBuilding C object CMakeFiles/base_interfaces_demo__rosidl_typesupport_introspection_c.dir/rosidl_typesupport_introspection_c/base_interfaces_demo/msg/detail/system_status__type_support.c.o[0m
[32.672s] [ 35%] [32mBuilding CXX object CMakeFiles/base_interfaces_demo__rosidl_typesupport_cpp.dir/rosidl_typesupport_cpp/base_interfaces_demo/msg/color_info__type_support.cpp.o[0m
[32.725s] [ 36%] [32mBuilding CXX object CMakeFiles/base_interfaces_demo__rosidl_typesupport_fastrtps_cpp.dir/rosidl_typesupport_fastrtps_cpp/base_interfaces_demo/msg/detail/dds_fastrtps/charger_info__type_support.cpp.o[0m
[32.801s] [ 37%] [32mBuilding C object CMakeFiles/base_interfaces_demo__rosidl_typesupport_introspection_c.dir/rosidl_typesupport_introspection_c/base_interfaces_demo/action/detail/reverse__type_support.c.o[0m
[32.980s] [ 37%] [32mBuilding C object CMakeFiles/base_interfaces_demo__rosidl_typesupport_introspection_c.dir/rosidl_typesupport_introspection_c/base_interfaces_demo/msg/detail/lift_info__type_support.c.o[0m
[33.172s] [ 37%] [32mBuilding C object CMakeFiles/base_interfaces_demo__rosidl_typesupport_introspection_c.dir/rosidl_typesupport_introspection_c/base_interfaces_demo/msg/detail/color_info__type_support.c.o[0m
[33.429s] [ 38%] [32mBuilding C object CMakeFiles/base_interfaces_demo__rosidl_typesupport_introspection_c.dir/rosidl_typesupport_introspection_c/base_interfaces_demo/msg/detail/file_updata__type_support.c.o[0m
[33.578s] [ 38%] [32mBuilding C object CMakeFiles/base_interfaces_demo__rosidl_typesupport_introspection_c.dir/rosidl_typesupport_introspection_c/base_interfaces_demo/msg/detail/obs_laser__type_support.c.o[0m
[33.666s] [ 39%] [32mBuilding CXX object CMakeFiles/base_interfaces_demo__rosidl_typesupport_introspection_cpp.dir/rosidl_typesupport_introspection_cpp/base_interfaces_demo/msg/detail/lift_info__type_support.cpp.o[0m
[33.668s] [ 39%] [32mBuilding CXX object CMakeFiles/base_interfaces_demo__rosidl_typesupport_cpp.dir/rosidl_typesupport_cpp/base_interfaces_demo/msg/file_updata__type_support.cpp.o[0m
[33.788s] [ 39%] [32mBuilding C object CMakeFiles/base_interfaces_demo__rosidl_typesupport_introspection_c.dir/rosidl_typesupport_introspection_c/base_interfaces_demo/msg/detail/pallet_info__type_support.c.o[0m
[33.964s] [ 40%] [32mBuilding C object CMakeFiles/base_interfaces_demo__rosidl_typesupport_introspection_c.dir/rosidl_typesupport_introspection_c/base_interfaces_demo/msg/detail/movecontrol_info__type_support.c.o[0m
[34.220s] [ 40%] [32mBuilding C object CMakeFiles/base_interfaces_demo__rosidl_typesupport_introspection_c.dir/rosidl_typesupport_introspection_c/base_interfaces_demo/msg/detail/motion_control__type_support.c.o[0m
[34.223s] [ 40%] [32mBuilding CXX object CMakeFiles/base_interfaces_demo__rosidl_typesupport_fastrtps_cpp.dir/rosidl_typesupport_fastrtps_cpp/base_interfaces_demo/msg/detail/dds_fastrtps/manual_seek_label__type_support.cpp.o[0m
[34.419s] [ 40%] [32mBuilding C object CMakeFiles/base_interfaces_demo__rosidl_typesupport_introspection_c.dir/rosidl_typesupport_introspection_c/base_interfaces_demo/msg/detail/rcs_info__type_support.c.o[0m
[34.448s] [ 41%] [32mBuilding CXX object CMakeFiles/base_interfaces_demo__rosidl_typesupport_cpp.dir/rosidl_typesupport_cpp/base_interfaces_demo/msg/obs_laser__type_support.cpp.o[0m
[34.650s] [ 41%] [32mBuilding CXX object CMakeFiles/base_interfaces_demo__rosidl_typesupport_introspection_cpp.dir/rosidl_typesupport_introspection_cpp/base_interfaces_demo/msg/detail/color_info__type_support.cpp.o[0m
[34.681s] [ 42%] [32mBuilding C object CMakeFiles/base_interfaces_demo__rosidl_typesupport_introspection_c.dir/rosidl_typesupport_introspection_c/base_interfaces_demo/msg/detail/lift_control__type_support.c.o[0m
[34.841s] [ 42%] [32mBuilding C object CMakeFiles/base_interfaces_demo__rosidl_typesupport_introspection_c.dir/rosidl_typesupport_introspection_c/base_interfaces_demo/msg/detail/bt_status__type_support.c.o[0m
[34.987s] [ 42%] [32mBuilding C object CMakeFiles/base_interfaces_demo__rosidl_typesupport_introspection_c.dir/rosidl_typesupport_introspection_c/base_interfaces_demo/msg/detail/car_status__type_support.c.o[0m
[35.154s] [ 43%] [32mBuilding C object CMakeFiles/base_interfaces_demo__rosidl_typesupport_introspection_c.dir/rosidl_typesupport_introspection_c/base_interfaces_demo/msg/detail/health_node__type_support.c.o[0m
[35.306s] [ 43%] [32mBuilding CXX object CMakeFiles/base_interfaces_demo__rosidl_typesupport_fastrtps_cpp.dir/rosidl_typesupport_fastrtps_cpp/base_interfaces_demo/msg/detail/dds_fastrtps/seek_cmd__type_support.cpp.o[0m
[35.327s] [ 43%] [32mBuilding C object CMakeFiles/base_interfaces_demo__rosidl_typesupport_introspection_c.dir/rosidl_typesupport_introspection_c/base_interfaces_demo/action/detail/pallet__type_support.c.o[0m
[35.340s] [ 43%] [32mBuilding CXX object CMakeFiles/base_interfaces_demo__rosidl_typesupport_cpp.dir/rosidl_typesupport_cpp/base_interfaces_demo/msg/pallet_info__type_support.cpp.o[0m
[35.642s] [ 43%] [32mBuilding CXX object CMakeFiles/base_interfaces_demo__rosidl_typesupport_introspection_cpp.dir/rosidl_typesupport_introspection_cpp/base_interfaces_demo/msg/detail/file_updata__type_support.cpp.o[0m
[35.774s] [ 44%] [32mBuilding C object CMakeFiles/base_interfaces_demo__rosidl_typesupport_introspection_c.dir/rosidl_typesupport_introspection_c/base_interfaces_demo/srv/detail/check_emergency__type_support.c.o[0m
[36.061s] [ 44%] [32mBuilding C object CMakeFiles/base_interfaces_demo__rosidl_typesupport_introspection_c.dir/rosidl_typesupport_introspection_c/base_interfaces_demo/srv/detail/set_emergency__type_support.c.o[0m
[36.208s] [ 44%] [32mBuilding C object CMakeFiles/base_interfaces_demo__rosidl_typesupport_introspection_c.dir/rosidl_typesupport_introspection_c/base_interfaces_demo/srv/detail/rcs_server__type_support.c.o[0m
[36.446s] [ 44%] [32mBuilding CXX object CMakeFiles/base_interfaces_demo__rosidl_typesupport_cpp.dir/rosidl_typesupport_cpp/base_interfaces_demo/msg/movecontrol_info__type_support.cpp.o[0m
[36.512s] [ 45%] [32m[1mLinking C shared library libbase_interfaces_demo__rosidl_typesupport_introspection_c.so[0m
[36.666s] [ 46%] [32mBuilding CXX object CMakeFiles/base_interfaces_demo__rosidl_typesupport_fastrtps_cpp.dir/rosidl_typesupport_fastrtps_cpp/base_interfaces_demo/msg/detail/dds_fastrtps/seek_ret__type_support.cpp.o[0m
[36.677s] [ 47%] [32mBuilding CXX object CMakeFiles/base_interfaces_demo__rosidl_typesupport_introspection_cpp.dir/rosidl_typesupport_introspection_cpp/base_interfaces_demo/msg/detail/obs_laser__type_support.cpp.o[0m
[36.791s] [ 47%] Built target base_interfaces_demo__rosidl_typesupport_introspection_c
[36.915s] [ 48%] [34m[1mGenerating C type support dispatch for ROS interfaces[0m
[37.372s] [ 49%] [32mBuilding CXX object CMakeFiles/base_interfaces_demo__rosidl_typesupport_cpp.dir/rosidl_typesupport_cpp/base_interfaces_demo/msg/motion_control__type_support.cpp.o[0m
[37.679s] [ 49%] [32mBuilding CXX object CMakeFiles/base_interfaces_demo__rosidl_typesupport_introspection_cpp.dir/rosidl_typesupport_introspection_cpp/base_interfaces_demo/msg/detail/pallet_info__type_support.cpp.o[0m
[38.070s] [ 49%] [32mBuilding CXX object CMakeFiles/base_interfaces_demo__rosidl_typesupport_fastrtps_cpp.dir/rosidl_typesupport_fastrtps_cpp/base_interfaces_demo/msg/detail/dds_fastrtps/system_status__type_support.cpp.o[0m
[38.086s] [ 49%] [32mBuilding CXX object CMakeFiles/base_interfaces_demo__rosidl_typesupport_cpp.dir/rosidl_typesupport_cpp/base_interfaces_demo/msg/rcs_info__type_support.cpp.o[0m
[38.618s] [ 50%] [32mBuilding CXX object CMakeFiles/base_interfaces_demo__rosidl_typesupport_introspection_cpp.dir/rosidl_typesupport_introspection_cpp/base_interfaces_demo/msg/detail/movecontrol_info__type_support.cpp.o[0m
[38.971s] [ 50%] [32mBuilding CXX object CMakeFiles/base_interfaces_demo__rosidl_typesupport_cpp.dir/rosidl_typesupport_cpp/base_interfaces_demo/msg/lift_control__type_support.cpp.o[0m
[39.432s] [ 50%] [32mBuilding CXX object CMakeFiles/base_interfaces_demo__rosidl_typesupport_fastrtps_cpp.dir/rosidl_typesupport_fastrtps_cpp/base_interfaces_demo/action/detail/dds_fastrtps/reverse__type_support.cpp.o[0m
[39.469s] [ 50%] [32mBuilding CXX object CMakeFiles/base_interfaces_demo__rosidl_typesupport_introspection_cpp.dir/rosidl_typesupport_introspection_cpp/base_interfaces_demo/msg/detail/motion_control__type_support.cpp.o[0m
[39.906s] [ 51%] [32mBuilding CXX object CMakeFiles/base_interfaces_demo__rosidl_typesupport_cpp.dir/rosidl_typesupport_cpp/base_interfaces_demo/msg/bt_status__type_support.cpp.o[0m
[40.326s] [ 51%] [32mBuilding CXX object CMakeFiles/base_interfaces_demo__rosidl_typesupport_introspection_cpp.dir/rosidl_typesupport_introspection_cpp/base_interfaces_demo/msg/detail/rcs_info__type_support.cpp.o[0m
[40.858s] [ 51%] [32mBuilding CXX object CMakeFiles/base_interfaces_demo__rosidl_typesupport_cpp.dir/rosidl_typesupport_cpp/base_interfaces_demo/msg/car_status__type_support.cpp.o[0m
[40.970s] [ 52%] [32mBuilding CXX object CMakeFiles/base_interfaces_demo__rosidl_typesupport_fastrtps_cpp.dir/rosidl_typesupport_fastrtps_cpp/base_interfaces_demo/msg/detail/dds_fastrtps/lift_info__type_support.cpp.o[0m
[41.278s] [ 53%] [32mBuilding CXX object CMakeFiles/base_interfaces_demo__rosidl_typesupport_introspection_cpp.dir/rosidl_typesupport_introspection_cpp/base_interfaces_demo/msg/detail/lift_control__type_support.cpp.o[0m
[41.781s] [ 54%] [32mBuilding CXX object CMakeFiles/base_interfaces_demo__rosidl_typesupport_cpp.dir/rosidl_typesupport_cpp/base_interfaces_demo/msg/health_node__type_support.cpp.o[0m
[41.904s] [35m[1mScanning dependencies of target base_interfaces_demo__rosidl_typesupport_c[0m
[42.138s] [ 54%] [32mBuilding CXX object CMakeFiles/base_interfaces_demo__rosidl_typesupport_c.dir/rosidl_typesupport_c/base_interfaces_demo/action/nav__type_support.cpp.o[0m
[42.228s] [ 54%] [32mBuilding CXX object CMakeFiles/base_interfaces_demo__rosidl_typesupport_fastrtps_cpp.dir/rosidl_typesupport_fastrtps_cpp/base_interfaces_demo/msg/detail/dds_fastrtps/color_info__type_support.cpp.o[0m
[42.362s] [ 54%] [32mBuilding CXX object CMakeFiles/base_interfaces_demo__rosidl_typesupport_introspection_cpp.dir/rosidl_typesupport_introspection_cpp/base_interfaces_demo/msg/detail/bt_status__type_support.cpp.o[0m
[42.388s] [ 54%] [32mBuilding CXX object CMakeFiles/base_interfaces_demo__rosidl_typesupport_c.dir/rosidl_typesupport_c/base_interfaces_demo/msg/ohom__type_support.cpp.o[0m
[42.623s] [ 54%] [32mBuilding CXX object CMakeFiles/base_interfaces_demo__rosidl_typesupport_cpp.dir/rosidl_typesupport_cpp/base_interfaces_demo/action/pallet__type_support.cpp.o[0m
[42.648s] [ 55%] [32mBuilding CXX object CMakeFiles/base_interfaces_demo__rosidl_typesupport_c.dir/rosidl_typesupport_c/base_interfaces_demo/msg/hall_info__type_support.cpp.o[0m
[42.860s] [ 55%] [32mBuilding CXX object CMakeFiles/base_interfaces_demo__rosidl_typesupport_c.dir/rosidl_typesupport_c/base_interfaces_demo/msg/location__type_support.cpp.o[0m
[43.056s] [ 55%] [32mBuilding CXX object CMakeFiles/base_interfaces_demo__rosidl_typesupport_c.dir/rosidl_typesupport_c/base_interfaces_demo/msg/motor_cmd__type_support.cpp.o[0m
[43.331s] [ 55%] [32mBuilding CXX object CMakeFiles/base_interfaces_demo__rosidl_typesupport_fastrtps_cpp.dir/rosidl_typesupport_fastrtps_cpp/base_interfaces_demo/msg/detail/dds_fastrtps/file_updata__type_support.cpp.o[0m
[43.362s] [ 56%] [32mBuilding CXX object CMakeFiles/base_interfaces_demo__rosidl_typesupport_c.dir/rosidl_typesupport_c/base_interfaces_demo/msg/motor_status__type_support.cpp.o[0m
[43.458s] [ 56%] [32mBuilding CXX object CMakeFiles/base_interfaces_demo__rosidl_typesupport_introspection_cpp.dir/rosidl_typesupport_introspection_cpp/base_interfaces_demo/msg/detail/car_status__type_support.cpp.o[0m
[43.557s] [ 56%] [32mBuilding CXX object CMakeFiles/base_interfaces_demo__rosidl_typesupport_c.dir/rosidl_typesupport_c/base_interfaces_demo/msg/manual__type_support.cpp.o[0m
[43.690s] [ 56%] [32mBuilding CXX object CMakeFiles/base_interfaces_demo__rosidl_typesupport_cpp.dir/rosidl_typesupport_cpp/base_interfaces_demo/srv/check_emergency__type_support.cpp.o[0m
[43.736s] [ 56%] [32mBuilding CXX object CMakeFiles/base_interfaces_demo__rosidl_typesupport_c.dir/rosidl_typesupport_c/base_interfaces_demo/msg/test__type_support.cpp.o[0m
[43.990s] [ 57%] [32mBuilding CXX object CMakeFiles/base_interfaces_demo__rosidl_typesupport_c.dir/rosidl_typesupport_c/base_interfaces_demo/srv/hall__type_support.cpp.o[0m
[44.297s] [ 57%] [32mBuilding CXX object CMakeFiles/base_interfaces_demo__rosidl_typesupport_c.dir/rosidl_typesupport_c/base_interfaces_demo/msg/bms_info__type_support.cpp.o[0m
[44.429s] [ 58%] [32mBuilding CXX object CMakeFiles/base_interfaces_demo__rosidl_typesupport_introspection_cpp.dir/rosidl_typesupport_introspection_cpp/base_interfaces_demo/msg/detail/health_node__type_support.cpp.o[0m
[44.509s] [ 59%] [32mBuilding CXX object CMakeFiles/base_interfaces_demo__rosidl_typesupport_c.dir/rosidl_typesupport_c/base_interfaces_demo/msg/charger_info__type_support.cpp.o[0m
[44.662s] [ 60%] [32mBuilding CXX object CMakeFiles/base_interfaces_demo__rosidl_typesupport_cpp.dir/rosidl_typesupport_cpp/base_interfaces_demo/srv/set_emergency__type_support.cpp.o[0m
[44.674s] [ 61%] [32mBuilding CXX object CMakeFiles/base_interfaces_demo__rosidl_typesupport_fastrtps_cpp.dir/rosidl_typesupport_fastrtps_cpp/base_interfaces_demo/msg/detail/dds_fastrtps/obs_laser__type_support.cpp.o[0m
[44.696s] [ 61%] [32mBuilding CXX object CMakeFiles/base_interfaces_demo__rosidl_typesupport_c.dir/rosidl_typesupport_c/base_interfaces_demo/msg/manual_seek_label__type_support.cpp.o[0m
[44.984s] [ 61%] [32mBuilding CXX object CMakeFiles/base_interfaces_demo__rosidl_typesupport_c.dir/rosidl_typesupport_c/base_interfaces_demo/msg/seek_cmd__type_support.cpp.o[0m
[45.282s] [ 62%] [32mBuilding CXX object CMakeFiles/base_interfaces_demo__rosidl_typesupport_c.dir/rosidl_typesupport_c/base_interfaces_demo/msg/seek_ret__type_support.cpp.o[0m
[45.387s] [ 62%] [32mBuilding CXX object CMakeFiles/base_interfaces_demo__rosidl_typesupport_introspection_cpp.dir/rosidl_typesupport_introspection_cpp/base_interfaces_demo/action/detail/pallet__type_support.cpp.o[0m
[45.538s] [ 62%] [32mBuilding CXX object CMakeFiles/base_interfaces_demo__rosidl_typesupport_c.dir/rosidl_typesupport_c/base_interfaces_demo/msg/system_status__type_support.cpp.o[0m
[45.614s] [ 62%] [32mBuilding CXX object CMakeFiles/base_interfaces_demo__rosidl_typesupport_cpp.dir/rosidl_typesupport_cpp/base_interfaces_demo/srv/rcs_server__type_support.cpp.o[0m
[45.752s] [ 62%] [32mBuilding CXX object CMakeFiles/base_interfaces_demo__rosidl_typesupport_c.dir/rosidl_typesupport_c/base_interfaces_demo/action/reverse__type_support.cpp.o[0m
[45.983s] [ 63%] [32mBuilding CXX object CMakeFiles/base_interfaces_demo__rosidl_typesupport_c.dir/rosidl_typesupport_c/base_interfaces_demo/msg/lift_info__type_support.cpp.o[0m
[46.145s] [ 63%] [32mBuilding CXX object CMakeFiles/base_interfaces_demo__rosidl_typesupport_fastrtps_cpp.dir/rosidl_typesupport_fastrtps_cpp/base_interfaces_demo/msg/detail/dds_fastrtps/pallet_info__type_support.cpp.o[0m
[46.177s] [ 63%] [32mBuilding CXX object CMakeFiles/base_interfaces_demo__rosidl_typesupport_c.dir/rosidl_typesupport_c/base_interfaces_demo/msg/color_info__type_support.cpp.o[0m
[46.323s] [ 63%] [32mBuilding CXX object CMakeFiles/base_interfaces_demo__rosidl_typesupport_c.dir/rosidl_typesupport_c/base_interfaces_demo/msg/file_updata__type_support.cpp.o[0m
[46.470s] [ 64%] [32mBuilding CXX object CMakeFiles/base_interfaces_demo__rosidl_typesupport_c.dir/rosidl_typesupport_c/base_interfaces_demo/msg/obs_laser__type_support.cpp.o[0m
[46.492s] [ 64%] [32m[1mLinking CXX shared library libbase_interfaces_demo__rosidl_typesupport_cpp.so[0m
[46.595s] [ 64%] [32mBuilding CXX object CMakeFiles/base_interfaces_demo__rosidl_typesupport_c.dir/rosidl_typesupport_c/base_interfaces_demo/msg/pallet_info__type_support.cpp.o[0m
[46.780s] [ 64%] [32mBuilding CXX object CMakeFiles/base_interfaces_demo__rosidl_typesupport_introspection_cpp.dir/rosidl_typesupport_introspection_cpp/base_interfaces_demo/srv/detail/check_emergency__type_support.cpp.o[0m
[46.785s] [ 64%] [32mBuilding CXX object CMakeFiles/base_interfaces_demo__rosidl_typesupport_c.dir/rosidl_typesupport_c/base_interfaces_demo/msg/movecontrol_info__type_support.cpp.o[0m
[46.932s] [ 64%] Built target base_interfaces_demo__rosidl_typesupport_cpp
[46.973s] [ 65%] [32mBuilding CXX object CMakeFiles/base_interfaces_demo__rosidl_typesupport_c.dir/rosidl_typesupport_c/base_interfaces_demo/msg/motion_control__type_support.cpp.o[0m
[47.190s] [ 65%] [32mBuilding CXX object CMakeFiles/base_interfaces_demo__rosidl_typesupport_c.dir/rosidl_typesupport_c/base_interfaces_demo/msg/rcs_info__type_support.cpp.o[0m
[47.321s] [ 66%] [32mBuilding CXX object CMakeFiles/base_interfaces_demo__rosidl_typesupport_c.dir/rosidl_typesupport_c/base_interfaces_demo/msg/lift_control__type_support.cpp.o[0m
[47.444s] [ 66%] [32mBuilding CXX object CMakeFiles/base_interfaces_demo__rosidl_typesupport_c.dir/rosidl_typesupport_c/base_interfaces_demo/msg/bt_status__type_support.cpp.o[0m
[47.545s] [ 67%] [32mBuilding CXX object CMakeFiles/base_interfaces_demo__rosidl_typesupport_introspection_cpp.dir/rosidl_typesupport_introspection_cpp/base_interfaces_demo/srv/detail/set_emergency__type_support.cpp.o[0m
[47.565s] [ 67%] [32mBuilding CXX object CMakeFiles/base_interfaces_demo__rosidl_typesupport_fastrtps_cpp.dir/rosidl_typesupport_fastrtps_cpp/base_interfaces_demo/msg/detail/dds_fastrtps/movecontrol_info__type_support.cpp.o[0m
[47.576s] [ 67%] [32mBuilding CXX object CMakeFiles/base_interfaces_demo__rosidl_typesupport_c.dir/rosidl_typesupport_c/base_interfaces_demo/msg/car_status__type_support.cpp.o[0m
[47.739s] [ 68%] [32mBuilding CXX object CMakeFiles/base_interfaces_demo__rosidl_typesupport_c.dir/rosidl_typesupport_c/base_interfaces_demo/msg/health_node__type_support.cpp.o[0m
[47.946s] [ 68%] [32mBuilding CXX object CMakeFiles/base_interfaces_demo__rosidl_typesupport_c.dir/rosidl_typesupport_c/base_interfaces_demo/action/pallet__type_support.cpp.o[0m
[48.163s] [ 68%] [32mBuilding CXX object CMakeFiles/base_interfaces_demo__rosidl_typesupport_c.dir/rosidl_typesupport_c/base_interfaces_demo/srv/check_emergency__type_support.cpp.o[0m
[48.288s] [ 68%] [32mBuilding CXX object CMakeFiles/base_interfaces_demo__rosidl_typesupport_introspection_cpp.dir/rosidl_typesupport_introspection_cpp/base_interfaces_demo/srv/detail/rcs_server__type_support.cpp.o[0m
[48.348s] [ 69%] [32mBuilding CXX object CMakeFiles/base_interfaces_demo__rosidl_typesupport_c.dir/rosidl_typesupport_c/base_interfaces_demo/srv/set_emergency__type_support.cpp.o[0m
[48.508s] [ 69%] [32mBuilding CXX object CMakeFiles/base_interfaces_demo__rosidl_typesupport_c.dir/rosidl_typesupport_c/base_interfaces_demo/srv/rcs_server__type_support.cpp.o[0m
[48.641s] [ 69%] [32m[1mLinking CXX shared library libbase_interfaces_demo__rosidl_typesupport_c.so[0m
[48.666s] [ 70%] [32mBuilding CXX object CMakeFiles/base_interfaces_demo__rosidl_typesupport_fastrtps_cpp.dir/rosidl_typesupport_fastrtps_cpp/base_interfaces_demo/msg/detail/dds_fastrtps/motion_control__type_support.cpp.o[0m
[48.895s] [ 70%] Built target base_interfaces_demo__rosidl_typesupport_c
[48.941s] [ 71%] [32m[1mLinking CXX shared library libbase_interfaces_demo__rosidl_typesupport_introspection_cpp.so[0m
[49.295s] [ 71%] Built target base_interfaces_demo__rosidl_typesupport_introspection_cpp
[49.485s] [ 71%] [32mBuilding CXX object CMakeFiles/base_interfaces_demo__rosidl_typesupport_fastrtps_cpp.dir/rosidl_typesupport_fastrtps_cpp/base_interfaces_demo/msg/detail/dds_fastrtps/bt_status__type_support.cpp.o[0m
[50.191s] [ 71%] [32mBuilding CXX object CMakeFiles/base_interfaces_demo__rosidl_typesupport_fastrtps_cpp.dir/rosidl_typesupport_fastrtps_cpp/base_interfaces_demo/msg/detail/dds_fastrtps/car_status__type_support.cpp.o[0m
[50.903s] [ 72%] [32mBuilding CXX object CMakeFiles/base_interfaces_demo__rosidl_typesupport_fastrtps_cpp.dir/rosidl_typesupport_fastrtps_cpp/base_interfaces_demo/msg/detail/dds_fastrtps/health_node__type_support.cpp.o[0m
[51.615s] [ 72%] [32mBuilding CXX object CMakeFiles/base_interfaces_demo__rosidl_typesupport_fastrtps_cpp.dir/rosidl_typesupport_fastrtps_cpp/base_interfaces_demo/action/detail/dds_fastrtps/pallet__type_support.cpp.o[0m
[52.505s] [ 72%] [32mBuilding CXX object CMakeFiles/base_interfaces_demo__rosidl_typesupport_fastrtps_cpp.dir/rosidl_typesupport_fastrtps_cpp/base_interfaces_demo/srv/detail/dds_fastrtps/check_emergency__type_support.cpp.o[0m
[53.242s] [ 73%] [32mBuilding CXX object CMakeFiles/base_interfaces_demo__rosidl_typesupport_fastrtps_cpp.dir/rosidl_typesupport_fastrtps_cpp/base_interfaces_demo/srv/detail/dds_fastrtps/set_emergency__type_support.cpp.o[0m
[54.005s] [ 73%] [32mBuilding CXX object CMakeFiles/base_interfaces_demo__rosidl_typesupport_fastrtps_cpp.dir/rosidl_typesupport_fastrtps_cpp/base_interfaces_demo/srv/detail/dds_fastrtps/rcs_server__type_support.cpp.o[0m
[54.735s] [ 74%] [32mBuilding CXX object CMakeFiles/base_interfaces_demo__rosidl_typesupport_fastrtps_cpp.dir/rosidl_typesupport_fastrtps_cpp/base_interfaces_demo/msg/detail/dds_fastrtps/lift_control__type_support.cpp.o[0m
[55.527s] [ 74%] [32mBuilding CXX object CMakeFiles/base_interfaces_demo__rosidl_typesupport_fastrtps_cpp.dir/rosidl_typesupport_fastrtps_cpp/base_interfaces_demo/msg/detail/dds_fastrtps/rcs_info__type_support.cpp.o[0m
[56.281s] [ 74%] [32m[1mLinking CXX shared library libbase_interfaces_demo__rosidl_typesupport_fastrtps_cpp.so[0m
[56.671s] [ 74%] Built target base_interfaces_demo__rosidl_typesupport_fastrtps_cpp
[56.745s] [ 75%] [34m[1mGenerating C type support for eProsima Fast-RTPS[0m
[61.248s] [35m[1mScanning dependencies of target base_interfaces_demo__rosidl_typesupport_fastrtps_c[0m
[61.526s] [ 75%] [32mBuilding CXX object CMakeFiles/base_interfaces_demo__rosidl_typesupport_fastrtps_c.dir/rosidl_typesupport_fastrtps_c/base_interfaces_demo/action/detail/nav__type_support_c.cpp.o[0m
[62.304s] [ 75%] [32mBuilding CXX object CMakeFiles/base_interfaces_demo__rosidl_typesupport_fastrtps_c.dir/rosidl_typesupport_fastrtps_c/base_interfaces_demo/msg/detail/location__type_support_c.cpp.o[0m
[62.938s] [ 75%] [32mBuilding CXX object CMakeFiles/base_interfaces_demo__rosidl_typesupport_fastrtps_c.dir/rosidl_typesupport_fastrtps_c/base_interfaces_demo/msg/detail/motor_cmd__type_support_c.cpp.o[0m
[63.554s] [ 76%] [32mBuilding CXX object CMakeFiles/base_interfaces_demo__rosidl_typesupport_fastrtps_c.dir/rosidl_typesupport_fastrtps_c/base_interfaces_demo/msg/detail/motor_status__type_support_c.cpp.o[0m
[64.221s] [ 76%] [32mBuilding CXX object CMakeFiles/base_interfaces_demo__rosidl_typesupport_fastrtps_c.dir/rosidl_typesupport_fastrtps_c/base_interfaces_demo/msg/detail/manual__type_support_c.cpp.o[0m
[64.866s] [ 77%] [32mBuilding CXX object CMakeFiles/base_interfaces_demo__rosidl_typesupport_fastrtps_c.dir/rosidl_typesupport_fastrtps_c/base_interfaces_demo/msg/detail/test__type_support_c.cpp.o[0m
[65.528s] [ 77%] [32mBuilding CXX object CMakeFiles/base_interfaces_demo__rosidl_typesupport_fastrtps_c.dir/rosidl_typesupport_fastrtps_c/base_interfaces_demo/srv/detail/hall__type_support_c.cpp.o[0m
[66.205s] [ 77%] [32mBuilding CXX object CMakeFiles/base_interfaces_demo__rosidl_typesupport_fastrtps_c.dir/rosidl_typesupport_fastrtps_c/base_interfaces_demo/msg/detail/bms_info__type_support_c.cpp.o[0m
[66.921s] [ 78%] [32mBuilding CXX object CMakeFiles/base_interfaces_demo__rosidl_typesupport_fastrtps_c.dir/rosidl_typesupport_fastrtps_c/base_interfaces_demo/msg/detail/charger_info__type_support_c.cpp.o[0m
[67.527s] [ 78%] [32mBuilding CXX object CMakeFiles/base_interfaces_demo__rosidl_typesupport_fastrtps_c.dir/rosidl_typesupport_fastrtps_c/base_interfaces_demo/msg/detail/manual_seek_label__type_support_c.cpp.o[0m
[67.527s] [ 79%] [32mBuilding CXX object CMakeFiles/base_interfaces_demo__rosidl_typesupport_fastrtps_c.dir/rosidl_typesupport_fastrtps_c/base_interfaces_demo/msg/detail/hall_info__type_support_c.cpp.o[0m
[68.225s] [ 79%] [32mBuilding CXX object CMakeFiles/base_interfaces_demo__rosidl_typesupport_fastrtps_c.dir/rosidl_typesupport_fastrtps_c/base_interfaces_demo/msg/detail/seek_cmd__type_support_c.cpp.o[0m
[68.261s] [ 80%] [32mBuilding CXX object CMakeFiles/base_interfaces_demo__rosidl_typesupport_fastrtps_c.dir/rosidl_typesupport_fastrtps_c/base_interfaces_demo/msg/detail/seek_ret__type_support_c.cpp.o[0m
[68.938s] [ 80%] [32mBuilding CXX object CMakeFiles/base_interfaces_demo__rosidl_typesupport_fastrtps_c.dir/rosidl_typesupport_fastrtps_c/base_interfaces_demo/msg/detail/system_status__type_support_c.cpp.o[0m
[68.945s] [ 80%] [32mBuilding CXX object CMakeFiles/base_interfaces_demo__rosidl_typesupport_fastrtps_c.dir/rosidl_typesupport_fastrtps_c/base_interfaces_demo/action/detail/reverse__type_support_c.cpp.o[0m
[69.959s] [ 81%] [32mBuilding CXX object CMakeFiles/base_interfaces_demo__rosidl_typesupport_fastrtps_c.dir/rosidl_typesupport_fastrtps_c/base_interfaces_demo/msg/detail/lift_info__type_support_c.cpp.o[0m
[69.982s] [ 81%] [32mBuilding CXX object CMakeFiles/base_interfaces_demo__rosidl_typesupport_fastrtps_c.dir/rosidl_typesupport_fastrtps_c/base_interfaces_demo/msg/detail/ohom__type_support_c.cpp.o[0m
[70.854s] [ 81%] [32mBuilding CXX object CMakeFiles/base_interfaces_demo__rosidl_typesupport_fastrtps_c.dir/rosidl_typesupport_fastrtps_c/base_interfaces_demo/msg/detail/color_info__type_support_c.cpp.o[0m
[70.855s] [ 81%] [32mBuilding CXX object CMakeFiles/base_interfaces_demo__rosidl_typesupport_fastrtps_c.dir/rosidl_typesupport_fastrtps_c/base_interfaces_demo/msg/detail/file_updata__type_support_c.cpp.o[0m
[71.710s] [ 81%] [32mBuilding CXX object CMakeFiles/base_interfaces_demo__rosidl_typesupport_fastrtps_c.dir/rosidl_typesupport_fastrtps_c/base_interfaces_demo/msg/detail/pallet_info__type_support_c.cpp.o[0m
[71.725s] [ 82%] [32mBuilding CXX object CMakeFiles/base_interfaces_demo__rosidl_typesupport_fastrtps_c.dir/rosidl_typesupport_fastrtps_c/base_interfaces_demo/msg/detail/movecontrol_info__type_support_c.cpp.o[0m
[72.614s] [ 82%] [32mBuilding CXX object CMakeFiles/base_interfaces_demo__rosidl_typesupport_fastrtps_c.dir/rosidl_typesupport_fastrtps_c/base_interfaces_demo/msg/detail/motion_control__type_support_c.cpp.o[0m
[72.619s] [ 83%] [32mBuilding CXX object CMakeFiles/base_interfaces_demo__rosidl_typesupport_fastrtps_c.dir/rosidl_typesupport_fastrtps_c/base_interfaces_demo/msg/detail/obs_laser__type_support_c.cpp.o[0m
[72.639s] [ 83%] [32mBuilding CXX object CMakeFiles/base_interfaces_demo__rosidl_typesupport_fastrtps_c.dir/rosidl_typesupport_fastrtps_c/base_interfaces_demo/msg/detail/rcs_info__type_support_c.cpp.o[0m
[73.610s] [ 84%] [32mBuilding CXX object CMakeFiles/base_interfaces_demo__rosidl_typesupport_fastrtps_c.dir/rosidl_typesupport_fastrtps_c/base_interfaces_demo/msg/detail/lift_control__type_support_c.cpp.o[0m
[73.780s] [ 84%] [32mBuilding CXX object CMakeFiles/base_interfaces_demo__rosidl_typesupport_fastrtps_c.dir/rosidl_typesupport_fastrtps_c/base_interfaces_demo/msg/detail/bt_status__type_support_c.cpp.o[0m
[73.842s] [ 84%] [32mBuilding CXX object CMakeFiles/base_interfaces_demo__rosidl_typesupport_fastrtps_c.dir/rosidl_typesupport_fastrtps_c/base_interfaces_demo/msg/detail/car_status__type_support_c.cpp.o[0m
[74.529s] [ 85%] [32mBuilding CXX object CMakeFiles/base_interfaces_demo__rosidl_typesupport_fastrtps_c.dir/rosidl_typesupport_fastrtps_c/base_interfaces_demo/msg/detail/health_node__type_support_c.cpp.o[0m
[74.573s] [ 85%] [32mBuilding CXX object CMakeFiles/base_interfaces_demo__rosidl_typesupport_fastrtps_c.dir/rosidl_typesupport_fastrtps_c/base_interfaces_demo/action/detail/pallet__type_support_c.cpp.o[0m
[74.812s] [ 85%] [32mBuilding CXX object CMakeFiles/base_interfaces_demo__rosidl_typesupport_fastrtps_c.dir/rosidl_typesupport_fastrtps_c/base_interfaces_demo/srv/detail/check_emergency__type_support_c.cpp.o[0m
[74.874s] [ 86%] [32mBuilding CXX object CMakeFiles/base_interfaces_demo__rosidl_typesupport_fastrtps_c.dir/rosidl_typesupport_fastrtps_c/base_interfaces_demo/srv/detail/set_emergency__type_support_c.cpp.o[0m
[75.928s] [ 86%] [32mBuilding CXX object CMakeFiles/base_interfaces_demo__rosidl_typesupport_fastrtps_c.dir/rosidl_typesupport_fastrtps_c/base_interfaces_demo/srv/detail/rcs_server__type_support_c.cpp.o[0m
[76.774s] [ 87%] [32m[1mLinking CXX shared library libbase_interfaces_demo__rosidl_typesupport_fastrtps_c.so[0m
[77.189s] [ 87%] Built target base_interfaces_demo__rosidl_typesupport_fastrtps_c
[77.288s] [ 87%] Built target base_interfaces_demo
[77.345s] [35m[1mScanning dependencies of target base_interfaces_demo__py[0m
[77.393s] [ 87%] [34m[1mGenerating Python code for ROS interfaces[0m
[86.596s] [ 87%] Built target base_interfaces_demo__py
[86.685s] [35m[1mScanning dependencies of target base_interfaces_demo__python[0m
[87.111s] [ 88%] [32mBuilding C object CMakeFiles/base_interfaces_demo__python.dir/rosidl_generator_py/base_interfaces_demo/action/_nav_s.c.o[0m
[87.610s] [ 89%] [32mBuilding C object CMakeFiles/base_interfaces_demo__python.dir/rosidl_generator_py/base_interfaces_demo/msg/_location_s.c.o[0m
[87.967s] [ 89%] [32mBuilding C object CMakeFiles/base_interfaces_demo__python.dir/rosidl_generator_py/base_interfaces_demo/msg/_motor_cmd_s.c.o[0m
[88.211s] [ 89%] [32mBuilding C object CMakeFiles/base_interfaces_demo__python.dir/rosidl_generator_py/base_interfaces_demo/msg/_motor_status_s.c.o[0m
[88.495s] [ 90%] [32mBuilding C object CMakeFiles/base_interfaces_demo__python.dir/rosidl_generator_py/base_interfaces_demo/msg/_manual_s.c.o[0m
[88.790s] [ 90%] [32mBuilding C object CMakeFiles/base_interfaces_demo__python.dir/rosidl_generator_py/base_interfaces_demo/msg/_test_s.c.o[0m
[89.030s] [ 90%] [32mBuilding C object CMakeFiles/base_interfaces_demo__python.dir/rosidl_generator_py/base_interfaces_demo/srv/_hall_s.c.o[0m
[89.296s] [ 91%] [32mBuilding C object CMakeFiles/base_interfaces_demo__python.dir/rosidl_generator_py/base_interfaces_demo/msg/_bms_info_s.c.o[0m
[89.610s] [ 91%] [32mBuilding C object CMakeFiles/base_interfaces_demo__python.dir/rosidl_generator_py/base_interfaces_demo/msg/_charger_info_s.c.o[0m
[89.873s] [ 92%] [32mBuilding C object CMakeFiles/base_interfaces_demo__python.dir/rosidl_generator_py/base_interfaces_demo/msg/_manual_seek_label_s.c.o[0m
[90.138s] [ 92%] [32mBuilding C object CMakeFiles/base_interfaces_demo__python.dir/rosidl_generator_py/base_interfaces_demo/msg/_seek_cmd_s.c.o[0m
[90.397s] [ 92%] [32mBuilding C object CMakeFiles/base_interfaces_demo__python.dir/rosidl_generator_py/base_interfaces_demo/msg/_seek_ret_s.c.o[0m
[90.686s] [ 93%] [32mBuilding C object CMakeFiles/base_interfaces_demo__python.dir/rosidl_generator_py/base_interfaces_demo/msg/_system_status_s.c.o[0m
[90.990s] [ 93%] [32mBuilding C object CMakeFiles/base_interfaces_demo__python.dir/rosidl_generator_py/base_interfaces_demo/action/_reverse_s.c.o[0m
[91.342s] [ 93%] [32mBuilding C object CMakeFiles/base_interfaces_demo__python.dir/rosidl_generator_py/base_interfaces_demo/msg/_lift_info_s.c.o[0m
[91.611s] [ 94%] [32mBuilding C object CMakeFiles/base_interfaces_demo__python.dir/rosidl_generator_py/base_interfaces_demo/msg/_color_info_s.c.o[0m
[91.898s] [ 94%] [32mBuilding C object CMakeFiles/base_interfaces_demo__python.dir/rosidl_generator_py/base_interfaces_demo/msg/_file_updata_s.c.o[0m
[92.191s] [ 94%] [32mBuilding C object CMakeFiles/base_interfaces_demo__python.dir/rosidl_generator_py/base_interfaces_demo/msg/_obs_laser_s.c.o[0m
[92.517s] [ 95%] [32mBuilding C object CMakeFiles/base_interfaces_demo__python.dir/rosidl_generator_py/base_interfaces_demo/msg/_pallet_info_s.c.o[0m
[92.819s] [ 95%] [32mBuilding C object CMakeFiles/base_interfaces_demo__python.dir/rosidl_generator_py/base_interfaces_demo/msg/_movecontrol_info_s.c.o[0m
[93.069s] [ 95%] [32mBuilding C object CMakeFiles/base_interfaces_demo__python.dir/rosidl_generator_py/base_interfaces_demo/msg/_motion_control_s.c.o[0m
[93.372s] [ 96%] [32mBuilding C object CMakeFiles/base_interfaces_demo__python.dir/rosidl_generator_py/base_interfaces_demo/msg/_rcs_info_s.c.o[0m
[93.669s] [ 96%] [32mBuilding C object CMakeFiles/base_interfaces_demo__python.dir/rosidl_generator_py/base_interfaces_demo/msg/_lift_control_s.c.o[0m
[93.961s] [ 97%] [32mBuilding C object CMakeFiles/base_interfaces_demo__python.dir/rosidl_generator_py/base_interfaces_demo/msg/_bt_status_s.c.o[0m
[94.285s] [ 97%] [32mBuilding C object CMakeFiles/base_interfaces_demo__python.dir/rosidl_generator_py/base_interfaces_demo/msg/_car_status_s.c.o[0m
[94.570s] [ 97%] [32mBuilding C object CMakeFiles/base_interfaces_demo__python.dir/rosidl_generator_py/base_interfaces_demo/msg/_health_node_s.c.o[0m
[94.871s] [ 98%] [32mBuilding C object CMakeFiles/base_interfaces_demo__python.dir/rosidl_generator_py/base_interfaces_demo/action/_pallet_s.c.o[0m
[95.209s] [ 98%] [32mBuilding C object CMakeFiles/base_interfaces_demo__python.dir/rosidl_generator_py/base_interfaces_demo/srv/_check_emergency_s.c.o[0m
[95.510s] [ 98%] [32mBuilding C object CMakeFiles/base_interfaces_demo__python.dir/rosidl_generator_py/base_interfaces_demo/srv/_set_emergency_s.c.o[0m
[95.796s] [ 99%] [32mBuilding C object CMakeFiles/base_interfaces_demo__python.dir/rosidl_generator_py/base_interfaces_demo/srv/_rcs_server_s.c.o[0m
[96.096s] [ 99%] [32mBuilding C object CMakeFiles/base_interfaces_demo__python.dir/rosidl_generator_py/base_interfaces_demo/msg/_hall_info_s.c.o[0m
[96.393s] [ 99%] [32mBuilding C object CMakeFiles/base_interfaces_demo__python.dir/rosidl_generator_py/base_interfaces_demo/msg/_ohom_s.c.o[0m
[96.698s] [ 99%] [32m[1mLinking C shared library rosidl_generator_py/base_interfaces_demo/libbase_interfaces_demo__python.so[0m
[96.985s] [ 99%] Built target base_interfaces_demo__python
[97.048s] [35m[1mScanning dependencies of target base_interfaces_demo__rosidl_typesupport_introspection_c__pyext[0m
[97.194s] [ 99%] [32mBuilding C object CMakeFiles/base_interfaces_demo__rosidl_typesupport_introspection_c__pyext.dir/rosidl_generator_py/base_interfaces_demo/_base_interfaces_demo_s.ep.rosidl_typesupport_introspection_c.c.o[0m
[97.776s] [ 99%] [32m[1mLinking C shared library rosidl_generator_py/base_interfaces_demo/base_interfaces_demo_s__rosidl_typesupport_introspection_c.cpython-38-x86_64-linux-gnu.so[0m
[97.995s] [ 99%] Built target base_interfaces_demo__rosidl_typesupport_introspection_c__pyext
[98.049s] [35m[1mScanning dependencies of target base_interfaces_demo__rosidl_typesupport_c__pyext[0m
[98.182s] [100%] [32mBuilding C object CMakeFiles/base_interfaces_demo__rosidl_typesupport_c__pyext.dir/rosidl_generator_py/base_interfaces_demo/_base_interfaces_demo_s.ep.rosidl_typesupport_c.c.o[0m
[98.755s] [100%] [32m[1mLinking C shared library rosidl_generator_py/base_interfaces_demo/base_interfaces_demo_s__rosidl_typesupport_c.cpython-38-x86_64-linux-gnu.so[0m
[99.006s] [100%] Built target base_interfaces_demo__rosidl_typesupport_c__pyext
[99.066s] [35m[1mScanning dependencies of target base_interfaces_demo__rosidl_typesupport_fastrtps_c__pyext[0m
[99.202s] [100%] [32mBuilding C object CMakeFiles/base_interfaces_demo__rosidl_typesupport_fastrtps_c__pyext.dir/rosidl_generator_py/base_interfaces_demo/_base_interfaces_demo_s.ep.rosidl_typesupport_fastrtps_c.c.o[0m
[99.772s] [100%] [32m[1mLinking CXX shared library rosidl_generator_py/base_interfaces_demo/base_interfaces_demo_s__rosidl_typesupport_fastrtps_c.cpython-38-x86_64-linux-gnu.so[0m
[100.079s] [100%] Built target base_interfaces_demo__rosidl_typesupport_fastrtps_c__pyext
[100.120s] Invoked command in '/home/cjs/VL53L8CX/VL53L8CX_ws/build/base_interfaces_demo' returned '0': CMAKE_PREFIX_PATH=/opt/ros/foxy /usr/bin/cmake --build /home/cjs/VL53L8CX/VL53L8CX_ws/build/base_interfaces_demo -- -j4 -l4
[104.244s] Invoking command in '/home/cjs/VL53L8CX/VL53L8CX_ws/build/base_interfaces_demo': CMAKE_PREFIX_PATH=/opt/ros/foxy /usr/bin/cmake --install /home/cjs/VL53L8CX/VL53L8CX_ws/build/base_interfaces_demo
[104.272s] -- Install configuration: ""
[104.272s] -- Installing: /home/cjs/VL53L8CX/VL53L8CX_ws/install/base_interfaces_demo/share/ament_index/resource_index/rosidl_interfaces/base_interfaces_demo
[104.272s] -- Up-to-date: /home/cjs/VL53L8CX/VL53L8CX_ws/install/base_interfaces_demo/include/base_interfaces_demo
[104.273s] -- Up-to-date: /home/cjs/VL53L8CX/VL53L8CX_ws/install/base_interfaces_demo/include/base_interfaces_demo/action
[104.273s] -- Installing: /home/cjs/VL53L8CX/VL53L8CX_ws/install/base_interfaces_demo/include/base_interfaces_demo/action/nav.h
[104.273s] -- Up-to-date: /home/cjs/VL53L8CX/VL53L8CX_ws/install/base_interfaces_demo/include/base_interfaces_demo/action/detail
[104.274s] -- Installing: /home/cjs/VL53L8CX/VL53L8CX_ws/install/base_interfaces_demo/include/base_interfaces_demo/action/detail/pallet__type_support.h
[104.274s] -- Installing: /home/cjs/VL53L8CX/VL53L8CX_ws/install/base_interfaces_demo/include/base_interfaces_demo/action/detail/pallet__functions.h
[104.276s] -- Installing: /home/cjs/VL53L8CX/VL53L8CX_ws/install/base_interfaces_demo/include/base_interfaces_demo/action/detail/pallet__struct.h
[104.276s] -- Installing: /home/cjs/VL53L8CX/VL53L8CX_ws/install/base_interfaces_demo/include/base_interfaces_demo/action/detail/reverse__type_support.h
[104.277s] -- Installing: /home/cjs/VL53L8CX/VL53L8CX_ws/install/base_interfaces_demo/include/base_interfaces_demo/action/detail/reverse__struct.h
[104.277s] -- Installing: /home/cjs/VL53L8CX/VL53L8CX_ws/install/base_interfaces_demo/include/base_interfaces_demo/action/detail/nav__functions.c
[104.278s] -- Installing: /home/cjs/VL53L8CX/VL53L8CX_ws/install/base_interfaces_demo/include/base_interfaces_demo/action/detail/reverse__functions.h
[104.279s] -- Installing: /home/cjs/VL53L8CX/VL53L8CX_ws/install/base_interfaces_demo/include/base_interfaces_demo/action/detail/nav__type_support.h
[104.279s] -- Installing: /home/cjs/VL53L8CX/VL53L8CX_ws/install/base_interfaces_demo/include/base_interfaces_demo/action/detail/nav__functions.h
[104.281s] -- Installing: /home/cjs/VL53L8CX/VL53L8CX_ws/install/base_interfaces_demo/include/base_interfaces_demo/action/detail/reverse__functions.c
[104.282s] -- Installing: /home/cjs/VL53L8CX/VL53L8CX_ws/install/base_interfaces_demo/include/base_interfaces_demo/action/detail/nav__struct.h
[104.282s] -- Installing: /home/cjs/VL53L8CX/VL53L8CX_ws/install/base_interfaces_demo/include/base_interfaces_demo/action/detail/pallet__functions.c
[104.283s] -- Installing: /home/cjs/VL53L8CX/VL53L8CX_ws/install/base_interfaces_demo/include/base_interfaces_demo/action/pallet.h
[104.284s] -- Installing: /home/cjs/VL53L8CX/VL53L8CX_ws/install/base_interfaces_demo/include/base_interfaces_demo/action/reverse.h
[104.284s] -- Up-to-date: /home/cjs/VL53L8CX/VL53L8CX_ws/install/base_interfaces_demo/include/base_interfaces_demo/srv
[104.285s] -- Installing: /home/cjs/VL53L8CX/VL53L8CX_ws/install/base_interfaces_demo/include/base_interfaces_demo/srv/check_emergency.h
[104.285s] -- Up-to-date: /home/cjs/VL53L8CX/VL53L8CX_ws/install/base_interfaces_demo/include/base_interfaces_demo/srv/detail
[104.285s] -- Up-to-date: /home/cjs/VL53L8CX/VL53L8CX_ws/install/base_interfaces_demo/include/base_interfaces_demo/srv/detail/pub_code__functions.c
[104.288s] -- Installing: /home/cjs/VL53L8CX/VL53L8CX_ws/install/base_interfaces_demo/include/base_interfaces_demo/srv/detail/set_emergency__type_support.h
[104.289s] -- Up-to-date: /home/cjs/VL53L8CX/VL53L8CX_ws/install/base_interfaces_demo/include/base_interfaces_demo/srv/detail/pub_code__functions.h
[104.289s] -- Installing: /home/cjs/VL53L8CX/VL53L8CX_ws/install/base_interfaces_demo/include/base_interfaces_demo/srv/detail/hall__functions.h
[104.291s] -- Installing: /home/cjs/VL53L8CX/VL53L8CX_ws/install/base_interfaces_demo/include/base_interfaces_demo/srv/detail/check_emergency__functions.h
[104.291s] -- Installing: /home/cjs/VL53L8CX/VL53L8CX_ws/install/base_interfaces_demo/include/base_interfaces_demo/srv/detail/rcs_server__functions.h
[104.292s] -- Installing: /home/cjs/VL53L8CX/VL53L8CX_ws/install/base_interfaces_demo/include/base_interfaces_demo/srv/detail/set_emergency__struct.h
[104.293s] -- Up-to-date: /home/cjs/VL53L8CX/VL53L8CX_ws/install/base_interfaces_demo/include/base_interfaces_demo/srv/detail/pub_code__type_support.h
[104.293s] -- Installing: /home/cjs/VL53L8CX/VL53L8CX_ws/install/base_interfaces_demo/include/base_interfaces_demo/srv/detail/rcs_server__type_support.h
[104.293s] -- Installing: /home/cjs/VL53L8CX/VL53L8CX_ws/install/base_interfaces_demo/include/base_interfaces_demo/srv/detail/rcs_server__functions.c
[104.294s] -- Installing: /home/cjs/VL53L8CX/VL53L8CX_ws/install/base_interfaces_demo/include/base_interfaces_demo/srv/detail/check_emergency__struct.h
[104.295s] -- Installing: /home/cjs/VL53L8CX/VL53L8CX_ws/install/base_interfaces_demo/include/base_interfaces_demo/srv/detail/hall__struct.h
[104.295s] -- Installing: /home/cjs/VL53L8CX/VL53L8CX_ws/install/base_interfaces_demo/include/base_interfaces_demo/srv/detail/rcs_server__struct.h
[104.296s] -- Up-to-date: /home/cjs/VL53L8CX/VL53L8CX_ws/install/base_interfaces_demo/include/base_interfaces_demo/srv/detail/pub_code__struct.h
[104.296s] -- Installing: /home/cjs/VL53L8CX/VL53L8CX_ws/install/base_interfaces_demo/include/base_interfaces_demo/srv/detail/set_emergency__functions.h
[104.298s] -- Installing: /home/cjs/VL53L8CX/VL53L8CX_ws/install/base_interfaces_demo/include/base_interfaces_demo/srv/detail/set_emergency__functions.c
[104.299s] -- Installing: /home/cjs/VL53L8CX/VL53L8CX_ws/install/base_interfaces_demo/include/base_interfaces_demo/srv/detail/check_emergency__type_support.h
[104.299s] -- Installing: /home/cjs/VL53L8CX/VL53L8CX_ws/install/base_interfaces_demo/include/base_interfaces_demo/srv/detail/hall__functions.c
[104.299s] -- Installing: /home/cjs/VL53L8CX/VL53L8CX_ws/install/base_interfaces_demo/include/base_interfaces_demo/srv/detail/hall__type_support.h
[104.300s] -- Installing: /home/cjs/VL53L8CX/VL53L8CX_ws/install/base_interfaces_demo/include/base_interfaces_demo/srv/detail/check_emergency__functions.c
[104.300s] -- Installing: /home/cjs/VL53L8CX/VL53L8CX_ws/install/base_interfaces_demo/include/base_interfaces_demo/srv/rcs_server.h
[104.301s] -- Installing: /home/cjs/VL53L8CX/VL53L8CX_ws/install/base_interfaces_demo/include/base_interfaces_demo/srv/set_emergency.h
[104.301s] -- Installing: /home/cjs/VL53L8CX/VL53L8CX_ws/install/base_interfaces_demo/include/base_interfaces_demo/srv/hall.h
[104.302s] -- Up-to-date: /home/cjs/VL53L8CX/VL53L8CX_ws/install/base_interfaces_demo/include/base_interfaces_demo/srv/pub_code.h
[104.302s] -- Up-to-date: /home/cjs/VL53L8CX/VL53L8CX_ws/install/base_interfaces_demo/include/base_interfaces_demo/msg
[104.303s] -- Installing: /home/cjs/VL53L8CX/VL53L8CX_ws/install/base_interfaces_demo/include/base_interfaces_demo/msg/bms_info.h
[104.303s] -- Installing: /home/cjs/VL53L8CX/VL53L8CX_ws/install/base_interfaces_demo/include/base_interfaces_demo/msg/ohom.h
[104.303s] -- Installing: /home/cjs/VL53L8CX/VL53L8CX_ws/install/base_interfaces_demo/include/base_interfaces_demo/msg/manual_seek_label.h
[104.304s] -- Installing: /home/cjs/VL53L8CX/VL53L8CX_ws/install/base_interfaces_demo/include/base_interfaces_demo/msg/motor_cmd.h
[104.305s] -- Installing: /home/cjs/VL53L8CX/VL53L8CX_ws/install/base_interfaces_demo/include/base_interfaces_demo/msg/lift_control.h
[104.305s] -- Up-to-date: /home/cjs/VL53L8CX/VL53L8CX_ws/install/base_interfaces_demo/include/base_interfaces_demo/msg/rosidl_generator_c__visibility_control.h
[104.306s] -- Up-to-date: /home/cjs/VL53L8CX/VL53L8CX_ws/install/base_interfaces_demo/include/base_interfaces_demo/msg/detail
[104.306s] -- Up-to-date: /home/cjs/VL53L8CX/VL53L8CX_ws/install/base_interfaces_demo/include/base_interfaces_demo/msg/detail/pub_code__functions.c
[104.306s] -- Installing: /home/cjs/VL53L8CX/VL53L8CX_ws/install/base_interfaces_demo/include/base_interfaces_demo/msg/detail/motor_status__functions.c
[104.307s] -- Installing: /home/cjs/VL53L8CX/VL53L8CX_ws/install/base_interfaces_demo/include/base_interfaces_demo/msg/detail/movecontrol_info__functions.h
[104.307s] -- Installing: /home/cjs/VL53L8CX/VL53L8CX_ws/install/base_interfaces_demo/include/base_interfaces_demo/msg/detail/rcs_info__functions.h
[104.308s] -- Up-to-date: /home/cjs/VL53L8CX/VL53L8CX_ws/install/base_interfaces_demo/include/base_interfaces_demo/msg/detail/pub_code__functions.h
[104.310s] -- Installing: /home/cjs/VL53L8CX/VL53L8CX_ws/install/base_interfaces_demo/include/base_interfaces_demo/msg/detail/rcs_info__type_support.h
[104.310s] -- Installing: /home/cjs/VL53L8CX/VL53L8CX_ws/install/base_interfaces_demo/include/base_interfaces_demo/msg/detail/bms_info__type_support.h
[104.311s] -- Installing: /home/cjs/VL53L8CX/VL53L8CX_ws/install/base_interfaces_demo/include/base_interfaces_demo/msg/detail/seek_ret__type_support.h
[104.314s] -- Installing: /home/cjs/VL53L8CX/VL53L8CX_ws/install/base_interfaces_demo/include/base_interfaces_demo/msg/detail/lift_control__type_support.h
[104.314s] -- Installing: /home/cjs/VL53L8CX/VL53L8CX_ws/install/base_interfaces_demo/include/base_interfaces_demo/msg/detail/color_info__functions.c
[104.315s] -- Installing: /home/cjs/VL53L8CX/VL53L8CX_ws/install/base_interfaces_demo/include/base_interfaces_demo/msg/detail/lift_control__struct.h
[104.320s] -- Installing: /home/cjs/VL53L8CX/VL53L8CX_ws/install/base_interfaces_demo/include/base_interfaces_demo/msg/detail/pallet_info__functions.h
[104.321s] -- Installing: /home/cjs/VL53L8CX/VL53L8CX_ws/install/base_interfaces_demo/include/base_interfaces_demo/msg/detail/rcs_info__struct.h
[104.321s] -- Installing: /home/cjs/VL53L8CX/VL53L8CX_ws/install/base_interfaces_demo/include/base_interfaces_demo/msg/detail/bt_status__struct.h
[104.321s] -- Installing: /home/cjs/VL53L8CX/VL53L8CX_ws/install/base_interfaces_demo/include/base_interfaces_demo/msg/detail/obs_laser__type_support.h
[104.321s] -- Installing: /home/cjs/VL53L8CX/VL53L8CX_ws/install/base_interfaces_demo/include/base_interfaces_demo/msg/detail/manual__struct.h
[104.330s] -- Installing: /home/cjs/VL53L8CX/VL53L8CX_ws/install/base_interfaces_demo/include/base_interfaces_demo/msg/detail/bt_status__type_support.h
[104.330s] -- Installing: /home/cjs/VL53L8CX/VL53L8CX_ws/install/base_interfaces_demo/include/base_interfaces_demo/msg/detail/file_updata__struct.h
[104.330s] -- Installing: /home/cjs/VL53L8CX/VL53L8CX_ws/install/base_interfaces_demo/include/base_interfaces_demo/msg/detail/seek_cmd__functions.h
[104.330s] -- Installing: /home/cjs/VL53L8CX/VL53L8CX_ws/install/base_interfaces_demo/include/base_interfaces_demo/msg/detail/motor_status__struct.h
[104.331s] -- Installing: /home/cjs/VL53L8CX/VL53L8CX_ws/install/base_interfaces_demo/include/base_interfaces_demo/msg/detail/motor_cmd__functions.c
[104.331s] -- Installing: /home/cjs/VL53L8CX/VL53L8CX_ws/install/base_interfaces_demo/include/base_interfaces_demo/msg/detail/manual_seek_label__struct.h
[104.331s] -- Installing: /home/cjs/VL53L8CX/VL53L8CX_ws/install/base_interfaces_demo/include/base_interfaces_demo/msg/detail/motor_status__type_support.h
[104.331s] -- Installing: /home/cjs/VL53L8CX/VL53L8CX_ws/install/base_interfaces_demo/include/base_interfaces_demo/msg/detail/motion_control__functions.c
[104.332s] -- Installing: /home/cjs/VL53L8CX/VL53L8CX_ws/install/base_interfaces_demo/include/base_interfaces_demo/msg/detail/health_node__functions.c
[104.332s] -- Installing: /home/cjs/VL53L8CX/VL53L8CX_ws/install/base_interfaces_demo/include/base_interfaces_demo/msg/detail/seek_cmd__struct.h
[104.332s] -- Installing: /home/cjs/VL53L8CX/VL53L8CX_ws/install/base_interfaces_demo/include/base_interfaces_demo/msg/detail/charger_info__functions.h
[104.339s] -- Installing: /home/cjs/VL53L8CX/VL53L8CX_ws/install/base_interfaces_demo/include/base_interfaces_demo/msg/detail/test__struct.h
[104.340s] -- Installing: /home/cjs/VL53L8CX/VL53L8CX_ws/install/base_interfaces_demo/include/base_interfaces_demo/msg/detail/health_node__struct.h
[104.340s] -- Installing: /home/cjs/VL53L8CX/VL53L8CX_ws/install/base_interfaces_demo/include/base_interfaces_demo/msg/detail/lift_info__functions.c
[104.340s] -- Installing: /home/cjs/VL53L8CX/VL53L8CX_ws/install/base_interfaces_demo/include/base_interfaces_demo/msg/detail/motor_status__functions.h
[104.345s] -- Installing: /home/cjs/VL53L8CX/VL53L8CX_ws/install/base_interfaces_demo/include/base_interfaces_demo/msg/detail/movecontrol_info__type_support.h
[104.351s] -- Up-to-date: /home/cjs/VL53L8CX/VL53L8CX_ws/install/base_interfaces_demo/include/base_interfaces_demo/msg/detail/pub_code__type_support.h
[104.351s] -- Installing: /home/cjs/VL53L8CX/VL53L8CX_ws/install/base_interfaces_demo/include/base_interfaces_demo/msg/detail/test__functions.h
[104.352s] -- Installing: /home/cjs/VL53L8CX/VL53L8CX_ws/install/base_interfaces_demo/include/base_interfaces_demo/msg/detail/lift_info__functions.h
[104.358s] -- Installing: /home/cjs/VL53L8CX/VL53L8CX_ws/install/base_interfaces_demo/include/base_interfaces_demo/msg/detail/movecontrol_info__struct.h
[104.359s] -- Installing: /home/cjs/VL53L8CX/VL53L8CX_ws/install/base_interfaces_demo/include/base_interfaces_demo/msg/detail/motor_cmd__functions.h
[104.359s] -- Installing: /home/cjs/VL53L8CX/VL53L8CX_ws/install/base_interfaces_demo/include/base_interfaces_demo/msg/detail/bt_status__functions.c
[104.359s] -- Installing: /home/cjs/VL53L8CX/VL53L8CX_ws/install/base_interfaces_demo/include/base_interfaces_demo/msg/detail/manual__functions.h
[104.359s] -- Installing: /home/cjs/VL53L8CX/VL53L8CX_ws/install/base_interfaces_demo/include/base_interfaces_demo/msg/detail/hall_info__functions.h
[104.359s] -- Installing: /home/cjs/VL53L8CX/VL53L8CX_ws/install/base_interfaces_demo/include/base_interfaces_demo/msg/detail/manual__functions.c
[104.360s] -- Installing: /home/cjs/VL53L8CX/VL53L8CX_ws/install/base_interfaces_demo/include/base_interfaces_demo/msg/detail/file_updata__functions.c
[104.360s] -- Installing: /home/cjs/VL53L8CX/VL53L8CX_ws/install/base_interfaces_demo/include/base_interfaces_demo/msg/detail/manual_seek_label__type_support.h
[104.360s] -- Installing: /home/cjs/VL53L8CX/VL53L8CX_ws/install/base_interfaces_demo/include/base_interfaces_demo/msg/detail/pallet_info__type_support.h
[104.365s] -- Installing: /home/cjs/VL53L8CX/VL53L8CX_ws/install/base_interfaces_demo/include/base_interfaces_demo/msg/detail/ohom__functions.h
[104.365s] -- Installing: /home/cjs/VL53L8CX/VL53L8CX_ws/install/base_interfaces_demo/include/base_interfaces_demo/msg/detail/color_info__functions.h
[104.365s] -- Installing: /home/cjs/VL53L8CX/VL53L8CX_ws/install/base_interfaces_demo/include/base_interfaces_demo/msg/detail/health_node__functions.h
[104.366s] -- Installing: /home/cjs/VL53L8CX/VL53L8CX_ws/install/base_interfaces_demo/include/base_interfaces_demo/msg/detail/seek_cmd__functions.c
[104.366s] -- Installing: /home/cjs/VL53L8CX/VL53L8CX_ws/install/base_interfaces_demo/include/base_interfaces_demo/msg/detail/car_status__functions.h
[104.366s] -- Installing: /home/cjs/VL53L8CX/VL53L8CX_ws/install/base_interfaces_demo/include/base_interfaces_demo/msg/detail/motion_control__type_support.h
[104.367s] -- Installing: /home/cjs/VL53L8CX/VL53L8CX_ws/install/base_interfaces_demo/include/base_interfaces_demo/msg/detail/manual_seek_label__functions.c
[104.367s] -- Installing: /home/cjs/VL53L8CX/VL53L8CX_ws/install/base_interfaces_demo/include/base_interfaces_demo/msg/detail/bms_info__functions.h
[104.367s] -- Installing: /home/cjs/VL53L8CX/VL53L8CX_ws/install/base_interfaces_demo/include/base_interfaces_demo/msg/detail/system_status__functions.h
[104.371s] -- Installing: /home/cjs/VL53L8CX/VL53L8CX_ws/install/base_interfaces_demo/include/base_interfaces_demo/msg/detail/location__functions.c
[104.372s] -- Installing: /home/cjs/VL53L8CX/VL53L8CX_ws/install/base_interfaces_demo/include/base_interfaces_demo/msg/detail/lift_info__struct.h
[104.373s] -- Installing: /home/cjs/VL53L8CX/VL53L8CX_ws/install/base_interfaces_demo/include/base_interfaces_demo/msg/detail/rcs_info__functions.c
[104.373s] -- Installing: /home/cjs/VL53L8CX/VL53L8CX_ws/install/base_interfaces_demo/include/base_interfaces_demo/msg/detail/motion_control__functions.h
[104.374s] -- Installing: /home/cjs/VL53L8CX/VL53L8CX_ws/install/base_interfaces_demo/include/base_interfaces_demo/msg/detail/motor_cmd__struct.h
[104.374s] -- Installing: /home/cjs/VL53L8CX/VL53L8CX_ws/install/base_interfaces_demo/include/base_interfaces_demo/msg/detail/system_status__functions.c
[104.374s] -- Installing: /home/cjs/VL53L8CX/VL53L8CX_ws/install/base_interfaces_demo/include/base_interfaces_demo/msg/detail/location__struct.h
[104.375s] -- Installing: /home/cjs/VL53L8CX/VL53L8CX_ws/install/base_interfaces_demo/include/base_interfaces_demo/msg/detail/motor_cmd__type_support.h
[104.375s] -- Installing: /home/cjs/VL53L8CX/VL53L8CX_ws/install/base_interfaces_demo/include/base_interfaces_demo/msg/detail/hall_info__functions.c
[104.376s] -- Installing: /home/cjs/VL53L8CX/VL53L8CX_ws/install/base_interfaces_demo/include/base_interfaces_demo/msg/detail/file_updata__functions.h
[104.376s] -- Installing: /home/cjs/VL53L8CX/VL53L8CX_ws/install/base_interfaces_demo/include/base_interfaces_demo/msg/detail/test__type_support.h
[104.376s] -- Installing: /home/cjs/VL53L8CX/VL53L8CX_ws/install/base_interfaces_demo/include/base_interfaces_demo/msg/detail/ohom__type_support.h
[104.377s] -- Installing: /home/cjs/VL53L8CX/VL53L8CX_ws/install/base_interfaces_demo/include/base_interfaces_demo/msg/detail/bt_status__functions.h
[104.378s] -- Installing: /home/cjs/VL53L8CX/VL53L8CX_ws/install/base_interfaces_demo/include/base_interfaces_demo/msg/detail/pallet_info__struct.h
[104.378s] -- Installing: /home/cjs/VL53L8CX/VL53L8CX_ws/install/base_interfaces_demo/include/base_interfaces_demo/msg/detail/seek_ret__functions.h
[104.379s] -- Installing: /home/cjs/VL53L8CX/VL53L8CX_ws/install/base_interfaces_demo/include/base_interfaces_demo/msg/detail/color_info__struct.h
[104.379s] -- Installing: /home/cjs/VL53L8CX/VL53L8CX_ws/install/base_interfaces_demo/include/base_interfaces_demo/msg/detail/charger_info__functions.c
[104.382s] -- Up-to-date: /home/cjs/VL53L8CX/VL53L8CX_ws/install/base_interfaces_demo/include/base_interfaces_demo/msg/detail/pub_code__struct.h
[104.383s] -- Installing: /home/cjs/VL53L8CX/VL53L8CX_ws/install/base_interfaces_demo/include/base_interfaces_demo/msg/detail/lift_control__functions.h
[104.383s] -- Installing: /home/cjs/VL53L8CX/VL53L8CX_ws/install/base_interfaces_demo/include/base_interfaces_demo/msg/detail/obs_laser__functions.h
[104.384s] -- Installing: /home/cjs/VL53L8CX/VL53L8CX_ws/install/base_interfaces_demo/include/base_interfaces_demo/msg/detail/seek_cmd__type_support.h
[104.384s] -- Installing: /home/cjs/VL53L8CX/VL53L8CX_ws/install/base_interfaces_demo/include/base_interfaces_demo/msg/detail/movecontrol_info__functions.c
[104.388s] -- Installing: /home/cjs/VL53L8CX/VL53L8CX_ws/install/base_interfaces_demo/include/base_interfaces_demo/msg/detail/manual__type_support.h
[104.389s] -- Installing: /home/cjs/VL53L8CX/VL53L8CX_ws/install/base_interfaces_demo/include/base_interfaces_demo/msg/detail/system_status__type_support.h
[104.389s] -- Installing: /home/cjs/VL53L8CX/VL53L8CX_ws/install/base_interfaces_demo/include/base_interfaces_demo/msg/detail/car_status__struct.h
[104.389s] -- Installing: /home/cjs/VL53L8CX/VL53L8CX_ws/install/base_interfaces_demo/include/base_interfaces_demo/msg/detail/lift_control__functions.c
[104.400s] -- Installing: /home/cjs/VL53L8CX/VL53L8CX_ws/install/base_interfaces_demo/include/base_interfaces_demo/msg/detail/seek_ret__functions.c
[104.400s] -- Installing: /home/cjs/VL53L8CX/VL53L8CX_ws/install/base_interfaces_demo/include/base_interfaces_demo/msg/detail/hall_info__type_support.h
[104.401s] -- Installing: /home/cjs/VL53L8CX/VL53L8CX_ws/install/base_interfaces_demo/include/base_interfaces_demo/msg/detail/obs_laser__struct.h
[104.401s] -- Installing: /home/cjs/VL53L8CX/VL53L8CX_ws/install/base_interfaces_demo/include/base_interfaces_demo/msg/detail/ohom__functions.c
[104.401s] -- Installing: /home/cjs/VL53L8CX/VL53L8CX_ws/install/base_interfaces_demo/include/base_interfaces_demo/msg/detail/motion_control__struct.h
[104.402s] -- Installing: /home/cjs/VL53L8CX/VL53L8CX_ws/install/base_interfaces_demo/include/base_interfaces_demo/msg/detail/lift_info__type_support.h
[104.402s] -- Installing: /home/cjs/VL53L8CX/VL53L8CX_ws/install/base_interfaces_demo/include/base_interfaces_demo/msg/detail/location__type_support.h
[104.402s] -- Installing: /home/cjs/VL53L8CX/VL53L8CX_ws/install/base_interfaces_demo/include/base_interfaces_demo/msg/detail/health_node__type_support.h
[104.402s] -- Installing: /home/cjs/VL53L8CX/VL53L8CX_ws/install/base_interfaces_demo/include/base_interfaces_demo/msg/detail/seek_ret__struct.h
[104.403s] -- Installing: /home/cjs/VL53L8CX/VL53L8CX_ws/install/base_interfaces_demo/include/base_interfaces_demo/msg/detail/hall_info__struct.h
[104.403s] -- Installing: /home/cjs/VL53L8CX/VL53L8CX_ws/install/base_interfaces_demo/include/base_interfaces_demo/msg/detail/bms_info__struct.h
[104.403s] -- Installing: /home/cjs/VL53L8CX/VL53L8CX_ws/install/base_interfaces_demo/include/base_interfaces_demo/msg/detail/pallet_info__functions.c
[104.403s] -- Installing: /home/cjs/VL53L8CX/VL53L8CX_ws/install/base_interfaces_demo/include/base_interfaces_demo/msg/detail/ohom__struct.h
[104.403s] -- Installing: /home/cjs/VL53L8CX/VL53L8CX_ws/install/base_interfaces_demo/include/base_interfaces_demo/msg/detail/charger_info__struct.h
[104.404s] -- Installing: /home/cjs/VL53L8CX/VL53L8CX_ws/install/base_interfaces_demo/include/base_interfaces_demo/msg/detail/charger_info__type_support.h
[104.404s] -- Installing: /home/cjs/VL53L8CX/VL53L8CX_ws/install/base_interfaces_demo/include/base_interfaces_demo/msg/detail/bms_info__functions.c
[104.405s] -- Installing: /home/cjs/VL53L8CX/VL53L8CX_ws/install/base_interfaces_demo/include/base_interfaces_demo/msg/detail/test__functions.c
[104.405s] -- Installing: /home/cjs/VL53L8CX/VL53L8CX_ws/install/base_interfaces_demo/include/base_interfaces_demo/msg/detail/location__functions.h
[104.405s] -- Installing: /home/cjs/VL53L8CX/VL53L8CX_ws/install/base_interfaces_demo/include/base_interfaces_demo/msg/detail/manual_seek_label__functions.h
[104.406s] -- Installing: /home/cjs/VL53L8CX/VL53L8CX_ws/install/base_interfaces_demo/include/base_interfaces_demo/msg/detail/system_status__struct.h
[104.406s] -- Installing: /home/cjs/VL53L8CX/VL53L8CX_ws/install/base_interfaces_demo/include/base_interfaces_demo/msg/detail/obs_laser__functions.c
[104.406s] -- Installing: /home/cjs/VL53L8CX/VL53L8CX_ws/install/base_interfaces_demo/include/base_interfaces_demo/msg/detail/color_info__type_support.h
[104.406s] -- Installing: /home/cjs/VL53L8CX/VL53L8CX_ws/install/base_interfaces_demo/include/base_interfaces_demo/msg/detail/file_updata__type_support.h
[104.406s] -- Installing: /home/cjs/VL53L8CX/VL53L8CX_ws/install/base_interfaces_demo/include/base_interfaces_demo/msg/detail/car_status__type_support.h
[104.407s] -- Installing: /home/cjs/VL53L8CX/VL53L8CX_ws/install/base_interfaces_demo/include/base_interfaces_demo/msg/detail/car_status__functions.c
[104.407s] -- Installing: /home/cjs/VL53L8CX/VL53L8CX_ws/install/base_interfaces_demo/include/base_interfaces_demo/msg/pallet_info.h
[104.407s] -- Installing: /home/cjs/VL53L8CX/VL53L8CX_ws/install/base_interfaces_demo/include/base_interfaces_demo/msg/motor_status.h
[104.407s] -- Installing: /home/cjs/VL53L8CX/VL53L8CX_ws/install/base_interfaces_demo/include/base_interfaces_demo/msg/location.h
[104.407s] -- Installing: /home/cjs/VL53L8CX/VL53L8CX_ws/install/base_interfaces_demo/include/base_interfaces_demo/msg/charger_info.h
[104.407s] -- Installing: /home/cjs/VL53L8CX/VL53L8CX_ws/install/base_interfaces_demo/include/base_interfaces_demo/msg/rcs_info.h
[104.407s] -- Installing: /home/cjs/VL53L8CX/VL53L8CX_ws/install/base_interfaces_demo/include/base_interfaces_demo/msg/bt_status.h
[104.407s] -- Installing: /home/cjs/VL53L8CX/VL53L8CX_ws/install/base_interfaces_demo/include/base_interfaces_demo/msg/lift_info.h
[104.408s] -- Installing: /home/cjs/VL53L8CX/VL53L8CX_ws/install/base_interfaces_demo/include/base_interfaces_demo/msg/color_info.h
[104.408s] -- Installing: /home/cjs/VL53L8CX/VL53L8CX_ws/install/base_interfaces_demo/include/base_interfaces_demo/msg/movecontrol_info.h
[104.408s] -- Installing: /home/cjs/VL53L8CX/VL53L8CX_ws/install/base_interfaces_demo/include/base_interfaces_demo/msg/test.h
[104.408s] -- Installing: /home/cjs/VL53L8CX/VL53L8CX_ws/install/base_interfaces_demo/include/base_interfaces_demo/msg/obs_laser.h
[104.408s] -- Installing: /home/cjs/VL53L8CX/VL53L8CX_ws/install/base_interfaces_demo/include/base_interfaces_demo/msg/hall_info.h
[104.408s] -- Installing: /home/cjs/VL53L8CX/VL53L8CX_ws/install/base_interfaces_demo/include/base_interfaces_demo/msg/health_node.h
[104.408s] -- Installing: /home/cjs/VL53L8CX/VL53L8CX_ws/install/base_interfaces_demo/include/base_interfaces_demo/msg/car_status.h
[104.409s] -- Installing: /home/cjs/VL53L8CX/VL53L8CX_ws/install/base_interfaces_demo/include/base_interfaces_demo/msg/motion_control.h
[104.409s] -- Up-to-date: /home/cjs/VL53L8CX/VL53L8CX_ws/install/base_interfaces_demo/include/base_interfaces_demo/msg/pub_code.h
[104.409s] -- Installing: /home/cjs/VL53L8CX/VL53L8CX_ws/install/base_interfaces_demo/include/base_interfaces_demo/msg/seek_cmd.h
[104.409s] -- Installing: /home/cjs/VL53L8CX/VL53L8CX_ws/install/base_interfaces_demo/include/base_interfaces_demo/msg/system_status.h
[104.409s] -- Installing: /home/cjs/VL53L8CX/VL53L8CX_ws/install/base_interfaces_demo/include/base_interfaces_demo/msg/manual.h
[104.411s] -- Installing: /home/cjs/VL53L8CX/VL53L8CX_ws/install/base_interfaces_demo/include/base_interfaces_demo/msg/seek_ret.h
[104.411s] -- Installing: /home/cjs/VL53L8CX/VL53L8CX_ws/install/base_interfaces_demo/include/base_interfaces_demo/msg/file_updata.h
[104.411s] -- Up-to-date: /home/cjs/VL53L8CX/VL53L8CX_ws/install/base_interfaces_demo/share/base_interfaces_demo/environment/library_path.sh
[104.412s] -- Installing: /home/cjs/VL53L8CX/VL53L8CX_ws/install/base_interfaces_demo/share/base_interfaces_demo/environment/library_path.dsv
[104.420s] -- Installing: /home/cjs/VL53L8CX/VL53L8CX_ws/install/base_interfaces_demo/lib/libbase_interfaces_demo__rosidl_generator_c.so
[104.426s] -- Set runtime path of "/home/cjs/VL53L8CX/VL53L8CX_ws/install/base_interfaces_demo/lib/libbase_interfaces_demo__rosidl_generator_c.so" to ""
[104.426s] -- Up-to-date: /home/cjs/VL53L8CX/VL53L8CX_ws/install/base_interfaces_demo/include/base_interfaces_demo
[104.427s] -- Up-to-date: /home/cjs/VL53L8CX/VL53L8CX_ws/install/base_interfaces_demo/include/base_interfaces_demo/action
[104.429s] -- Up-to-date: /home/cjs/VL53L8CX/VL53L8CX_ws/install/base_interfaces_demo/include/base_interfaces_demo/action/detail
[104.429s] -- Installing: /home/cjs/VL53L8CX/VL53L8CX_ws/install/base_interfaces_demo/include/base_interfaces_demo/action/detail/nav__rosidl_typesupport_fastrtps_c.h
[104.429s] -- Installing: /home/cjs/VL53L8CX/VL53L8CX_ws/install/base_interfaces_demo/include/base_interfaces_demo/action/detail/pallet__rosidl_typesupport_fastrtps_c.h
[104.444s] -- Installing: /home/cjs/VL53L8CX/VL53L8CX_ws/install/base_interfaces_demo/include/base_interfaces_demo/action/detail/reverse__rosidl_typesupport_fastrtps_c.h
[104.444s] -- Up-to-date: /home/cjs/VL53L8CX/VL53L8CX_ws/install/base_interfaces_demo/include/base_interfaces_demo/srv
[104.445s] -- Up-to-date: /home/cjs/VL53L8CX/VL53L8CX_ws/install/base_interfaces_demo/include/base_interfaces_demo/srv/detail
[104.445s] -- Installing: /home/cjs/VL53L8CX/VL53L8CX_ws/install/base_interfaces_demo/include/base_interfaces_demo/srv/detail/hall__rosidl_typesupport_fastrtps_c.h
[104.445s] -- Installing: /home/cjs/VL53L8CX/VL53L8CX_ws/install/base_interfaces_demo/include/base_interfaces_demo/srv/detail/check_emergency__rosidl_typesupport_fastrtps_c.h
[104.445s] -- Up-to-date: /home/cjs/VL53L8CX/VL53L8CX_ws/install/base_interfaces_demo/include/base_interfaces_demo/srv/detail/pub_code__rosidl_typesupport_fastrtps_c.h
[104.446s] -- Installing: /home/cjs/VL53L8CX/VL53L8CX_ws/install/base_interfaces_demo/include/base_interfaces_demo/srv/detail/set_emergency__rosidl_typesupport_fastrtps_c.h
[104.446s] -- Installing: /home/cjs/VL53L8CX/VL53L8CX_ws/install/base_interfaces_demo/include/base_interfaces_demo/srv/detail/rcs_server__rosidl_typesupport_fastrtps_c.h
[104.446s] -- Up-to-date: /home/cjs/VL53L8CX/VL53L8CX_ws/install/base_interfaces_demo/include/base_interfaces_demo/msg
[104.446s] -- Up-to-date: /home/cjs/VL53L8CX/VL53L8CX_ws/install/base_interfaces_demo/include/base_interfaces_demo/msg/detail
[104.446s] -- Installing: /home/cjs/VL53L8CX/VL53L8CX_ws/install/base_interfaces_demo/include/base_interfaces_demo/msg/detail/hall_info__rosidl_typesupport_fastrtps_c.h
[104.447s] -- Installing: /home/cjs/VL53L8CX/VL53L8CX_ws/install/base_interfaces_demo/include/base_interfaces_demo/msg/detail/manual__rosidl_typesupport_fastrtps_c.h
[104.447s] -- Installing: /home/cjs/VL53L8CX/VL53L8CX_ws/install/base_interfaces_demo/include/base_interfaces_demo/msg/detail/manual_seek_label__rosidl_typesupport_fastrtps_c.h
[104.450s] -- Installing: /home/cjs/VL53L8CX/VL53L8CX_ws/install/base_interfaces_demo/include/base_interfaces_demo/msg/detail/lift_info__rosidl_typesupport_fastrtps_c.h
[104.452s] -- Installing: /home/cjs/VL53L8CX/VL53L8CX_ws/install/base_interfaces_demo/include/base_interfaces_demo/msg/detail/location__rosidl_typesupport_fastrtps_c.h
[104.454s] -- Installing: /home/cjs/VL53L8CX/VL53L8CX_ws/install/base_interfaces_demo/include/base_interfaces_demo/msg/detail/movecontrol_info__rosidl_typesupport_fastrtps_c.h
[104.462s] -- Installing: /home/cjs/VL53L8CX/VL53L8CX_ws/install/base_interfaces_demo/include/base_interfaces_demo/msg/detail/bms_info__rosidl_typesupport_fastrtps_c.h
[104.462s] -- Installing: /home/cjs/VL53L8CX/VL53L8CX_ws/install/base_interfaces_demo/include/base_interfaces_demo/msg/detail/health_node__rosidl_typesupport_fastrtps_c.h
[104.463s] -- Installing: /home/cjs/VL53L8CX/VL53L8CX_ws/install/base_interfaces_demo/include/base_interfaces_demo/msg/detail/lift_control__rosidl_typesupport_fastrtps_c.h
[104.463s] -- Installing: /home/cjs/VL53L8CX/VL53L8CX_ws/install/base_interfaces_demo/include/base_interfaces_demo/msg/detail/color_info__rosidl_typesupport_fastrtps_c.h
[104.463s] -- Installing: /home/cjs/VL53L8CX/VL53L8CX_ws/install/base_interfaces_demo/include/base_interfaces_demo/msg/detail/car_status__rosidl_typesupport_fastrtps_c.h
[104.463s] -- Installing: /home/cjs/VL53L8CX/VL53L8CX_ws/install/base_interfaces_demo/include/base_interfaces_demo/msg/detail/pallet_info__rosidl_typesupport_fastrtps_c.h
[104.464s] -- Installing: /home/cjs/VL53L8CX/VL53L8CX_ws/install/base_interfaces_demo/include/base_interfaces_demo/msg/detail/seek_ret__rosidl_typesupport_fastrtps_c.h
[104.464s] -- Up-to-date: /home/cjs/VL53L8CX/VL53L8CX_ws/install/base_interfaces_demo/include/base_interfaces_demo/msg/detail/pub_code__rosidl_typesupport_fastrtps_c.h
[104.464s] -- Installing: /home/cjs/VL53L8CX/VL53L8CX_ws/install/base_interfaces_demo/include/base_interfaces_demo/msg/detail/rcs_info__rosidl_typesupport_fastrtps_c.h
[104.465s] -- Installing: /home/cjs/VL53L8CX/VL53L8CX_ws/install/base_interfaces_demo/include/base_interfaces_demo/msg/detail/bt_status__rosidl_typesupport_fastrtps_c.h
[104.466s] -- Installing: /home/cjs/VL53L8CX/VL53L8CX_ws/install/base_interfaces_demo/include/base_interfaces_demo/msg/detail/charger_info__rosidl_typesupport_fastrtps_c.h
[104.467s] -- Installing: /home/cjs/VL53L8CX/VL53L8CX_ws/install/base_interfaces_demo/include/base_interfaces_demo/msg/detail/seek_cmd__rosidl_typesupport_fastrtps_c.h
[104.468s] -- Installing: /home/cjs/VL53L8CX/VL53L8CX_ws/install/base_interfaces_demo/include/base_interfaces_demo/msg/detail/system_status__rosidl_typesupport_fastrtps_c.h
[104.469s] -- Installing: /home/cjs/VL53L8CX/VL53L8CX_ws/install/base_interfaces_demo/include/base_interfaces_demo/msg/detail/motion_control__rosidl_typesupport_fastrtps_c.h
[104.471s] -- Installing: /home/cjs/VL53L8CX/VL53L8CX_ws/install/base_interfaces_demo/include/base_interfaces_demo/msg/detail/test__rosidl_typesupport_fastrtps_c.h
[104.472s] -- Installing: /home/cjs/VL53L8CX/VL53L8CX_ws/install/base_interfaces_demo/include/base_interfaces_demo/msg/detail/file_updata__rosidl_typesupport_fastrtps_c.h
[104.473s] -- Installing: /home/cjs/VL53L8CX/VL53L8CX_ws/install/base_interfaces_demo/include/base_interfaces_demo/msg/detail/ohom__rosidl_typesupport_fastrtps_c.h
[104.473s] -- Installing: /home/cjs/VL53L8CX/VL53L8CX_ws/install/base_interfaces_demo/include/base_interfaces_demo/msg/detail/motor_cmd__rosidl_typesupport_fastrtps_c.h
[104.474s] -- Installing: /home/cjs/VL53L8CX/VL53L8CX_ws/install/base_interfaces_demo/include/base_interfaces_demo/msg/detail/obs_laser__rosidl_typesupport_fastrtps_c.h
[104.475s] -- Installing: /home/cjs/VL53L8CX/VL53L8CX_ws/install/base_interfaces_demo/include/base_interfaces_demo/msg/detail/motor_status__rosidl_typesupport_fastrtps_c.h
[104.475s] -- Up-to-date: /home/cjs/VL53L8CX/VL53L8CX_ws/install/base_interfaces_demo/include/base_interfaces_demo/msg/rosidl_typesupport_fastrtps_c__visibility_control.h
[104.481s] -- Installing: /home/cjs/VL53L8CX/VL53L8CX_ws/install/base_interfaces_demo/lib/libbase_interfaces_demo__rosidl_typesupport_fastrtps_c.so
[104.485s] -- Set runtime path of "/home/cjs/VL53L8CX/VL53L8CX_ws/install/base_interfaces_demo/lib/libbase_interfaces_demo__rosidl_typesupport_fastrtps_c.so" to ""
[104.487s] -- Up-to-date: /home/cjs/VL53L8CX/VL53L8CX_ws/install/base_interfaces_demo/include/base_interfaces_demo
[104.487s] -- Up-to-date: /home/cjs/VL53L8CX/VL53L8CX_ws/install/base_interfaces_demo/include/base_interfaces_demo/action
[104.487s] -- Up-to-date: /home/cjs/VL53L8CX/VL53L8CX_ws/install/base_interfaces_demo/include/base_interfaces_demo/action/detail
[104.488s] -- Installing: /home/cjs/VL53L8CX/VL53L8CX_ws/install/base_interfaces_demo/include/base_interfaces_demo/action/detail/pallet__rosidl_typesupport_fastrtps_cpp.hpp
[104.489s] -- Up-to-date: /home/cjs/VL53L8CX/VL53L8CX_ws/install/base_interfaces_demo/include/base_interfaces_demo/action/detail/dds_fastrtps
[104.490s] -- Installing: /home/cjs/VL53L8CX/VL53L8CX_ws/install/base_interfaces_demo/include/base_interfaces_demo/action/detail/reverse__rosidl_typesupport_fastrtps_cpp.hpp
[104.491s] -- Installing: /home/cjs/VL53L8CX/VL53L8CX_ws/install/base_interfaces_demo/include/base_interfaces_demo/action/detail/nav__rosidl_typesupport_fastrtps_cpp.hpp
[104.492s] -- Up-to-date: /home/cjs/VL53L8CX/VL53L8CX_ws/install/base_interfaces_demo/include/base_interfaces_demo/srv
[104.492s] -- Up-to-date: /home/cjs/VL53L8CX/VL53L8CX_ws/install/base_interfaces_demo/include/base_interfaces_demo/srv/detail
[104.492s] -- Installing: /home/cjs/VL53L8CX/VL53L8CX_ws/install/base_interfaces_demo/include/base_interfaces_demo/srv/detail/check_emergency__rosidl_typesupport_fastrtps_cpp.hpp
[104.492s] -- Installing: /home/cjs/VL53L8CX/VL53L8CX_ws/install/base_interfaces_demo/include/base_interfaces_demo/srv/detail/set_emergency__rosidl_typesupport_fastrtps_cpp.hpp
[104.493s] -- Installing: /home/cjs/VL53L8CX/VL53L8CX_ws/install/base_interfaces_demo/include/base_interfaces_demo/srv/detail/rcs_server__rosidl_typesupport_fastrtps_cpp.hpp
[104.495s] -- Up-to-date: /home/cjs/VL53L8CX/VL53L8CX_ws/install/base_interfaces_demo/include/base_interfaces_demo/srv/detail/dds_fastrtps
[104.495s] -- Up-to-date: /home/cjs/VL53L8CX/VL53L8CX_ws/install/base_interfaces_demo/include/base_interfaces_demo/srv/detail/pub_code__rosidl_typesupport_fastrtps_cpp.hpp
[104.495s] -- Installing: /home/cjs/VL53L8CX/VL53L8CX_ws/install/base_interfaces_demo/include/base_interfaces_demo/srv/detail/hall__rosidl_typesupport_fastrtps_cpp.hpp
[104.496s] -- Up-to-date: /home/cjs/VL53L8CX/VL53L8CX_ws/install/base_interfaces_demo/include/base_interfaces_demo/msg
[104.496s] -- Up-to-date: /home/cjs/VL53L8CX/VL53L8CX_ws/install/base_interfaces_demo/include/base_interfaces_demo/msg/detail
[104.497s] -- Installing: /home/cjs/VL53L8CX/VL53L8CX_ws/install/base_interfaces_demo/include/base_interfaces_demo/msg/detail/hall_info__rosidl_typesupport_fastrtps_cpp.hpp
[104.497s] -- Installing: /home/cjs/VL53L8CX/VL53L8CX_ws/install/base_interfaces_demo/include/base_interfaces_demo/msg/detail/pallet_info__rosidl_typesupport_fastrtps_cpp.hpp
[104.499s] -- Installing: /home/cjs/VL53L8CX/VL53L8CX_ws/install/base_interfaces_demo/include/base_interfaces_demo/msg/detail/car_status__rosidl_typesupport_fastrtps_cpp.hpp
[104.499s] -- Installing: /home/cjs/VL53L8CX/VL53L8CX_ws/install/base_interfaces_demo/include/base_interfaces_demo/msg/detail/manual__rosidl_typesupport_fastrtps_cpp.hpp
[104.499s] -- Installing: /home/cjs/VL53L8CX/VL53L8CX_ws/install/base_interfaces_demo/include/base_interfaces_demo/msg/detail/test__rosidl_typesupport_fastrtps_cpp.hpp
[104.499s] -- Installing: /home/cjs/VL53L8CX/VL53L8CX_ws/install/base_interfaces_demo/include/base_interfaces_demo/msg/detail/lift_info__rosidl_typesupport_fastrtps_cpp.hpp
[104.500s] -- Installing: /home/cjs/VL53L8CX/VL53L8CX_ws/install/base_interfaces_demo/include/base_interfaces_demo/msg/detail/manual_seek_label__rosidl_typesupport_fastrtps_cpp.hpp
[104.500s] -- Installing: /home/cjs/VL53L8CX/VL53L8CX_ws/install/base_interfaces_demo/include/base_interfaces_demo/msg/detail/file_updata__rosidl_typesupport_fastrtps_cpp.hpp
[104.500s] -- Installing: /home/cjs/VL53L8CX/VL53L8CX_ws/install/base_interfaces_demo/include/base_interfaces_demo/msg/detail/lift_control__rosidl_typesupport_fastrtps_cpp.hpp
[104.501s] -- Installing: /home/cjs/VL53L8CX/VL53L8CX_ws/install/base_interfaces_demo/include/base_interfaces_demo/msg/detail/movecontrol_info__rosidl_typesupport_fastrtps_cpp.hpp
[104.501s] -- Installing: /home/cjs/VL53L8CX/VL53L8CX_ws/install/base_interfaces_demo/include/base_interfaces_demo/msg/detail/seek_cmd__rosidl_typesupport_fastrtps_cpp.hpp
[104.502s] -- Installing: /home/cjs/VL53L8CX/VL53L8CX_ws/install/base_interfaces_demo/include/base_interfaces_demo/msg/detail/seek_ret__rosidl_typesupport_fastrtps_cpp.hpp
[104.502s] -- Installing: /home/cjs/VL53L8CX/VL53L8CX_ws/install/base_interfaces_demo/include/base_interfaces_demo/msg/detail/color_info__rosidl_typesupport_fastrtps_cpp.hpp
[104.502s] -- Installing: /home/cjs/VL53L8CX/VL53L8CX_ws/install/base_interfaces_demo/include/base_interfaces_demo/msg/detail/location__rosidl_typesupport_fastrtps_cpp.hpp
[104.502s] -- Installing: /home/cjs/VL53L8CX/VL53L8CX_ws/install/base_interfaces_demo/include/base_interfaces_demo/msg/detail/bt_status__rosidl_typesupport_fastrtps_cpp.hpp
[104.503s] -- Up-to-date: /home/cjs/VL53L8CX/VL53L8CX_ws/install/base_interfaces_demo/include/base_interfaces_demo/msg/detail/dds_fastrtps
[104.503s] -- Installing: /home/cjs/VL53L8CX/VL53L8CX_ws/install/base_interfaces_demo/include/base_interfaces_demo/msg/detail/motor_cmd__rosidl_typesupport_fastrtps_cpp.hpp
[104.504s] -- Installing: /home/cjs/VL53L8CX/VL53L8CX_ws/install/base_interfaces_demo/include/base_interfaces_demo/msg/detail/motion_control__rosidl_typesupport_fastrtps_cpp.hpp
[104.504s] -- Installing: /home/cjs/VL53L8CX/VL53L8CX_ws/install/base_interfaces_demo/include/base_interfaces_demo/msg/detail/bms_info__rosidl_typesupport_fastrtps_cpp.hpp
[104.504s] -- Installing: /home/cjs/VL53L8CX/VL53L8CX_ws/install/base_interfaces_demo/include/base_interfaces_demo/msg/detail/ohom__rosidl_typesupport_fastrtps_cpp.hpp
[104.505s] -- Up-to-date: /home/cjs/VL53L8CX/VL53L8CX_ws/install/base_interfaces_demo/include/base_interfaces_demo/msg/detail/pub_code__rosidl_typesupport_fastrtps_cpp.hpp
[104.506s] -- Installing: /home/cjs/VL53L8CX/VL53L8CX_ws/install/base_interfaces_demo/include/base_interfaces_demo/msg/detail/charger_info__rosidl_typesupport_fastrtps_cpp.hpp
[104.506s] -- Installing: /home/cjs/VL53L8CX/VL53L8CX_ws/install/base_interfaces_demo/include/base_interfaces_demo/msg/detail/system_status__rosidl_typesupport_fastrtps_cpp.hpp
[104.506s] -- Installing: /home/cjs/VL53L8CX/VL53L8CX_ws/install/base_interfaces_demo/include/base_interfaces_demo/msg/detail/rcs_info__rosidl_typesupport_fastrtps_cpp.hpp
[104.507s] -- Installing: /home/cjs/VL53L8CX/VL53L8CX_ws/install/base_interfaces_demo/include/base_interfaces_demo/msg/detail/motor_status__rosidl_typesupport_fastrtps_cpp.hpp
[104.507s] -- Installing: /home/cjs/VL53L8CX/VL53L8CX_ws/install/base_interfaces_demo/include/base_interfaces_demo/msg/detail/health_node__rosidl_typesupport_fastrtps_cpp.hpp
[104.508s] -- Installing: /home/cjs/VL53L8CX/VL53L8CX_ws/install/base_interfaces_demo/include/base_interfaces_demo/msg/detail/obs_laser__rosidl_typesupport_fastrtps_cpp.hpp
[104.509s] -- Up-to-date: /home/cjs/VL53L8CX/VL53L8CX_ws/install/base_interfaces_demo/include/base_interfaces_demo/msg/rosidl_typesupport_fastrtps_cpp__visibility_control.h
[104.516s] -- Installing: /home/cjs/VL53L8CX/VL53L8CX_ws/install/base_interfaces_demo/lib/libbase_interfaces_demo__rosidl_typesupport_fastrtps_cpp.so
[104.522s] -- Set runtime path of "/home/cjs/VL53L8CX/VL53L8CX_ws/install/base_interfaces_demo/lib/libbase_interfaces_demo__rosidl_typesupport_fastrtps_cpp.so" to ""
[104.523s] -- Up-to-date: /home/cjs/VL53L8CX/VL53L8CX_ws/install/base_interfaces_demo/include/base_interfaces_demo
[104.523s] -- Up-to-date: /home/cjs/VL53L8CX/VL53L8CX_ws/install/base_interfaces_demo/include/base_interfaces_demo/action
[104.523s] -- Up-to-date: /home/cjs/VL53L8CX/VL53L8CX_ws/install/base_interfaces_demo/include/base_interfaces_demo/action/detail
[104.523s] -- Installing: /home/cjs/VL53L8CX/VL53L8CX_ws/install/base_interfaces_demo/include/base_interfaces_demo/action/detail/pallet__rosidl_typesupport_introspection_c.h
[104.524s] -- Installing: /home/cjs/VL53L8CX/VL53L8CX_ws/install/base_interfaces_demo/include/base_interfaces_demo/action/detail/reverse__type_support.c
[104.524s] -- Installing: /home/cjs/VL53L8CX/VL53L8CX_ws/install/base_interfaces_demo/include/base_interfaces_demo/action/detail/nav__rosidl_typesupport_introspection_c.h
[104.524s] -- Installing: /home/cjs/VL53L8CX/VL53L8CX_ws/install/base_interfaces_demo/include/base_interfaces_demo/action/detail/nav__type_support.c
[104.525s] -- Installing: /home/cjs/VL53L8CX/VL53L8CX_ws/install/base_interfaces_demo/include/base_interfaces_demo/action/detail/reverse__rosidl_typesupport_introspection_c.h
[104.526s] -- Installing: /home/cjs/VL53L8CX/VL53L8CX_ws/install/base_interfaces_demo/include/base_interfaces_demo/action/detail/pallet__type_support.c
[104.529s] -- Up-to-date: /home/cjs/VL53L8CX/VL53L8CX_ws/install/base_interfaces_demo/include/base_interfaces_demo/srv
[104.529s] -- Up-to-date: /home/cjs/VL53L8CX/VL53L8CX_ws/install/base_interfaces_demo/include/base_interfaces_demo/srv/detail
[104.529s] -- Up-to-date: /home/cjs/VL53L8CX/VL53L8CX_ws/install/base_interfaces_demo/include/base_interfaces_demo/srv/detail/pub_code__rosidl_typesupport_introspection_c.h
[104.530s] -- Installing: /home/cjs/VL53L8CX/VL53L8CX_ws/install/base_interfaces_demo/include/base_interfaces_demo/srv/detail/set_emergency__rosidl_typesupport_introspection_c.h
[104.534s] -- Up-to-date: /home/cjs/VL53L8CX/VL53L8CX_ws/install/base_interfaces_demo/include/base_interfaces_demo/srv/detail/pub_code__type_support.c
[104.534s] -- Installing: /home/cjs/VL53L8CX/VL53L8CX_ws/install/base_interfaces_demo/include/base_interfaces_demo/srv/detail/rcs_server__rosidl_typesupport_introspection_c.h
[104.534s] -- Installing: /home/cjs/VL53L8CX/VL53L8CX_ws/install/base_interfaces_demo/include/base_interfaces_demo/srv/detail/rcs_server__type_support.c
[104.534s] -- Installing: /home/cjs/VL53L8CX/VL53L8CX_ws/install/base_interfaces_demo/include/base_interfaces_demo/srv/detail/set_emergency__type_support.c
[104.534s] -- Installing: /home/cjs/VL53L8CX/VL53L8CX_ws/install/base_interfaces_demo/include/base_interfaces_demo/srv/detail/check_emergency__rosidl_typesupport_introspection_c.h
[104.535s] -- Installing: /home/cjs/VL53L8CX/VL53L8CX_ws/install/base_interfaces_demo/include/base_interfaces_demo/srv/detail/check_emergency__type_support.c
[104.535s] -- Installing: /home/cjs/VL53L8CX/VL53L8CX_ws/install/base_interfaces_demo/include/base_interfaces_demo/srv/detail/hall__type_support.c
[104.538s] -- Installing: /home/cjs/VL53L8CX/VL53L8CX_ws/install/base_interfaces_demo/include/base_interfaces_demo/srv/detail/hall__rosidl_typesupport_introspection_c.h
[104.538s] -- Up-to-date: /home/cjs/VL53L8CX/VL53L8CX_ws/install/base_interfaces_demo/include/base_interfaces_demo/msg
[104.538s] -- Up-to-date: /home/cjs/VL53L8CX/VL53L8CX_ws/install/base_interfaces_demo/include/base_interfaces_demo/msg/detail
[104.538s] -- Installing: /home/cjs/VL53L8CX/VL53L8CX_ws/install/base_interfaces_demo/include/base_interfaces_demo/msg/detail/motor_status__type_support.c
[104.538s] -- Up-to-date: /home/cjs/VL53L8CX/VL53L8CX_ws/install/base_interfaces_demo/include/base_interfaces_demo/msg/detail/pub_code__rosidl_typesupport_introspection_c.h
[104.539s] -- Installing: /home/cjs/VL53L8CX/VL53L8CX_ws/install/base_interfaces_demo/include/base_interfaces_demo/msg/detail/seek_cmd__rosidl_typesupport_introspection_c.h
[104.539s] -- Up-to-date: /home/cjs/VL53L8CX/VL53L8CX_ws/install/base_interfaces_demo/include/base_interfaces_demo/msg/detail/pub_code__type_support.c
[104.540s] -- Installing: /home/cjs/VL53L8CX/VL53L8CX_ws/install/base_interfaces_demo/include/base_interfaces_demo/msg/detail/car_status__rosidl_typesupport_introspection_c.h
[104.540s] -- Installing: /home/cjs/VL53L8CX/VL53L8CX_ws/install/base_interfaces_demo/include/base_interfaces_demo/msg/detail/manual__type_support.c
[104.540s] -- Installing: /home/cjs/VL53L8CX/VL53L8CX_ws/install/base_interfaces_demo/include/base_interfaces_demo/msg/detail/motor_status__rosidl_typesupport_introspection_c.h
[104.540s] -- Installing: /home/cjs/VL53L8CX/VL53L8CX_ws/install/base_interfaces_demo/include/base_interfaces_demo/msg/detail/lift_info__type_support.c
[104.541s] -- Installing: /home/cjs/VL53L8CX/VL53L8CX_ws/install/base_interfaces_demo/include/base_interfaces_demo/msg/detail/bms_info__rosidl_typesupport_introspection_c.h
[104.542s] -- Installing: /home/cjs/VL53L8CX/VL53L8CX_ws/install/base_interfaces_demo/include/base_interfaces_demo/msg/detail/hall_info__rosidl_typesupport_introspection_c.h
[104.542s] -- Installing: /home/cjs/VL53L8CX/VL53L8CX_ws/install/base_interfaces_demo/include/base_interfaces_demo/msg/detail/system_status__type_support.c
[104.542s] -- Installing: /home/cjs/VL53L8CX/VL53L8CX_ws/install/base_interfaces_demo/include/base_interfaces_demo/msg/detail/bt_status__rosidl_typesupport_introspection_c.h
[104.542s] -- Installing: /home/cjs/VL53L8CX/VL53L8CX_ws/install/base_interfaces_demo/include/base_interfaces_demo/msg/detail/obs_laser__rosidl_typesupport_introspection_c.h
[104.548s] -- Installing: /home/cjs/VL53L8CX/VL53L8CX_ws/install/base_interfaces_demo/include/base_interfaces_demo/msg/detail/location__type_support.c
[104.548s] -- Installing: /home/cjs/VL53L8CX/VL53L8CX_ws/install/base_interfaces_demo/include/base_interfaces_demo/msg/detail/pallet_info__rosidl_typesupport_introspection_c.h
[104.549s] -- Installing: /home/cjs/VL53L8CX/VL53L8CX_ws/install/base_interfaces_demo/include/base_interfaces_demo/msg/detail/charger_info__type_support.c
[104.549s] -- Installing: /home/cjs/VL53L8CX/VL53L8CX_ws/install/base_interfaces_demo/include/base_interfaces_demo/msg/detail/bt_status__type_support.c
[104.550s] -- Installing: /home/cjs/VL53L8CX/VL53L8CX_ws/install/base_interfaces_demo/include/base_interfaces_demo/msg/detail/test__type_support.c
[104.550s] -- Installing: /home/cjs/VL53L8CX/VL53L8CX_ws/install/base_interfaces_demo/include/base_interfaces_demo/msg/detail/system_status__rosidl_typesupport_introspection_c.h
[104.554s] -- Installing: /home/cjs/VL53L8CX/VL53L8CX_ws/install/base_interfaces_demo/include/base_interfaces_demo/msg/detail/seek_ret__type_support.c
[104.554s] -- Installing: /home/cjs/VL53L8CX/VL53L8CX_ws/install/base_interfaces_demo/include/base_interfaces_demo/msg/detail/lift_control__type_support.c
[104.554s] -- Installing: /home/cjs/VL53L8CX/VL53L8CX_ws/install/base_interfaces_demo/include/base_interfaces_demo/msg/detail/color_info__type_support.c
[104.555s] -- Installing: /home/cjs/VL53L8CX/VL53L8CX_ws/install/base_interfaces_demo/include/base_interfaces_demo/msg/detail/bms_info__type_support.c
[104.555s] -- Installing: /home/cjs/VL53L8CX/VL53L8CX_ws/install/base_interfaces_demo/include/base_interfaces_demo/msg/detail/manual__rosidl_typesupport_introspection_c.h
[104.555s] -- Installing: /home/cjs/VL53L8CX/VL53L8CX_ws/install/base_interfaces_demo/include/base_interfaces_demo/msg/detail/charger_info__rosidl_typesupport_introspection_c.h
[104.556s] -- Installing: /home/cjs/VL53L8CX/VL53L8CX_ws/install/base_interfaces_demo/include/base_interfaces_demo/msg/detail/motion_control__type_support.c
[104.556s] -- Installing: /home/cjs/VL53L8CX/VL53L8CX_ws/install/base_interfaces_demo/include/base_interfaces_demo/msg/detail/seek_cmd__type_support.c
[104.556s] -- Installing: /home/cjs/VL53L8CX/VL53L8CX_ws/install/base_interfaces_demo/include/base_interfaces_demo/msg/detail/movecontrol_info__rosidl_typesupport_introspection_c.h
[104.556s] -- Installing: /home/cjs/VL53L8CX/VL53L8CX_ws/install/base_interfaces_demo/include/base_interfaces_demo/msg/detail/hall_info__type_support.c
[104.562s] -- Installing: /home/cjs/VL53L8CX/VL53L8CX_ws/install/base_interfaces_demo/include/base_interfaces_demo/msg/detail/lift_info__rosidl_typesupport_introspection_c.h
[104.562s] -- Installing: /home/cjs/VL53L8CX/VL53L8CX_ws/install/base_interfaces_demo/include/base_interfaces_demo/msg/detail/movecontrol_info__type_support.c
[104.562s] -- Installing: /home/cjs/VL53L8CX/VL53L8CX_ws/install/base_interfaces_demo/include/base_interfaces_demo/msg/detail/lift_control__rosidl_typesupport_introspection_c.h
[104.562s] -- Installing: /home/cjs/VL53L8CX/VL53L8CX_ws/install/base_interfaces_demo/include/base_interfaces_demo/msg/detail/motor_cmd__type_support.c
[104.563s] -- Installing: /home/cjs/VL53L8CX/VL53L8CX_ws/install/base_interfaces_demo/include/base_interfaces_demo/msg/detail/car_status__type_support.c
[104.563s] -- Installing: /home/cjs/VL53L8CX/VL53L8CX_ws/install/base_interfaces_demo/include/base_interfaces_demo/msg/detail/ohom__rosidl_typesupport_introspection_c.h
[104.563s] -- Installing: /home/cjs/VL53L8CX/VL53L8CX_ws/install/base_interfaces_demo/include/base_interfaces_demo/msg/detail/manual_seek_label__type_support.c
[104.563s] -- Installing: /home/cjs/VL53L8CX/VL53L8CX_ws/install/base_interfaces_demo/include/base_interfaces_demo/msg/detail/manual_seek_label__rosidl_typesupport_introspection_c.h
[104.564s] -- Installing: /home/cjs/VL53L8CX/VL53L8CX_ws/install/base_interfaces_demo/include/base_interfaces_demo/msg/detail/motion_control__rosidl_typesupport_introspection_c.h
[104.564s] -- Installing: /home/cjs/VL53L8CX/VL53L8CX_ws/install/base_interfaces_demo/include/base_interfaces_demo/msg/detail/file_updata__type_support.c
[104.564s] -- Installing: /home/cjs/VL53L8CX/VL53L8CX_ws/install/base_interfaces_demo/include/base_interfaces_demo/msg/detail/rcs_info__rosidl_typesupport_introspection_c.h
[104.567s] -- Installing: /home/cjs/VL53L8CX/VL53L8CX_ws/install/base_interfaces_demo/include/base_interfaces_demo/msg/detail/health_node__type_support.c
[104.567s] -- Installing: /home/cjs/VL53L8CX/VL53L8CX_ws/install/base_interfaces_demo/include/base_interfaces_demo/msg/detail/obs_laser__type_support.c
[104.570s] -- Installing: /home/cjs/VL53L8CX/VL53L8CX_ws/install/base_interfaces_demo/include/base_interfaces_demo/msg/detail/test__rosidl_typesupport_introspection_c.h
[104.572s] -- Installing: /home/cjs/VL53L8CX/VL53L8CX_ws/install/base_interfaces_demo/include/base_interfaces_demo/msg/detail/seek_ret__rosidl_typesupport_introspection_c.h
[104.572s] -- Installing: /home/cjs/VL53L8CX/VL53L8CX_ws/install/base_interfaces_demo/include/base_interfaces_demo/msg/detail/file_updata__rosidl_typesupport_introspection_c.h
[104.573s] -- Installing: /home/cjs/VL53L8CX/VL53L8CX_ws/install/base_interfaces_demo/include/base_interfaces_demo/msg/detail/ohom__type_support.c
[104.573s] -- Installing: /home/cjs/VL53L8CX/VL53L8CX_ws/install/base_interfaces_demo/include/base_interfaces_demo/msg/detail/motor_cmd__rosidl_typesupport_introspection_c.h
[104.574s] -- Installing: /home/cjs/VL53L8CX/VL53L8CX_ws/install/base_interfaces_demo/include/base_interfaces_demo/msg/detail/location__rosidl_typesupport_introspection_c.h
[104.574s] -- Installing: /home/cjs/VL53L8CX/VL53L8CX_ws/install/base_interfaces_demo/include/base_interfaces_demo/msg/detail/pallet_info__type_support.c
[104.574s] -- Installing: /home/cjs/VL53L8CX/VL53L8CX_ws/install/base_interfaces_demo/include/base_interfaces_demo/msg/detail/rcs_info__type_support.c
[104.575s] -- Installing: /home/cjs/VL53L8CX/VL53L8CX_ws/install/base_interfaces_demo/include/base_interfaces_demo/msg/detail/health_node__rosidl_typesupport_introspection_c.h
[104.575s] -- Installing: /home/cjs/VL53L8CX/VL53L8CX_ws/install/base_interfaces_demo/include/base_interfaces_demo/msg/detail/color_info__rosidl_typesupport_introspection_c.h
[104.579s] -- Up-to-date: /home/cjs/VL53L8CX/VL53L8CX_ws/install/base_interfaces_demo/include/base_interfaces_demo/msg/rosidl_typesupport_introspection_c__visibility_control.h
[104.585s] -- Installing: /home/cjs/VL53L8CX/VL53L8CX_ws/install/base_interfaces_demo/lib/libbase_interfaces_demo__rosidl_typesupport_introspection_c.so
[104.589s] -- Set runtime path of "/home/cjs/VL53L8CX/VL53L8CX_ws/install/base_interfaces_demo/lib/libbase_interfaces_demo__rosidl_typesupport_introspection_c.so" to ""
[104.593s] -- Installing: /home/cjs/VL53L8CX/VL53L8CX_ws/install/base_interfaces_demo/lib/libbase_interfaces_demo__rosidl_typesupport_c.so
[104.601s] -- Set runtime path of "/home/cjs/VL53L8CX/VL53L8CX_ws/install/base_interfaces_demo/lib/libbase_interfaces_demo__rosidl_typesupport_c.so" to ""
[104.601s] -- Up-to-date: /home/cjs/VL53L8CX/VL53L8CX_ws/install/base_interfaces_demo/include/base_interfaces_demo
[104.601s] -- Up-to-date: /home/cjs/VL53L8CX/VL53L8CX_ws/install/base_interfaces_demo/include/base_interfaces_demo/action
[104.601s] -- Up-to-date: /home/cjs/VL53L8CX/VL53L8CX_ws/install/base_interfaces_demo/include/base_interfaces_demo/action/detail
[104.601s] -- Installing: /home/cjs/VL53L8CX/VL53L8CX_ws/install/base_interfaces_demo/include/base_interfaces_demo/action/detail/reverse__builder.hpp
[104.601s] -- Installing: /home/cjs/VL53L8CX/VL53L8CX_ws/install/base_interfaces_demo/include/base_interfaces_demo/action/detail/nav__traits.hpp
[104.601s] -- Installing: /home/cjs/VL53L8CX/VL53L8CX_ws/install/base_interfaces_demo/include/base_interfaces_demo/action/detail/reverse__struct.hpp
[104.602s] -- Installing: /home/cjs/VL53L8CX/VL53L8CX_ws/install/base_interfaces_demo/include/base_interfaces_demo/action/detail/pallet__traits.hpp
[104.604s] -- Installing: /home/cjs/VL53L8CX/VL53L8CX_ws/install/base_interfaces_demo/include/base_interfaces_demo/action/detail/pallet__type_support.hpp
[104.604s] -- Installing: /home/cjs/VL53L8CX/VL53L8CX_ws/install/base_interfaces_demo/include/base_interfaces_demo/action/detail/pallet__struct.hpp
[104.604s] -- Installing: /home/cjs/VL53L8CX/VL53L8CX_ws/install/base_interfaces_demo/include/base_interfaces_demo/action/detail/nav__type_support.hpp
[104.606s] -- Installing: /home/cjs/VL53L8CX/VL53L8CX_ws/install/base_interfaces_demo/include/base_interfaces_demo/action/detail/reverse__traits.hpp
[104.606s] -- Installing: /home/cjs/VL53L8CX/VL53L8CX_ws/install/base_interfaces_demo/include/base_interfaces_demo/action/detail/pallet__builder.hpp
[104.606s] -- Installing: /home/cjs/VL53L8CX/VL53L8CX_ws/install/base_interfaces_demo/include/base_interfaces_demo/action/detail/nav__builder.hpp
[104.607s] -- Installing: /home/cjs/VL53L8CX/VL53L8CX_ws/install/base_interfaces_demo/include/base_interfaces_demo/action/detail/nav__struct.hpp
[104.608s] -- Installing: /home/cjs/VL53L8CX/VL53L8CX_ws/install/base_interfaces_demo/include/base_interfaces_demo/action/detail/reverse__type_support.hpp
[104.608s] -- Installing: /home/cjs/VL53L8CX/VL53L8CX_ws/install/base_interfaces_demo/include/base_interfaces_demo/action/reverse.hpp
[104.609s] -- Installing: /home/cjs/VL53L8CX/VL53L8CX_ws/install/base_interfaces_demo/include/base_interfaces_demo/action/nav.hpp
[104.609s] -- Installing: /home/cjs/VL53L8CX/VL53L8CX_ws/install/base_interfaces_demo/include/base_interfaces_demo/action/pallet.hpp
[104.610s] -- Up-to-date: /home/cjs/VL53L8CX/VL53L8CX_ws/install/base_interfaces_demo/include/base_interfaces_demo/srv
[104.610s] -- Installing: /home/cjs/VL53L8CX/VL53L8CX_ws/install/base_interfaces_demo/include/base_interfaces_demo/srv/set_emergency.hpp
[104.611s] -- Up-to-date: /home/cjs/VL53L8CX/VL53L8CX_ws/install/base_interfaces_demo/include/base_interfaces_demo/srv/pub_code.hpp
[104.612s] -- Up-to-date: /home/cjs/VL53L8CX/VL53L8CX_ws/install/base_interfaces_demo/include/base_interfaces_demo/srv/detail
[104.612s] -- Installing: /home/cjs/VL53L8CX/VL53L8CX_ws/install/base_interfaces_demo/include/base_interfaces_demo/srv/detail/check_emergency__builder.hpp
[104.612s] -- Installing: /home/cjs/VL53L8CX/VL53L8CX_ws/install/base_interfaces_demo/include/base_interfaces_demo/srv/detail/check_emergency__traits.hpp
[104.613s] -- Installing: /home/cjs/VL53L8CX/VL53L8CX_ws/install/base_interfaces_demo/include/base_interfaces_demo/srv/detail/check_emergency__struct.hpp
[104.623s] -- Up-to-date: /home/cjs/VL53L8CX/VL53L8CX_ws/install/base_interfaces_demo/include/base_interfaces_demo/srv/detail/pub_code__type_support.hpp
[104.623s] -- Installing: /home/cjs/VL53L8CX/VL53L8CX_ws/install/base_interfaces_demo/include/base_interfaces_demo/srv/detail/hall__type_support.hpp
[104.623s] -- Installing: /home/cjs/VL53L8CX/VL53L8CX_ws/install/base_interfaces_demo/include/base_interfaces_demo/srv/detail/hall__builder.hpp
[104.624s] -- Up-to-date: /home/cjs/VL53L8CX/VL53L8CX_ws/install/base_interfaces_demo/include/base_interfaces_demo/srv/detail/pub_code__builder.hpp
[104.624s] -- Installing: /home/cjs/VL53L8CX/VL53L8CX_ws/install/base_interfaces_demo/include/base_interfaces_demo/srv/detail/rcs_server__traits.hpp
[104.624s] -- Installing: /home/cjs/VL53L8CX/VL53L8CX_ws/install/base_interfaces_demo/include/base_interfaces_demo/srv/detail/rcs_server__struct.hpp
[104.625s] -- Installing: /home/cjs/VL53L8CX/VL53L8CX_ws/install/base_interfaces_demo/include/base_interfaces_demo/srv/detail/rcs_server__type_support.hpp
[104.625s] -- Installing: /home/cjs/VL53L8CX/VL53L8CX_ws/install/base_interfaces_demo/include/base_interfaces_demo/srv/detail/check_emergency__type_support.hpp
[104.626s] -- Installing: /home/cjs/VL53L8CX/VL53L8CX_ws/install/base_interfaces_demo/include/base_interfaces_demo/srv/detail/set_emergency__struct.hpp
[104.631s] -- Installing: /home/cjs/VL53L8CX/VL53L8CX_ws/install/base_interfaces_demo/include/base_interfaces_demo/srv/detail/set_emergency__traits.hpp
[104.631s] -- Installing: /home/cjs/VL53L8CX/VL53L8CX_ws/install/base_interfaces_demo/include/base_interfaces_demo/srv/detail/set_emergency__builder.hpp
[104.632s] -- Up-to-date: /home/cjs/VL53L8CX/VL53L8CX_ws/install/base_interfaces_demo/include/base_interfaces_demo/srv/detail/pub_code__struct.hpp
[104.632s] -- Installing: /home/cjs/VL53L8CX/VL53L8CX_ws/install/base_interfaces_demo/include/base_interfaces_demo/srv/detail/hall__struct.hpp
[104.632s] -- Installing: /home/cjs/VL53L8CX/VL53L8CX_ws/install/base_interfaces_demo/include/base_interfaces_demo/srv/detail/set_emergency__type_support.hpp
[104.633s] -- Up-to-date: /home/cjs/VL53L8CX/VL53L8CX_ws/install/base_interfaces_demo/include/base_interfaces_demo/srv/detail/pub_code__traits.hpp
[104.633s] -- Installing: /home/cjs/VL53L8CX/VL53L8CX_ws/install/base_interfaces_demo/include/base_interfaces_demo/srv/detail/hall__traits.hpp
[104.633s] -- Installing: /home/cjs/VL53L8CX/VL53L8CX_ws/install/base_interfaces_demo/include/base_interfaces_demo/srv/detail/rcs_server__builder.hpp
[104.633s] -- Installing: /home/cjs/VL53L8CX/VL53L8CX_ws/install/base_interfaces_demo/include/base_interfaces_demo/srv/rcs_server.hpp
[104.634s] -- Installing: /home/cjs/VL53L8CX/VL53L8CX_ws/install/base_interfaces_demo/include/base_interfaces_demo/srv/check_emergency.hpp
[104.634s] -- Installing: /home/cjs/VL53L8CX/VL53L8CX_ws/install/base_interfaces_demo/include/base_interfaces_demo/srv/hall.hpp
[104.634s] -- Up-to-date: /home/cjs/VL53L8CX/VL53L8CX_ws/install/base_interfaces_demo/include/base_interfaces_demo/msg
[104.634s] -- Installing: /home/cjs/VL53L8CX/VL53L8CX_ws/install/base_interfaces_demo/include/base_interfaces_demo/msg/color_info.hpp
[104.635s] -- Installing: /home/cjs/VL53L8CX/VL53L8CX_ws/install/base_interfaces_demo/include/base_interfaces_demo/msg/car_status.hpp
[104.635s] -- Installing: /home/cjs/VL53L8CX/VL53L8CX_ws/install/base_interfaces_demo/include/base_interfaces_demo/msg/test.hpp
[104.636s] -- Installing: /home/cjs/VL53L8CX/VL53L8CX_ws/install/base_interfaces_demo/include/base_interfaces_demo/msg/ohom.hpp
[104.636s] -- Installing: /home/cjs/VL53L8CX/VL53L8CX_ws/install/base_interfaces_demo/include/base_interfaces_demo/msg/seek_ret.hpp
[104.639s] -- Up-to-date: /home/cjs/VL53L8CX/VL53L8CX_ws/install/base_interfaces_demo/include/base_interfaces_demo/msg/pub_code.hpp
[104.639s] -- Installing: /home/cjs/VL53L8CX/VL53L8CX_ws/install/base_interfaces_demo/include/base_interfaces_demo/msg/motor_cmd.hpp
[104.639s] -- Installing: /home/cjs/VL53L8CX/VL53L8CX_ws/install/base_interfaces_demo/include/base_interfaces_demo/msg/rcs_info.hpp
[104.639s] -- Installing: /home/cjs/VL53L8CX/VL53L8CX_ws/install/base_interfaces_demo/include/base_interfaces_demo/msg/pallet_info.hpp
[104.640s] -- Up-to-date: /home/cjs/VL53L8CX/VL53L8CX_ws/install/base_interfaces_demo/include/base_interfaces_demo/msg/detail
[104.641s] -- Installing: /home/cjs/VL53L8CX/VL53L8CX_ws/install/base_interfaces_demo/include/base_interfaces_demo/msg/detail/motion_control__builder.hpp
[104.642s] -- Installing: /home/cjs/VL53L8CX/VL53L8CX_ws/install/base_interfaces_demo/include/base_interfaces_demo/msg/detail/pallet_info__type_support.hpp
[104.643s] -- Up-to-date: /home/cjs/VL53L8CX/VL53L8CX_ws/install/base_interfaces_demo/include/base_interfaces_demo/msg/detail/pub_code__type_support.hpp
[104.644s] -- Installing: /home/cjs/VL53L8CX/VL53L8CX_ws/install/base_interfaces_demo/include/base_interfaces_demo/msg/detail/manual__struct.hpp
[104.645s] -- Installing: /home/cjs/VL53L8CX/VL53L8CX_ws/install/base_interfaces_demo/include/base_interfaces_demo/msg/detail/movecontrol_info__struct.hpp
[104.649s] -- Installing: /home/cjs/VL53L8CX/VL53L8CX_ws/install/base_interfaces_demo/include/base_interfaces_demo/msg/detail/obs_laser__builder.hpp
[104.649s] -- Installing: /home/cjs/VL53L8CX/VL53L8CX_ws/install/base_interfaces_demo/include/base_interfaces_demo/msg/detail/seek_cmd__builder.hpp
[104.650s] -- Installing: /home/cjs/VL53L8CX/VL53L8CX_ws/install/base_interfaces_demo/include/base_interfaces_demo/msg/detail/charger_info__traits.hpp
[104.652s] -- Installing: /home/cjs/VL53L8CX/VL53L8CX_ws/install/base_interfaces_demo/include/base_interfaces_demo/msg/detail/motor_cmd__struct.hpp
[104.656s] -- Installing: /home/cjs/VL53L8CX/VL53L8CX_ws/install/base_interfaces_demo/include/base_interfaces_demo/msg/detail/system_status__traits.hpp
[104.663s] -- Installing: /home/cjs/VL53L8CX/VL53L8CX_ws/install/base_interfaces_demo/include/base_interfaces_demo/msg/detail/seek_ret__type_support.hpp
[104.664s] -- Installing: /home/cjs/VL53L8CX/VL53L8CX_ws/install/base_interfaces_demo/include/base_interfaces_demo/msg/detail/ohom__builder.hpp
[104.665s] -- Installing: /home/cjs/VL53L8CX/VL53L8CX_ws/install/base_interfaces_demo/include/base_interfaces_demo/msg/detail/car_status__type_support.hpp
[104.672s] -- Installing: /home/cjs/VL53L8CX/VL53L8CX_ws/install/base_interfaces_demo/include/base_interfaces_demo/msg/detail/system_status__struct.hpp
[104.672s] -- Installing: /home/cjs/VL53L8CX/VL53L8CX_ws/install/base_interfaces_demo/include/base_interfaces_demo/msg/detail/pallet_info__builder.hpp
[104.672s] -- Installing: /home/cjs/VL53L8CX/VL53L8CX_ws/install/base_interfaces_demo/include/base_interfaces_demo/msg/detail/seek_ret__traits.hpp
[104.672s] -- Installing: /home/cjs/VL53L8CX/VL53L8CX_ws/install/base_interfaces_demo/include/base_interfaces_demo/msg/detail/motor_cmd__builder.hpp
[104.673s] -- Installing: /home/cjs/VL53L8CX/VL53L8CX_ws/install/base_interfaces_demo/include/base_interfaces_demo/msg/detail/pallet_info__traits.hpp
[104.674s] -- Installing: /home/cjs/VL53L8CX/VL53L8CX_ws/install/base_interfaces_demo/include/base_interfaces_demo/msg/detail/location__traits.hpp
[104.676s] -- Installing: /home/cjs/VL53L8CX/VL53L8CX_ws/install/base_interfaces_demo/include/base_interfaces_demo/msg/detail/lift_info__builder.hpp
[104.677s] -- Installing: /home/cjs/VL53L8CX/VL53L8CX_ws/install/base_interfaces_demo/include/base_interfaces_demo/msg/detail/rcs_info__builder.hpp
[104.678s] -- Installing: /home/cjs/VL53L8CX/VL53L8CX_ws/install/base_interfaces_demo/include/base_interfaces_demo/msg/detail/ohom__type_support.hpp
[104.679s] -- Installing: /home/cjs/VL53L8CX/VL53L8CX_ws/install/base_interfaces_demo/include/base_interfaces_demo/msg/detail/system_status__type_support.hpp
[104.680s] -- Up-to-date: /home/cjs/VL53L8CX/VL53L8CX_ws/install/base_interfaces_demo/include/base_interfaces_demo/msg/detail/pub_code__builder.hpp
[104.680s] -- Installing: /home/cjs/VL53L8CX/VL53L8CX_ws/install/base_interfaces_demo/include/base_interfaces_demo/msg/detail/system_status__builder.hpp
[104.686s] -- Installing: /home/cjs/VL53L8CX/VL53L8CX_ws/install/base_interfaces_demo/include/base_interfaces_demo/msg/detail/health_node__struct.hpp
[104.686s] -- Installing: /home/cjs/VL53L8CX/VL53L8CX_ws/install/base_interfaces_demo/include/base_interfaces_demo/msg/detail/file_updata__struct.hpp
[104.687s] -- Installing: /home/cjs/VL53L8CX/VL53L8CX_ws/install/base_interfaces_demo/include/base_interfaces_demo/msg/detail/bms_info__struct.hpp
[104.687s] -- Installing: /home/cjs/VL53L8CX/VL53L8CX_ws/install/base_interfaces_demo/include/base_interfaces_demo/msg/detail/obs_laser__struct.hpp
[104.687s] -- Installing: /home/cjs/VL53L8CX/VL53L8CX_ws/install/base_interfaces_demo/include/base_interfaces_demo/msg/detail/car_status__struct.hpp
[104.688s] -- Installing: /home/cjs/VL53L8CX/VL53L8CX_ws/install/base_interfaces_demo/include/base_interfaces_demo/msg/detail/manual_seek_label__builder.hpp
[104.690s] -- Installing: /home/cjs/VL53L8CX/VL53L8CX_ws/install/base_interfaces_demo/include/base_interfaces_demo/msg/detail/motor_status__type_support.hpp
[104.694s] -- Installing: /home/cjs/VL53L8CX/VL53L8CX_ws/install/base_interfaces_demo/include/base_interfaces_demo/msg/detail/bt_status__type_support.hpp
[104.695s] -- Installing: /home/cjs/VL53L8CX/VL53L8CX_ws/install/base_interfaces_demo/include/base_interfaces_demo/msg/detail/bt_status__struct.hpp
[104.700s] -- Installing: /home/cjs/VL53L8CX/VL53L8CX_ws/install/base_interfaces_demo/include/base_interfaces_demo/msg/detail/motor_cmd__traits.hpp
[104.701s] -- Installing: /home/cjs/VL53L8CX/VL53L8CX_ws/install/base_interfaces_demo/include/base_interfaces_demo/msg/detail/motion_control__struct.hpp
[104.701s] -- Installing: /home/cjs/VL53L8CX/VL53L8CX_ws/install/base_interfaces_demo/include/base_interfaces_demo/msg/detail/lift_info__type_support.hpp
[104.701s] -- Installing: /home/cjs/VL53L8CX/VL53L8CX_ws/install/base_interfaces_demo/include/base_interfaces_demo/msg/detail/bt_status__traits.hpp
[104.701s] -- Installing: /home/cjs/VL53L8CX/VL53L8CX_ws/install/base_interfaces_demo/include/base_interfaces_demo/msg/detail/car_status__builder.hpp
[104.702s] -- Installing: /home/cjs/VL53L8CX/VL53L8CX_ws/install/base_interfaces_demo/include/base_interfaces_demo/msg/detail/obs_laser__traits.hpp
[104.702s] -- Installing: /home/cjs/VL53L8CX/VL53L8CX_ws/install/base_interfaces_demo/include/base_interfaces_demo/msg/detail/lift_control__type_support.hpp
[104.702s] -- Installing: /home/cjs/VL53L8CX/VL53L8CX_ws/install/base_interfaces_demo/include/base_interfaces_demo/msg/detail/manual__traits.hpp
[104.702s] -- Installing: /home/cjs/VL53L8CX/VL53L8CX_ws/install/base_interfaces_demo/include/base_interfaces_demo/msg/detail/motion_control__type_support.hpp
[104.702s] -- Installing: /home/cjs/VL53L8CX/VL53L8CX_ws/install/base_interfaces_demo/include/base_interfaces_demo/msg/detail/test__traits.hpp
[104.703s] -- Installing: /home/cjs/VL53L8CX/VL53L8CX_ws/install/base_interfaces_demo/include/base_interfaces_demo/msg/detail/manual__type_support.hpp
[104.703s] -- Installing: /home/cjs/VL53L8CX/VL53L8CX_ws/install/base_interfaces_demo/include/base_interfaces_demo/msg/detail/color_info__type_support.hpp
[104.703s] -- Installing: /home/cjs/VL53L8CX/VL53L8CX_ws/install/base_interfaces_demo/include/base_interfaces_demo/msg/detail/seek_cmd__type_support.hpp
[104.703s] -- Installing: /home/cjs/VL53L8CX/VL53L8CX_ws/install/base_interfaces_demo/include/base_interfaces_demo/msg/detail/charger_info__builder.hpp
[104.704s] -- Installing: /home/cjs/VL53L8CX/VL53L8CX_ws/install/base_interfaces_demo/include/base_interfaces_demo/msg/detail/car_status__traits.hpp
[104.704s] -- Installing: /home/cjs/VL53L8CX/VL53L8CX_ws/install/base_interfaces_demo/include/base_interfaces_demo/msg/detail/lift_control__builder.hpp
[104.705s] -- Installing: /home/cjs/VL53L8CX/VL53L8CX_ws/install/base_interfaces_demo/include/base_interfaces_demo/msg/detail/hall_info__struct.hpp
[104.705s] -- Installing: /home/cjs/VL53L8CX/VL53L8CX_ws/install/base_interfaces_demo/include/base_interfaces_demo/msg/detail/bms_info__builder.hpp
[104.710s] -- Installing: /home/cjs/VL53L8CX/VL53L8CX_ws/install/base_interfaces_demo/include/base_interfaces_demo/msg/detail/file_updata__type_support.hpp
[104.710s] -- Installing: /home/cjs/VL53L8CX/VL53L8CX_ws/install/base_interfaces_demo/include/base_interfaces_demo/msg/detail/ohom__traits.hpp
[104.710s] -- Installing: /home/cjs/VL53L8CX/VL53L8CX_ws/install/base_interfaces_demo/include/base_interfaces_demo/msg/detail/color_info__traits.hpp
[104.711s] -- Installing: /home/cjs/VL53L8CX/VL53L8CX_ws/install/base_interfaces_demo/include/base_interfaces_demo/msg/detail/health_node__builder.hpp
[104.711s] -- Installing: /home/cjs/VL53L8CX/VL53L8CX_ws/install/base_interfaces_demo/include/base_interfaces_demo/msg/detail/obs_laser__type_support.hpp
[104.711s] -- Installing: /home/cjs/VL53L8CX/VL53L8CX_ws/install/base_interfaces_demo/include/base_interfaces_demo/msg/detail/charger_info__type_support.hpp
[104.711s] -- Installing: /home/cjs/VL53L8CX/VL53L8CX_ws/install/base_interfaces_demo/include/base_interfaces_demo/msg/detail/color_info__builder.hpp
[104.712s] -- Installing: /home/cjs/VL53L8CX/VL53L8CX_ws/install/base_interfaces_demo/include/base_interfaces_demo/msg/detail/lift_info__traits.hpp
[104.712s] -- Installing: /home/cjs/VL53L8CX/VL53L8CX_ws/install/base_interfaces_demo/include/base_interfaces_demo/msg/detail/hall_info__traits.hpp
[104.712s] -- Installing: /home/cjs/VL53L8CX/VL53L8CX_ws/install/base_interfaces_demo/include/base_interfaces_demo/msg/detail/health_node__traits.hpp
[104.713s] -- Installing: /home/cjs/VL53L8CX/VL53L8CX_ws/install/base_interfaces_demo/include/base_interfaces_demo/msg/detail/color_info__struct.hpp
[104.713s] -- Installing: /home/cjs/VL53L8CX/VL53L8CX_ws/install/base_interfaces_demo/include/base_interfaces_demo/msg/detail/location__builder.hpp
[104.715s] -- Installing: /home/cjs/VL53L8CX/VL53L8CX_ws/install/base_interfaces_demo/include/base_interfaces_demo/msg/detail/motor_cmd__type_support.hpp
[104.715s] -- Installing: /home/cjs/VL53L8CX/VL53L8CX_ws/install/base_interfaces_demo/include/base_interfaces_demo/msg/detail/manual_seek_label__traits.hpp
[104.716s] -- Installing: /home/cjs/VL53L8CX/VL53L8CX_ws/install/base_interfaces_demo/include/base_interfaces_demo/msg/detail/seek_ret__builder.hpp
[104.716s] -- Installing: /home/cjs/VL53L8CX/VL53L8CX_ws/install/base_interfaces_demo/include/base_interfaces_demo/msg/detail/motor_status__struct.hpp
[104.719s] -- Installing: /home/cjs/VL53L8CX/VL53L8CX_ws/install/base_interfaces_demo/include/base_interfaces_demo/msg/detail/file_updata__traits.hpp
[104.719s] -- Installing: /home/cjs/VL53L8CX/VL53L8CX_ws/install/base_interfaces_demo/include/base_interfaces_demo/msg/detail/bms_info__type_support.hpp
[104.720s] -- Installing: /home/cjs/VL53L8CX/VL53L8CX_ws/install/base_interfaces_demo/include/base_interfaces_demo/msg/detail/seek_cmd__traits.hpp
[104.720s] -- Installing: /home/cjs/VL53L8CX/VL53L8CX_ws/install/base_interfaces_demo/include/base_interfaces_demo/msg/detail/health_node__type_support.hpp
[104.721s] -- Installing: /home/cjs/VL53L8CX/VL53L8CX_ws/install/base_interfaces_demo/include/base_interfaces_demo/msg/detail/bt_status__builder.hpp
[104.721s] -- Up-to-date: /home/cjs/VL53L8CX/VL53L8CX_ws/install/base_interfaces_demo/include/base_interfaces_demo/msg/detail/pub_code__struct.hpp
[104.734s] -- Installing: /home/cjs/VL53L8CX/VL53L8CX_ws/install/base_interfaces_demo/include/base_interfaces_demo/msg/detail/motion_control__traits.hpp
[104.735s] -- Installing: /home/cjs/VL53L8CX/VL53L8CX_ws/install/base_interfaces_demo/include/base_interfaces_demo/msg/detail/movecontrol_info__type_support.hpp
[104.736s] -- Installing: /home/cjs/VL53L8CX/VL53L8CX_ws/install/base_interfaces_demo/include/base_interfaces_demo/msg/detail/file_updata__builder.hpp
[104.736s] -- Installing: /home/cjs/VL53L8CX/VL53L8CX_ws/install/base_interfaces_demo/include/base_interfaces_demo/msg/detail/motor_status__builder.hpp
[104.740s] -- Installing: /home/cjs/VL53L8CX/VL53L8CX_ws/install/base_interfaces_demo/include/base_interfaces_demo/msg/detail/ohom__struct.hpp
[104.741s] -- Installing: /home/cjs/VL53L8CX/VL53L8CX_ws/install/base_interfaces_demo/include/base_interfaces_demo/msg/detail/bms_info__traits.hpp
[104.742s] -- Installing: /home/cjs/VL53L8CX/VL53L8CX_ws/install/base_interfaces_demo/include/base_interfaces_demo/msg/detail/movecontrol_info__traits.hpp
[104.742s] -- Installing: /home/cjs/VL53L8CX/VL53L8CX_ws/install/base_interfaces_demo/include/base_interfaces_demo/msg/detail/lift_control__struct.hpp
[104.742s] -- Installing: /home/cjs/VL53L8CX/VL53L8CX_ws/install/base_interfaces_demo/include/base_interfaces_demo/msg/detail/rcs_info__type_support.hpp
[104.742s] -- Installing: /home/cjs/VL53L8CX/VL53L8CX_ws/install/base_interfaces_demo/include/base_interfaces_demo/msg/detail/rcs_info__struct.hpp
[104.742s] -- Installing: /home/cjs/VL53L8CX/VL53L8CX_ws/install/base_interfaces_demo/include/base_interfaces_demo/msg/detail/hall_info__type_support.hpp
[104.743s] -- Installing: /home/cjs/VL53L8CX/VL53L8CX_ws/install/base_interfaces_demo/include/base_interfaces_demo/msg/detail/test__type_support.hpp
[104.743s] -- Installing: /home/cjs/VL53L8CX/VL53L8CX_ws/install/base_interfaces_demo/include/base_interfaces_demo/msg/detail/test__struct.hpp
[104.743s] -- Installing: /home/cjs/VL53L8CX/VL53L8CX_ws/install/base_interfaces_demo/include/base_interfaces_demo/msg/detail/lift_info__struct.hpp
[104.743s] -- Installing: /home/cjs/VL53L8CX/VL53L8CX_ws/install/base_interfaces_demo/include/base_interfaces_demo/msg/detail/hall_info__builder.hpp
[104.743s] -- Up-to-date: /home/cjs/VL53L8CX/VL53L8CX_ws/install/base_interfaces_demo/include/base_interfaces_demo/msg/detail/pub_code__traits.hpp
[104.744s] -- Installing: /home/cjs/VL53L8CX/VL53L8CX_ws/install/base_interfaces_demo/include/base_interfaces_demo/msg/detail/rcs_info__traits.hpp
[104.744s] -- Installing: /home/cjs/VL53L8CX/VL53L8CX_ws/install/base_interfaces_demo/include/base_interfaces_demo/msg/detail/manual__builder.hpp
[104.758s] -- Installing: /home/cjs/VL53L8CX/VL53L8CX_ws/install/base_interfaces_demo/include/base_interfaces_demo/msg/detail/movecontrol_info__builder.hpp
[104.759s] -- Installing: /home/cjs/VL53L8CX/VL53L8CX_ws/install/base_interfaces_demo/include/base_interfaces_demo/msg/detail/lift_control__traits.hpp
[104.759s] -- Installing: /home/cjs/VL53L8CX/VL53L8CX_ws/install/base_interfaces_demo/include/base_interfaces_demo/msg/detail/seek_cmd__struct.hpp
[104.759s] -- Installing: /home/cjs/VL53L8CX/VL53L8CX_ws/install/base_interfaces_demo/include/base_interfaces_demo/msg/detail/manual_seek_label__struct.hpp
[104.760s] -- Installing: /home/cjs/VL53L8CX/VL53L8CX_ws/install/base_interfaces_demo/include/base_interfaces_demo/msg/detail/location__type_support.hpp
[104.761s] -- Installing: /home/cjs/VL53L8CX/VL53L8CX_ws/install/base_interfaces_demo/include/base_interfaces_demo/msg/detail/manual_seek_label__type_support.hpp
[104.761s] -- Installing: /home/cjs/VL53L8CX/VL53L8CX_ws/install/base_interfaces_demo/include/base_interfaces_demo/msg/detail/charger_info__struct.hpp
[104.761s] -- Installing: /home/cjs/VL53L8CX/VL53L8CX_ws/install/base_interfaces_demo/include/base_interfaces_demo/msg/detail/test__builder.hpp
[104.762s] -- Installing: /home/cjs/VL53L8CX/VL53L8CX_ws/install/base_interfaces_demo/include/base_interfaces_demo/msg/detail/motor_status__traits.hpp
[104.762s] -- Installing: /home/cjs/VL53L8CX/VL53L8CX_ws/install/base_interfaces_demo/include/base_interfaces_demo/msg/detail/location__struct.hpp
[104.763s] -- Installing: /home/cjs/VL53L8CX/VL53L8CX_ws/install/base_interfaces_demo/include/base_interfaces_demo/msg/detail/seek_ret__struct.hpp
[104.763s] -- Installing: /home/cjs/VL53L8CX/VL53L8CX_ws/install/base_interfaces_demo/include/base_interfaces_demo/msg/detail/pallet_info__struct.hpp
[104.763s] -- Installing: /home/cjs/VL53L8CX/VL53L8CX_ws/install/base_interfaces_demo/include/base_interfaces_demo/msg/manual_seek_label.hpp
[104.764s] -- Installing: /home/cjs/VL53L8CX/VL53L8CX_ws/install/base_interfaces_demo/include/base_interfaces_demo/msg/motion_control.hpp
[104.764s] -- Installing: /home/cjs/VL53L8CX/VL53L8CX_ws/install/base_interfaces_demo/include/base_interfaces_demo/msg/lift_control.hpp
[104.766s] -- Installing: /home/cjs/VL53L8CX/VL53L8CX_ws/install/base_interfaces_demo/include/base_interfaces_demo/msg/motor_status.hpp
[104.766s] -- Installing: /home/cjs/VL53L8CX/VL53L8CX_ws/install/base_interfaces_demo/include/base_interfaces_demo/msg/hall_info.hpp
[104.768s] -- Installing: /home/cjs/VL53L8CX/VL53L8CX_ws/install/base_interfaces_demo/include/base_interfaces_demo/msg/charger_info.hpp
[104.768s] -- Installing: /home/cjs/VL53L8CX/VL53L8CX_ws/install/base_interfaces_demo/include/base_interfaces_demo/msg/movecontrol_info.hpp
[104.769s] -- Up-to-date: /home/cjs/VL53L8CX/VL53L8CX_ws/install/base_interfaces_demo/include/base_interfaces_demo/msg/rosidl_generator_cpp__visibility_control.hpp
[104.769s] -- Installing: /home/cjs/VL53L8CX/VL53L8CX_ws/install/base_interfaces_demo/include/base_interfaces_demo/msg/location.hpp
[104.769s] -- Installing: /home/cjs/VL53L8CX/VL53L8CX_ws/install/base_interfaces_demo/include/base_interfaces_demo/msg/file_updata.hpp
[104.770s] -- Installing: /home/cjs/VL53L8CX/VL53L8CX_ws/install/base_interfaces_demo/include/base_interfaces_demo/msg/seek_cmd.hpp
[104.772s] -- Installing: /home/cjs/VL53L8CX/VL53L8CX_ws/install/base_interfaces_demo/include/base_interfaces_demo/msg/health_node.hpp
[104.777s] -- Installing: /home/cjs/VL53L8CX/VL53L8CX_ws/install/base_interfaces_demo/include/base_interfaces_demo/msg/bt_status.hpp
[104.778s] -- Installing: /home/cjs/VL53L8CX/VL53L8CX_ws/install/base_interfaces_demo/include/base_interfaces_demo/msg/obs_laser.hpp
[104.778s] -- Installing: /home/cjs/VL53L8CX/VL53L8CX_ws/install/base_interfaces_demo/include/base_interfaces_demo/msg/system_status.hpp
[104.778s] -- Installing: /home/cjs/VL53L8CX/VL53L8CX_ws/install/base_interfaces_demo/include/base_interfaces_demo/msg/bms_info.hpp
[104.778s] -- Installing: /home/cjs/VL53L8CX/VL53L8CX_ws/install/base_interfaces_demo/include/base_interfaces_demo/msg/manual.hpp
[104.778s] -- Installing: /home/cjs/VL53L8CX/VL53L8CX_ws/install/base_interfaces_demo/include/base_interfaces_demo/msg/lift_info.hpp
[104.778s] -- Up-to-date: /home/cjs/VL53L8CX/VL53L8CX_ws/install/base_interfaces_demo/include/base_interfaces_demo
[104.778s] -- Up-to-date: /home/cjs/VL53L8CX/VL53L8CX_ws/install/base_interfaces_demo/include/base_interfaces_demo/action
[104.778s] -- Up-to-date: /home/cjs/VL53L8CX/VL53L8CX_ws/install/base_interfaces_demo/include/base_interfaces_demo/action/detail
[104.779s] -- Installing: /home/cjs/VL53L8CX/VL53L8CX_ws/install/base_interfaces_demo/include/base_interfaces_demo/action/detail/nav__rosidl_typesupport_introspection_cpp.hpp
[104.779s] -- Installing: /home/cjs/VL53L8CX/VL53L8CX_ws/install/base_interfaces_demo/include/base_interfaces_demo/action/detail/reverse__type_support.cpp
[104.779s] -- Installing: /home/cjs/VL53L8CX/VL53L8CX_ws/install/base_interfaces_demo/include/base_interfaces_demo/action/detail/reverse__rosidl_typesupport_introspection_cpp.hpp
[104.779s] -- Installing: /home/cjs/VL53L8CX/VL53L8CX_ws/install/base_interfaces_demo/include/base_interfaces_demo/action/detail/pallet__type_support.cpp
[104.779s] -- Installing: /home/cjs/VL53L8CX/VL53L8CX_ws/install/base_interfaces_demo/include/base_interfaces_demo/action/detail/pallet__rosidl_typesupport_introspection_cpp.hpp
[104.779s] -- Installing: /home/cjs/VL53L8CX/VL53L8CX_ws/install/base_interfaces_demo/include/base_interfaces_demo/action/detail/nav__type_support.cpp
[104.779s] -- Up-to-date: /home/cjs/VL53L8CX/VL53L8CX_ws/install/base_interfaces_demo/include/base_interfaces_demo/srv
[104.780s] -- Up-to-date: /home/cjs/VL53L8CX/VL53L8CX_ws/install/base_interfaces_demo/include/base_interfaces_demo/srv/detail
[104.780s] -- Installing: /home/cjs/VL53L8CX/VL53L8CX_ws/install/base_interfaces_demo/include/base_interfaces_demo/srv/detail/check_emergency__rosidl_typesupport_introspection_cpp.hpp
[104.780s] -- Installing: /home/cjs/VL53L8CX/VL53L8CX_ws/install/base_interfaces_demo/include/base_interfaces_demo/srv/detail/rcs_server__rosidl_typesupport_introspection_cpp.hpp
[104.784s] -- Up-to-date: /home/cjs/VL53L8CX/VL53L8CX_ws/install/base_interfaces_demo/include/base_interfaces_demo/srv/detail/pub_code__rosidl_typesupport_introspection_cpp.hpp
[104.790s] -- Installing: /home/cjs/VL53L8CX/VL53L8CX_ws/install/base_interfaces_demo/include/base_interfaces_demo/srv/detail/rcs_server__type_support.cpp
[104.790s] -- Installing: /home/cjs/VL53L8CX/VL53L8CX_ws/install/base_interfaces_demo/include/base_interfaces_demo/srv/detail/check_emergency__type_support.cpp
[104.790s] -- Installing: /home/cjs/VL53L8CX/VL53L8CX_ws/install/base_interfaces_demo/include/base_interfaces_demo/srv/detail/hall__rosidl_typesupport_introspection_cpp.hpp
[104.791s] -- Installing: /home/cjs/VL53L8CX/VL53L8CX_ws/install/base_interfaces_demo/include/base_interfaces_demo/srv/detail/hall__type_support.cpp
[104.791s] -- Installing: /home/cjs/VL53L8CX/VL53L8CX_ws/install/base_interfaces_demo/include/base_interfaces_demo/srv/detail/set_emergency__rosidl_typesupport_introspection_cpp.hpp
[104.791s] -- Up-to-date: /home/cjs/VL53L8CX/VL53L8CX_ws/install/base_interfaces_demo/include/base_interfaces_demo/srv/detail/pub_code__type_support.cpp
[104.791s] -- Installing: /home/cjs/VL53L8CX/VL53L8CX_ws/install/base_interfaces_demo/include/base_interfaces_demo/srv/detail/set_emergency__type_support.cpp
[104.791s] -- Up-to-date: /home/cjs/VL53L8CX/VL53L8CX_ws/install/base_interfaces_demo/include/base_interfaces_demo/msg
[104.792s] -- Up-to-date: /home/cjs/VL53L8CX/VL53L8CX_ws/install/base_interfaces_demo/include/base_interfaces_demo/msg/detail
[104.793s] -- Installing: /home/cjs/VL53L8CX/VL53L8CX_ws/install/base_interfaces_demo/include/base_interfaces_demo/msg/detail/lift_info__rosidl_typesupport_introspection_cpp.hpp
[104.793s] -- Installing: /home/cjs/VL53L8CX/VL53L8CX_ws/install/base_interfaces_demo/include/base_interfaces_demo/msg/detail/ohom__rosidl_typesupport_introspection_cpp.hpp
[104.793s] -- Installing: /home/cjs/VL53L8CX/VL53L8CX_ws/install/base_interfaces_demo/include/base_interfaces_demo/msg/detail/test__rosidl_typesupport_introspection_cpp.hpp
[104.793s] -- Installing: /home/cjs/VL53L8CX/VL53L8CX_ws/install/base_interfaces_demo/include/base_interfaces_demo/msg/detail/health_node__rosidl_typesupport_introspection_cpp.hpp
[104.794s] -- Installing: /home/cjs/VL53L8CX/VL53L8CX_ws/install/base_interfaces_demo/include/base_interfaces_demo/msg/detail/car_status__rosidl_typesupport_introspection_cpp.hpp
[104.794s] -- Installing: /home/cjs/VL53L8CX/VL53L8CX_ws/install/base_interfaces_demo/include/base_interfaces_demo/msg/detail/motor_cmd__rosidl_typesupport_introspection_cpp.hpp
[104.796s] -- Installing: /home/cjs/VL53L8CX/VL53L8CX_ws/install/base_interfaces_demo/include/base_interfaces_demo/msg/detail/location__type_support.cpp
[104.796s] -- Up-to-date: /home/cjs/VL53L8CX/VL53L8CX_ws/install/base_interfaces_demo/include/base_interfaces_demo/msg/detail/pub_code__rosidl_typesupport_introspection_cpp.hpp
[104.798s] -- Installing: /home/cjs/VL53L8CX/VL53L8CX_ws/install/base_interfaces_demo/include/base_interfaces_demo/msg/detail/rcs_info__type_support.cpp
[104.799s] -- Installing: /home/cjs/VL53L8CX/VL53L8CX_ws/install/base_interfaces_demo/include/base_interfaces_demo/msg/detail/health_node__type_support.cpp
[104.799s] -- Installing: /home/cjs/VL53L8CX/VL53L8CX_ws/install/base_interfaces_demo/include/base_interfaces_demo/msg/detail/motion_control__type_support.cpp
[104.800s] -- Installing: /home/cjs/VL53L8CX/VL53L8CX_ws/install/base_interfaces_demo/include/base_interfaces_demo/msg/detail/car_status__type_support.cpp
[104.800s] -- Installing: /home/cjs/VL53L8CX/VL53L8CX_ws/install/base_interfaces_demo/include/base_interfaces_demo/msg/detail/seek_ret__type_support.cpp
[104.800s] -- Installing: /home/cjs/VL53L8CX/VL53L8CX_ws/install/base_interfaces_demo/include/base_interfaces_demo/msg/detail/movecontrol_info__rosidl_typesupport_introspection_cpp.hpp
[104.802s] -- Installing: /home/cjs/VL53L8CX/VL53L8CX_ws/install/base_interfaces_demo/include/base_interfaces_demo/msg/detail/motion_control__rosidl_typesupport_introspection_cpp.hpp
[104.802s] -- Installing: /home/cjs/VL53L8CX/VL53L8CX_ws/install/base_interfaces_demo/include/base_interfaces_demo/msg/detail/manual__rosidl_typesupport_introspection_cpp.hpp
[104.803s] -- Installing: /home/cjs/VL53L8CX/VL53L8CX_ws/install/base_interfaces_demo/include/base_interfaces_demo/msg/detail/charger_info__type_support.cpp
[104.809s] -- Installing: /home/cjs/VL53L8CX/VL53L8CX_ws/install/base_interfaces_demo/include/base_interfaces_demo/msg/detail/color_info__rosidl_typesupport_introspection_cpp.hpp
[104.810s] -- Installing: /home/cjs/VL53L8CX/VL53L8CX_ws/install/base_interfaces_demo/include/base_interfaces_demo/msg/detail/seek_cmd__rosidl_typesupport_introspection_cpp.hpp
[104.810s] -- Installing: /home/cjs/VL53L8CX/VL53L8CX_ws/install/base_interfaces_demo/include/base_interfaces_demo/msg/detail/location__rosidl_typesupport_introspection_cpp.hpp
[104.811s] -- Installing: /home/cjs/VL53L8CX/VL53L8CX_ws/install/base_interfaces_demo/include/base_interfaces_demo/msg/detail/bt_status__type_support.cpp
[104.811s] -- Installing: /home/cjs/VL53L8CX/VL53L8CX_ws/install/base_interfaces_demo/include/base_interfaces_demo/msg/detail/manual_seek_label__type_support.cpp
[104.811s] -- Installing: /home/cjs/VL53L8CX/VL53L8CX_ws/install/base_interfaces_demo/include/base_interfaces_demo/msg/detail/manual__type_support.cpp
[104.811s] -- Installing: /home/cjs/VL53L8CX/VL53L8CX_ws/install/base_interfaces_demo/include/base_interfaces_demo/msg/detail/rcs_info__rosidl_typesupport_introspection_cpp.hpp
[104.811s] -- Installing: /home/cjs/VL53L8CX/VL53L8CX_ws/install/base_interfaces_demo/include/base_interfaces_demo/msg/detail/bms_info__type_support.cpp
[104.811s] -- Installing: /home/cjs/VL53L8CX/VL53L8CX_ws/install/base_interfaces_demo/include/base_interfaces_demo/msg/detail/system_status__type_support.cpp
[104.812s] -- Installing: /home/cjs/VL53L8CX/VL53L8CX_ws/install/base_interfaces_demo/include/base_interfaces_demo/msg/detail/bt_status__rosidl_typesupport_introspection_cpp.hpp
[104.812s] -- Installing: /home/cjs/VL53L8CX/VL53L8CX_ws/install/base_interfaces_demo/include/base_interfaces_demo/msg/detail/lift_info__type_support.cpp
[104.812s] -- Installing: /home/cjs/VL53L8CX/VL53L8CX_ws/install/base_interfaces_demo/include/base_interfaces_demo/msg/detail/manual_seek_label__rosidl_typesupport_introspection_cpp.hpp
[104.812s] -- Installing: /home/cjs/VL53L8CX/VL53L8CX_ws/install/base_interfaces_demo/include/base_interfaces_demo/msg/detail/lift_control__rosidl_typesupport_introspection_cpp.hpp
[104.812s] -- Installing: /home/cjs/VL53L8CX/VL53L8CX_ws/install/base_interfaces_demo/include/base_interfaces_demo/msg/detail/charger_info__rosidl_typesupport_introspection_cpp.hpp
[104.812s] -- Installing: /home/cjs/VL53L8CX/VL53L8CX_ws/install/base_interfaces_demo/include/base_interfaces_demo/msg/detail/obs_laser__rosidl_typesupport_introspection_cpp.hpp
[104.813s] -- Installing: /home/cjs/VL53L8CX/VL53L8CX_ws/install/base_interfaces_demo/include/base_interfaces_demo/msg/detail/seek_cmd__type_support.cpp
[104.814s] -- Installing: /home/cjs/VL53L8CX/VL53L8CX_ws/install/base_interfaces_demo/include/base_interfaces_demo/msg/detail/color_info__type_support.cpp
[104.814s] -- Installing: /home/cjs/VL53L8CX/VL53L8CX_ws/install/base_interfaces_demo/include/base_interfaces_demo/msg/detail/pallet_info__rosidl_typesupport_introspection_cpp.hpp
[104.814s] -- Installing: /home/cjs/VL53L8CX/VL53L8CX_ws/install/base_interfaces_demo/include/base_interfaces_demo/msg/detail/file_updata__rosidl_typesupport_introspection_cpp.hpp
[104.814s] -- Installing: /home/cjs/VL53L8CX/VL53L8CX_ws/install/base_interfaces_demo/include/base_interfaces_demo/msg/detail/motor_cmd__type_support.cpp
[104.814s] -- Installing: /home/cjs/VL53L8CX/VL53L8CX_ws/install/base_interfaces_demo/include/base_interfaces_demo/msg/detail/motor_status__type_support.cpp
[104.814s] -- Installing: /home/cjs/VL53L8CX/VL53L8CX_ws/install/base_interfaces_demo/include/base_interfaces_demo/msg/detail/file_updata__type_support.cpp
[104.814s] -- Installing: /home/cjs/VL53L8CX/VL53L8CX_ws/install/base_interfaces_demo/include/base_interfaces_demo/msg/detail/ohom__type_support.cpp
[104.815s] -- Up-to-date: /home/cjs/VL53L8CX/VL53L8CX_ws/install/base_interfaces_demo/include/base_interfaces_demo/msg/detail/pub_code__type_support.cpp
[104.815s] -- Installing: /home/cjs/VL53L8CX/VL53L8CX_ws/install/base_interfaces_demo/include/base_interfaces_demo/msg/detail/lift_control__type_support.cpp
[104.815s] -- Installing: /home/cjs/VL53L8CX/VL53L8CX_ws/install/base_interfaces_demo/include/base_interfaces_demo/msg/detail/bms_info__rosidl_typesupport_introspection_cpp.hpp
[104.815s] -- Installing: /home/cjs/VL53L8CX/VL53L8CX_ws/install/base_interfaces_demo/include/base_interfaces_demo/msg/detail/seek_ret__rosidl_typesupport_introspection_cpp.hpp
[104.815s] -- Installing: /home/cjs/VL53L8CX/VL53L8CX_ws/install/base_interfaces_demo/include/base_interfaces_demo/msg/detail/system_status__rosidl_typesupport_introspection_cpp.hpp
[104.815s] -- Installing: /home/cjs/VL53L8CX/VL53L8CX_ws/install/base_interfaces_demo/include/base_interfaces_demo/msg/detail/hall_info__rosidl_typesupport_introspection_cpp.hpp
[104.815s] -- Installing: /home/cjs/VL53L8CX/VL53L8CX_ws/install/base_interfaces_demo/include/base_interfaces_demo/msg/detail/movecontrol_info__type_support.cpp
[104.816s] -- Installing: /home/cjs/VL53L8CX/VL53L8CX_ws/install/base_interfaces_demo/include/base_interfaces_demo/msg/detail/motor_status__rosidl_typesupport_introspection_cpp.hpp
[104.816s] -- Installing: /home/cjs/VL53L8CX/VL53L8CX_ws/install/base_interfaces_demo/include/base_interfaces_demo/msg/detail/pallet_info__type_support.cpp
[104.816s] -- Installing: /home/cjs/VL53L8CX/VL53L8CX_ws/install/base_interfaces_demo/include/base_interfaces_demo/msg/detail/test__type_support.cpp
[104.816s] -- Installing: /home/cjs/VL53L8CX/VL53L8CX_ws/install/base_interfaces_demo/include/base_interfaces_demo/msg/detail/obs_laser__type_support.cpp
[104.816s] -- Installing: /home/cjs/VL53L8CX/VL53L8CX_ws/install/base_interfaces_demo/include/base_interfaces_demo/msg/detail/hall_info__type_support.cpp
[104.821s] -- Installing: /home/cjs/VL53L8CX/VL53L8CX_ws/install/base_interfaces_demo/lib/libbase_interfaces_demo__rosidl_typesupport_introspection_cpp.so
[104.827s] -- Set runtime path of "/home/cjs/VL53L8CX/VL53L8CX_ws/install/base_interfaces_demo/lib/libbase_interfaces_demo__rosidl_typesupport_introspection_cpp.so" to ""
[104.831s] -- Installing: /home/cjs/VL53L8CX/VL53L8CX_ws/install/base_interfaces_demo/lib/libbase_interfaces_demo__rosidl_typesupport_cpp.so
[104.836s] -- Set runtime path of "/home/cjs/VL53L8CX/VL53L8CX_ws/install/base_interfaces_demo/lib/libbase_interfaces_demo__rosidl_typesupport_cpp.so" to ""
[104.836s] -- Up-to-date: /home/cjs/VL53L8CX/VL53L8CX_ws/install/base_interfaces_demo/share/base_interfaces_demo/environment/pythonpath.sh
[104.837s] -- Installing: /home/cjs/VL53L8CX/VL53L8CX_ws/install/base_interfaces_demo/share/base_interfaces_demo/environment/pythonpath.dsv
[104.838s] -- Installing: /home/cjs/VL53L8CX/VL53L8CX_ws/install/base_interfaces_demo/lib/python3.8/site-packages/base_interfaces_demo/__init__.py
[104.942s] Compiling '/home/cjs/VL53L8CX/VL53L8CX_ws/install/base_interfaces_demo/lib/python3.8/site-packages/base_interfaces_demo/__init__.py'...
[104.953s] -- Up-to-date: /home/cjs/VL53L8CX/VL53L8CX_ws/install/base_interfaces_demo/lib/python3.8/site-packages/base_interfaces_demo/action
[104.953s] -- Installing: /home/cjs/VL53L8CX/VL53L8CX_ws/install/base_interfaces_demo/lib/python3.8/site-packages/base_interfaces_demo/action/_reverse_s.c
[104.954s] -- Installing: /home/cjs/VL53L8CX/VL53L8CX_ws/install/base_interfaces_demo/lib/python3.8/site-packages/base_interfaces_demo/action/_nav_s.c
[104.958s] -- Installing: /home/cjs/VL53L8CX/VL53L8CX_ws/install/base_interfaces_demo/lib/python3.8/site-packages/base_interfaces_demo/action/_reverse.py
[104.959s] -- Installing: /home/cjs/VL53L8CX/VL53L8CX_ws/install/base_interfaces_demo/lib/python3.8/site-packages/base_interfaces_demo/action/_nav.py
[104.959s] -- Installing: /home/cjs/VL53L8CX/VL53L8CX_ws/install/base_interfaces_demo/lib/python3.8/site-packages/base_interfaces_demo/action/_pallet.py
[104.959s] -- Installing: /home/cjs/VL53L8CX/VL53L8CX_ws/install/base_interfaces_demo/lib/python3.8/site-packages/base_interfaces_demo/action/_pallet_s.c
[104.960s] -- Installing: /home/cjs/VL53L8CX/VL53L8CX_ws/install/base_interfaces_demo/lib/python3.8/site-packages/base_interfaces_demo/action/__init__.py
[104.961s] -- Up-to-date: /home/cjs/VL53L8CX/VL53L8CX_ws/install/base_interfaces_demo/lib/python3.8/site-packages/base_interfaces_demo/msg
[104.962s] -- Installing: /home/cjs/VL53L8CX/VL53L8CX_ws/install/base_interfaces_demo/lib/python3.8/site-packages/base_interfaces_demo/msg/_hall_info_s.c
[104.964s] -- Installing: /home/cjs/VL53L8CX/VL53L8CX_ws/install/base_interfaces_demo/lib/python3.8/site-packages/base_interfaces_demo/msg/_health_node.py
[104.966s] -- Installing: /home/cjs/VL53L8CX/VL53L8CX_ws/install/base_interfaces_demo/lib/python3.8/site-packages/base_interfaces_demo/msg/_car_status_s.c
[104.967s] -- Installing: /home/cjs/VL53L8CX/VL53L8CX_ws/install/base_interfaces_demo/lib/python3.8/site-packages/base_interfaces_demo/msg/_health_node_s.c
[104.969s] -- Installing: /home/cjs/VL53L8CX/VL53L8CX_ws/install/base_interfaces_demo/lib/python3.8/site-packages/base_interfaces_demo/msg/_color_info.py
[104.970s] -- Installing: /home/cjs/VL53L8CX/VL53L8CX_ws/install/base_interfaces_demo/lib/python3.8/site-packages/base_interfaces_demo/msg/_lift_info_s.c
[104.971s] -- Installing: /home/cjs/VL53L8CX/VL53L8CX_ws/install/base_interfaces_demo/lib/python3.8/site-packages/base_interfaces_demo/msg/_motor_status.py
[104.972s] -- Installing: /home/cjs/VL53L8CX/VL53L8CX_ws/install/base_interfaces_demo/lib/python3.8/site-packages/base_interfaces_demo/msg/_pallet_info.py
[104.973s] -- Installing: /home/cjs/VL53L8CX/VL53L8CX_ws/install/base_interfaces_demo/lib/python3.8/site-packages/base_interfaces_demo/msg/_obs_laser.py
[104.974s] -- Installing: /home/cjs/VL53L8CX/VL53L8CX_ws/install/base_interfaces_demo/lib/python3.8/site-packages/base_interfaces_demo/msg/_movecontrol_info.py
[104.974s] -- Installing: /home/cjs/VL53L8CX/VL53L8CX_ws/install/base_interfaces_demo/lib/python3.8/site-packages/base_interfaces_demo/msg/_seek_ret_s.c
[104.975s] -- Installing: /home/cjs/VL53L8CX/VL53L8CX_ws/install/base_interfaces_demo/lib/python3.8/site-packages/base_interfaces_demo/msg/_seek_cmd_s.c
[104.976s] -- Installing: /home/cjs/VL53L8CX/VL53L8CX_ws/install/base_interfaces_demo/lib/python3.8/site-packages/base_interfaces_demo/msg/_file_updata_s.c
[104.976s] -- Installing: /home/cjs/VL53L8CX/VL53L8CX_ws/install/base_interfaces_demo/lib/python3.8/site-packages/base_interfaces_demo/msg/_manual_seek_label.py
[104.977s] -- Installing: /home/cjs/VL53L8CX/VL53L8CX_ws/install/base_interfaces_demo/lib/python3.8/site-packages/base_interfaces_demo/msg/_motor_cmd_s.c
[104.978s] -- Installing: /home/cjs/VL53L8CX/VL53L8CX_ws/install/base_interfaces_demo/lib/python3.8/site-packages/base_interfaces_demo/msg/_ohom.py
[104.979s] -- Installing: /home/cjs/VL53L8CX/VL53L8CX_ws/install/base_interfaces_demo/lib/python3.8/site-packages/base_interfaces_demo/msg/_obs_laser_s.c
[104.979s] -- Installing: /home/cjs/VL53L8CX/VL53L8CX_ws/install/base_interfaces_demo/lib/python3.8/site-packages/base_interfaces_demo/msg/_charger_info_s.c
[104.981s] -- Up-to-date: /home/cjs/VL53L8CX/VL53L8CX_ws/install/base_interfaces_demo/lib/python3.8/site-packages/base_interfaces_demo/msg/_pub_code_s.c
[104.981s] -- Installing: /home/cjs/VL53L8CX/VL53L8CX_ws/install/base_interfaces_demo/lib/python3.8/site-packages/base_interfaces_demo/msg/_seek_cmd.py
[104.981s] -- Installing: /home/cjs/VL53L8CX/VL53L8CX_ws/install/base_interfaces_demo/lib/python3.8/site-packages/base_interfaces_demo/msg/_system_status.py
[104.982s] -- Installing: /home/cjs/VL53L8CX/VL53L8CX_ws/install/base_interfaces_demo/lib/python3.8/site-packages/base_interfaces_demo/msg/_manual.py
[104.983s] -- Installing: /home/cjs/VL53L8CX/VL53L8CX_ws/install/base_interfaces_demo/lib/python3.8/site-packages/base_interfaces_demo/msg/_movecontrol_info_s.c
[104.984s] -- Up-to-date: /home/cjs/VL53L8CX/VL53L8CX_ws/install/base_interfaces_demo/lib/python3.8/site-packages/base_interfaces_demo/msg/_pub_code.py
[104.984s] -- Installing: /home/cjs/VL53L8CX/VL53L8CX_ws/install/base_interfaces_demo/lib/python3.8/site-packages/base_interfaces_demo/msg/_charger_info.py
[104.985s] -- Installing: /home/cjs/VL53L8CX/VL53L8CX_ws/install/base_interfaces_demo/lib/python3.8/site-packages/base_interfaces_demo/msg/_lift_control_s.c
[104.986s] -- Installing: /home/cjs/VL53L8CX/VL53L8CX_ws/install/base_interfaces_demo/lib/python3.8/site-packages/base_interfaces_demo/msg/_manual_s.c
[104.987s] -- Installing: /home/cjs/VL53L8CX/VL53L8CX_ws/install/base_interfaces_demo/lib/python3.8/site-packages/base_interfaces_demo/msg/_bt_status.py
[104.988s] -- Installing: /home/cjs/VL53L8CX/VL53L8CX_ws/install/base_interfaces_demo/lib/python3.8/site-packages/base_interfaces_demo/msg/_motion_control_s.c
[104.989s] -- Installing: /home/cjs/VL53L8CX/VL53L8CX_ws/install/base_interfaces_demo/lib/python3.8/site-packages/base_interfaces_demo/msg/_manual_seek_label_s.c
[104.989s] -- Installing: /home/cjs/VL53L8CX/VL53L8CX_ws/install/base_interfaces_demo/lib/python3.8/site-packages/base_interfaces_demo/msg/_hall_info.py
[104.990s] -- Installing: /home/cjs/VL53L8CX/VL53L8CX_ws/install/base_interfaces_demo/lib/python3.8/site-packages/base_interfaces_demo/msg/_location_s.c
[104.991s] -- Installing: /home/cjs/VL53L8CX/VL53L8CX_ws/install/base_interfaces_demo/lib/python3.8/site-packages/base_interfaces_demo/msg/_seek_ret.py
[104.992s] -- Installing: /home/cjs/VL53L8CX/VL53L8CX_ws/install/base_interfaces_demo/lib/python3.8/site-packages/base_interfaces_demo/msg/_ohom_s.c
[104.992s] -- Installing: /home/cjs/VL53L8CX/VL53L8CX_ws/install/base_interfaces_demo/lib/python3.8/site-packages/base_interfaces_demo/msg/_car_status.py
[104.993s] -- Installing: /home/cjs/VL53L8CX/VL53L8CX_ws/install/base_interfaces_demo/lib/python3.8/site-packages/base_interfaces_demo/msg/_lift_control.py
[104.994s] -- Installing: /home/cjs/VL53L8CX/VL53L8CX_ws/install/base_interfaces_demo/lib/python3.8/site-packages/base_interfaces_demo/msg/_bt_status_s.c
[104.995s] -- Installing: /home/cjs/VL53L8CX/VL53L8CX_ws/install/base_interfaces_demo/lib/python3.8/site-packages/base_interfaces_demo/msg/_motion_control.py
[104.996s] -- Installing: /home/cjs/VL53L8CX/VL53L8CX_ws/install/base_interfaces_demo/lib/python3.8/site-packages/base_interfaces_demo/msg/_test.py
[104.997s] -- Installing: /home/cjs/VL53L8CX/VL53L8CX_ws/install/base_interfaces_demo/lib/python3.8/site-packages/base_interfaces_demo/msg/_rcs_info_s.c
[104.998s] -- Installing: /home/cjs/VL53L8CX/VL53L8CX_ws/install/base_interfaces_demo/lib/python3.8/site-packages/base_interfaces_demo/msg/_system_status_s.c
[104.999s] -- Installing: /home/cjs/VL53L8CX/VL53L8CX_ws/install/base_interfaces_demo/lib/python3.8/site-packages/base_interfaces_demo/msg/_location.py
[104.999s] -- Installing: /home/cjs/VL53L8CX/VL53L8CX_ws/install/base_interfaces_demo/lib/python3.8/site-packages/base_interfaces_demo/msg/_motor_cmd.py
[105.000s] -- Installing: /home/cjs/VL53L8CX/VL53L8CX_ws/install/base_interfaces_demo/lib/python3.8/site-packages/base_interfaces_demo/msg/_color_info_s.c
[105.002s] -- Installing: /home/cjs/VL53L8CX/VL53L8CX_ws/install/base_interfaces_demo/lib/python3.8/site-packages/base_interfaces_demo/msg/_motor_status_s.c
[105.003s] -- Installing: /home/cjs/VL53L8CX/VL53L8CX_ws/install/base_interfaces_demo/lib/python3.8/site-packages/base_interfaces_demo/msg/_rcs_info.py
[105.004s] -- Installing: /home/cjs/VL53L8CX/VL53L8CX_ws/install/base_interfaces_demo/lib/python3.8/site-packages/base_interfaces_demo/msg/_file_updata.py
[105.005s] -- Installing: /home/cjs/VL53L8CX/VL53L8CX_ws/install/base_interfaces_demo/lib/python3.8/site-packages/base_interfaces_demo/msg/_lift_info.py
[105.007s] -- Installing: /home/cjs/VL53L8CX/VL53L8CX_ws/install/base_interfaces_demo/lib/python3.8/site-packages/base_interfaces_demo/msg/_bms_info_s.c
[105.008s] -- Installing: /home/cjs/VL53L8CX/VL53L8CX_ws/install/base_interfaces_demo/lib/python3.8/site-packages/base_interfaces_demo/msg/_pallet_info_s.c
[105.009s] -- Installing: /home/cjs/VL53L8CX/VL53L8CX_ws/install/base_interfaces_demo/lib/python3.8/site-packages/base_interfaces_demo/msg/__init__.py
[105.010s] -- Installing: /home/cjs/VL53L8CX/VL53L8CX_ws/install/base_interfaces_demo/lib/python3.8/site-packages/base_interfaces_demo/msg/_bms_info.py
[105.011s] -- Installing: /home/cjs/VL53L8CX/VL53L8CX_ws/install/base_interfaces_demo/lib/python3.8/site-packages/base_interfaces_demo/msg/_test_s.c
[105.013s] -- Up-to-date: /home/cjs/VL53L8CX/VL53L8CX_ws/install/base_interfaces_demo/lib/python3.8/site-packages/base_interfaces_demo/srv
[105.013s] -- Installing: /home/cjs/VL53L8CX/VL53L8CX_ws/install/base_interfaces_demo/lib/python3.8/site-packages/base_interfaces_demo/srv/_hall.py
[105.015s] -- Installing: /home/cjs/VL53L8CX/VL53L8CX_ws/install/base_interfaces_demo/lib/python3.8/site-packages/base_interfaces_demo/srv/_hall_s.c
[105.016s] -- Installing: /home/cjs/VL53L8CX/VL53L8CX_ws/install/base_interfaces_demo/lib/python3.8/site-packages/base_interfaces_demo/srv/_check_emergency.py
[105.017s] -- Installing: /home/cjs/VL53L8CX/VL53L8CX_ws/install/base_interfaces_demo/lib/python3.8/site-packages/base_interfaces_demo/srv/_set_emergency_s.c
[105.018s] -- Installing: /home/cjs/VL53L8CX/VL53L8CX_ws/install/base_interfaces_demo/lib/python3.8/site-packages/base_interfaces_demo/srv/_rcs_server_s.c
[105.019s] -- Up-to-date: /home/cjs/VL53L8CX/VL53L8CX_ws/install/base_interfaces_demo/lib/python3.8/site-packages/base_interfaces_demo/srv/_pub_code_s.c
[105.019s] -- Installing: /home/cjs/VL53L8CX/VL53L8CX_ws/install/base_interfaces_demo/lib/python3.8/site-packages/base_interfaces_demo/srv/_set_emergency.py
[105.021s] -- Installing: /home/cjs/VL53L8CX/VL53L8CX_ws/install/base_interfaces_demo/lib/python3.8/site-packages/base_interfaces_demo/srv/_check_emergency_s.c
[105.022s] -- Installing: /home/cjs/VL53L8CX/VL53L8CX_ws/install/base_interfaces_demo/lib/python3.8/site-packages/base_interfaces_demo/srv/_rcs_server.py
[105.022s] -- Up-to-date: /home/cjs/VL53L8CX/VL53L8CX_ws/install/base_interfaces_demo/lib/python3.8/site-packages/base_interfaces_demo/srv/_pub_code.py
[105.022s] -- Installing: /home/cjs/VL53L8CX/VL53L8CX_ws/install/base_interfaces_demo/lib/python3.8/site-packages/base_interfaces_demo/srv/__init__.py
[105.031s] -- Installing: /home/cjs/VL53L8CX/VL53L8CX_ws/install/base_interfaces_demo/lib/python3.8/site-packages/base_interfaces_demo/base_interfaces_demo_s__rosidl_typesupport_fastrtps_c.cpython-38-x86_64-linux-gnu.so
[105.037s] -- Set runtime path of "/home/cjs/VL53L8CX/VL53L8CX_ws/install/base_interfaces_demo/lib/python3.8/site-packages/base_interfaces_demo/base_interfaces_demo_s__rosidl_typesupport_fastrtps_c.cpython-38-x86_64-linux-gnu.so" to ""
[105.044s] -- Installing: /home/cjs/VL53L8CX/VL53L8CX_ws/install/base_interfaces_demo/lib/python3.8/site-packages/base_interfaces_demo/base_interfaces_demo_s__rosidl_typesupport_introspection_c.cpython-38-x86_64-linux-gnu.so
[105.054s] -- Set runtime path of "/home/cjs/VL53L8CX/VL53L8CX_ws/install/base_interfaces_demo/lib/python3.8/site-packages/base_interfaces_demo/base_interfaces_demo_s__rosidl_typesupport_introspection_c.cpython-38-x86_64-linux-gnu.so" to ""
[105.058s] -- Installing: /home/cjs/VL53L8CX/VL53L8CX_ws/install/base_interfaces_demo/lib/python3.8/site-packages/base_interfaces_demo/base_interfaces_demo_s__rosidl_typesupport_c.cpython-38-x86_64-linux-gnu.so
[105.064s] -- Set runtime path of "/home/cjs/VL53L8CX/VL53L8CX_ws/install/base_interfaces_demo/lib/python3.8/site-packages/base_interfaces_demo/base_interfaces_demo_s__rosidl_typesupport_c.cpython-38-x86_64-linux-gnu.so" to ""
[105.077s] -- Installing: /home/cjs/VL53L8CX/VL53L8CX_ws/install/base_interfaces_demo/lib/libbase_interfaces_demo__python.so
[105.078s] -- Set runtime path of "/home/cjs/VL53L8CX/VL53L8CX_ws/install/base_interfaces_demo/lib/libbase_interfaces_demo__python.so" to ""
[105.078s] -- Up-to-date: /home/cjs/VL53L8CX/VL53L8CX_ws/install/base_interfaces_demo/share/base_interfaces_demo/action/Nav.idl
[105.078s] -- Up-to-date: /home/cjs/VL53L8CX/VL53L8CX_ws/install/base_interfaces_demo/share/base_interfaces_demo/msg/Ohom.idl
[105.078s] -- Up-to-date: /home/cjs/VL53L8CX/VL53L8CX_ws/install/base_interfaces_demo/share/base_interfaces_demo/msg/HallInfo.idl
[105.079s] -- Installing: /home/cjs/VL53L8CX/VL53L8CX_ws/install/base_interfaces_demo/share/base_interfaces_demo/msg/Location.idl
[105.080s] -- Up-to-date: /home/cjs/VL53L8CX/VL53L8CX_ws/install/base_interfaces_demo/share/base_interfaces_demo/msg/MotorCmd.idl
[105.081s] -- Installing: /home/cjs/VL53L8CX/VL53L8CX_ws/install/base_interfaces_demo/share/base_interfaces_demo/msg/MotorStatus.idl
[105.082s] -- Up-to-date: /home/cjs/VL53L8CX/VL53L8CX_ws/install/base_interfaces_demo/share/base_interfaces_demo/msg/Manual.idl
[105.083s] -- Up-to-date: /home/cjs/VL53L8CX/VL53L8CX_ws/install/base_interfaces_demo/share/base_interfaces_demo/msg/Test.idl
[105.083s] -- Installing: /home/cjs/VL53L8CX/VL53L8CX_ws/install/base_interfaces_demo/share/base_interfaces_demo/srv/Hall.idl
[105.084s] -- Up-to-date: /home/cjs/VL53L8CX/VL53L8CX_ws/install/base_interfaces_demo/share/base_interfaces_demo/msg/BmsInfo.idl
[105.085s] -- Up-to-date: /home/cjs/VL53L8CX/VL53L8CX_ws/install/base_interfaces_demo/share/base_interfaces_demo/msg/ChargerInfo.idl
[105.086s] -- Up-to-date: /home/cjs/VL53L8CX/VL53L8CX_ws/install/base_interfaces_demo/share/base_interfaces_demo/msg/ManualSeekLabel.idl
[105.087s] -- Up-to-date: /home/cjs/VL53L8CX/VL53L8CX_ws/install/base_interfaces_demo/share/base_interfaces_demo/msg/SeekCmd.idl
[105.088s] -- Up-to-date: /home/cjs/VL53L8CX/VL53L8CX_ws/install/base_interfaces_demo/share/base_interfaces_demo/msg/SeekRet.idl
[105.091s] -- Installing: /home/cjs/VL53L8CX/VL53L8CX_ws/install/base_interfaces_demo/share/base_interfaces_demo/msg/SystemStatus.idl
[105.093s] -- Installing: /home/cjs/VL53L8CX/VL53L8CX_ws/install/base_interfaces_demo/share/base_interfaces_demo/action/Reverse.idl
[105.093s] -- Up-to-date: /home/cjs/VL53L8CX/VL53L8CX_ws/install/base_interfaces_demo/share/base_interfaces_demo/msg/LiftInfo.idl
[105.094s] -- Installing: /home/cjs/VL53L8CX/VL53L8CX_ws/install/base_interfaces_demo/share/base_interfaces_demo/msg/ColorInfo.idl
[105.095s] -- Up-to-date: /home/cjs/VL53L8CX/VL53L8CX_ws/install/base_interfaces_demo/share/base_interfaces_demo/msg/FileUpdata.idl
[105.095s] -- Up-to-date: /home/cjs/VL53L8CX/VL53L8CX_ws/install/base_interfaces_demo/share/base_interfaces_demo/msg/ObsLaser.idl
[105.095s] -- Installing: /home/cjs/VL53L8CX/VL53L8CX_ws/install/base_interfaces_demo/share/base_interfaces_demo/msg/PalletInfo.idl
[105.096s] -- Up-to-date: /home/cjs/VL53L8CX/VL53L8CX_ws/install/base_interfaces_demo/share/base_interfaces_demo/msg/MovecontrolInfo.idl
[105.099s] -- Up-to-date: /home/cjs/VL53L8CX/VL53L8CX_ws/install/base_interfaces_demo/share/base_interfaces_demo/msg/MotionControl.idl
[105.100s] -- Up-to-date: /home/cjs/VL53L8CX/VL53L8CX_ws/install/base_interfaces_demo/share/base_interfaces_demo/msg/RcsInfo.idl
[105.100s] -- Up-to-date: /home/cjs/VL53L8CX/VL53L8CX_ws/install/base_interfaces_demo/share/base_interfaces_demo/msg/LiftControl.idl
[105.101s] -- Up-to-date: /home/cjs/VL53L8CX/VL53L8CX_ws/install/base_interfaces_demo/share/base_interfaces_demo/msg/BtStatus.idl
[105.101s] -- Installing: /home/cjs/VL53L8CX/VL53L8CX_ws/install/base_interfaces_demo/share/base_interfaces_demo/msg/CarStatus.idl
[105.103s] -- Up-to-date: /home/cjs/VL53L8CX/VL53L8CX_ws/install/base_interfaces_demo/share/base_interfaces_demo/msg/HealthNode.idl
[105.103s] -- Up-to-date: /home/cjs/VL53L8CX/VL53L8CX_ws/install/base_interfaces_demo/share/base_interfaces_demo/action/Pallet.idl
[105.105s] -- Up-to-date: /home/cjs/VL53L8CX/VL53L8CX_ws/install/base_interfaces_demo/share/base_interfaces_demo/srv/CheckEmergency.idl
[105.105s] -- Up-to-date: /home/cjs/VL53L8CX/VL53L8CX_ws/install/base_interfaces_demo/share/base_interfaces_demo/srv/SetEmergency.idl
[105.106s] -- Installing: /home/cjs/VL53L8CX/VL53L8CX_ws/install/base_interfaces_demo/share/base_interfaces_demo/srv/RcsServer.idl
[105.106s] -- Installing: /home/cjs/VL53L8CX/VL53L8CX_ws/install/base_interfaces_demo/share/base_interfaces_demo/action/Nav.action
[105.107s] -- Installing: /home/cjs/VL53L8CX/VL53L8CX_ws/install/base_interfaces_demo/share/base_interfaces_demo/msg/Ohom.msg
[105.109s] -- Installing: /home/cjs/VL53L8CX/VL53L8CX_ws/install/base_interfaces_demo/share/base_interfaces_demo/msg/HallInfo.msg
[105.111s] -- Installing: /home/cjs/VL53L8CX/VL53L8CX_ws/install/base_interfaces_demo/share/base_interfaces_demo/msg/Location.msg
[105.111s] -- Installing: /home/cjs/VL53L8CX/VL53L8CX_ws/install/base_interfaces_demo/share/base_interfaces_demo/msg/MotorCmd.msg
[105.112s] -- Installing: /home/cjs/VL53L8CX/VL53L8CX_ws/install/base_interfaces_demo/share/base_interfaces_demo/msg/MotorStatus.msg
[105.113s] -- Installing: /home/cjs/VL53L8CX/VL53L8CX_ws/install/base_interfaces_demo/share/base_interfaces_demo/msg/Manual.msg
[105.114s] -- Installing: /home/cjs/VL53L8CX/VL53L8CX_ws/install/base_interfaces_demo/share/base_interfaces_demo/msg/Test.msg
[105.115s] -- Installing: /home/cjs/VL53L8CX/VL53L8CX_ws/install/base_interfaces_demo/share/base_interfaces_demo/srv/Hall.srv
[105.115s] -- Installing: /home/cjs/VL53L8CX/VL53L8CX_ws/install/base_interfaces_demo/share/base_interfaces_demo/srv/Hall_Request.msg
[105.118s] -- Up-to-date: /home/cjs/VL53L8CX/VL53L8CX_ws/install/base_interfaces_demo/share/base_interfaces_demo/srv/Hall_Response.msg
[105.118s] -- Installing: /home/cjs/VL53L8CX/VL53L8CX_ws/install/base_interfaces_demo/share/base_interfaces_demo/msg/BmsInfo.msg
[105.120s] -- Installing: /home/cjs/VL53L8CX/VL53L8CX_ws/install/base_interfaces_demo/share/base_interfaces_demo/msg/ChargerInfo.msg
[105.121s] -- Installing: /home/cjs/VL53L8CX/VL53L8CX_ws/install/base_interfaces_demo/share/base_interfaces_demo/msg/ManualSeekLabel.msg
[105.124s] -- Installing: /home/cjs/VL53L8CX/VL53L8CX_ws/install/base_interfaces_demo/share/base_interfaces_demo/msg/SeekCmd.msg
[105.125s] -- Installing: /home/cjs/VL53L8CX/VL53L8CX_ws/install/base_interfaces_demo/share/base_interfaces_demo/msg/SeekRet.msg
[105.125s] -- Installing: /home/cjs/VL53L8CX/VL53L8CX_ws/install/base_interfaces_demo/share/base_interfaces_demo/msg/SystemStatus.msg
[105.135s] -- Installing: /home/cjs/VL53L8CX/VL53L8CX_ws/install/base_interfaces_demo/share/base_interfaces_demo/action/Reverse.action
[105.135s] -- Installing: /home/cjs/VL53L8CX/VL53L8CX_ws/install/base_interfaces_demo/share/base_interfaces_demo/msg/LiftInfo.msg
[105.135s] -- Installing: /home/cjs/VL53L8CX/VL53L8CX_ws/install/base_interfaces_demo/share/base_interfaces_demo/msg/ColorInfo.msg
[105.136s] -- Installing: /home/cjs/VL53L8CX/VL53L8CX_ws/install/base_interfaces_demo/share/base_interfaces_demo/msg/FileUpdata.msg
[105.136s] -- Installing: /home/cjs/VL53L8CX/VL53L8CX_ws/install/base_interfaces_demo/share/base_interfaces_demo/msg/ObsLaser.msg
[105.141s] -- Installing: /home/cjs/VL53L8CX/VL53L8CX_ws/install/base_interfaces_demo/share/base_interfaces_demo/msg/PalletInfo.msg
[105.142s] -- Installing: /home/cjs/VL53L8CX/VL53L8CX_ws/install/base_interfaces_demo/share/base_interfaces_demo/msg/MovecontrolInfo.msg
[105.143s] -- Installing: /home/cjs/VL53L8CX/VL53L8CX_ws/install/base_interfaces_demo/share/base_interfaces_demo/msg/MotionControl.msg
[105.143s] -- Installing: /home/cjs/VL53L8CX/VL53L8CX_ws/install/base_interfaces_demo/share/base_interfaces_demo/msg/RcsInfo.msg
[105.143s] -- Installing: /home/cjs/VL53L8CX/VL53L8CX_ws/install/base_interfaces_demo/share/base_interfaces_demo/msg/LiftControl.msg
[105.143s] -- Installing: /home/cjs/VL53L8CX/VL53L8CX_ws/install/base_interfaces_demo/share/base_interfaces_demo/msg/BtStatus.msg
[105.144s] -- Installing: /home/cjs/VL53L8CX/VL53L8CX_ws/install/base_interfaces_demo/share/base_interfaces_demo/msg/CarStatus.msg
[105.144s] -- Installing: /home/cjs/VL53L8CX/VL53L8CX_ws/install/base_interfaces_demo/share/base_interfaces_demo/msg/HealthNode.msg
[105.146s] -- Installing: /home/cjs/VL53L8CX/VL53L8CX_ws/install/base_interfaces_demo/share/base_interfaces_demo/action/Pallet.action
[105.147s] -- Installing: /home/cjs/VL53L8CX/VL53L8CX_ws/install/base_interfaces_demo/share/base_interfaces_demo/srv/CheckEmergency.srv
[105.148s] -- Up-to-date: /home/cjs/VL53L8CX/VL53L8CX_ws/install/base_interfaces_demo/share/base_interfaces_demo/srv/CheckEmergency_Request.msg
[105.148s] -- Up-to-date: /home/cjs/VL53L8CX/VL53L8CX_ws/install/base_interfaces_demo/share/base_interfaces_demo/srv/CheckEmergency_Response.msg
[105.149s] -- Installing: /home/cjs/VL53L8CX/VL53L8CX_ws/install/base_interfaces_demo/share/base_interfaces_demo/srv/SetEmergency.srv
[105.151s] -- Up-to-date: /home/cjs/VL53L8CX/VL53L8CX_ws/install/base_interfaces_demo/share/base_interfaces_demo/srv/SetEmergency_Request.msg
[105.152s] -- Up-to-date: /home/cjs/VL53L8CX/VL53L8CX_ws/install/base_interfaces_demo/share/base_interfaces_demo/srv/SetEmergency_Response.msg
[105.152s] -- Installing: /home/cjs/VL53L8CX/VL53L8CX_ws/install/base_interfaces_demo/share/base_interfaces_demo/srv/RcsServer.srv
[105.154s] -- Installing: /home/cjs/VL53L8CX/VL53L8CX_ws/install/base_interfaces_demo/share/base_interfaces_demo/srv/RcsServer_Request.msg
[105.155s] -- Installing: /home/cjs/VL53L8CX/VL53L8CX_ws/install/base_interfaces_demo/share/base_interfaces_demo/srv/RcsServer_Response.msg
[105.157s] -- Up-to-date: /home/cjs/VL53L8CX/VL53L8CX_ws/install/base_interfaces_demo/share/ament_index/resource_index/package_run_dependencies/base_interfaces_demo
[105.158s] -- Up-to-date: /home/cjs/VL53L8CX/VL53L8CX_ws/install/base_interfaces_demo/share/ament_index/resource_index/parent_prefix_path/base_interfaces_demo
[105.159s] -- Up-to-date: /home/cjs/VL53L8CX/VL53L8CX_ws/install/base_interfaces_demo/share/base_interfaces_demo/environment/ament_prefix_path.sh
[105.160s] -- Installing: /home/cjs/VL53L8CX/VL53L8CX_ws/install/base_interfaces_demo/share/base_interfaces_demo/environment/ament_prefix_path.dsv
[105.161s] -- Up-to-date: /home/cjs/VL53L8CX/VL53L8CX_ws/install/base_interfaces_demo/share/base_interfaces_demo/environment/path.sh
[105.162s] -- Installing: /home/cjs/VL53L8CX/VL53L8CX_ws/install/base_interfaces_demo/share/base_interfaces_demo/environment/path.dsv
[105.164s] -- Up-to-date: /home/cjs/VL53L8CX/VL53L8CX_ws/install/base_interfaces_demo/share/base_interfaces_demo/local_setup.bash
[105.165s] -- Up-to-date: /home/cjs/VL53L8CX/VL53L8CX_ws/install/base_interfaces_demo/share/base_interfaces_demo/local_setup.sh
[105.166s] -- Up-to-date: /home/cjs/VL53L8CX/VL53L8CX_ws/install/base_interfaces_demo/share/base_interfaces_demo/local_setup.zsh
[105.167s] -- Installing: /home/cjs/VL53L8CX/VL53L8CX_ws/install/base_interfaces_demo/share/base_interfaces_demo/local_setup.dsv
[105.168s] -- Installing: /home/cjs/VL53L8CX/VL53L8CX_ws/install/base_interfaces_demo/share/base_interfaces_demo/package.dsv
[105.171s] -- Up-to-date: /home/cjs/VL53L8CX/VL53L8CX_ws/install/base_interfaces_demo/share/ament_index/resource_index/packages/base_interfaces_demo
[105.177s] -- Up-to-date: /home/cjs/VL53L8CX/VL53L8CX_ws/install/base_interfaces_demo/share/base_interfaces_demo/cmake/base_interfaces_demo__rosidl_generator_cExport.cmake
[105.177s] -- Installing: /home/cjs/VL53L8CX/VL53L8CX_ws/install/base_interfaces_demo/share/base_interfaces_demo/cmake/base_interfaces_demo__rosidl_generator_cExport-noconfig.cmake
[105.180s] -- Up-to-date: /home/cjs/VL53L8CX/VL53L8CX_ws/install/base_interfaces_demo/share/base_interfaces_demo/cmake/base_interfaces_demo__rosidl_typesupport_introspection_cExport.cmake
[105.182s] -- Installing: /home/cjs/VL53L8CX/VL53L8CX_ws/install/base_interfaces_demo/share/base_interfaces_demo/cmake/base_interfaces_demo__rosidl_typesupport_introspection_cExport-noconfig.cmake
[105.185s] -- Up-to-date: /home/cjs/VL53L8CX/VL53L8CX_ws/install/base_interfaces_demo/share/base_interfaces_demo/cmake/base_interfaces_demo__rosidl_typesupport_cExport.cmake
[105.185s] -- Installing: /home/cjs/VL53L8CX/VL53L8CX_ws/install/base_interfaces_demo/share/base_interfaces_demo/cmake/base_interfaces_demo__rosidl_typesupport_cExport-noconfig.cmake
[105.188s] -- Up-to-date: /home/cjs/VL53L8CX/VL53L8CX_ws/install/base_interfaces_demo/share/base_interfaces_demo/cmake/base_interfaces_demo__rosidl_generator_cppExport.cmake
[105.191s] -- Up-to-date: /home/cjs/VL53L8CX/VL53L8CX_ws/install/base_interfaces_demo/share/base_interfaces_demo/cmake/base_interfaces_demo__rosidl_typesupport_introspection_cppExport.cmake
[105.192s] -- Installing: /home/cjs/VL53L8CX/VL53L8CX_ws/install/base_interfaces_demo/share/base_interfaces_demo/cmake/base_interfaces_demo__rosidl_typesupport_introspection_cppExport-noconfig.cmake
[105.194s] -- Up-to-date: /home/cjs/VL53L8CX/VL53L8CX_ws/install/base_interfaces_demo/share/base_interfaces_demo/cmake/base_interfaces_demo__rosidl_typesupport_cppExport.cmake
[105.195s] -- Installing: /home/cjs/VL53L8CX/VL53L8CX_ws/install/base_interfaces_demo/share/base_interfaces_demo/cmake/base_interfaces_demo__rosidl_typesupport_cppExport-noconfig.cmake
[105.196s] -- Installing: /home/cjs/VL53L8CX/VL53L8CX_ws/install/base_interfaces_demo/share/base_interfaces_demo/cmake/rosidl_cmake-extras.cmake
[105.197s] -- Up-to-date: /home/cjs/VL53L8CX/VL53L8CX_ws/install/base_interfaces_demo/share/base_interfaces_demo/cmake/ament_cmake_export_dependencies-extras.cmake
[105.198s] -- Up-to-date: /home/cjs/VL53L8CX/VL53L8CX_ws/install/base_interfaces_demo/share/base_interfaces_demo/cmake/ament_cmake_export_libraries-extras.cmake
[105.199s] -- Up-to-date: /home/cjs/VL53L8CX/VL53L8CX_ws/install/base_interfaces_demo/share/base_interfaces_demo/cmake/ament_cmake_export_targets-extras.cmake
[105.199s] -- Up-to-date: /home/cjs/VL53L8CX/VL53L8CX_ws/install/base_interfaces_demo/share/base_interfaces_demo/cmake/ament_cmake_export_include_directories-extras.cmake
[105.200s] -- Up-to-date: /home/cjs/VL53L8CX/VL53L8CX_ws/install/base_interfaces_demo/share/base_interfaces_demo/cmake/rosidl_cmake_export_typesupport_libraries-extras.cmake
[105.201s] -- Up-to-date: /home/cjs/VL53L8CX/VL53L8CX_ws/install/base_interfaces_demo/share/base_interfaces_demo/cmake/rosidl_cmake_export_typesupport_targets-extras.cmake
[105.202s] -- Up-to-date: /home/cjs/VL53L8CX/VL53L8CX_ws/install/base_interfaces_demo/share/base_interfaces_demo/cmake/base_interfaces_demoConfig.cmake
[105.202s] -- Up-to-date: /home/cjs/VL53L8CX/VL53L8CX_ws/install/base_interfaces_demo/share/base_interfaces_demo/cmake/base_interfaces_demoConfig-version.cmake
[105.203s] -- Installing: /home/cjs/VL53L8CX/VL53L8CX_ws/install/base_interfaces_demo/share/base_interfaces_demo/package.xml
[105.213s] Invoked command in '/home/cjs/VL53L8CX/VL53L8CX_ws/build/base_interfaces_demo' returned '0': CMAKE_PREFIX_PATH=/opt/ros/foxy /usr/bin/cmake --install /home/cjs/VL53L8CX/VL53L8CX_ws/build/base_interfaces_demo
