[0.000000] (-) TimerEvent: {}
[0.001939] (base_interfaces_demo) JobQueued: {'identifier': 'base_interfaces_demo', 'dependencies': OrderedDict()}
[0.002046] (tof_sensor_package) JobQueued: {'identifier': 'tof_sensor_package', 'dependencies': OrderedDict([('base_interfaces_demo', '/home/cjs/VL53L8CX/VL53L8CX_ws/install/base_interfaces_demo')])}
[0.002155] (base_interfaces_demo) JobStarted: {'identifier': 'base_interfaces_demo'}
[0.030666] (base_interfaces_demo) JobProgress: {'identifier': 'base_interfaces_demo', 'progress': 'cmake'}
[0.033367] (base_interfaces_demo) JobProgress: {'identifier': 'base_interfaces_demo', 'progress': 'build'}
[0.035782] (base_interfaces_demo) Command: {'cmd': ['/usr/bin/cmake', '--build', '/home/cjs/VL53L8CX/VL53L8CX_ws/build/base_interfaces_demo', '--', '-j4', '-l4'], 'cwd': '/home/cjs/VL53L8CX/VL53L8CX_ws/build/base_interfaces_demo', 'env': OrderedDict([('USER', 'cjs'), ('LC_TIME', 'zh_CN.UTF-8'), ('GIO_MODULE_DIR', '/home/cjs/snap/code/common/.cache/gio-modules'), ('SSH_AGENT_PID', '1520'), ('XDG_SESSION_TYPE', 'x11'), ('GTK_EXE_PREFIX_VSCODE_SNAP_ORIG', ''), ('GIT_ASKPASS', '/snap/code/166/usr/share/code/resources/app/extensions/git/dist/askpass.sh'), ('GDK_BACKEND_VSCODE_SNAP_ORIG', ''), ('SHLVL', '2'), ('LD_LIBRARY_PATH', '/opt/ros/foxy/opt/yaml_cpp_vendor/lib:/opt/ros/foxy/opt/rviz_ogre_vendor/lib:/opt/ros/foxy/lib/x86_64-linux-gnu:/opt/ros/foxy/lib'), ('LESS', '-R'), ('HOME', '/home/cjs'), ('LOCPATH_VSCODE_SNAP_ORIG', ''), ('OLDPWD', '/home/cjs/VL53L8CX'), ('CHROME_DESKTOP', 'code-url-handler.desktop'), ('DESKTOP_SESSION', 'ubuntu'), ('GTK_PATH', '/snap/code/166/usr/lib/x86_64-linux-gnu/gtk-3.0'), ('TERM_PROGRAM_VERSION', '1.92.1'), ('LSCOLORS', 'Gxfxcxdxbxegedabagacad'), ('ZSH', '/home/cjs/.oh-my-zsh'), ('GTK_IM_MODULE_FILE', '/home/cjs/snap/code/common/.cache/immodules/immodules.cache'), ('ROS_PYTHON_VERSION', '3'), ('GNOME_SHELL_SESSION_MODE', 'ubuntu'), ('ALL', 'en.US.UTF-8'), ('GTK_MODULES', 'gail:atk-bridge'), ('GSETTINGS_SCHEMA_DIR_VSCODE_SNAP_ORIG', ''), ('PAGER', 'less'), ('VSCODE_GIT_ASKPASS_MAIN', '/snap/code/166/usr/share/code/resources/app/extensions/git/dist/askpass-main.js'), ('LC_MONETARY', 'zh_CN.UTF-8'), ('MANAGERPID', '1424'), ('VSCODE_GIT_ASKPASS_NODE', '/snap/code/166/usr/share/code/code'), ('DBUS_STARTER_BUS_TYPE', 'session'), ('DBUS_SESSION_BUS_ADDRESS', 'unix:path=/run/user/1000/bus,guid=268dcd2de439d3d90858002266b82368'), ('COLORTERM', 'truecolor'), ('IM_CONFIG_PHASE', '1'), ('ROS_DISTRO', 'foxy'), ('LOGNAME', 'cjs'), ('JOURNAL_STREAM', '8:57458'), ('_', '/usr/bin/colcon'), ('ROS_VERSION', '2'), ('XDG_CONFIG_DIRS_VSCODE_SNAP_ORIG', '/etc/xdg/xdg-ubuntu:/etc/xdg'), ('XDG_SESSION_CLASS', 'user'), ('XDG_DATA_DIRS_VSCODE_SNAP_ORIG', '/usr/share/ubuntu:/usr/local/share/:/usr/share/:/var/lib/snapd/desktop'), ('USER_ZDOTDIR', '/home/cjs'), ('USERNAME', 'cjs'), ('TERM', 'xterm-256color'), ('GNOME_DESKTOP_SESSION_ID', 'this-is-deprecated'), ('ROS_LOCALHOST_ONLY', '0'), ('WINDOWPATH', '2'), ('PATH', '/opt/ros/foxy/bin:/usr/local/sbin:/usr/local/bin:/usr/sbin:/usr/bin:/sbin:/bin:/usr/games:/usr/local/games:/snap/bin'), ('SESSION_MANAGER', 'local/cjs-virtual-machine:@/tmp/.ICE-unix/1556,unix/cjs-virtual-machine:/tmp/.ICE-unix/1556'), ('GTK_EXE_PREFIX', '/snap/code/166/usr'), ('INVOCATION_ID', '9ee8dd2fd7cc48b9b2c20cfcb166a738'), ('XDG_MENU_PREFIX', 'gnome-'), ('LC_ADDRESS', 'zh_CN.UTF-8'), ('XDG_RUNTIME_DIR', '/run/user/1000'), ('GDK_BACKEND', 'x11'), ('DISPLAY', ':0'), ('LOCPATH', '/snap/code/166/usr/lib/locale'), ('LANG', 'en_US.UTF-8'), ('XDG_CURRENT_DESKTOP', 'Unity'), ('LC_TELEPHONE', 'zh_CN.UTF-8'), ('TILIX_ID', '9923de69-11f6-49bd-8a1c-424db162521e'), ('VSCODE_INJECTION', '1'), ('GIO_MODULE_DIR_VSCODE_SNAP_ORIG', ''), ('XMODIFIERS', '@im=ibus'), ('XDG_SESSION_DESKTOP', 'ubuntu'), ('XAUTHORITY', '/run/user/1000/gdm/Xauthority'), ('LS_COLORS', 'no=00:fi=00:di=01;34:ln=00;36:pi=40;33:so=01;35:do=01;35:bd=40;33;01:cd=40;33;01:or=41;33;01:ex=00;32:*.cmd=00;32:*.exe=01;32:*.com=01;32:*.bat=01;32:*.btm=01;32:*.dll=01;32:*.tar=00;31:*.tbz=00;31:*.tgz=00;31:*.rpm=00;31:*.deb=00;31:*.arj=00;31:*.taz=00;31:*.lzh=00;31:*.lzma=00;31:*.zip=00;31:*.zoo=00;31:*.z=00;31:*.Z=00;31:*.gz=00;31:*.bz2=00;31:*.tb2=00;31:*.tz2=00;31:*.tbz2=00;31:*.avi=01;35:*.bmp=01;35:*.fli=01;35:*.gif=01;35:*.jpg=01;35:*.jpeg=01;35:*.mng=01;35:*.mov=01;35:*.mpg=01;35:*.pcx=01;35:*.pbm=01;35:*.pgm=01;35:*.png=01;35:*.ppm=01;35:*.tga=01;35:*.tif=01;35:*.xbm=01;35:*.xpm=01;35:*.dl=01;35:*.gl=01;35:*.wmv=01;35:*.aiff=00;32:*.au=00;32:*.mid=00;32:*.mp3=00;32:*.ogg=00;32:*.voc=00;32:*.wav=00;32:'), ('TERM_PROGRAM', 'vscode'), ('VSCODE_GIT_IPC_HANDLE', '/run/user/1000/vscode-git-6e22b0dd4c.sock'), ('SSH_AUTH_SOCK', '/run/user/1000/keyring/ssh'), ('GSETTINGS_SCHEMA_DIR', '/home/cjs/snap/code/166/.local/share/glib-2.0/schemas'), ('AMENT_PREFIX_PATH', '/opt/ros/foxy'), ('ORIGINAL_XDG_CURRENT_DESKTOP', 'ubuntu:GNOME'), ('SHELL', '/usr/bin/zsh'), ('LC_NAME', 'zh_CN.UTF-8'), ('QT_ACCESSIBILITY', '1'), ('GDMSESSION', 'ubuntu'), ('GTK_PATH_VSCODE_SNAP_ORIG', ''), ('GTK_IM_MODULE_FILE_VSCODE_SNAP_ORIG', ''), ('LC_MEASUREMENT', 'zh_CN.UTF-8'), ('GPG_AGENT_INFO', '/run/user/1000/gnupg/S.gpg-agent:0:1'), ('LC_IDENTIFICATION', 'zh_CN.UTF-8'), ('QT_IM_MODULE', 'ibus'), ('VSCODE_GIT_ASKPASS_EXTRA_ARGS', ''), ('PWD', '/home/cjs/VL53L8CX/VL53L8CX_ws/build/base_interfaces_demo'), ('XDG_CONFIG_DIRS', '/etc/xdg/xdg-ubuntu:/etc/xdg'), ('DBUS_STARTER_ADDRESS', 'unix:path=/run/user/1000/bus,guid=268dcd2de439d3d90858002266b82368'), ('XDG_DATA_DIRS', '/home/cjs/snap/code/166/.local/share:/home/cjs/snap/code/166:/snap/code/166/usr/share:/usr/share/ubuntu:/usr/local/share/:/usr/share/:/var/lib/snapd/desktop'), ('ZDOTDIR', '/home/cjs'), ('PYTHONPATH', '/opt/ros/foxy/lib/python3.8/site-packages'), ('LC_NUMERIC', 'zh_CN.UTF-8'), ('LC_PAPER', 'zh_CN.UTF-8'), ('COLCON', '1'), ('VTE_VERSION', '6003'), ('CMAKE_PREFIX_PATH', '/opt/ros/foxy')]), 'shell': False}
[0.101150] (-) TimerEvent: {}
[0.202706] (-) TimerEvent: {}
[0.266892] (base_interfaces_demo) StdoutLine: {'line': b'[  0%] Built target base_interfaces_demo__cpp\n'}
[0.291671] (base_interfaces_demo) StdoutLine: {'line': b'[ 12%] Built target base_interfaces_demo__rosidl_generator_c\n'}
[0.305630] (-) TimerEvent: {}
[0.406516] (-) TimerEvent: {}
[0.433863] (base_interfaces_demo) StdoutLine: {'line': b'[ 24%] Built target base_interfaces_demo__rosidl_typesupport_cpp\n'}
[0.435962] (base_interfaces_demo) StdoutLine: {'line': b'[ 37%] Built target base_interfaces_demo__rosidl_typesupport_introspection_c\n'}
[0.481571] (base_interfaces_demo) StdoutLine: {'line': b'[ 50%] Built target base_interfaces_demo__rosidl_typesupport_introspection_cpp\n'}
[0.496027] (base_interfaces_demo) StdoutLine: {'line': b'[ 62%] Built target base_interfaces_demo__rosidl_typesupport_fastrtps_cpp\n'}
[0.507061] (-) TimerEvent: {}
[0.550325] (base_interfaces_demo) StdoutLine: {'line': b'[ 74%] Built target base_interfaces_demo__rosidl_typesupport_c\n'}
[0.603970] (base_interfaces_demo) StdoutLine: {'line': b'[ 87%] Built target base_interfaces_demo__rosidl_typesupport_fastrtps_c\n'}
[0.607544] (-) TimerEvent: {}
[0.684733] (base_interfaces_demo) StdoutLine: {'line': b'[ 87%] Built target base_interfaces_demo\n'}
[0.708386] (-) TimerEvent: {}
[0.785925] (base_interfaces_demo) StdoutLine: {'line': b'[ 87%] Built target base_interfaces_demo__py\n'}
[0.809349] (-) TimerEvent: {}
[0.903431] (base_interfaces_demo) StdoutLine: {'line': b'[ 99%] Built target base_interfaces_demo__python\n'}
[0.909765] (-) TimerEvent: {}
[1.011347] (-) TimerEvent: {}
[1.021964] (base_interfaces_demo) StdoutLine: {'line': b'[ 99%] Built target base_interfaces_demo__rosidl_typesupport_introspection_c__pyext\n'}
[1.028297] (base_interfaces_demo) StdoutLine: {'line': b'[ 99%] Built target base_interfaces_demo__rosidl_typesupport_fastrtps_c__pyext\n'}
[1.037693] (base_interfaces_demo) StdoutLine: {'line': b'[100%] Built target base_interfaces_demo__rosidl_typesupport_c__pyext\n'}
[1.080073] (base_interfaces_demo) CommandEnded: {'returncode': 0}
[1.112037] (-) TimerEvent: {}
[1.213308] (-) TimerEvent: {}
[1.314794] (-) TimerEvent: {}
[1.415364] (-) TimerEvent: {}
[1.516903] (-) TimerEvent: {}
[1.617432] (-) TimerEvent: {}
[1.719037] (-) TimerEvent: {}
[1.820460] (-) TimerEvent: {}
[1.922059] (-) TimerEvent: {}
[2.025552] (-) TimerEvent: {}
[2.127012] (-) TimerEvent: {}
[2.228426] (-) TimerEvent: {}
[2.329269] (-) TimerEvent: {}
[2.430727] (-) TimerEvent: {}
[2.532121] (-) TimerEvent: {}
[2.633768] (-) TimerEvent: {}
[2.735183] (-) TimerEvent: {}
[2.836765] (-) TimerEvent: {}
[2.937356] (-) TimerEvent: {}
[3.038468] (-) TimerEvent: {}
[3.139334] (-) TimerEvent: {}
[3.241265] (-) TimerEvent: {}
[3.342946] (-) TimerEvent: {}
[3.444320] (-) TimerEvent: {}
[3.545651] (-) TimerEvent: {}
[3.647010] (-) TimerEvent: {}
[3.748496] (-) TimerEvent: {}
[3.849191] (-) TimerEvent: {}
[3.949886] (-) TimerEvent: {}
[4.051200] (-) TimerEvent: {}
[4.152139] (-) TimerEvent: {}
[4.253380] (-) TimerEvent: {}
[4.354289] (-) TimerEvent: {}
[4.413167] (base_interfaces_demo) JobProgress: {'identifier': 'base_interfaces_demo', 'progress': 'install'}
[4.446159] (base_interfaces_demo) Command: {'cmd': ['/usr/bin/cmake', '--install', '/home/cjs/VL53L8CX/VL53L8CX_ws/build/base_interfaces_demo'], 'cwd': '/home/cjs/VL53L8CX/VL53L8CX_ws/build/base_interfaces_demo', 'env': OrderedDict([('USER', 'cjs'), ('LC_TIME', 'zh_CN.UTF-8'), ('GIO_MODULE_DIR', '/home/cjs/snap/code/common/.cache/gio-modules'), ('SSH_AGENT_PID', '1520'), ('XDG_SESSION_TYPE', 'x11'), ('GTK_EXE_PREFIX_VSCODE_SNAP_ORIG', ''), ('GIT_ASKPASS', '/snap/code/166/usr/share/code/resources/app/extensions/git/dist/askpass.sh'), ('GDK_BACKEND_VSCODE_SNAP_ORIG', ''), ('SHLVL', '2'), ('LD_LIBRARY_PATH', '/opt/ros/foxy/opt/yaml_cpp_vendor/lib:/opt/ros/foxy/opt/rviz_ogre_vendor/lib:/opt/ros/foxy/lib/x86_64-linux-gnu:/opt/ros/foxy/lib'), ('LESS', '-R'), ('HOME', '/home/cjs'), ('LOCPATH_VSCODE_SNAP_ORIG', ''), ('OLDPWD', '/home/cjs/VL53L8CX'), ('CHROME_DESKTOP', 'code-url-handler.desktop'), ('DESKTOP_SESSION', 'ubuntu'), ('GTK_PATH', '/snap/code/166/usr/lib/x86_64-linux-gnu/gtk-3.0'), ('TERM_PROGRAM_VERSION', '1.92.1'), ('LSCOLORS', 'Gxfxcxdxbxegedabagacad'), ('ZSH', '/home/cjs/.oh-my-zsh'), ('GTK_IM_MODULE_FILE', '/home/cjs/snap/code/common/.cache/immodules/immodules.cache'), ('ROS_PYTHON_VERSION', '3'), ('GNOME_SHELL_SESSION_MODE', 'ubuntu'), ('ALL', 'en.US.UTF-8'), ('GTK_MODULES', 'gail:atk-bridge'), ('GSETTINGS_SCHEMA_DIR_VSCODE_SNAP_ORIG', ''), ('PAGER', 'less'), ('VSCODE_GIT_ASKPASS_MAIN', '/snap/code/166/usr/share/code/resources/app/extensions/git/dist/askpass-main.js'), ('LC_MONETARY', 'zh_CN.UTF-8'), ('MANAGERPID', '1424'), ('VSCODE_GIT_ASKPASS_NODE', '/snap/code/166/usr/share/code/code'), ('DBUS_STARTER_BUS_TYPE', 'session'), ('DBUS_SESSION_BUS_ADDRESS', 'unix:path=/run/user/1000/bus,guid=268dcd2de439d3d90858002266b82368'), ('COLORTERM', 'truecolor'), ('IM_CONFIG_PHASE', '1'), ('ROS_DISTRO', 'foxy'), ('LOGNAME', 'cjs'), ('JOURNAL_STREAM', '8:57458'), ('_', '/usr/bin/colcon'), ('ROS_VERSION', '2'), ('XDG_CONFIG_DIRS_VSCODE_SNAP_ORIG', '/etc/xdg/xdg-ubuntu:/etc/xdg'), ('XDG_SESSION_CLASS', 'user'), ('XDG_DATA_DIRS_VSCODE_SNAP_ORIG', '/usr/share/ubuntu:/usr/local/share/:/usr/share/:/var/lib/snapd/desktop'), ('USER_ZDOTDIR', '/home/cjs'), ('USERNAME', 'cjs'), ('TERM', 'xterm-256color'), ('GNOME_DESKTOP_SESSION_ID', 'this-is-deprecated'), ('ROS_LOCALHOST_ONLY', '0'), ('WINDOWPATH', '2'), ('PATH', '/opt/ros/foxy/bin:/usr/local/sbin:/usr/local/bin:/usr/sbin:/usr/bin:/sbin:/bin:/usr/games:/usr/local/games:/snap/bin'), ('SESSION_MANAGER', 'local/cjs-virtual-machine:@/tmp/.ICE-unix/1556,unix/cjs-virtual-machine:/tmp/.ICE-unix/1556'), ('GTK_EXE_PREFIX', '/snap/code/166/usr'), ('INVOCATION_ID', '9ee8dd2fd7cc48b9b2c20cfcb166a738'), ('XDG_MENU_PREFIX', 'gnome-'), ('LC_ADDRESS', 'zh_CN.UTF-8'), ('XDG_RUNTIME_DIR', '/run/user/1000'), ('GDK_BACKEND', 'x11'), ('DISPLAY', ':0'), ('LOCPATH', '/snap/code/166/usr/lib/locale'), ('LANG', 'en_US.UTF-8'), ('XDG_CURRENT_DESKTOP', 'Unity'), ('LC_TELEPHONE', 'zh_CN.UTF-8'), ('TILIX_ID', '9923de69-11f6-49bd-8a1c-424db162521e'), ('VSCODE_INJECTION', '1'), ('GIO_MODULE_DIR_VSCODE_SNAP_ORIG', ''), ('XMODIFIERS', '@im=ibus'), ('XDG_SESSION_DESKTOP', 'ubuntu'), ('XAUTHORITY', '/run/user/1000/gdm/Xauthority'), ('LS_COLORS', 'no=00:fi=00:di=01;34:ln=00;36:pi=40;33:so=01;35:do=01;35:bd=40;33;01:cd=40;33;01:or=41;33;01:ex=00;32:*.cmd=00;32:*.exe=01;32:*.com=01;32:*.bat=01;32:*.btm=01;32:*.dll=01;32:*.tar=00;31:*.tbz=00;31:*.tgz=00;31:*.rpm=00;31:*.deb=00;31:*.arj=00;31:*.taz=00;31:*.lzh=00;31:*.lzma=00;31:*.zip=00;31:*.zoo=00;31:*.z=00;31:*.Z=00;31:*.gz=00;31:*.bz2=00;31:*.tb2=00;31:*.tz2=00;31:*.tbz2=00;31:*.avi=01;35:*.bmp=01;35:*.fli=01;35:*.gif=01;35:*.jpg=01;35:*.jpeg=01;35:*.mng=01;35:*.mov=01;35:*.mpg=01;35:*.pcx=01;35:*.pbm=01;35:*.pgm=01;35:*.png=01;35:*.ppm=01;35:*.tga=01;35:*.tif=01;35:*.xbm=01;35:*.xpm=01;35:*.dl=01;35:*.gl=01;35:*.wmv=01;35:*.aiff=00;32:*.au=00;32:*.mid=00;32:*.mp3=00;32:*.ogg=00;32:*.voc=00;32:*.wav=00;32:'), ('TERM_PROGRAM', 'vscode'), ('VSCODE_GIT_IPC_HANDLE', '/run/user/1000/vscode-git-6e22b0dd4c.sock'), ('SSH_AUTH_SOCK', '/run/user/1000/keyring/ssh'), ('GSETTINGS_SCHEMA_DIR', '/home/cjs/snap/code/166/.local/share/glib-2.0/schemas'), ('AMENT_PREFIX_PATH', '/opt/ros/foxy'), ('ORIGINAL_XDG_CURRENT_DESKTOP', 'ubuntu:GNOME'), ('SHELL', '/usr/bin/zsh'), ('LC_NAME', 'zh_CN.UTF-8'), ('QT_ACCESSIBILITY', '1'), ('GDMSESSION', 'ubuntu'), ('GTK_PATH_VSCODE_SNAP_ORIG', ''), ('GTK_IM_MODULE_FILE_VSCODE_SNAP_ORIG', ''), ('LC_MEASUREMENT', 'zh_CN.UTF-8'), ('GPG_AGENT_INFO', '/run/user/1000/gnupg/S.gpg-agent:0:1'), ('LC_IDENTIFICATION', 'zh_CN.UTF-8'), ('QT_IM_MODULE', 'ibus'), ('VSCODE_GIT_ASKPASS_EXTRA_ARGS', ''), ('PWD', '/home/cjs/VL53L8CX/VL53L8CX_ws/build/base_interfaces_demo'), ('XDG_CONFIG_DIRS', '/etc/xdg/xdg-ubuntu:/etc/xdg'), ('DBUS_STARTER_ADDRESS', 'unix:path=/run/user/1000/bus,guid=268dcd2de439d3d90858002266b82368'), ('XDG_DATA_DIRS', '/home/cjs/snap/code/166/.local/share:/home/cjs/snap/code/166:/snap/code/166/usr/share:/usr/share/ubuntu:/usr/local/share/:/usr/share/:/var/lib/snapd/desktop'), ('ZDOTDIR', '/home/cjs'), ('PYTHONPATH', '/opt/ros/foxy/lib/python3.8/site-packages'), ('LC_NUMERIC', 'zh_CN.UTF-8'), ('LC_PAPER', 'zh_CN.UTF-8'), ('COLCON', '1'), ('VTE_VERSION', '6003'), ('CMAKE_PREFIX_PATH', '/opt/ros/foxy')]), 'shell': False}
[4.455264] (-) TimerEvent: {}
[4.477332] (base_interfaces_demo) StdoutLine: {'line': b'-- Install configuration: ""\n'}
[4.477749] (base_interfaces_demo) StdoutLine: {'line': b'-- Up-to-date: /home/cjs/VL53L8CX/VL53L8CX_ws/install/base_interfaces_demo/share/ament_index/resource_index/rosidl_interfaces/base_interfaces_demo\n'}
[4.478109] (base_interfaces_demo) StdoutLine: {'line': b'-- Up-to-date: /home/cjs/VL53L8CX/VL53L8CX_ws/install/base_interfaces_demo/include/base_interfaces_demo\n'}
[4.478447] (base_interfaces_demo) StdoutLine: {'line': b'-- Up-to-date: /home/cjs/VL53L8CX/VL53L8CX_ws/install/base_interfaces_demo/include/base_interfaces_demo/action\n'}
[4.478912] (base_interfaces_demo) StdoutLine: {'line': b'-- Up-to-date: /home/cjs/VL53L8CX/VL53L8CX_ws/install/base_interfaces_demo/include/base_interfaces_demo/action/nav.h\n'}
[4.479123] (base_interfaces_demo) StdoutLine: {'line': b'-- Up-to-date: /home/cjs/VL53L8CX/VL53L8CX_ws/install/base_interfaces_demo/include/base_interfaces_demo/action/detail\n'}
[4.479438] (base_interfaces_demo) StdoutLine: {'line': b'-- Up-to-date: /home/cjs/VL53L8CX/VL53L8CX_ws/install/base_interfaces_demo/include/base_interfaces_demo/action/detail/pallet__type_support.h\n'}
[4.479625] (base_interfaces_demo) StdoutLine: {'line': b'-- Up-to-date: /home/cjs/VL53L8CX/VL53L8CX_ws/install/base_interfaces_demo/include/base_interfaces_demo/action/detail/pallet__functions.h\n'}
[4.479900] (base_interfaces_demo) StdoutLine: {'line': b'-- Up-to-date: /home/cjs/VL53L8CX/VL53L8CX_ws/install/base_interfaces_demo/include/base_interfaces_demo/action/detail/pallet__struct.h\n'}
[4.480050] (base_interfaces_demo) StdoutLine: {'line': b'-- Up-to-date: /home/cjs/VL53L8CX/VL53L8CX_ws/install/base_interfaces_demo/include/base_interfaces_demo/action/detail/reverse__type_support.h\n'}
[4.480194] (base_interfaces_demo) StdoutLine: {'line': b'-- Up-to-date: /home/cjs/VL53L8CX/VL53L8CX_ws/install/base_interfaces_demo/include/base_interfaces_demo/action/detail/reverse__struct.h\n'}
[4.480398] (base_interfaces_demo) StdoutLine: {'line': b'-- Up-to-date: /home/cjs/VL53L8CX/VL53L8CX_ws/install/base_interfaces_demo/include/base_interfaces_demo/action/detail/nav__functions.c\n'}
[4.481340] (base_interfaces_demo) StdoutLine: {'line': b'-- Up-to-date: /home/cjs/VL53L8CX/VL53L8CX_ws/install/base_interfaces_demo/include/base_interfaces_demo/action/detail/reverse__functions.h\n'}
[4.481538] (base_interfaces_demo) StdoutLine: {'line': b'-- Up-to-date: /home/cjs/VL53L8CX/VL53L8CX_ws/install/base_interfaces_demo/include/base_interfaces_demo/action/detail/nav__type_support.h\n'}
[4.481725] (base_interfaces_demo) StdoutLine: {'line': b'-- Up-to-date: /home/cjs/VL53L8CX/VL53L8CX_ws/install/base_interfaces_demo/include/base_interfaces_demo/action/detail/nav__functions.h\n'}
[4.482363] (base_interfaces_demo) StdoutLine: {'line': b'-- Up-to-date: /home/cjs/VL53L8CX/VL53L8CX_ws/install/base_interfaces_demo/include/base_interfaces_demo/action/detail/reverse__functions.c\n'}
[4.482770] (base_interfaces_demo) StdoutLine: {'line': b'-- Up-to-date: /home/cjs/VL53L8CX/VL53L8CX_ws/install/base_interfaces_demo/include/base_interfaces_demo/action/detail/nav__struct.h\n'}
[4.482926] (base_interfaces_demo) StdoutLine: {'line': b'-- Up-to-date: /home/cjs/VL53L8CX/VL53L8CX_ws/install/base_interfaces_demo/include/base_interfaces_demo/action/detail/pallet__functions.c\n'}
[4.483100] (base_interfaces_demo) StdoutLine: {'line': b'-- Up-to-date: /home/cjs/VL53L8CX/VL53L8CX_ws/install/base_interfaces_demo/include/base_interfaces_demo/action/pallet.h\n'}
[4.483740] (base_interfaces_demo) StdoutLine: {'line': b'-- Up-to-date: /home/cjs/VL53L8CX/VL53L8CX_ws/install/base_interfaces_demo/include/base_interfaces_demo/action/reverse.h\n'}
[4.484173] (base_interfaces_demo) StdoutLine: {'line': b'-- Up-to-date: /home/cjs/VL53L8CX/VL53L8CX_ws/install/base_interfaces_demo/include/base_interfaces_demo/srv\n'}
[4.484588] (base_interfaces_demo) StdoutLine: {'line': b'-- Up-to-date: /home/cjs/VL53L8CX/VL53L8CX_ws/install/base_interfaces_demo/include/base_interfaces_demo/srv/check_emergency.h\n'}
[4.484834] (base_interfaces_demo) StdoutLine: {'line': b'-- Up-to-date: /home/cjs/VL53L8CX/VL53L8CX_ws/install/base_interfaces_demo/include/base_interfaces_demo/srv/detail\n'}
[4.485004] (base_interfaces_demo) StdoutLine: {'line': b'-- Up-to-date: /home/cjs/VL53L8CX/VL53L8CX_ws/install/base_interfaces_demo/include/base_interfaces_demo/srv/detail/pub_code__functions.c\n'}
[4.485182] (base_interfaces_demo) StdoutLine: {'line': b'-- Up-to-date: /home/cjs/VL53L8CX/VL53L8CX_ws/install/base_interfaces_demo/include/base_interfaces_demo/srv/detail/set_emergency__type_support.h\n'}
[4.485837] (base_interfaces_demo) StdoutLine: {'line': b'-- Up-to-date: /home/cjs/VL53L8CX/VL53L8CX_ws/install/base_interfaces_demo/include/base_interfaces_demo/srv/detail/pub_code__functions.h\n'}
[4.486077] (base_interfaces_demo) StdoutLine: {'line': b'-- Up-to-date: /home/cjs/VL53L8CX/VL53L8CX_ws/install/base_interfaces_demo/include/base_interfaces_demo/srv/detail/hall__functions.h\n'}
[4.486263] (base_interfaces_demo) StdoutLine: {'line': b'-- Up-to-date: /home/cjs/VL53L8CX/VL53L8CX_ws/install/base_interfaces_demo/include/base_interfaces_demo/srv/detail/check_emergency__functions.h\n'}
[4.486450] (base_interfaces_demo) StdoutLine: {'line': b'-- Up-to-date: /home/cjs/VL53L8CX/VL53L8CX_ws/install/base_interfaces_demo/include/base_interfaces_demo/srv/detail/rcs_server__functions.h\n'}
[4.486654] (base_interfaces_demo) StdoutLine: {'line': b'-- Up-to-date: /home/cjs/VL53L8CX/VL53L8CX_ws/install/base_interfaces_demo/include/base_interfaces_demo/srv/detail/set_emergency__struct.h\n'}
[4.487420] (base_interfaces_demo) StdoutLine: {'line': b'-- Up-to-date: /home/cjs/VL53L8CX/VL53L8CX_ws/install/base_interfaces_demo/include/base_interfaces_demo/srv/detail/pub_code__type_support.h\n'}
[4.487575] (base_interfaces_demo) StdoutLine: {'line': b'-- Up-to-date: /home/cjs/VL53L8CX/VL53L8CX_ws/install/base_interfaces_demo/include/base_interfaces_demo/srv/detail/rcs_server__type_support.h\n'}
[4.492830] (base_interfaces_demo) StdoutLine: {'line': b'-- Up-to-date: /home/cjs/VL53L8CX/VL53L8CX_ws/install/base_interfaces_demo/include/base_interfaces_demo/srv/detail/rcs_server__functions.c\n'}
[4.493654] (base_interfaces_demo) StdoutLine: {'line': b'-- Up-to-date: /home/cjs/VL53L8CX/VL53L8CX_ws/install/base_interfaces_demo/include/base_interfaces_demo/srv/detail/check_emergency__struct.h\n'}
[4.494135] (base_interfaces_demo) StdoutLine: {'line': b'-- Up-to-date: /home/cjs/VL53L8CX/VL53L8CX_ws/install/base_interfaces_demo/include/base_interfaces_demo/srv/detail/hall__struct.h\n'}
[4.494308] (base_interfaces_demo) StdoutLine: {'line': b'-- Up-to-date: /home/cjs/VL53L8CX/VL53L8CX_ws/install/base_interfaces_demo/include/base_interfaces_demo/srv/detail/rcs_server__struct.h\n'}
[4.495928] (base_interfaces_demo) StdoutLine: {'line': b'-- Up-to-date: /home/cjs/VL53L8CX/VL53L8CX_ws/install/base_interfaces_demo/include/base_interfaces_demo/srv/detail/pub_code__struct.h\n'}
[4.496181] (base_interfaces_demo) StdoutLine: {'line': b'-- Up-to-date: /home/cjs/VL53L8CX/VL53L8CX_ws/install/base_interfaces_demo/include/base_interfaces_demo/srv/detail/set_emergency__functions.h\n'}
[4.496392] (base_interfaces_demo) StdoutLine: {'line': b'-- Up-to-date: /home/cjs/VL53L8CX/VL53L8CX_ws/install/base_interfaces_demo/include/base_interfaces_demo/srv/detail/set_emergency__functions.c\n'}
[4.496611] (base_interfaces_demo) StdoutLine: {'line': b'-- Up-to-date: /home/cjs/VL53L8CX/VL53L8CX_ws/install/base_interfaces_demo/include/base_interfaces_demo/srv/detail/check_emergency__type_support.h\n'}
[4.496996] (base_interfaces_demo) StdoutLine: {'line': b'-- Up-to-date: /home/cjs/VL53L8CX/VL53L8CX_ws/install/base_interfaces_demo/include/base_interfaces_demo/srv/detail/hall__functions.c\n'}
[4.497202] (base_interfaces_demo) StdoutLine: {'line': b'-- Up-to-date: /home/cjs/VL53L8CX/VL53L8CX_ws/install/base_interfaces_demo/include/base_interfaces_demo/srv/detail/hall__type_support.h\n'}
[4.497413] (base_interfaces_demo) StdoutLine: {'line': b'-- Up-to-date: /home/cjs/VL53L8CX/VL53L8CX_ws/install/base_interfaces_demo/include/base_interfaces_demo/srv/detail/check_emergency__functions.c\n'}
[4.497616] (base_interfaces_demo) StdoutLine: {'line': b'-- Up-to-date: /home/cjs/VL53L8CX/VL53L8CX_ws/install/base_interfaces_demo/include/base_interfaces_demo/srv/rcs_server.h\n'}
[4.498032] (base_interfaces_demo) StdoutLine: {'line': b'-- Up-to-date: /home/cjs/VL53L8CX/VL53L8CX_ws/install/base_interfaces_demo/include/base_interfaces_demo/srv/set_emergency.h\n'}
[4.499046] (base_interfaces_demo) StdoutLine: {'line': b'-- Up-to-date: /home/cjs/VL53L8CX/VL53L8CX_ws/install/base_interfaces_demo/include/base_interfaces_demo/srv/hall.h\n'}
[4.499202] (base_interfaces_demo) StdoutLine: {'line': b'-- Up-to-date: /home/cjs/VL53L8CX/VL53L8CX_ws/install/base_interfaces_demo/include/base_interfaces_demo/srv/pub_code.h\n'}
[4.499362] (base_interfaces_demo) StdoutLine: {'line': b'-- Up-to-date: /home/cjs/VL53L8CX/VL53L8CX_ws/install/base_interfaces_demo/include/base_interfaces_demo/msg\n'}
[4.499510] (base_interfaces_demo) StdoutLine: {'line': b'-- Up-to-date: /home/cjs/VL53L8CX/VL53L8CX_ws/install/base_interfaces_demo/include/base_interfaces_demo/msg/bms_info.h\n'}
[4.499657] (base_interfaces_demo) StdoutLine: {'line': b'-- Up-to-date: /home/cjs/VL53L8CX/VL53L8CX_ws/install/base_interfaces_demo/include/base_interfaces_demo/msg/ohom.h\n'}
[4.499803] (base_interfaces_demo) StdoutLine: {'line': b'-- Up-to-date: /home/cjs/VL53L8CX/VL53L8CX_ws/install/base_interfaces_demo/include/base_interfaces_demo/msg/manual_seek_label.h\n'}
[4.499950] (base_interfaces_demo) StdoutLine: {'line': b'-- Up-to-date: /home/cjs/VL53L8CX/VL53L8CX_ws/install/base_interfaces_demo/include/base_interfaces_demo/msg/motor_cmd.h\n'}
[4.500097] (base_interfaces_demo) StdoutLine: {'line': b'-- Up-to-date: /home/cjs/VL53L8CX/VL53L8CX_ws/install/base_interfaces_demo/include/base_interfaces_demo/msg/lift_control.h\n'}
[4.500243] (base_interfaces_demo) StdoutLine: {'line': b'-- Up-to-date: /home/cjs/VL53L8CX/VL53L8CX_ws/install/base_interfaces_demo/include/base_interfaces_demo/msg/rosidl_generator_c__visibility_control.h\n'}
[4.500395] (base_interfaces_demo) StdoutLine: {'line': b'-- Up-to-date: /home/cjs/VL53L8CX/VL53L8CX_ws/install/base_interfaces_demo/include/base_interfaces_demo/msg/detail\n'}
[4.500542] (base_interfaces_demo) StdoutLine: {'line': b'-- Up-to-date: /home/cjs/VL53L8CX/VL53L8CX_ws/install/base_interfaces_demo/include/base_interfaces_demo/msg/detail/pub_code__functions.c\n'}
[4.500729] (base_interfaces_demo) StdoutLine: {'line': b'-- Up-to-date: /home/cjs/VL53L8CX/VL53L8CX_ws/install/base_interfaces_demo/include/base_interfaces_demo/msg/detail/motor_status__functions.c\n'}
[4.500892] (base_interfaces_demo) StdoutLine: {'line': b'-- Up-to-date: /home/cjs/VL53L8CX/VL53L8CX_ws/install/base_interfaces_demo/include/base_interfaces_demo/msg/detail/movecontrol_info__functions.h\n'}
[4.501040] (base_interfaces_demo) StdoutLine: {'line': b'-- Up-to-date: /home/cjs/VL53L8CX/VL53L8CX_ws/install/base_interfaces_demo/include/base_interfaces_demo/msg/detail/rcs_info__functions.h\n'}
[4.501197] (base_interfaces_demo) StdoutLine: {'line': b'-- Up-to-date: /home/cjs/VL53L8CX/VL53L8CX_ws/install/base_interfaces_demo/include/base_interfaces_demo/msg/detail/pub_code__functions.h\n'}
[4.501343] (base_interfaces_demo) StdoutLine: {'line': b'-- Up-to-date: /home/cjs/VL53L8CX/VL53L8CX_ws/install/base_interfaces_demo/include/base_interfaces_demo/msg/detail/rcs_info__type_support.h\n'}
[4.501489] (base_interfaces_demo) StdoutLine: {'line': b'-- Up-to-date: /home/cjs/VL53L8CX/VL53L8CX_ws/install/base_interfaces_demo/include/base_interfaces_demo/msg/detail/bms_info__type_support.h\n'}
[4.501641] (base_interfaces_demo) StdoutLine: {'line': b'-- Up-to-date: /home/cjs/VL53L8CX/VL53L8CX_ws/install/base_interfaces_demo/include/base_interfaces_demo/msg/detail/seek_ret__type_support.h\n'}
[4.506167] (base_interfaces_demo) StdoutLine: {'line': b'-- Up-to-date: /home/cjs/VL53L8CX/VL53L8CX_ws/install/base_interfaces_demo/include/base_interfaces_demo/msg/detail/lift_control__type_support.h\n'}
[4.506345] (base_interfaces_demo) StdoutLine: {'line': b'-- Up-to-date: /home/cjs/VL53L8CX/VL53L8CX_ws/install/base_interfaces_demo/include/base_interfaces_demo/msg/detail/color_info__functions.c\n'}
[4.506490] (base_interfaces_demo) StdoutLine: {'line': b'-- Up-to-date: /home/cjs/VL53L8CX/VL53L8CX_ws/install/base_interfaces_demo/include/base_interfaces_demo/msg/detail/lift_control__struct.h\n'}
[4.506645] (base_interfaces_demo) StdoutLine: {'line': b'-- Up-to-date: /home/cjs/VL53L8CX/VL53L8CX_ws/install/base_interfaces_demo/include/base_interfaces_demo/msg/detail/pallet_info__functions.h\n'}
[4.506809] (base_interfaces_demo) StdoutLine: {'line': b'-- Up-to-date: /home/cjs/VL53L8CX/VL53L8CX_ws/install/base_interfaces_demo/include/base_interfaces_demo/msg/detail/rcs_info__struct.h\n'}
[4.506958] (base_interfaces_demo) StdoutLine: {'line': b'-- Up-to-date: /home/cjs/VL53L8CX/VL53L8CX_ws/install/base_interfaces_demo/include/base_interfaces_demo/msg/detail/bt_status__struct.h\n'}
[4.507106] (base_interfaces_demo) StdoutLine: {'line': b'-- Up-to-date: /home/cjs/VL53L8CX/VL53L8CX_ws/install/base_interfaces_demo/include/base_interfaces_demo/msg/detail/obs_laser__type_support.h\n'}
[4.507254] (base_interfaces_demo) StdoutLine: {'line': b'-- Up-to-date: /home/cjs/VL53L8CX/VL53L8CX_ws/install/base_interfaces_demo/include/base_interfaces_demo/msg/detail/manual__struct.h\n'}
[4.507400] (base_interfaces_demo) StdoutLine: {'line': b'-- Up-to-date: /home/cjs/VL53L8CX/VL53L8CX_ws/install/base_interfaces_demo/include/base_interfaces_demo/msg/detail/bt_status__type_support.h\n'}
[4.507549] (base_interfaces_demo) StdoutLine: {'line': b'-- Up-to-date: /home/cjs/VL53L8CX/VL53L8CX_ws/install/base_interfaces_demo/include/base_interfaces_demo/msg/detail/file_updata__struct.h\n'}
[4.508388] (base_interfaces_demo) StdoutLine: {'line': b'-- Up-to-date: /home/cjs/VL53L8CX/VL53L8CX_ws/install/base_interfaces_demo/include/base_interfaces_demo/msg/detail/seek_cmd__functions.h\n'}
[4.508561] (base_interfaces_demo) StdoutLine: {'line': b'-- Up-to-date: /home/cjs/VL53L8CX/VL53L8CX_ws/install/base_interfaces_demo/include/base_interfaces_demo/msg/detail/motor_status__struct.h\n'}
[4.508754] (base_interfaces_demo) StdoutLine: {'line': b'-- Up-to-date: /home/cjs/VL53L8CX/VL53L8CX_ws/install/base_interfaces_demo/include/base_interfaces_demo/msg/detail/motor_cmd__functions.c\n'}
[4.510118] (base_interfaces_demo) StdoutLine: {'line': b'-- Up-to-date: /home/cjs/VL53L8CX/VL53L8CX_ws/install/base_interfaces_demo/include/base_interfaces_demo/msg/detail/manual_seek_label__struct.h\n'}
[4.510605] (base_interfaces_demo) StdoutLine: {'line': b'-- Up-to-date: /home/cjs/VL53L8CX/VL53L8CX_ws/install/base_interfaces_demo/include/base_interfaces_demo/msg/detail/motor_status__type_support.h\n'}
[4.510751] (base_interfaces_demo) StdoutLine: {'line': b'-- Up-to-date: /home/cjs/VL53L8CX/VL53L8CX_ws/install/base_interfaces_demo/include/base_interfaces_demo/msg/detail/motion_control__functions.c\n'}
[4.510894] (base_interfaces_demo) StdoutLine: {'line': b'-- Up-to-date: /home/cjs/VL53L8CX/VL53L8CX_ws/install/base_interfaces_demo/include/base_interfaces_demo/msg/detail/health_node__functions.c\n'}
[4.511053] (base_interfaces_demo) StdoutLine: {'line': b'-- Up-to-date: /home/cjs/VL53L8CX/VL53L8CX_ws/install/base_interfaces_demo/include/base_interfaces_demo/msg/detail/seek_cmd__struct.h\n'}
[4.511200] (base_interfaces_demo) StdoutLine: {'line': b'-- Up-to-date: /home/cjs/VL53L8CX/VL53L8CX_ws/install/base_interfaces_demo/include/base_interfaces_demo/msg/detail/charger_info__functions.h\n'}
[4.511346] (base_interfaces_demo) StdoutLine: {'line': b'-- Up-to-date: /home/cjs/VL53L8CX/VL53L8CX_ws/install/base_interfaces_demo/include/base_interfaces_demo/msg/detail/test__struct.h\n'}
[4.511493] (base_interfaces_demo) StdoutLine: {'line': b'-- Up-to-date: /home/cjs/VL53L8CX/VL53L8CX_ws/install/base_interfaces_demo/include/base_interfaces_demo/msg/detail/health_node__struct.h\n'}
[4.511639] (base_interfaces_demo) StdoutLine: {'line': b'-- Up-to-date: /home/cjs/VL53L8CX/VL53L8CX_ws/install/base_interfaces_demo/include/base_interfaces_demo/msg/detail/lift_info__functions.c\n'}
[4.511784] (base_interfaces_demo) StdoutLine: {'line': b'-- Up-to-date: /home/cjs/VL53L8CX/VL53L8CX_ws/install/base_interfaces_demo/include/base_interfaces_demo/msg/detail/motor_status__functions.h\n'}
[4.511941] (base_interfaces_demo) StdoutLine: {'line': b'-- Up-to-date: /home/cjs/VL53L8CX/VL53L8CX_ws/install/base_interfaces_demo/include/base_interfaces_demo/msg/detail/movecontrol_info__type_support.h\n'}
[4.512090] (base_interfaces_demo) StdoutLine: {'line': b'-- Up-to-date: /home/cjs/VL53L8CX/VL53L8CX_ws/install/base_interfaces_demo/include/base_interfaces_demo/msg/detail/pub_code__type_support.h\n'}
[4.512271] (base_interfaces_demo) StdoutLine: {'line': b'-- Up-to-date: /home/cjs/VL53L8CX/VL53L8CX_ws/install/base_interfaces_demo/include/base_interfaces_demo/msg/detail/test__functions.h\n'}
[4.512414] (base_interfaces_demo) StdoutLine: {'line': b'-- Up-to-date: /home/cjs/VL53L8CX/VL53L8CX_ws/install/base_interfaces_demo/include/base_interfaces_demo/msg/detail/lift_info__functions.h\n'}
[4.512561] (base_interfaces_demo) StdoutLine: {'line': b'-- Up-to-date: /home/cjs/VL53L8CX/VL53L8CX_ws/install/base_interfaces_demo/include/base_interfaces_demo/msg/detail/movecontrol_info__struct.h\n'}
[4.512708] (base_interfaces_demo) StdoutLine: {'line': b'-- Up-to-date: /home/cjs/VL53L8CX/VL53L8CX_ws/install/base_interfaces_demo/include/base_interfaces_demo/msg/detail/motor_cmd__functions.h\n'}
[4.512855] (base_interfaces_demo) StdoutLine: {'line': b'-- Up-to-date: /home/cjs/VL53L8CX/VL53L8CX_ws/install/base_interfaces_demo/include/base_interfaces_demo/msg/detail/bt_status__functions.c\n'}
[4.512999] (base_interfaces_demo) StdoutLine: {'line': b'-- Up-to-date: /home/cjs/VL53L8CX/VL53L8CX_ws/install/base_interfaces_demo/include/base_interfaces_demo/msg/detail/manual__functions.h\n'}
[4.513152] (base_interfaces_demo) StdoutLine: {'line': b'-- Up-to-date: /home/cjs/VL53L8CX/VL53L8CX_ws/install/base_interfaces_demo/include/base_interfaces_demo/msg/detail/hall_info__functions.h\n'}
[4.514514] (base_interfaces_demo) StdoutLine: {'line': b'-- Up-to-date: /home/cjs/VL53L8CX/VL53L8CX_ws/install/base_interfaces_demo/include/base_interfaces_demo/msg/detail/manual__functions.c\n'}
[4.514906] (base_interfaces_demo) StdoutLine: {'line': b'-- Up-to-date: /home/cjs/VL53L8CX/VL53L8CX_ws/install/base_interfaces_demo/include/base_interfaces_demo/msg/detail/file_updata__functions.c\n'}
[4.516977] (base_interfaces_demo) StdoutLine: {'line': b'-- Up-to-date: /home/cjs/VL53L8CX/VL53L8CX_ws/install/base_interfaces_demo/include/base_interfaces_demo/msg/detail/manual_seek_label__type_support.h\n'}
[4.517759] (base_interfaces_demo) StdoutLine: {'line': b'-- Up-to-date: /home/cjs/VL53L8CX/VL53L8CX_ws/install/base_interfaces_demo/include/base_interfaces_demo/msg/detail/pallet_info__type_support.h\n'}
[4.517906] (base_interfaces_demo) StdoutLine: {'line': b'-- Up-to-date: /home/cjs/VL53L8CX/VL53L8CX_ws/install/base_interfaces_demo/include/base_interfaces_demo/msg/detail/ohom__functions.h\n'}
[4.518048] (base_interfaces_demo) StdoutLine: {'line': b'-- Up-to-date: /home/cjs/VL53L8CX/VL53L8CX_ws/install/base_interfaces_demo/include/base_interfaces_demo/msg/detail/color_info__functions.h\n'}
[4.518212] (base_interfaces_demo) StdoutLine: {'line': b'-- Up-to-date: /home/cjs/VL53L8CX/VL53L8CX_ws/install/base_interfaces_demo/include/base_interfaces_demo/msg/detail/health_node__functions.h\n'}
[4.518375] (base_interfaces_demo) StdoutLine: {'line': b'-- Up-to-date: /home/cjs/VL53L8CX/VL53L8CX_ws/install/base_interfaces_demo/include/base_interfaces_demo/msg/detail/seek_cmd__functions.c\n'}
[4.518603] (base_interfaces_demo) StdoutLine: {'line': b'-- Up-to-date: /home/cjs/VL53L8CX/VL53L8CX_ws/install/base_interfaces_demo/include/base_interfaces_demo/msg/detail/car_status__functions.h\n'}
[4.518994] (base_interfaces_demo) StdoutLine: {'line': b'-- Up-to-date: /home/cjs/VL53L8CX/VL53L8CX_ws/install/base_interfaces_demo/include/base_interfaces_demo/msg/detail/motion_control__type_support.h\n'}
[4.519385] (base_interfaces_demo) StdoutLine: {'line': b'-- Up-to-date: /home/cjs/VL53L8CX/VL53L8CX_ws/install/base_interfaces_demo/include/base_interfaces_demo/msg/detail/manual_seek_label__functions.c\n'}
[4.519912] (base_interfaces_demo) StdoutLine: {'line': b'-- Up-to-date: /home/cjs/VL53L8CX/VL53L8CX_ws/install/base_interfaces_demo/include/base_interfaces_demo/msg/detail/bms_info__functions.h\n'}
[4.520173] (base_interfaces_demo) StdoutLine: {'line': b'-- Up-to-date: /home/cjs/VL53L8CX/VL53L8CX_ws/install/base_interfaces_demo/include/base_interfaces_demo/msg/detail/system_status__functions.h\n'}
[4.520653] (base_interfaces_demo) StdoutLine: {'line': b'-- Up-to-date: /home/cjs/VL53L8CX/VL53L8CX_ws/install/base_interfaces_demo/include/base_interfaces_demo/msg/detail/location__functions.c\n'}
[4.520985] (base_interfaces_demo) StdoutLine: {'line': b'-- Up-to-date: /home/cjs/VL53L8CX/VL53L8CX_ws/install/base_interfaces_demo/include/base_interfaces_demo/msg/detail/lift_info__struct.h\n'}
[4.521817] (base_interfaces_demo) StdoutLine: {'line': b'-- Up-to-date: /home/cjs/VL53L8CX/VL53L8CX_ws/install/base_interfaces_demo/include/base_interfaces_demo/msg/detail/rcs_info__functions.c\n'}
[4.522470] (base_interfaces_demo) StdoutLine: {'line': b'-- Up-to-date: /home/cjs/VL53L8CX/VL53L8CX_ws/install/base_interfaces_demo/include/base_interfaces_demo/msg/detail/motion_control__functions.h\n'}
[4.523083] (base_interfaces_demo) StdoutLine: {'line': b'-- Up-to-date: /home/cjs/VL53L8CX/VL53L8CX_ws/install/base_interfaces_demo/include/base_interfaces_demo/msg/detail/motor_cmd__struct.h\n'}
[4.523235] (base_interfaces_demo) StdoutLine: {'line': b'-- Up-to-date: /home/cjs/VL53L8CX/VL53L8CX_ws/install/base_interfaces_demo/include/base_interfaces_demo/msg/detail/system_status__functions.c\n'}
[4.523405] (base_interfaces_demo) StdoutLine: {'line': b'-- Up-to-date: /home/cjs/VL53L8CX/VL53L8CX_ws/install/base_interfaces_demo/include/base_interfaces_demo/msg/detail/location__struct.h\n'}
[4.523631] (base_interfaces_demo) StdoutLine: {'line': b'-- Up-to-date: /home/cjs/VL53L8CX/VL53L8CX_ws/install/base_interfaces_demo/include/base_interfaces_demo/msg/detail/motor_cmd__type_support.h\n'}
[4.523801] (base_interfaces_demo) StdoutLine: {'line': b'-- Up-to-date: /home/cjs/VL53L8CX/VL53L8CX_ws/install/base_interfaces_demo/include/base_interfaces_demo/msg/detail/hall_info__functions.c\n'}
[4.523980] (base_interfaces_demo) StdoutLine: {'line': b'-- Up-to-date: /home/cjs/VL53L8CX/VL53L8CX_ws/install/base_interfaces_demo/include/base_interfaces_demo/msg/detail/file_updata__functions.h\n'}
[4.524479] (base_interfaces_demo) StdoutLine: {'line': b'-- Up-to-date: /home/cjs/VL53L8CX/VL53L8CX_ws/install/base_interfaces_demo/include/base_interfaces_demo/msg/detail/test__type_support.h\n'}
[4.524631] (base_interfaces_demo) StdoutLine: {'line': b'-- Up-to-date: /home/cjs/VL53L8CX/VL53L8CX_ws/install/base_interfaces_demo/include/base_interfaces_demo/msg/detail/ohom__type_support.h\n'}
[4.525778] (base_interfaces_demo) StdoutLine: {'line': b'-- Up-to-date: /home/cjs/VL53L8CX/VL53L8CX_ws/install/base_interfaces_demo/include/base_interfaces_demo/msg/detail/bt_status__functions.h\n'}
[4.525938] (base_interfaces_demo) StdoutLine: {'line': b'-- Up-to-date: /home/cjs/VL53L8CX/VL53L8CX_ws/install/base_interfaces_demo/include/base_interfaces_demo/msg/detail/pallet_info__struct.h\n'}
[4.526107] (base_interfaces_demo) StdoutLine: {'line': b'-- Up-to-date: /home/cjs/VL53L8CX/VL53L8CX_ws/install/base_interfaces_demo/include/base_interfaces_demo/msg/detail/seek_ret__functions.h\n'}
[4.526280] (base_interfaces_demo) StdoutLine: {'line': b'-- Up-to-date: /home/cjs/VL53L8CX/VL53L8CX_ws/install/base_interfaces_demo/include/base_interfaces_demo/msg/detail/color_info__struct.h\n'}
[4.526429] (base_interfaces_demo) StdoutLine: {'line': b'-- Up-to-date: /home/cjs/VL53L8CX/VL53L8CX_ws/install/base_interfaces_demo/include/base_interfaces_demo/msg/detail/charger_info__functions.c\n'}
[4.526576] (base_interfaces_demo) StdoutLine: {'line': b'-- Up-to-date: /home/cjs/VL53L8CX/VL53L8CX_ws/install/base_interfaces_demo/include/base_interfaces_demo/msg/detail/pub_code__struct.h\n'}
[4.527186] (base_interfaces_demo) StdoutLine: {'line': b'-- Up-to-date: /home/cjs/VL53L8CX/VL53L8CX_ws/install/base_interfaces_demo/include/base_interfaces_demo/msg/detail/lift_control__functions.h\n'}
[4.527885] (base_interfaces_demo) StdoutLine: {'line': b'-- Up-to-date: /home/cjs/VL53L8CX/VL53L8CX_ws/install/base_interfaces_demo/include/base_interfaces_demo/msg/detail/obs_laser__functions.h\n'}
[4.528287] (base_interfaces_demo) StdoutLine: {'line': b'-- Up-to-date: /home/cjs/VL53L8CX/VL53L8CX_ws/install/base_interfaces_demo/include/base_interfaces_demo/msg/detail/seek_cmd__type_support.h\n'}
[4.529106] (base_interfaces_demo) StdoutLine: {'line': b'-- Up-to-date: /home/cjs/VL53L8CX/VL53L8CX_ws/install/base_interfaces_demo/include/base_interfaces_demo/msg/detail/movecontrol_info__functions.c\n'}
[4.529606] (base_interfaces_demo) StdoutLine: {'line': b'-- Up-to-date: /home/cjs/VL53L8CX/VL53L8CX_ws/install/base_interfaces_demo/include/base_interfaces_demo/msg/detail/manual__type_support.h\n'}
[4.530009] (base_interfaces_demo) StdoutLine: {'line': b'-- Up-to-date: /home/cjs/VL53L8CX/VL53L8CX_ws/install/base_interfaces_demo/include/base_interfaces_demo/msg/detail/system_status__type_support.h\n'}
[4.530175] (base_interfaces_demo) StdoutLine: {'line': b'-- Up-to-date: /home/cjs/VL53L8CX/VL53L8CX_ws/install/base_interfaces_demo/include/base_interfaces_demo/msg/detail/car_status__struct.h\n'}
[4.530812] (base_interfaces_demo) StdoutLine: {'line': b'-- Up-to-date: /home/cjs/VL53L8CX/VL53L8CX_ws/install/base_interfaces_demo/include/base_interfaces_demo/msg/detail/lift_control__functions.c\n'}
[4.531060] (base_interfaces_demo) StdoutLine: {'line': b'-- Up-to-date: /home/cjs/VL53L8CX/VL53L8CX_ws/install/base_interfaces_demo/include/base_interfaces_demo/msg/detail/seek_ret__functions.c\n'}
[4.531289] (base_interfaces_demo) StdoutLine: {'line': b'-- Up-to-date: /home/cjs/VL53L8CX/VL53L8CX_ws/install/base_interfaces_demo/include/base_interfaces_demo/msg/detail/hall_info__type_support.h\n'}
[4.531781] (base_interfaces_demo) StdoutLine: {'line': b'-- Up-to-date: /home/cjs/VL53L8CX/VL53L8CX_ws/install/base_interfaces_demo/include/base_interfaces_demo/msg/detail/obs_laser__struct.h\n'}
[4.532331] (base_interfaces_demo) StdoutLine: {'line': b'-- Up-to-date: /home/cjs/VL53L8CX/VL53L8CX_ws/install/base_interfaces_demo/include/base_interfaces_demo/msg/detail/ohom__functions.c\n'}
[4.532709] (base_interfaces_demo) StdoutLine: {'line': b'-- Up-to-date: /home/cjs/VL53L8CX/VL53L8CX_ws/install/base_interfaces_demo/include/base_interfaces_demo/msg/detail/motion_control__struct.h\n'}
[4.533406] (base_interfaces_demo) StdoutLine: {'line': b'-- Up-to-date: /home/cjs/VL53L8CX/VL53L8CX_ws/install/base_interfaces_demo/include/base_interfaces_demo/msg/detail/lift_info__type_support.h\n'}
[4.534031] (base_interfaces_demo) StdoutLine: {'line': b'-- Up-to-date: /home/cjs/VL53L8CX/VL53L8CX_ws/install/base_interfaces_demo/include/base_interfaces_demo/msg/detail/location__type_support.h\n'}
[4.535234] (base_interfaces_demo) StdoutLine: {'line': b'-- Up-to-date: /home/cjs/VL53L8CX/VL53L8CX_ws/install/base_interfaces_demo/include/base_interfaces_demo/msg/detail/health_node__type_support.h\n'}
[4.536088] (base_interfaces_demo) StdoutLine: {'line': b'-- Up-to-date: /home/cjs/VL53L8CX/VL53L8CX_ws/install/base_interfaces_demo/include/base_interfaces_demo/msg/detail/seek_ret__struct.h\n'}
[4.536551] (base_interfaces_demo) StdoutLine: {'line': b'-- Up-to-date: /home/cjs/VL53L8CX/VL53L8CX_ws/install/base_interfaces_demo/include/base_interfaces_demo/msg/detail/hall_info__struct.h\n'}
[4.536976] (base_interfaces_demo) StdoutLine: {'line': b'-- Up-to-date: /home/cjs/VL53L8CX/VL53L8CX_ws/install/base_interfaces_demo/include/base_interfaces_demo/msg/detail/bms_info__struct.h\n'}
[4.537551] (base_interfaces_demo) StdoutLine: {'line': b'-- Up-to-date: /home/cjs/VL53L8CX/VL53L8CX_ws/install/base_interfaces_demo/include/base_interfaces_demo/msg/detail/pallet_info__functions.c\n'}
[4.537868] (base_interfaces_demo) StdoutLine: {'line': b'-- Up-to-date: /home/cjs/VL53L8CX/VL53L8CX_ws/install/base_interfaces_demo/include/base_interfaces_demo/msg/detail/ohom__struct.h\n'}
[4.538019] (base_interfaces_demo) StdoutLine: {'line': b'-- Up-to-date: /home/cjs/VL53L8CX/VL53L8CX_ws/install/base_interfaces_demo/include/base_interfaces_demo/msg/detail/charger_info__struct.h\n'}
[4.538185] (base_interfaces_demo) StdoutLine: {'line': b'-- Up-to-date: /home/cjs/VL53L8CX/VL53L8CX_ws/install/base_interfaces_demo/include/base_interfaces_demo/msg/detail/charger_info__type_support.h\n'}
[4.538366] (base_interfaces_demo) StdoutLine: {'line': b'-- Up-to-date: /home/cjs/VL53L8CX/VL53L8CX_ws/install/base_interfaces_demo/include/base_interfaces_demo/msg/detail/bms_info__functions.c\n'}
[4.538514] (base_interfaces_demo) StdoutLine: {'line': b'-- Up-to-date: /home/cjs/VL53L8CX/VL53L8CX_ws/install/base_interfaces_demo/include/base_interfaces_demo/msg/detail/test__functions.c\n'}
[4.538660] (base_interfaces_demo) StdoutLine: {'line': b'-- Up-to-date: /home/cjs/VL53L8CX/VL53L8CX_ws/install/base_interfaces_demo/include/base_interfaces_demo/msg/detail/location__functions.h\n'}
[4.538808] (base_interfaces_demo) StdoutLine: {'line': b'-- Up-to-date: /home/cjs/VL53L8CX/VL53L8CX_ws/install/base_interfaces_demo/include/base_interfaces_demo/msg/detail/manual_seek_label__functions.h\n'}
[4.538957] (base_interfaces_demo) StdoutLine: {'line': b'-- Up-to-date: /home/cjs/VL53L8CX/VL53L8CX_ws/install/base_interfaces_demo/include/base_interfaces_demo/msg/detail/system_status__struct.h\n'}
[4.539103] (base_interfaces_demo) StdoutLine: {'line': b'-- Up-to-date: /home/cjs/VL53L8CX/VL53L8CX_ws/install/base_interfaces_demo/include/base_interfaces_demo/msg/detail/obs_laser__functions.c\n'}
[4.539249] (base_interfaces_demo) StdoutLine: {'line': b'-- Up-to-date: /home/cjs/VL53L8CX/VL53L8CX_ws/install/base_interfaces_demo/include/base_interfaces_demo/msg/detail/color_info__type_support.h\n'}
[4.539401] (base_interfaces_demo) StdoutLine: {'line': b'-- Up-to-date: /home/cjs/VL53L8CX/VL53L8CX_ws/install/base_interfaces_demo/include/base_interfaces_demo/msg/detail/file_updata__type_support.h\n'}
[4.539650] (base_interfaces_demo) StdoutLine: {'line': b'-- Up-to-date: /home/cjs/VL53L8CX/VL53L8CX_ws/install/base_interfaces_demo/include/base_interfaces_demo/msg/detail/car_status__type_support.h\n'}
[4.539832] (base_interfaces_demo) StdoutLine: {'line': b'-- Up-to-date: /home/cjs/VL53L8CX/VL53L8CX_ws/install/base_interfaces_demo/include/base_interfaces_demo/msg/detail/car_status__functions.c\n'}
[4.539988] (base_interfaces_demo) StdoutLine: {'line': b'-- Up-to-date: /home/cjs/VL53L8CX/VL53L8CX_ws/install/base_interfaces_demo/include/base_interfaces_demo/msg/pallet_info.h\n'}
[4.540148] (base_interfaces_demo) StdoutLine: {'line': b'-- Up-to-date: /home/cjs/VL53L8CX/VL53L8CX_ws/install/base_interfaces_demo/include/base_interfaces_demo/msg/motor_status.h\n'}
[4.540490] (base_interfaces_demo) StdoutLine: {'line': b'-- Up-to-date: /home/cjs/VL53L8CX/VL53L8CX_ws/install/base_interfaces_demo/include/base_interfaces_demo/msg/location.h\n'}
[4.540661] (base_interfaces_demo) StdoutLine: {'line': b'-- Up-to-date: /home/cjs/VL53L8CX/VL53L8CX_ws/install/base_interfaces_demo/include/base_interfaces_demo/msg/charger_info.h\n'}
[4.540840] (base_interfaces_demo) StdoutLine: {'line': b'-- Up-to-date: /home/cjs/VL53L8CX/VL53L8CX_ws/install/base_interfaces_demo/include/base_interfaces_demo/msg/rcs_info.h\n'}
[4.541091] (base_interfaces_demo) StdoutLine: {'line': b'-- Up-to-date: /home/cjs/VL53L8CX/VL53L8CX_ws/install/base_interfaces_demo/include/base_interfaces_demo/msg/bt_status.h\n'}
[4.543083] (base_interfaces_demo) StdoutLine: {'line': b'-- Up-to-date: /home/cjs/VL53L8CX/VL53L8CX_ws/install/base_interfaces_demo/include/base_interfaces_demo/msg/lift_info.h\n'}
[4.544337] (base_interfaces_demo) StdoutLine: {'line': b'-- Up-to-date: /home/cjs/VL53L8CX/VL53L8CX_ws/install/base_interfaces_demo/include/base_interfaces_demo/msg/color_info.h\n'}
[4.544590] (base_interfaces_demo) StdoutLine: {'line': b'-- Up-to-date: /home/cjs/VL53L8CX/VL53L8CX_ws/install/base_interfaces_demo/include/base_interfaces_demo/msg/movecontrol_info.h\n'}
[4.545329] (base_interfaces_demo) StdoutLine: {'line': b'-- Up-to-date: /home/cjs/VL53L8CX/VL53L8CX_ws/install/base_interfaces_demo/include/base_interfaces_demo/msg/test.h\n'}
[4.545850] (base_interfaces_demo) StdoutLine: {'line': b'-- Up-to-date: /home/cjs/VL53L8CX/VL53L8CX_ws/install/base_interfaces_demo/include/base_interfaces_demo/msg/obs_laser.h\n'}
[4.546234] (base_interfaces_demo) StdoutLine: {'line': b'-- Up-to-date: /home/cjs/VL53L8CX/VL53L8CX_ws/install/base_interfaces_demo/include/base_interfaces_demo/msg/hall_info.h\n'}
[4.546775] (base_interfaces_demo) StdoutLine: {'line': b'-- Up-to-date: /home/cjs/VL53L8CX/VL53L8CX_ws/install/base_interfaces_demo/include/base_interfaces_demo/msg/health_node.h\n'}
[4.547173] (base_interfaces_demo) StdoutLine: {'line': b'-- Up-to-date: /home/cjs/VL53L8CX/VL53L8CX_ws/install/base_interfaces_demo/include/base_interfaces_demo/msg/car_status.h\n'}
[4.547744] (base_interfaces_demo) StdoutLine: {'line': b'-- Up-to-date: /home/cjs/VL53L8CX/VL53L8CX_ws/install/base_interfaces_demo/include/base_interfaces_demo/msg/motion_control.h\n'}
[4.548451] (base_interfaces_demo) StdoutLine: {'line': b'-- Up-to-date: /home/cjs/VL53L8CX/VL53L8CX_ws/install/base_interfaces_demo/include/base_interfaces_demo/msg/pub_code.h\n'}
[4.548982] (base_interfaces_demo) StdoutLine: {'line': b'-- Up-to-date: /home/cjs/VL53L8CX/VL53L8CX_ws/install/base_interfaces_demo/include/base_interfaces_demo/msg/seek_cmd.h\n'}
[4.549444] (base_interfaces_demo) StdoutLine: {'line': b'-- Up-to-date: /home/cjs/VL53L8CX/VL53L8CX_ws/install/base_interfaces_demo/include/base_interfaces_demo/msg/system_status.h\n'}
[4.549586] (base_interfaces_demo) StdoutLine: {'line': b'-- Up-to-date: /home/cjs/VL53L8CX/VL53L8CX_ws/install/base_interfaces_demo/include/base_interfaces_demo/msg/manual.h\n'}
[4.549710] (base_interfaces_demo) StdoutLine: {'line': b'-- Up-to-date: /home/cjs/VL53L8CX/VL53L8CX_ws/install/base_interfaces_demo/include/base_interfaces_demo/msg/seek_ret.h\n'}
[4.549863] (base_interfaces_demo) StdoutLine: {'line': b'-- Up-to-date: /home/cjs/VL53L8CX/VL53L8CX_ws/install/base_interfaces_demo/include/base_interfaces_demo/msg/file_updata.h\n'}
[4.549982] (base_interfaces_demo) StdoutLine: {'line': b'-- Up-to-date: /home/cjs/VL53L8CX/VL53L8CX_ws/install/base_interfaces_demo/share/base_interfaces_demo/environment/library_path.sh\n'}
[4.550128] (base_interfaces_demo) StdoutLine: {'line': b'-- Up-to-date: /home/cjs/VL53L8CX/VL53L8CX_ws/install/base_interfaces_demo/share/base_interfaces_demo/environment/library_path.dsv\n'}
[4.550279] (base_interfaces_demo) StdoutLine: {'line': b'-- Up-to-date: /home/cjs/VL53L8CX/VL53L8CX_ws/install/base_interfaces_demo/lib/libbase_interfaces_demo__rosidl_generator_c.so\n'}
[4.550406] (base_interfaces_demo) StdoutLine: {'line': b'-- Up-to-date: /home/cjs/VL53L8CX/VL53L8CX_ws/install/base_interfaces_demo/include/base_interfaces_demo\n'}
[4.550525] (base_interfaces_demo) StdoutLine: {'line': b'-- Up-to-date: /home/cjs/VL53L8CX/VL53L8CX_ws/install/base_interfaces_demo/include/base_interfaces_demo/action\n'}
[4.551039] (base_interfaces_demo) StdoutLine: {'line': b'-- Up-to-date: /home/cjs/VL53L8CX/VL53L8CX_ws/install/base_interfaces_demo/include/base_interfaces_demo/action/detail\n'}
[4.551931] (base_interfaces_demo) StdoutLine: {'line': b'-- Up-to-date: /home/cjs/VL53L8CX/VL53L8CX_ws/install/base_interfaces_demo/include/base_interfaces_demo/action/detail/nav__rosidl_typesupport_fastrtps_c.h\n'}
[4.552349] (base_interfaces_demo) StdoutLine: {'line': b'-- Up-to-date: /home/cjs/VL53L8CX/VL53L8CX_ws/install/base_interfaces_demo/include/base_interfaces_demo/action/detail/pallet__rosidl_typesupport_fastrtps_c.h\n'}
[4.552887] (base_interfaces_demo) StdoutLine: {'line': b'-- Up-to-date: /home/cjs/VL53L8CX/VL53L8CX_ws/install/base_interfaces_demo/include/base_interfaces_demo/action/detail/reverse__rosidl_typesupport_fastrtps_c.h\n'}
[4.553438] (base_interfaces_demo) StdoutLine: {'line': b'-- Up-to-date: /home/cjs/VL53L8CX/VL53L8CX_ws/install/base_interfaces_demo/include/base_interfaces_demo/srv\n'}
[4.553563] (base_interfaces_demo) StdoutLine: {'line': b'-- Up-to-date: /home/cjs/VL53L8CX/VL53L8CX_ws/install/base_interfaces_demo/include/base_interfaces_demo/srv/detail\n'}
[4.553682] (base_interfaces_demo) StdoutLine: {'line': b'-- Up-to-date: /home/cjs/VL53L8CX/VL53L8CX_ws/install/base_interfaces_demo/include/base_interfaces_demo/srv/detail/hall__rosidl_typesupport_fastrtps_c.h\n'}
[4.553800] (base_interfaces_demo) StdoutLine: {'line': b'-- Up-to-date: /home/cjs/VL53L8CX/VL53L8CX_ws/install/base_interfaces_demo/include/base_interfaces_demo/srv/detail/check_emergency__rosidl_typesupport_fastrtps_c.h\n'}
[4.553917] (base_interfaces_demo) StdoutLine: {'line': b'-- Up-to-date: /home/cjs/VL53L8CX/VL53L8CX_ws/install/base_interfaces_demo/include/base_interfaces_demo/srv/detail/pub_code__rosidl_typesupport_fastrtps_c.h\n'}
[4.554035] (base_interfaces_demo) StdoutLine: {'line': b'-- Up-to-date: /home/cjs/VL53L8CX/VL53L8CX_ws/install/base_interfaces_demo/include/base_interfaces_demo/srv/detail/set_emergency__rosidl_typesupport_fastrtps_c.h\n'}
[4.554191] (base_interfaces_demo) StdoutLine: {'line': b'-- Up-to-date: /home/cjs/VL53L8CX/VL53L8CX_ws/install/base_interfaces_demo/include/base_interfaces_demo/srv/detail/rcs_server__rosidl_typesupport_fastrtps_c.h\n'}
[4.554309] (base_interfaces_demo) StdoutLine: {'line': b'-- Up-to-date: /home/cjs/VL53L8CX/VL53L8CX_ws/install/base_interfaces_demo/include/base_interfaces_demo/msg\n'}
[4.554518] (base_interfaces_demo) StdoutLine: {'line': b'-- Up-to-date: /home/cjs/VL53L8CX/VL53L8CX_ws/install/base_interfaces_demo/include/base_interfaces_demo/msg/detail\n'}
[4.555121] (base_interfaces_demo) StdoutLine: {'line': b'-- Up-to-date: /home/cjs/VL53L8CX/VL53L8CX_ws/install/base_interfaces_demo/include/base_interfaces_demo/msg/detail/hall_info__rosidl_typesupport_fastrtps_c.h\n'}
[4.555677] (-) TimerEvent: {}
[4.555984] (base_interfaces_demo) StdoutLine: {'line': b'-- Up-to-date: /home/cjs/VL53L8CX/VL53L8CX_ws/install/base_interfaces_demo/include/base_interfaces_demo/msg/detail/manual__rosidl_typesupport_fastrtps_c.h\n'}
[4.556136] (base_interfaces_demo) StdoutLine: {'line': b'-- Up-to-date: /home/cjs/VL53L8CX/VL53L8CX_ws/install/base_interfaces_demo/include/base_interfaces_demo/msg/detail/manual_seek_label__rosidl_typesupport_fastrtps_c.h\n'}
[4.556300] (base_interfaces_demo) StdoutLine: {'line': b'-- Up-to-date: /home/cjs/VL53L8CX/VL53L8CX_ws/install/base_interfaces_demo/include/base_interfaces_demo/msg/detail/lift_info__rosidl_typesupport_fastrtps_c.h\n'}
[4.556419] (base_interfaces_demo) StdoutLine: {'line': b'-- Up-to-date: /home/cjs/VL53L8CX/VL53L8CX_ws/install/base_interfaces_demo/include/base_interfaces_demo/msg/detail/location__rosidl_typesupport_fastrtps_c.h\n'}
[4.556538] (base_interfaces_demo) StdoutLine: {'line': b'-- Up-to-date: /home/cjs/VL53L8CX/VL53L8CX_ws/install/base_interfaces_demo/include/base_interfaces_demo/msg/detail/movecontrol_info__rosidl_typesupport_fastrtps_c.h\n'}
[4.556664] (base_interfaces_demo) StdoutLine: {'line': b'-- Up-to-date: /home/cjs/VL53L8CX/VL53L8CX_ws/install/base_interfaces_demo/include/base_interfaces_demo/msg/detail/bms_info__rosidl_typesupport_fastrtps_c.h\n'}
[4.556781] (base_interfaces_demo) StdoutLine: {'line': b'-- Up-to-date: /home/cjs/VL53L8CX/VL53L8CX_ws/install/base_interfaces_demo/include/base_interfaces_demo/msg/detail/health_node__rosidl_typesupport_fastrtps_c.h\n'}
[4.556905] (base_interfaces_demo) StdoutLine: {'line': b'-- Up-to-date: /home/cjs/VL53L8CX/VL53L8CX_ws/install/base_interfaces_demo/include/base_interfaces_demo/msg/detail/lift_control__rosidl_typesupport_fastrtps_c.h\n'}
[4.557023] (base_interfaces_demo) StdoutLine: {'line': b'-- Up-to-date: /home/cjs/VL53L8CX/VL53L8CX_ws/install/base_interfaces_demo/include/base_interfaces_demo/msg/detail/color_info__rosidl_typesupport_fastrtps_c.h\n'}
[4.557144] (base_interfaces_demo) StdoutLine: {'line': b'-- Up-to-date: /home/cjs/VL53L8CX/VL53L8CX_ws/install/base_interfaces_demo/include/base_interfaces_demo/msg/detail/car_status__rosidl_typesupport_fastrtps_c.h\n'}
[4.557542] (base_interfaces_demo) StdoutLine: {'line': b'-- Up-to-date: /home/cjs/VL53L8CX/VL53L8CX_ws/install/base_interfaces_demo/include/base_interfaces_demo/msg/detail/pallet_info__rosidl_typesupport_fastrtps_c.h\n'}
[4.557663] (base_interfaces_demo) StdoutLine: {'line': b'-- Up-to-date: /home/cjs/VL53L8CX/VL53L8CX_ws/install/base_interfaces_demo/include/base_interfaces_demo/msg/detail/seek_ret__rosidl_typesupport_fastrtps_c.h\n'}
[4.557780] (base_interfaces_demo) StdoutLine: {'line': b'-- Up-to-date: /home/cjs/VL53L8CX/VL53L8CX_ws/install/base_interfaces_demo/include/base_interfaces_demo/msg/detail/pub_code__rosidl_typesupport_fastrtps_c.h\n'}
[4.557897] (base_interfaces_demo) StdoutLine: {'line': b'-- Up-to-date: /home/cjs/VL53L8CX/VL53L8CX_ws/install/base_interfaces_demo/include/base_interfaces_demo/msg/detail/rcs_info__rosidl_typesupport_fastrtps_c.h\n'}
[4.558014] (base_interfaces_demo) StdoutLine: {'line': b'-- Up-to-date: /home/cjs/VL53L8CX/VL53L8CX_ws/install/base_interfaces_demo/include/base_interfaces_demo/msg/detail/bt_status__rosidl_typesupport_fastrtps_c.h\n'}
[4.558155] (base_interfaces_demo) StdoutLine: {'line': b'-- Up-to-date: /home/cjs/VL53L8CX/VL53L8CX_ws/install/base_interfaces_demo/include/base_interfaces_demo/msg/detail/charger_info__rosidl_typesupport_fastrtps_c.h\n'}
[4.558293] (base_interfaces_demo) StdoutLine: {'line': b'-- Up-to-date: /home/cjs/VL53L8CX/VL53L8CX_ws/install/base_interfaces_demo/include/base_interfaces_demo/msg/detail/seek_cmd__rosidl_typesupport_fastrtps_c.h\n'}
[4.558410] (base_interfaces_demo) StdoutLine: {'line': b'-- Up-to-date: /home/cjs/VL53L8CX/VL53L8CX_ws/install/base_interfaces_demo/include/base_interfaces_demo/msg/detail/system_status__rosidl_typesupport_fastrtps_c.h\n'}
[4.558528] (base_interfaces_demo) StdoutLine: {'line': b'-- Up-to-date: /home/cjs/VL53L8CX/VL53L8CX_ws/install/base_interfaces_demo/include/base_interfaces_demo/msg/detail/motion_control__rosidl_typesupport_fastrtps_c.h\n'}
[4.558647] (base_interfaces_demo) StdoutLine: {'line': b'-- Up-to-date: /home/cjs/VL53L8CX/VL53L8CX_ws/install/base_interfaces_demo/include/base_interfaces_demo/msg/detail/test__rosidl_typesupport_fastrtps_c.h\n'}
[4.558764] (base_interfaces_demo) StdoutLine: {'line': b'-- Up-to-date: /home/cjs/VL53L8CX/VL53L8CX_ws/install/base_interfaces_demo/include/base_interfaces_demo/msg/detail/file_updata__rosidl_typesupport_fastrtps_c.h\n'}
[4.558881] (base_interfaces_demo) StdoutLine: {'line': b'-- Up-to-date: /home/cjs/VL53L8CX/VL53L8CX_ws/install/base_interfaces_demo/include/base_interfaces_demo/msg/detail/ohom__rosidl_typesupport_fastrtps_c.h\n'}
[4.558997] (base_interfaces_demo) StdoutLine: {'line': b'-- Up-to-date: /home/cjs/VL53L8CX/VL53L8CX_ws/install/base_interfaces_demo/include/base_interfaces_demo/msg/detail/motor_cmd__rosidl_typesupport_fastrtps_c.h\n'}
[4.559114] (base_interfaces_demo) StdoutLine: {'line': b'-- Up-to-date: /home/cjs/VL53L8CX/VL53L8CX_ws/install/base_interfaces_demo/include/base_interfaces_demo/msg/detail/obs_laser__rosidl_typesupport_fastrtps_c.h\n'}
[4.559231] (base_interfaces_demo) StdoutLine: {'line': b'-- Up-to-date: /home/cjs/VL53L8CX/VL53L8CX_ws/install/base_interfaces_demo/include/base_interfaces_demo/msg/detail/motor_status__rosidl_typesupport_fastrtps_c.h\n'}
[4.559349] (base_interfaces_demo) StdoutLine: {'line': b'-- Up-to-date: /home/cjs/VL53L8CX/VL53L8CX_ws/install/base_interfaces_demo/include/base_interfaces_demo/msg/rosidl_typesupport_fastrtps_c__visibility_control.h\n'}
[4.559465] (base_interfaces_demo) StdoutLine: {'line': b'-- Up-to-date: /home/cjs/VL53L8CX/VL53L8CX_ws/install/base_interfaces_demo/lib/libbase_interfaces_demo__rosidl_typesupport_fastrtps_c.so\n'}
[4.559590] (base_interfaces_demo) StdoutLine: {'line': b'-- Up-to-date: /home/cjs/VL53L8CX/VL53L8CX_ws/install/base_interfaces_demo/include/base_interfaces_demo\n'}
[4.559707] (base_interfaces_demo) StdoutLine: {'line': b'-- Up-to-date: /home/cjs/VL53L8CX/VL53L8CX_ws/install/base_interfaces_demo/include/base_interfaces_demo/action\n'}
[4.559824] (base_interfaces_demo) StdoutLine: {'line': b'-- Up-to-date: /home/cjs/VL53L8CX/VL53L8CX_ws/install/base_interfaces_demo/include/base_interfaces_demo/action/detail\n'}
[4.560652] (base_interfaces_demo) StdoutLine: {'line': b'-- Up-to-date: /home/cjs/VL53L8CX/VL53L8CX_ws/install/base_interfaces_demo/include/base_interfaces_demo/action/detail/pallet__rosidl_typesupport_fastrtps_cpp.hpp\n'}
[4.560771] (base_interfaces_demo) StdoutLine: {'line': b'-- Up-to-date: /home/cjs/VL53L8CX/VL53L8CX_ws/install/base_interfaces_demo/include/base_interfaces_demo/action/detail/dds_fastrtps\n'}
[4.560888] (base_interfaces_demo) StdoutLine: {'line': b'-- Up-to-date: /home/cjs/VL53L8CX/VL53L8CX_ws/install/base_interfaces_demo/include/base_interfaces_demo/action/detail/reverse__rosidl_typesupport_fastrtps_cpp.hpp\n'}
[4.561062] (base_interfaces_demo) StdoutLine: {'line': b'-- Up-to-date: /home/cjs/VL53L8CX/VL53L8CX_ws/install/base_interfaces_demo/include/base_interfaces_demo/action/detail/nav__rosidl_typesupport_fastrtps_cpp.hpp\n'}
[4.561363] (base_interfaces_demo) StdoutLine: {'line': b'-- Up-to-date: /home/cjs/VL53L8CX/VL53L8CX_ws/install/base_interfaces_demo/include/base_interfaces_demo/srv\n'}
[4.562549] (base_interfaces_demo) StdoutLine: {'line': b'-- Up-to-date: /home/cjs/VL53L8CX/VL53L8CX_ws/install/base_interfaces_demo/include/base_interfaces_demo/srv/detail\n'}
[4.563038] (base_interfaces_demo) StdoutLine: {'line': b'-- Up-to-date: /home/cjs/VL53L8CX/VL53L8CX_ws/install/base_interfaces_demo/include/base_interfaces_demo/srv/detail/check_emergency__rosidl_typesupport_fastrtps_cpp.hpp\n'}
[4.563243] (base_interfaces_demo) StdoutLine: {'line': b'-- Up-to-date: /home/cjs/VL53L8CX/VL53L8CX_ws/install/base_interfaces_demo/include/base_interfaces_demo/srv/detail/set_emergency__rosidl_typesupport_fastrtps_cpp.hpp\n'}
[4.564873] (base_interfaces_demo) StdoutLine: {'line': b'-- Up-to-date: /home/cjs/VL53L8CX/VL53L8CX_ws/install/base_interfaces_demo/include/base_interfaces_demo/srv/detail/rcs_server__rosidl_typesupport_fastrtps_cpp.hpp\n'}
[4.565068] (base_interfaces_demo) StdoutLine: {'line': b'-- Up-to-date: /home/cjs/VL53L8CX/VL53L8CX_ws/install/base_interfaces_demo/include/base_interfaces_demo/srv/detail/dds_fastrtps\n'}
[4.565695] (base_interfaces_demo) StdoutLine: {'line': b'-- Up-to-date: /home/cjs/VL53L8CX/VL53L8CX_ws/install/base_interfaces_demo/include/base_interfaces_demo/srv/detail/pub_code__rosidl_typesupport_fastrtps_cpp.hpp\n'}
[4.565892] (base_interfaces_demo) StdoutLine: {'line': b'-- Up-to-date: /home/cjs/VL53L8CX/VL53L8CX_ws/install/base_interfaces_demo/include/base_interfaces_demo/srv/detail/hall__rosidl_typesupport_fastrtps_cpp.hpp\n'}
[4.566511] (base_interfaces_demo) StdoutLine: {'line': b'-- Up-to-date: /home/cjs/VL53L8CX/VL53L8CX_ws/install/base_interfaces_demo/include/base_interfaces_demo/msg\n'}
[4.567026] (base_interfaces_demo) StdoutLine: {'line': b'-- Up-to-date: /home/cjs/VL53L8CX/VL53L8CX_ws/install/base_interfaces_demo/include/base_interfaces_demo/msg/detail\n'}
[4.567220] (base_interfaces_demo) StdoutLine: {'line': b'-- Up-to-date: /home/cjs/VL53L8CX/VL53L8CX_ws/install/base_interfaces_demo/include/base_interfaces_demo/msg/detail/hall_info__rosidl_typesupport_fastrtps_cpp.hpp\n'}
[4.567752] (base_interfaces_demo) StdoutLine: {'line': b'-- Up-to-date: /home/cjs/VL53L8CX/VL53L8CX_ws/install/base_interfaces_demo/include/base_interfaces_demo/msg/detail/pallet_info__rosidl_typesupport_fastrtps_cpp.hpp\n'}
[4.567954] (base_interfaces_demo) StdoutLine: {'line': b'-- Up-to-date: /home/cjs/VL53L8CX/VL53L8CX_ws/install/base_interfaces_demo/include/base_interfaces_demo/msg/detail/car_status__rosidl_typesupport_fastrtps_cpp.hpp\n'}
[4.568698] (base_interfaces_demo) StdoutLine: {'line': b'-- Up-to-date: /home/cjs/VL53L8CX/VL53L8CX_ws/install/base_interfaces_demo/include/base_interfaces_demo/msg/detail/manual__rosidl_typesupport_fastrtps_cpp.hpp\n'}
[4.569098] (base_interfaces_demo) StdoutLine: {'line': b'-- Up-to-date: /home/cjs/VL53L8CX/VL53L8CX_ws/install/base_interfaces_demo/include/base_interfaces_demo/msg/detail/test__rosidl_typesupport_fastrtps_cpp.hpp\n'}
[4.569724] (base_interfaces_demo) StdoutLine: {'line': b'-- Up-to-date: /home/cjs/VL53L8CX/VL53L8CX_ws/install/base_interfaces_demo/include/base_interfaces_demo/msg/detail/lift_info__rosidl_typesupport_fastrtps_cpp.hpp\n'}
[4.569845] (base_interfaces_demo) StdoutLine: {'line': b'-- Up-to-date: /home/cjs/VL53L8CX/VL53L8CX_ws/install/base_interfaces_demo/include/base_interfaces_demo/msg/detail/manual_seek_label__rosidl_typesupport_fastrtps_cpp.hpp\n'}
[4.572436] (base_interfaces_demo) StdoutLine: {'line': b'-- Up-to-date: /home/cjs/VL53L8CX/VL53L8CX_ws/install/base_interfaces_demo/include/base_interfaces_demo/msg/detail/file_updata__rosidl_typesupport_fastrtps_cpp.hpp\n'}
[4.573292] (base_interfaces_demo) StdoutLine: {'line': b'-- Up-to-date: /home/cjs/VL53L8CX/VL53L8CX_ws/install/base_interfaces_demo/include/base_interfaces_demo/msg/detail/lift_control__rosidl_typesupport_fastrtps_cpp.hpp\n'}
[4.574109] (base_interfaces_demo) StdoutLine: {'line': b'-- Up-to-date: /home/cjs/VL53L8CX/VL53L8CX_ws/install/base_interfaces_demo/include/base_interfaces_demo/msg/detail/movecontrol_info__rosidl_typesupport_fastrtps_cpp.hpp\n'}
[4.575603] (base_interfaces_demo) StdoutLine: {'line': b'-- Up-to-date: /home/cjs/VL53L8CX/VL53L8CX_ws/install/base_interfaces_demo/include/base_interfaces_demo/msg/detail/seek_cmd__rosidl_typesupport_fastrtps_cpp.hpp\n'}
[4.576225] (base_interfaces_demo) StdoutLine: {'line': b'-- Up-to-date: /home/cjs/VL53L8CX/VL53L8CX_ws/install/base_interfaces_demo/include/base_interfaces_demo/msg/detail/seek_ret__rosidl_typesupport_fastrtps_cpp.hpp\n'}
[4.576427] (base_interfaces_demo) StdoutLine: {'line': b'-- Up-to-date: /home/cjs/VL53L8CX/VL53L8CX_ws/install/base_interfaces_demo/include/base_interfaces_demo/msg/detail/color_info__rosidl_typesupport_fastrtps_cpp.hpp\n'}
[4.577444] (base_interfaces_demo) StdoutLine: {'line': b'-- Up-to-date: /home/cjs/VL53L8CX/VL53L8CX_ws/install/base_interfaces_demo/include/base_interfaces_demo/msg/detail/location__rosidl_typesupport_fastrtps_cpp.hpp\n'}
[4.577719] (base_interfaces_demo) StdoutLine: {'line': b'-- Up-to-date: /home/cjs/VL53L8CX/VL53L8CX_ws/install/base_interfaces_demo/include/base_interfaces_demo/msg/detail/bt_status__rosidl_typesupport_fastrtps_cpp.hpp\n'}
[4.578268] (base_interfaces_demo) StdoutLine: {'line': b'-- Up-to-date: /home/cjs/VL53L8CX/VL53L8CX_ws/install/base_interfaces_demo/include/base_interfaces_demo/msg/detail/dds_fastrtps\n'}
[4.578803] (base_interfaces_demo) StdoutLine: {'line': b'-- Up-to-date: /home/cjs/VL53L8CX/VL53L8CX_ws/install/base_interfaces_demo/include/base_interfaces_demo/msg/detail/motor_cmd__rosidl_typesupport_fastrtps_cpp.hpp\n'}
[4.579291] (base_interfaces_demo) StdoutLine: {'line': b'-- Up-to-date: /home/cjs/VL53L8CX/VL53L8CX_ws/install/base_interfaces_demo/include/base_interfaces_demo/msg/detail/motion_control__rosidl_typesupport_fastrtps_cpp.hpp\n'}
[4.579734] (base_interfaces_demo) StdoutLine: {'line': b'-- Up-to-date: /home/cjs/VL53L8CX/VL53L8CX_ws/install/base_interfaces_demo/include/base_interfaces_demo/msg/detail/bms_info__rosidl_typesupport_fastrtps_cpp.hpp\n'}
[4.580285] (base_interfaces_demo) StdoutLine: {'line': b'-- Up-to-date: /home/cjs/VL53L8CX/VL53L8CX_ws/install/base_interfaces_demo/include/base_interfaces_demo/msg/detail/ohom__rosidl_typesupport_fastrtps_cpp.hpp\n'}
[4.580407] (base_interfaces_demo) StdoutLine: {'line': b'-- Up-to-date: /home/cjs/VL53L8CX/VL53L8CX_ws/install/base_interfaces_demo/include/base_interfaces_demo/msg/detail/pub_code__rosidl_typesupport_fastrtps_cpp.hpp\n'}
[4.580601] (base_interfaces_demo) StdoutLine: {'line': b'-- Up-to-date: /home/cjs/VL53L8CX/VL53L8CX_ws/install/base_interfaces_demo/include/base_interfaces_demo/msg/detail/charger_info__rosidl_typesupport_fastrtps_cpp.hpp\n'}
[4.581129] (base_interfaces_demo) StdoutLine: {'line': b'-- Up-to-date: /home/cjs/VL53L8CX/VL53L8CX_ws/install/base_interfaces_demo/include/base_interfaces_demo/msg/detail/system_status__rosidl_typesupport_fastrtps_cpp.hpp\n'}
[4.581597] (base_interfaces_demo) StdoutLine: {'line': b'-- Up-to-date: /home/cjs/VL53L8CX/VL53L8CX_ws/install/base_interfaces_demo/include/base_interfaces_demo/msg/detail/rcs_info__rosidl_typesupport_fastrtps_cpp.hpp\n'}
[4.582350] (base_interfaces_demo) StdoutLine: {'line': b'-- Up-to-date: /home/cjs/VL53L8CX/VL53L8CX_ws/install/base_interfaces_demo/include/base_interfaces_demo/msg/detail/motor_status__rosidl_typesupport_fastrtps_cpp.hpp\n'}
[4.582739] (base_interfaces_demo) StdoutLine: {'line': b'-- Up-to-date: /home/cjs/VL53L8CX/VL53L8CX_ws/install/base_interfaces_demo/include/base_interfaces_demo/msg/detail/health_node__rosidl_typesupport_fastrtps_cpp.hpp\n'}
[4.583322] (base_interfaces_demo) StdoutLine: {'line': b'-- Up-to-date: /home/cjs/VL53L8CX/VL53L8CX_ws/install/base_interfaces_demo/include/base_interfaces_demo/msg/detail/obs_laser__rosidl_typesupport_fastrtps_cpp.hpp\n'}
[4.584038] (base_interfaces_demo) StdoutLine: {'line': b'-- Up-to-date: /home/cjs/VL53L8CX/VL53L8CX_ws/install/base_interfaces_demo/include/base_interfaces_demo/msg/rosidl_typesupport_fastrtps_cpp__visibility_control.h\n'}
[4.584305] (base_interfaces_demo) StdoutLine: {'line': b'-- Up-to-date: /home/cjs/VL53L8CX/VL53L8CX_ws/install/base_interfaces_demo/lib/libbase_interfaces_demo__rosidl_typesupport_fastrtps_cpp.so\n'}
[4.584502] (base_interfaces_demo) StdoutLine: {'line': b'-- Up-to-date: /home/cjs/VL53L8CX/VL53L8CX_ws/install/base_interfaces_demo/include/base_interfaces_demo\n'}
[4.585036] (base_interfaces_demo) StdoutLine: {'line': b'-- Up-to-date: /home/cjs/VL53L8CX/VL53L8CX_ws/install/base_interfaces_demo/include/base_interfaces_demo/action\n'}
[4.585811] (base_interfaces_demo) StdoutLine: {'line': b'-- Up-to-date: /home/cjs/VL53L8CX/VL53L8CX_ws/install/base_interfaces_demo/include/base_interfaces_demo/action/detail\n'}
[4.586441] (base_interfaces_demo) StdoutLine: {'line': b'-- Up-to-date: /home/cjs/VL53L8CX/VL53L8CX_ws/install/base_interfaces_demo/include/base_interfaces_demo/action/detail/pallet__rosidl_typesupport_introspection_c.h\n'}
[4.589953] (base_interfaces_demo) StdoutLine: {'line': b'-- Up-to-date: /home/cjs/VL53L8CX/VL53L8CX_ws/install/base_interfaces_demo/include/base_interfaces_demo/action/detail/reverse__type_support.c\n'}
[4.591005] (base_interfaces_demo) StdoutLine: {'line': b'-- Up-to-date: /home/cjs/VL53L8CX/VL53L8CX_ws/install/base_interfaces_demo/include/base_interfaces_demo/action/detail/nav__rosidl_typesupport_introspection_c.h\n'}
[4.591626] (base_interfaces_demo) StdoutLine: {'line': b'-- Up-to-date: /home/cjs/VL53L8CX/VL53L8CX_ws/install/base_interfaces_demo/include/base_interfaces_demo/action/detail/nav__type_support.c\n'}
[4.592532] (base_interfaces_demo) StdoutLine: {'line': b'-- Up-to-date: /home/cjs/VL53L8CX/VL53L8CX_ws/install/base_interfaces_demo/include/base_interfaces_demo/action/detail/reverse__rosidl_typesupport_introspection_c.h\n'}
[4.593515] (base_interfaces_demo) StdoutLine: {'line': b'-- Up-to-date: /home/cjs/VL53L8CX/VL53L8CX_ws/install/base_interfaces_demo/include/base_interfaces_demo/action/detail/pallet__type_support.c\n'}
[4.595377] (base_interfaces_demo) StdoutLine: {'line': b'-- Up-to-date: /home/cjs/VL53L8CX/VL53L8CX_ws/install/base_interfaces_demo/include/base_interfaces_demo/srv\n'}
[4.596353] (base_interfaces_demo) StdoutLine: {'line': b'-- Up-to-date: /home/cjs/VL53L8CX/VL53L8CX_ws/install/base_interfaces_demo/include/base_interfaces_demo/srv/detail\n'}
[4.597291] (base_interfaces_demo) StdoutLine: {'line': b'-- Up-to-date: /home/cjs/VL53L8CX/VL53L8CX_ws/install/base_interfaces_demo/include/base_interfaces_demo/srv/detail/pub_code__rosidl_typesupport_introspection_c.h\n'}
[4.597439] (base_interfaces_demo) StdoutLine: {'line': b'-- Up-to-date: /home/cjs/VL53L8CX/VL53L8CX_ws/install/base_interfaces_demo/include/base_interfaces_demo/srv/detail/set_emergency__rosidl_typesupport_introspection_c.h\n'}
[4.597560] (base_interfaces_demo) StdoutLine: {'line': b'-- Up-to-date: /home/cjs/VL53L8CX/VL53L8CX_ws/install/base_interfaces_demo/include/base_interfaces_demo/srv/detail/pub_code__type_support.c\n'}
[4.597756] (base_interfaces_demo) StdoutLine: {'line': b'-- Up-to-date: /home/cjs/VL53L8CX/VL53L8CX_ws/install/base_interfaces_demo/include/base_interfaces_demo/srv/detail/rcs_server__rosidl_typesupport_introspection_c.h\n'}
[4.597944] (base_interfaces_demo) StdoutLine: {'line': b'-- Up-to-date: /home/cjs/VL53L8CX/VL53L8CX_ws/install/base_interfaces_demo/include/base_interfaces_demo/srv/detail/rcs_server__type_support.c\n'}
[4.598651] (base_interfaces_demo) StdoutLine: {'line': b'-- Up-to-date: /home/cjs/VL53L8CX/VL53L8CX_ws/install/base_interfaces_demo/include/base_interfaces_demo/srv/detail/set_emergency__type_support.c\n'}
[4.599051] (base_interfaces_demo) StdoutLine: {'line': b'-- Up-to-date: /home/cjs/VL53L8CX/VL53L8CX_ws/install/base_interfaces_demo/include/base_interfaces_demo/srv/detail/check_emergency__rosidl_typesupport_introspection_c.h\n'}
[4.599358] (base_interfaces_demo) StdoutLine: {'line': b'-- Up-to-date: /home/cjs/VL53L8CX/VL53L8CX_ws/install/base_interfaces_demo/include/base_interfaces_demo/srv/detail/check_emergency__type_support.c\n'}
[4.599803] (base_interfaces_demo) StdoutLine: {'line': b'-- Up-to-date: /home/cjs/VL53L8CX/VL53L8CX_ws/install/base_interfaces_demo/include/base_interfaces_demo/srv/detail/hall__type_support.c\n'}
[4.600233] (base_interfaces_demo) StdoutLine: {'line': b'-- Up-to-date: /home/cjs/VL53L8CX/VL53L8CX_ws/install/base_interfaces_demo/include/base_interfaces_demo/srv/detail/hall__rosidl_typesupport_introspection_c.h\n'}
[4.600683] (base_interfaces_demo) StdoutLine: {'line': b'-- Up-to-date: /home/cjs/VL53L8CX/VL53L8CX_ws/install/base_interfaces_demo/include/base_interfaces_demo/msg\n'}
[4.601365] (base_interfaces_demo) StdoutLine: {'line': b'-- Up-to-date: /home/cjs/VL53L8CX/VL53L8CX_ws/install/base_interfaces_demo/include/base_interfaces_demo/msg/detail\n'}
[4.601570] (base_interfaces_demo) StdoutLine: {'line': b'-- Up-to-date: /home/cjs/VL53L8CX/VL53L8CX_ws/install/base_interfaces_demo/include/base_interfaces_demo/msg/detail/motor_status__type_support.c\n'}
[4.601951] (base_interfaces_demo) StdoutLine: {'line': b'-- Up-to-date: /home/cjs/VL53L8CX/VL53L8CX_ws/install/base_interfaces_demo/include/base_interfaces_demo/msg/detail/pub_code__rosidl_typesupport_introspection_c.h\n'}
[4.602699] (base_interfaces_demo) StdoutLine: {'line': b'-- Up-to-date: /home/cjs/VL53L8CX/VL53L8CX_ws/install/base_interfaces_demo/include/base_interfaces_demo/msg/detail/seek_cmd__rosidl_typesupport_introspection_c.h\n'}
[4.603403] (base_interfaces_demo) StdoutLine: {'line': b'-- Up-to-date: /home/cjs/VL53L8CX/VL53L8CX_ws/install/base_interfaces_demo/include/base_interfaces_demo/msg/detail/pub_code__type_support.c\n'}
[4.603801] (base_interfaces_demo) StdoutLine: {'line': b'-- Up-to-date: /home/cjs/VL53L8CX/VL53L8CX_ws/install/base_interfaces_demo/include/base_interfaces_demo/msg/detail/car_status__rosidl_typesupport_introspection_c.h\n'}
[4.604193] (base_interfaces_demo) StdoutLine: {'line': b'-- Up-to-date: /home/cjs/VL53L8CX/VL53L8CX_ws/install/base_interfaces_demo/include/base_interfaces_demo/msg/detail/manual__type_support.c\n'}
[4.604523] (base_interfaces_demo) StdoutLine: {'line': b'-- Up-to-date: /home/cjs/VL53L8CX/VL53L8CX_ws/install/base_interfaces_demo/include/base_interfaces_demo/msg/detail/motor_status__rosidl_typesupport_introspection_c.h\n'}
[4.604971] (base_interfaces_demo) StdoutLine: {'line': b'-- Up-to-date: /home/cjs/VL53L8CX/VL53L8CX_ws/install/base_interfaces_demo/include/base_interfaces_demo/msg/detail/lift_info__type_support.c\n'}
[4.605533] (base_interfaces_demo) StdoutLine: {'line': b'-- Up-to-date: /home/cjs/VL53L8CX/VL53L8CX_ws/install/base_interfaces_demo/include/base_interfaces_demo/msg/detail/bms_info__rosidl_typesupport_introspection_c.h\n'}
[4.606133] (base_interfaces_demo) StdoutLine: {'line': b'-- Up-to-date: /home/cjs/VL53L8CX/VL53L8CX_ws/install/base_interfaces_demo/include/base_interfaces_demo/msg/detail/hall_info__rosidl_typesupport_introspection_c.h\n'}
[4.606719] (base_interfaces_demo) StdoutLine: {'line': b'-- Up-to-date: /home/cjs/VL53L8CX/VL53L8CX_ws/install/base_interfaces_demo/include/base_interfaces_demo/msg/detail/system_status__type_support.c\n'}
[4.607056] (base_interfaces_demo) StdoutLine: {'line': b'-- Up-to-date: /home/cjs/VL53L8CX/VL53L8CX_ws/install/base_interfaces_demo/include/base_interfaces_demo/msg/detail/bt_status__rosidl_typesupport_introspection_c.h\n'}
[4.607547] (base_interfaces_demo) StdoutLine: {'line': b'-- Up-to-date: /home/cjs/VL53L8CX/VL53L8CX_ws/install/base_interfaces_demo/include/base_interfaces_demo/msg/detail/obs_laser__rosidl_typesupport_introspection_c.h\n'}
[4.607743] (base_interfaces_demo) StdoutLine: {'line': b'-- Up-to-date: /home/cjs/VL53L8CX/VL53L8CX_ws/install/base_interfaces_demo/include/base_interfaces_demo/msg/detail/location__type_support.c\n'}
[4.608665] (base_interfaces_demo) StdoutLine: {'line': b'-- Up-to-date: /home/cjs/VL53L8CX/VL53L8CX_ws/install/base_interfaces_demo/include/base_interfaces_demo/msg/detail/pallet_info__rosidl_typesupport_introspection_c.h\n'}
[4.609345] (base_interfaces_demo) StdoutLine: {'line': b'-- Up-to-date: /home/cjs/VL53L8CX/VL53L8CX_ws/install/base_interfaces_demo/include/base_interfaces_demo/msg/detail/charger_info__type_support.c\n'}
[4.609576] (base_interfaces_demo) StdoutLine: {'line': b'-- Up-to-date: /home/cjs/VL53L8CX/VL53L8CX_ws/install/base_interfaces_demo/include/base_interfaces_demo/msg/detail/bt_status__type_support.c\n'}
[4.611162] (base_interfaces_demo) StdoutLine: {'line': b'-- Up-to-date: /home/cjs/VL53L8CX/VL53L8CX_ws/install/base_interfaces_demo/include/base_interfaces_demo/msg/detail/test__type_support.c\n'}
[4.611473] (base_interfaces_demo) StdoutLine: {'line': b'-- Up-to-date: /home/cjs/VL53L8CX/VL53L8CX_ws/install/base_interfaces_demo/include/base_interfaces_demo/msg/detail/system_status__rosidl_typesupport_introspection_c.h\n'}
[4.611829] (base_interfaces_demo) StdoutLine: {'line': b'-- Up-to-date: /home/cjs/VL53L8CX/VL53L8CX_ws/install/base_interfaces_demo/include/base_interfaces_demo/msg/detail/seek_ret__type_support.c\n'}
[4.612234] (base_interfaces_demo) StdoutLine: {'line': b'-- Up-to-date: /home/cjs/VL53L8CX/VL53L8CX_ws/install/base_interfaces_demo/include/base_interfaces_demo/msg/detail/lift_control__type_support.c\n'}
[4.612632] (base_interfaces_demo) StdoutLine: {'line': b'-- Up-to-date: /home/cjs/VL53L8CX/VL53L8CX_ws/install/base_interfaces_demo/include/base_interfaces_demo/msg/detail/color_info__type_support.c\n'}
[4.613118] (base_interfaces_demo) StdoutLine: {'line': b'-- Up-to-date: /home/cjs/VL53L8CX/VL53L8CX_ws/install/base_interfaces_demo/include/base_interfaces_demo/msg/detail/bms_info__type_support.c\n'}
[4.613241] (base_interfaces_demo) StdoutLine: {'line': b'-- Up-to-date: /home/cjs/VL53L8CX/VL53L8CX_ws/install/base_interfaces_demo/include/base_interfaces_demo/msg/detail/manual__rosidl_typesupport_introspection_c.h\n'}
[4.613360] (base_interfaces_demo) StdoutLine: {'line': b'-- Up-to-date: /home/cjs/VL53L8CX/VL53L8CX_ws/install/base_interfaces_demo/include/base_interfaces_demo/msg/detail/charger_info__rosidl_typesupport_introspection_c.h\n'}
[4.613478] (base_interfaces_demo) StdoutLine: {'line': b'-- Up-to-date: /home/cjs/VL53L8CX/VL53L8CX_ws/install/base_interfaces_demo/include/base_interfaces_demo/msg/detail/motion_control__type_support.c\n'}
[4.613609] (base_interfaces_demo) StdoutLine: {'line': b'-- Up-to-date: /home/cjs/VL53L8CX/VL53L8CX_ws/install/base_interfaces_demo/include/base_interfaces_demo/msg/detail/seek_cmd__type_support.c\n'}
[4.614803] (base_interfaces_demo) StdoutLine: {'line': b'-- Up-to-date: /home/cjs/VL53L8CX/VL53L8CX_ws/install/base_interfaces_demo/include/base_interfaces_demo/msg/detail/movecontrol_info__rosidl_typesupport_introspection_c.h\n'}
[4.614934] (base_interfaces_demo) StdoutLine: {'line': b'-- Up-to-date: /home/cjs/VL53L8CX/VL53L8CX_ws/install/base_interfaces_demo/include/base_interfaces_demo/msg/detail/hall_info__type_support.c\n'}
[4.615052] (base_interfaces_demo) StdoutLine: {'line': b'-- Up-to-date: /home/cjs/VL53L8CX/VL53L8CX_ws/install/base_interfaces_demo/include/base_interfaces_demo/msg/detail/lift_info__rosidl_typesupport_introspection_c.h\n'}
[4.615169] (base_interfaces_demo) StdoutLine: {'line': b'-- Up-to-date: /home/cjs/VL53L8CX/VL53L8CX_ws/install/base_interfaces_demo/include/base_interfaces_demo/msg/detail/movecontrol_info__type_support.c\n'}
[4.615287] (base_interfaces_demo) StdoutLine: {'line': b'-- Up-to-date: /home/cjs/VL53L8CX/VL53L8CX_ws/install/base_interfaces_demo/include/base_interfaces_demo/msg/detail/lift_control__rosidl_typesupport_introspection_c.h\n'}
[4.615404] (base_interfaces_demo) StdoutLine: {'line': b'-- Up-to-date: /home/cjs/VL53L8CX/VL53L8CX_ws/install/base_interfaces_demo/include/base_interfaces_demo/msg/detail/motor_cmd__type_support.c\n'}
[4.615522] (base_interfaces_demo) StdoutLine: {'line': b'-- Up-to-date: /home/cjs/VL53L8CX/VL53L8CX_ws/install/base_interfaces_demo/include/base_interfaces_demo/msg/detail/car_status__type_support.c\n'}
[4.615873] (base_interfaces_demo) StdoutLine: {'line': b'-- Up-to-date: /home/cjs/VL53L8CX/VL53L8CX_ws/install/base_interfaces_demo/include/base_interfaces_demo/msg/detail/ohom__rosidl_typesupport_introspection_c.h\n'}
[4.615995] (base_interfaces_demo) StdoutLine: {'line': b'-- Up-to-date: /home/cjs/VL53L8CX/VL53L8CX_ws/install/base_interfaces_demo/include/base_interfaces_demo/msg/detail/manual_seek_label__type_support.c\n'}
[4.616113] (base_interfaces_demo) StdoutLine: {'line': b'-- Up-to-date: /home/cjs/VL53L8CX/VL53L8CX_ws/install/base_interfaces_demo/include/base_interfaces_demo/msg/detail/manual_seek_label__rosidl_typesupport_introspection_c.h\n'}
[4.616231] (base_interfaces_demo) StdoutLine: {'line': b'-- Up-to-date: /home/cjs/VL53L8CX/VL53L8CX_ws/install/base_interfaces_demo/include/base_interfaces_demo/msg/detail/motion_control__rosidl_typesupport_introspection_c.h\n'}
[4.616348] (base_interfaces_demo) StdoutLine: {'line': b'-- Up-to-date: /home/cjs/VL53L8CX/VL53L8CX_ws/install/base_interfaces_demo/include/base_interfaces_demo/msg/detail/file_updata__type_support.c\n'}
[4.616470] (base_interfaces_demo) StdoutLine: {'line': b'-- Up-to-date: /home/cjs/VL53L8CX/VL53L8CX_ws/install/base_interfaces_demo/include/base_interfaces_demo/msg/detail/rcs_info__rosidl_typesupport_introspection_c.h\n'}
[4.616607] (base_interfaces_demo) StdoutLine: {'line': b'-- Up-to-date: /home/cjs/VL53L8CX/VL53L8CX_ws/install/base_interfaces_demo/include/base_interfaces_demo/msg/detail/health_node__type_support.c\n'}
[4.616748] (base_interfaces_demo) StdoutLine: {'line': b'-- Up-to-date: /home/cjs/VL53L8CX/VL53L8CX_ws/install/base_interfaces_demo/include/base_interfaces_demo/msg/detail/obs_laser__type_support.c\n'}
[4.616866] (base_interfaces_demo) StdoutLine: {'line': b'-- Up-to-date: /home/cjs/VL53L8CX/VL53L8CX_ws/install/base_interfaces_demo/include/base_interfaces_demo/msg/detail/test__rosidl_typesupport_introspection_c.h\n'}
[4.616984] (base_interfaces_demo) StdoutLine: {'line': b'-- Up-to-date: /home/cjs/VL53L8CX/VL53L8CX_ws/install/base_interfaces_demo/include/base_interfaces_demo/msg/detail/seek_ret__rosidl_typesupport_introspection_c.h\n'}
[4.617101] (base_interfaces_demo) StdoutLine: {'line': b'-- Up-to-date: /home/cjs/VL53L8CX/VL53L8CX_ws/install/base_interfaces_demo/include/base_interfaces_demo/msg/detail/file_updata__rosidl_typesupport_introspection_c.h\n'}
[4.617220] (base_interfaces_demo) StdoutLine: {'line': b'-- Up-to-date: /home/cjs/VL53L8CX/VL53L8CX_ws/install/base_interfaces_demo/include/base_interfaces_demo/msg/detail/ohom__type_support.c\n'}
[4.617337] (base_interfaces_demo) StdoutLine: {'line': b'-- Up-to-date: /home/cjs/VL53L8CX/VL53L8CX_ws/install/base_interfaces_demo/include/base_interfaces_demo/msg/detail/motor_cmd__rosidl_typesupport_introspection_c.h\n'}
[4.617461] (base_interfaces_demo) StdoutLine: {'line': b'-- Up-to-date: /home/cjs/VL53L8CX/VL53L8CX_ws/install/base_interfaces_demo/include/base_interfaces_demo/msg/detail/location__rosidl_typesupport_introspection_c.h\n'}
[4.617595] (base_interfaces_demo) StdoutLine: {'line': b'-- Up-to-date: /home/cjs/VL53L8CX/VL53L8CX_ws/install/base_interfaces_demo/include/base_interfaces_demo/msg/detail/pallet_info__type_support.c\n'}
[4.617885] (base_interfaces_demo) StdoutLine: {'line': b'-- Up-to-date: /home/cjs/VL53L8CX/VL53L8CX_ws/install/base_interfaces_demo/include/base_interfaces_demo/msg/detail/rcs_info__type_support.c\n'}
[4.618013] (base_interfaces_demo) StdoutLine: {'line': b'-- Up-to-date: /home/cjs/VL53L8CX/VL53L8CX_ws/install/base_interfaces_demo/include/base_interfaces_demo/msg/detail/health_node__rosidl_typesupport_introspection_c.h\n'}
[4.618131] (base_interfaces_demo) StdoutLine: {'line': b'-- Up-to-date: /home/cjs/VL53L8CX/VL53L8CX_ws/install/base_interfaces_demo/include/base_interfaces_demo/msg/detail/color_info__rosidl_typesupport_introspection_c.h\n'}
[4.618248] (base_interfaces_demo) StdoutLine: {'line': b'-- Up-to-date: /home/cjs/VL53L8CX/VL53L8CX_ws/install/base_interfaces_demo/include/base_interfaces_demo/msg/rosidl_typesupport_introspection_c__visibility_control.h\n'}
[4.618365] (base_interfaces_demo) StdoutLine: {'line': b'-- Up-to-date: /home/cjs/VL53L8CX/VL53L8CX_ws/install/base_interfaces_demo/lib/libbase_interfaces_demo__rosidl_typesupport_introspection_c.so\n'}
[4.618482] (base_interfaces_demo) StdoutLine: {'line': b'-- Up-to-date: /home/cjs/VL53L8CX/VL53L8CX_ws/install/base_interfaces_demo/lib/libbase_interfaces_demo__rosidl_typesupport_c.so\n'}
[4.618630] (base_interfaces_demo) StdoutLine: {'line': b'-- Up-to-date: /home/cjs/VL53L8CX/VL53L8CX_ws/install/base_interfaces_demo/include/base_interfaces_demo\n'}
[4.618993] (base_interfaces_demo) StdoutLine: {'line': b'-- Up-to-date: /home/cjs/VL53L8CX/VL53L8CX_ws/install/base_interfaces_demo/include/base_interfaces_demo/action\n'}
[4.619112] (base_interfaces_demo) StdoutLine: {'line': b'-- Up-to-date: /home/cjs/VL53L8CX/VL53L8CX_ws/install/base_interfaces_demo/include/base_interfaces_demo/action/detail\n'}
[4.619230] (base_interfaces_demo) StdoutLine: {'line': b'-- Up-to-date: /home/cjs/VL53L8CX/VL53L8CX_ws/install/base_interfaces_demo/include/base_interfaces_demo/action/detail/reverse__builder.hpp\n'}
[4.619352] (base_interfaces_demo) StdoutLine: {'line': b'-- Up-to-date: /home/cjs/VL53L8CX/VL53L8CX_ws/install/base_interfaces_demo/include/base_interfaces_demo/action/detail/nav__traits.hpp\n'}
[4.619468] (base_interfaces_demo) StdoutLine: {'line': b'-- Up-to-date: /home/cjs/VL53L8CX/VL53L8CX_ws/install/base_interfaces_demo/include/base_interfaces_demo/action/detail/reverse__struct.hpp\n'}
[4.619596] (base_interfaces_demo) StdoutLine: {'line': b'-- Up-to-date: /home/cjs/VL53L8CX/VL53L8CX_ws/install/base_interfaces_demo/include/base_interfaces_demo/action/detail/pallet__traits.hpp\n'}
[4.619733] (base_interfaces_demo) StdoutLine: {'line': b'-- Up-to-date: /home/cjs/VL53L8CX/VL53L8CX_ws/install/base_interfaces_demo/include/base_interfaces_demo/action/detail/pallet__type_support.hpp\n'}
[4.619850] (base_interfaces_demo) StdoutLine: {'line': b'-- Up-to-date: /home/cjs/VL53L8CX/VL53L8CX_ws/install/base_interfaces_demo/include/base_interfaces_demo/action/detail/pallet__struct.hpp\n'}
[4.619979] (base_interfaces_demo) StdoutLine: {'line': b'-- Up-to-date: /home/cjs/VL53L8CX/VL53L8CX_ws/install/base_interfaces_demo/include/base_interfaces_demo/action/detail/nav__type_support.hpp\n'}
[4.620098] (base_interfaces_demo) StdoutLine: {'line': b'-- Up-to-date: /home/cjs/VL53L8CX/VL53L8CX_ws/install/base_interfaces_demo/include/base_interfaces_demo/action/detail/reverse__traits.hpp\n'}
[4.620215] (base_interfaces_demo) StdoutLine: {'line': b'-- Up-to-date: /home/cjs/VL53L8CX/VL53L8CX_ws/install/base_interfaces_demo/include/base_interfaces_demo/action/detail/pallet__builder.hpp\n'}
[4.620526] (base_interfaces_demo) StdoutLine: {'line': b'-- Up-to-date: /home/cjs/VL53L8CX/VL53L8CX_ws/install/base_interfaces_demo/include/base_interfaces_demo/action/detail/nav__builder.hpp\n'}
[4.620880] (base_interfaces_demo) StdoutLine: {'line': b'-- Up-to-date: /home/cjs/VL53L8CX/VL53L8CX_ws/install/base_interfaces_demo/include/base_interfaces_demo/action/detail/nav__struct.hpp\n'}
[4.621013] (base_interfaces_demo) StdoutLine: {'line': b'-- Up-to-date: /home/cjs/VL53L8CX/VL53L8CX_ws/install/base_interfaces_demo/include/base_interfaces_demo/action/detail/reverse__type_support.hpp\n'}
[4.621294] (base_interfaces_demo) StdoutLine: {'line': b'-- Up-to-date: /home/cjs/VL53L8CX/VL53L8CX_ws/install/base_interfaces_demo/include/base_interfaces_demo/action/reverse.hpp\n'}
[4.621482] (base_interfaces_demo) StdoutLine: {'line': b'-- Up-to-date: /home/cjs/VL53L8CX/VL53L8CX_ws/install/base_interfaces_demo/include/base_interfaces_demo/action/nav.hpp\n'}
[4.621847] (base_interfaces_demo) StdoutLine: {'line': b'-- Up-to-date: /home/cjs/VL53L8CX/VL53L8CX_ws/install/base_interfaces_demo/include/base_interfaces_demo/action/pallet.hpp\n'}
[4.622166] (base_interfaces_demo) StdoutLine: {'line': b'-- Up-to-date: /home/cjs/VL53L8CX/VL53L8CX_ws/install/base_interfaces_demo/include/base_interfaces_demo/srv\n'}
[4.622298] (base_interfaces_demo) StdoutLine: {'line': b'-- Up-to-date: /home/cjs/VL53L8CX/VL53L8CX_ws/install/base_interfaces_demo/include/base_interfaces_demo/srv/set_emergency.hpp\n'}
[4.622422] (base_interfaces_demo) StdoutLine: {'line': b'-- Up-to-date: /home/cjs/VL53L8CX/VL53L8CX_ws/install/base_interfaces_demo/include/base_interfaces_demo/srv/pub_code.hpp\n'}
[4.622544] (base_interfaces_demo) StdoutLine: {'line': b'-- Up-to-date: /home/cjs/VL53L8CX/VL53L8CX_ws/install/base_interfaces_demo/include/base_interfaces_demo/srv/detail\n'}
[4.622740] (base_interfaces_demo) StdoutLine: {'line': b'-- Up-to-date: /home/cjs/VL53L8CX/VL53L8CX_ws/install/base_interfaces_demo/include/base_interfaces_demo/srv/detail/check_emergency__builder.hpp\n'}
[4.622926] (base_interfaces_demo) StdoutLine: {'line': b'-- Up-to-date: /home/cjs/VL53L8CX/VL53L8CX_ws/install/base_interfaces_demo/include/base_interfaces_demo/srv/detail/check_emergency__traits.hpp\n'}
[4.623079] (base_interfaces_demo) StdoutLine: {'line': b'-- Up-to-date: /home/cjs/VL53L8CX/VL53L8CX_ws/install/base_interfaces_demo/include/base_interfaces_demo/srv/detail/check_emergency__struct.hpp\n'}
[4.623430] (base_interfaces_demo) StdoutLine: {'line': b'-- Up-to-date: /home/cjs/VL53L8CX/VL53L8CX_ws/install/base_interfaces_demo/include/base_interfaces_demo/srv/detail/pub_code__type_support.hpp\n'}
[4.623550] (base_interfaces_demo) StdoutLine: {'line': b'-- Up-to-date: /home/cjs/VL53L8CX/VL53L8CX_ws/install/base_interfaces_demo/include/base_interfaces_demo/srv/detail/hall__type_support.hpp\n'}
[4.623670] (base_interfaces_demo) StdoutLine: {'line': b'-- Up-to-date: /home/cjs/VL53L8CX/VL53L8CX_ws/install/base_interfaces_demo/include/base_interfaces_demo/srv/detail/hall__builder.hpp\n'}
[4.623793] (base_interfaces_demo) StdoutLine: {'line': b'-- Up-to-date: /home/cjs/VL53L8CX/VL53L8CX_ws/install/base_interfaces_demo/include/base_interfaces_demo/srv/detail/pub_code__builder.hpp\n'}
[4.623911] (base_interfaces_demo) StdoutLine: {'line': b'-- Up-to-date: /home/cjs/VL53L8CX/VL53L8CX_ws/install/base_interfaces_demo/include/base_interfaces_demo/srv/detail/rcs_server__traits.hpp\n'}
[4.624028] (base_interfaces_demo) StdoutLine: {'line': b'-- Up-to-date: /home/cjs/VL53L8CX/VL53L8CX_ws/install/base_interfaces_demo/include/base_interfaces_demo/srv/detail/rcs_server__struct.hpp\n'}
[4.624145] (base_interfaces_demo) StdoutLine: {'line': b'-- Up-to-date: /home/cjs/VL53L8CX/VL53L8CX_ws/install/base_interfaces_demo/include/base_interfaces_demo/srv/detail/rcs_server__type_support.hpp\n'}
[4.624262] (base_interfaces_demo) StdoutLine: {'line': b'-- Up-to-date: /home/cjs/VL53L8CX/VL53L8CX_ws/install/base_interfaces_demo/include/base_interfaces_demo/srv/detail/check_emergency__type_support.hpp\n'}
[4.624379] (base_interfaces_demo) StdoutLine: {'line': b'-- Up-to-date: /home/cjs/VL53L8CX/VL53L8CX_ws/install/base_interfaces_demo/include/base_interfaces_demo/srv/detail/set_emergency__struct.hpp\n'}
[4.624497] (base_interfaces_demo) StdoutLine: {'line': b'-- Up-to-date: /home/cjs/VL53L8CX/VL53L8CX_ws/install/base_interfaces_demo/include/base_interfaces_demo/srv/detail/set_emergency__traits.hpp\n'}
[4.624636] (base_interfaces_demo) StdoutLine: {'line': b'-- Up-to-date: /home/cjs/VL53L8CX/VL53L8CX_ws/install/base_interfaces_demo/include/base_interfaces_demo/srv/detail/set_emergency__builder.hpp\n'}
[4.624894] (base_interfaces_demo) StdoutLine: {'line': b'-- Up-to-date: /home/cjs/VL53L8CX/VL53L8CX_ws/install/base_interfaces_demo/include/base_interfaces_demo/srv/detail/pub_code__struct.hpp\n'}
[4.625012] (base_interfaces_demo) StdoutLine: {'line': b'-- Up-to-date: /home/cjs/VL53L8CX/VL53L8CX_ws/install/base_interfaces_demo/include/base_interfaces_demo/srv/detail/hall__struct.hpp\n'}
[4.625129] (base_interfaces_demo) StdoutLine: {'line': b'-- Up-to-date: /home/cjs/VL53L8CX/VL53L8CX_ws/install/base_interfaces_demo/include/base_interfaces_demo/srv/detail/set_emergency__type_support.hpp\n'}
[4.625247] (base_interfaces_demo) StdoutLine: {'line': b'-- Up-to-date: /home/cjs/VL53L8CX/VL53L8CX_ws/install/base_interfaces_demo/include/base_interfaces_demo/srv/detail/pub_code__traits.hpp\n'}
[4.625364] (base_interfaces_demo) StdoutLine: {'line': b'-- Up-to-date: /home/cjs/VL53L8CX/VL53L8CX_ws/install/base_interfaces_demo/include/base_interfaces_demo/srv/detail/hall__traits.hpp\n'}
[4.625482] (base_interfaces_demo) StdoutLine: {'line': b'-- Up-to-date: /home/cjs/VL53L8CX/VL53L8CX_ws/install/base_interfaces_demo/include/base_interfaces_demo/srv/detail/rcs_server__builder.hpp\n'}
[4.625609] (base_interfaces_demo) StdoutLine: {'line': b'-- Up-to-date: /home/cjs/VL53L8CX/VL53L8CX_ws/install/base_interfaces_demo/include/base_interfaces_demo/srv/rcs_server.hpp\n'}
[4.625744] (base_interfaces_demo) StdoutLine: {'line': b'-- Up-to-date: /home/cjs/VL53L8CX/VL53L8CX_ws/install/base_interfaces_demo/include/base_interfaces_demo/srv/check_emergency.hpp\n'}
[4.625876] (base_interfaces_demo) StdoutLine: {'line': b'-- Up-to-date: /home/cjs/VL53L8CX/VL53L8CX_ws/install/base_interfaces_demo/include/base_interfaces_demo/srv/hall.hpp\n'}
[4.626009] (base_interfaces_demo) StdoutLine: {'line': b'-- Up-to-date: /home/cjs/VL53L8CX/VL53L8CX_ws/install/base_interfaces_demo/include/base_interfaces_demo/msg\n'}
[4.626132] (base_interfaces_demo) StdoutLine: {'line': b'-- Up-to-date: /home/cjs/VL53L8CX/VL53L8CX_ws/install/base_interfaces_demo/include/base_interfaces_demo/msg/color_info.hpp\n'}
[4.626250] (base_interfaces_demo) StdoutLine: {'line': b'-- Up-to-date: /home/cjs/VL53L8CX/VL53L8CX_ws/install/base_interfaces_demo/include/base_interfaces_demo/msg/car_status.hpp\n'}
[4.626367] (base_interfaces_demo) StdoutLine: {'line': b'-- Up-to-date: /home/cjs/VL53L8CX/VL53L8CX_ws/install/base_interfaces_demo/include/base_interfaces_demo/msg/test.hpp\n'}
[4.626484] (base_interfaces_demo) StdoutLine: {'line': b'-- Up-to-date: /home/cjs/VL53L8CX/VL53L8CX_ws/install/base_interfaces_demo/include/base_interfaces_demo/msg/ohom.hpp\n'}
[4.626622] (base_interfaces_demo) StdoutLine: {'line': b'-- Up-to-date: /home/cjs/VL53L8CX/VL53L8CX_ws/install/base_interfaces_demo/include/base_interfaces_demo/msg/seek_ret.hpp\n'}
[4.626766] (base_interfaces_demo) StdoutLine: {'line': b'-- Up-to-date: /home/cjs/VL53L8CX/VL53L8CX_ws/install/base_interfaces_demo/include/base_interfaces_demo/msg/pub_code.hpp\n'}
[4.626883] (base_interfaces_demo) StdoutLine: {'line': b'-- Up-to-date: /home/cjs/VL53L8CX/VL53L8CX_ws/install/base_interfaces_demo/include/base_interfaces_demo/msg/motor_cmd.hpp\n'}
[4.627006] (base_interfaces_demo) StdoutLine: {'line': b'-- Up-to-date: /home/cjs/VL53L8CX/VL53L8CX_ws/install/base_interfaces_demo/include/base_interfaces_demo/msg/rcs_info.hpp\n'}
[4.627137] (base_interfaces_demo) StdoutLine: {'line': b'-- Up-to-date: /home/cjs/VL53L8CX/VL53L8CX_ws/install/base_interfaces_demo/include/base_interfaces_demo/msg/pallet_info.hpp\n'}
[4.627256] (base_interfaces_demo) StdoutLine: {'line': b'-- Up-to-date: /home/cjs/VL53L8CX/VL53L8CX_ws/install/base_interfaces_demo/include/base_interfaces_demo/msg/detail\n'}
[4.627373] (base_interfaces_demo) StdoutLine: {'line': b'-- Up-to-date: /home/cjs/VL53L8CX/VL53L8CX_ws/install/base_interfaces_demo/include/base_interfaces_demo/msg/detail/motion_control__builder.hpp\n'}
[4.627489] (base_interfaces_demo) StdoutLine: {'line': b'-- Up-to-date: /home/cjs/VL53L8CX/VL53L8CX_ws/install/base_interfaces_demo/include/base_interfaces_demo/msg/detail/pallet_info__type_support.hpp\n'}
[4.627610] (base_interfaces_demo) StdoutLine: {'line': b'-- Up-to-date: /home/cjs/VL53L8CX/VL53L8CX_ws/install/base_interfaces_demo/include/base_interfaces_demo/msg/detail/pub_code__type_support.hpp\n'}
[4.627747] (base_interfaces_demo) StdoutLine: {'line': b'-- Up-to-date: /home/cjs/VL53L8CX/VL53L8CX_ws/install/base_interfaces_demo/include/base_interfaces_demo/msg/detail/manual__struct.hpp\n'}
[4.627864] (base_interfaces_demo) StdoutLine: {'line': b'-- Up-to-date: /home/cjs/VL53L8CX/VL53L8CX_ws/install/base_interfaces_demo/include/base_interfaces_demo/msg/detail/movecontrol_info__struct.hpp\n'}
[4.627981] (base_interfaces_demo) StdoutLine: {'line': b'-- Up-to-date: /home/cjs/VL53L8CX/VL53L8CX_ws/install/base_interfaces_demo/include/base_interfaces_demo/msg/detail/obs_laser__builder.hpp\n'}
[4.628099] (base_interfaces_demo) StdoutLine: {'line': b'-- Up-to-date: /home/cjs/VL53L8CX/VL53L8CX_ws/install/base_interfaces_demo/include/base_interfaces_demo/msg/detail/seek_cmd__builder.hpp\n'}
[4.628216] (base_interfaces_demo) StdoutLine: {'line': b'-- Up-to-date: /home/cjs/VL53L8CX/VL53L8CX_ws/install/base_interfaces_demo/include/base_interfaces_demo/msg/detail/charger_info__traits.hpp\n'}
[4.628332] (base_interfaces_demo) StdoutLine: {'line': b'-- Up-to-date: /home/cjs/VL53L8CX/VL53L8CX_ws/install/base_interfaces_demo/include/base_interfaces_demo/msg/detail/motor_cmd__struct.hpp\n'}
[4.628449] (base_interfaces_demo) StdoutLine: {'line': b'-- Up-to-date: /home/cjs/VL53L8CX/VL53L8CX_ws/install/base_interfaces_demo/include/base_interfaces_demo/msg/detail/system_status__traits.hpp\n'}
[4.628566] (base_interfaces_demo) StdoutLine: {'line': b'-- Up-to-date: /home/cjs/VL53L8CX/VL53L8CX_ws/install/base_interfaces_demo/include/base_interfaces_demo/msg/detail/seek_ret__type_support.hpp\n'}
[4.628728] (base_interfaces_demo) StdoutLine: {'line': b'-- Up-to-date: /home/cjs/VL53L8CX/VL53L8CX_ws/install/base_interfaces_demo/include/base_interfaces_demo/msg/detail/ohom__builder.hpp\n'}
[4.628845] (base_interfaces_demo) StdoutLine: {'line': b'-- Up-to-date: /home/cjs/VL53L8CX/VL53L8CX_ws/install/base_interfaces_demo/include/base_interfaces_demo/msg/detail/car_status__type_support.hpp\n'}
[4.628963] (base_interfaces_demo) StdoutLine: {'line': b'-- Up-to-date: /home/cjs/VL53L8CX/VL53L8CX_ws/install/base_interfaces_demo/include/base_interfaces_demo/msg/detail/system_status__struct.hpp\n'}
[4.629081] (base_interfaces_demo) StdoutLine: {'line': b'-- Up-to-date: /home/cjs/VL53L8CX/VL53L8CX_ws/install/base_interfaces_demo/include/base_interfaces_demo/msg/detail/pallet_info__builder.hpp\n'}
[4.629198] (base_interfaces_demo) StdoutLine: {'line': b'-- Up-to-date: /home/cjs/VL53L8CX/VL53L8CX_ws/install/base_interfaces_demo/include/base_interfaces_demo/msg/detail/seek_ret__traits.hpp\n'}
[4.629315] (base_interfaces_demo) StdoutLine: {'line': b'-- Up-to-date: /home/cjs/VL53L8CX/VL53L8CX_ws/install/base_interfaces_demo/include/base_interfaces_demo/msg/detail/motor_cmd__builder.hpp\n'}
[4.629431] (base_interfaces_demo) StdoutLine: {'line': b'-- Up-to-date: /home/cjs/VL53L8CX/VL53L8CX_ws/install/base_interfaces_demo/include/base_interfaces_demo/msg/detail/pallet_info__traits.hpp\n'}
[4.629548] (base_interfaces_demo) StdoutLine: {'line': b'-- Up-to-date: /home/cjs/VL53L8CX/VL53L8CX_ws/install/base_interfaces_demo/include/base_interfaces_demo/msg/detail/location__traits.hpp\n'}
[4.632868] (base_interfaces_demo) StdoutLine: {'line': b'-- Up-to-date: /home/cjs/VL53L8CX/VL53L8CX_ws/install/base_interfaces_demo/include/base_interfaces_demo/msg/detail/lift_info__builder.hpp\n'}
[4.633138] (base_interfaces_demo) StdoutLine: {'line': b'-- Up-to-date: /home/cjs/VL53L8CX/VL53L8CX_ws/install/base_interfaces_demo/include/base_interfaces_demo/msg/detail/rcs_info__builder.hpp\n'}
[4.633260] (base_interfaces_demo) StdoutLine: {'line': b'-- Up-to-date: /home/cjs/VL53L8CX/VL53L8CX_ws/install/base_interfaces_demo/include/base_interfaces_demo/msg/detail/ohom__type_support.hpp\n'}
[4.633378] (base_interfaces_demo) StdoutLine: {'line': b'-- Up-to-date: /home/cjs/VL53L8CX/VL53L8CX_ws/install/base_interfaces_demo/include/base_interfaces_demo/msg/detail/system_status__type_support.hpp\n'}
[4.633504] (base_interfaces_demo) StdoutLine: {'line': b'-- Up-to-date: /home/cjs/VL53L8CX/VL53L8CX_ws/install/base_interfaces_demo/include/base_interfaces_demo/msg/detail/pub_code__builder.hpp\n'}
[4.633646] (base_interfaces_demo) StdoutLine: {'line': b'-- Up-to-date: /home/cjs/VL53L8CX/VL53L8CX_ws/install/base_interfaces_demo/include/base_interfaces_demo/msg/detail/system_status__builder.hpp\n'}
[4.633928] (base_interfaces_demo) StdoutLine: {'line': b'-- Up-to-date: /home/cjs/VL53L8CX/VL53L8CX_ws/install/base_interfaces_demo/include/base_interfaces_demo/msg/detail/health_node__struct.hpp\n'}
[4.634070] (base_interfaces_demo) StdoutLine: {'line': b'-- Up-to-date: /home/cjs/VL53L8CX/VL53L8CX_ws/install/base_interfaces_demo/include/base_interfaces_demo/msg/detail/file_updata__struct.hpp\n'}
[4.634196] (base_interfaces_demo) StdoutLine: {'line': b'-- Up-to-date: /home/cjs/VL53L8CX/VL53L8CX_ws/install/base_interfaces_demo/include/base_interfaces_demo/msg/detail/bms_info__struct.hpp\n'}
[4.634315] (base_interfaces_demo) StdoutLine: {'line': b'-- Up-to-date: /home/cjs/VL53L8CX/VL53L8CX_ws/install/base_interfaces_demo/include/base_interfaces_demo/msg/detail/obs_laser__struct.hpp\n'}
[4.634433] (base_interfaces_demo) StdoutLine: {'line': b'-- Up-to-date: /home/cjs/VL53L8CX/VL53L8CX_ws/install/base_interfaces_demo/include/base_interfaces_demo/msg/detail/car_status__struct.hpp\n'}
[4.634550] (base_interfaces_demo) StdoutLine: {'line': b'-- Up-to-date: /home/cjs/VL53L8CX/VL53L8CX_ws/install/base_interfaces_demo/include/base_interfaces_demo/msg/detail/manual_seek_label__builder.hpp\n'}
[4.634730] (base_interfaces_demo) StdoutLine: {'line': b'-- Up-to-date: /home/cjs/VL53L8CX/VL53L8CX_ws/install/base_interfaces_demo/include/base_interfaces_demo/msg/detail/motor_status__type_support.hpp\n'}
[4.634854] (base_interfaces_demo) StdoutLine: {'line': b'-- Up-to-date: /home/cjs/VL53L8CX/VL53L8CX_ws/install/base_interfaces_demo/include/base_interfaces_demo/msg/detail/bt_status__type_support.hpp\n'}
[4.634973] (base_interfaces_demo) StdoutLine: {'line': b'-- Up-to-date: /home/cjs/VL53L8CX/VL53L8CX_ws/install/base_interfaces_demo/include/base_interfaces_demo/msg/detail/bt_status__struct.hpp\n'}
[4.635090] (base_interfaces_demo) StdoutLine: {'line': b'-- Up-to-date: /home/cjs/VL53L8CX/VL53L8CX_ws/install/base_interfaces_demo/include/base_interfaces_demo/msg/detail/motor_cmd__traits.hpp\n'}
[4.635207] (base_interfaces_demo) StdoutLine: {'line': b'-- Up-to-date: /home/cjs/VL53L8CX/VL53L8CX_ws/install/base_interfaces_demo/include/base_interfaces_demo/msg/detail/motion_control__struct.hpp\n'}
[4.635324] (base_interfaces_demo) StdoutLine: {'line': b'-- Up-to-date: /home/cjs/VL53L8CX/VL53L8CX_ws/install/base_interfaces_demo/include/base_interfaces_demo/msg/detail/lift_info__type_support.hpp\n'}
[4.635441] (base_interfaces_demo) StdoutLine: {'line': b'-- Up-to-date: /home/cjs/VL53L8CX/VL53L8CX_ws/install/base_interfaces_demo/include/base_interfaces_demo/msg/detail/bt_status__traits.hpp\n'}
[4.635559] (base_interfaces_demo) StdoutLine: {'line': b'-- Up-to-date: /home/cjs/VL53L8CX/VL53L8CX_ws/install/base_interfaces_demo/include/base_interfaces_demo/msg/detail/car_status__builder.hpp\n'}
[4.635687] (base_interfaces_demo) StdoutLine: {'line': b'-- Up-to-date: /home/cjs/VL53L8CX/VL53L8CX_ws/install/base_interfaces_demo/include/base_interfaces_demo/msg/detail/obs_laser__traits.hpp\n'}
[4.635805] (base_interfaces_demo) StdoutLine: {'line': b'-- Up-to-date: /home/cjs/VL53L8CX/VL53L8CX_ws/install/base_interfaces_demo/include/base_interfaces_demo/msg/detail/lift_control__type_support.hpp\n'}
[4.635921] (base_interfaces_demo) StdoutLine: {'line': b'-- Up-to-date: /home/cjs/VL53L8CX/VL53L8CX_ws/install/base_interfaces_demo/include/base_interfaces_demo/msg/detail/manual__traits.hpp\n'}
[4.636038] (base_interfaces_demo) StdoutLine: {'line': b'-- Up-to-date: /home/cjs/VL53L8CX/VL53L8CX_ws/install/base_interfaces_demo/include/base_interfaces_demo/msg/detail/motion_control__type_support.hpp\n'}
[4.636155] (base_interfaces_demo) StdoutLine: {'line': b'-- Up-to-date: /home/cjs/VL53L8CX/VL53L8CX_ws/install/base_interfaces_demo/include/base_interfaces_demo/msg/detail/test__traits.hpp\n'}
[4.636272] (base_interfaces_demo) StdoutLine: {'line': b'-- Up-to-date: /home/cjs/VL53L8CX/VL53L8CX_ws/install/base_interfaces_demo/include/base_interfaces_demo/msg/detail/manual__type_support.hpp\n'}
[4.636390] (base_interfaces_demo) StdoutLine: {'line': b'-- Up-to-date: /home/cjs/VL53L8CX/VL53L8CX_ws/install/base_interfaces_demo/include/base_interfaces_demo/msg/detail/color_info__type_support.hpp\n'}
[4.636507] (base_interfaces_demo) StdoutLine: {'line': b'-- Up-to-date: /home/cjs/VL53L8CX/VL53L8CX_ws/install/base_interfaces_demo/include/base_interfaces_demo/msg/detail/seek_cmd__type_support.hpp\n'}
[4.636648] (base_interfaces_demo) StdoutLine: {'line': b'-- Up-to-date: /home/cjs/VL53L8CX/VL53L8CX_ws/install/base_interfaces_demo/include/base_interfaces_demo/msg/detail/charger_info__builder.hpp\n'}
[4.636784] (base_interfaces_demo) StdoutLine: {'line': b'-- Up-to-date: /home/cjs/VL53L8CX/VL53L8CX_ws/install/base_interfaces_demo/include/base_interfaces_demo/msg/detail/car_status__traits.hpp\n'}
[4.636902] (base_interfaces_demo) StdoutLine: {'line': b'-- Up-to-date: /home/cjs/VL53L8CX/VL53L8CX_ws/install/base_interfaces_demo/include/base_interfaces_demo/msg/detail/lift_control__builder.hpp\n'}
[4.637019] (base_interfaces_demo) StdoutLine: {'line': b'-- Up-to-date: /home/cjs/VL53L8CX/VL53L8CX_ws/install/base_interfaces_demo/include/base_interfaces_demo/msg/detail/hall_info__struct.hpp\n'}
[4.637139] (base_interfaces_demo) StdoutLine: {'line': b'-- Up-to-date: /home/cjs/VL53L8CX/VL53L8CX_ws/install/base_interfaces_demo/include/base_interfaces_demo/msg/detail/bms_info__builder.hpp\n'}
[4.637259] (base_interfaces_demo) StdoutLine: {'line': b'-- Up-to-date: /home/cjs/VL53L8CX/VL53L8CX_ws/install/base_interfaces_demo/include/base_interfaces_demo/msg/detail/file_updata__type_support.hpp\n'}
[4.637376] (base_interfaces_demo) StdoutLine: {'line': b'-- Up-to-date: /home/cjs/VL53L8CX/VL53L8CX_ws/install/base_interfaces_demo/include/base_interfaces_demo/msg/detail/ohom__traits.hpp\n'}
[4.637493] (base_interfaces_demo) StdoutLine: {'line': b'-- Up-to-date: /home/cjs/VL53L8CX/VL53L8CX_ws/install/base_interfaces_demo/include/base_interfaces_demo/msg/detail/color_info__traits.hpp\n'}
[4.637621] (base_interfaces_demo) StdoutLine: {'line': b'-- Up-to-date: /home/cjs/VL53L8CX/VL53L8CX_ws/install/base_interfaces_demo/include/base_interfaces_demo/msg/detail/health_node__builder.hpp\n'}
[4.639081] (base_interfaces_demo) StdoutLine: {'line': b'-- Up-to-date: /home/cjs/VL53L8CX/VL53L8CX_ws/install/base_interfaces_demo/include/base_interfaces_demo/msg/detail/obs_laser__type_support.hpp\n'}
[4.639226] (base_interfaces_demo) StdoutLine: {'line': b'-- Up-to-date: /home/cjs/VL53L8CX/VL53L8CX_ws/install/base_interfaces_demo/include/base_interfaces_demo/msg/detail/charger_info__type_support.hpp\n'}
[4.639346] (base_interfaces_demo) StdoutLine: {'line': b'-- Up-to-date: /home/cjs/VL53L8CX/VL53L8CX_ws/install/base_interfaces_demo/include/base_interfaces_demo/msg/detail/color_info__builder.hpp\n'}
[4.639463] (base_interfaces_demo) StdoutLine: {'line': b'-- Up-to-date: /home/cjs/VL53L8CX/VL53L8CX_ws/install/base_interfaces_demo/include/base_interfaces_demo/msg/detail/lift_info__traits.hpp\n'}
[4.639609] (base_interfaces_demo) StdoutLine: {'line': b'-- Up-to-date: /home/cjs/VL53L8CX/VL53L8CX_ws/install/base_interfaces_demo/include/base_interfaces_demo/msg/detail/hall_info__traits.hpp\n'}
[4.639779] (base_interfaces_demo) StdoutLine: {'line': b'-- Up-to-date: /home/cjs/VL53L8CX/VL53L8CX_ws/install/base_interfaces_demo/include/base_interfaces_demo/msg/detail/health_node__traits.hpp\n'}
[4.639945] (base_interfaces_demo) StdoutLine: {'line': b'-- Up-to-date: /home/cjs/VL53L8CX/VL53L8CX_ws/install/base_interfaces_demo/include/base_interfaces_demo/msg/detail/color_info__struct.hpp\n'}
[4.640131] (base_interfaces_demo) StdoutLine: {'line': b'-- Up-to-date: /home/cjs/VL53L8CX/VL53L8CX_ws/install/base_interfaces_demo/include/base_interfaces_demo/msg/detail/location__builder.hpp\n'}
[4.640272] (base_interfaces_demo) StdoutLine: {'line': b'-- Up-to-date: /home/cjs/VL53L8CX/VL53L8CX_ws/install/base_interfaces_demo/include/base_interfaces_demo/msg/detail/motor_cmd__type_support.hpp\n'}
[4.640451] (base_interfaces_demo) StdoutLine: {'line': b'-- Up-to-date: /home/cjs/VL53L8CX/VL53L8CX_ws/install/base_interfaces_demo/include/base_interfaces_demo/msg/detail/manual_seek_label__traits.hpp\n'}
[4.641327] (base_interfaces_demo) StdoutLine: {'line': b'-- Up-to-date: /home/cjs/VL53L8CX/VL53L8CX_ws/install/base_interfaces_demo/include/base_interfaces_demo/msg/detail/seek_ret__builder.hpp\n'}
[4.641545] (base_interfaces_demo) StdoutLine: {'line': b'-- Up-to-date: /home/cjs/VL53L8CX/VL53L8CX_ws/install/base_interfaces_demo/include/base_interfaces_demo/msg/detail/motor_status__struct.hpp\n'}
[4.641705] (base_interfaces_demo) StdoutLine: {'line': b'-- Up-to-date: /home/cjs/VL53L8CX/VL53L8CX_ws/install/base_interfaces_demo/include/base_interfaces_demo/msg/detail/file_updata__traits.hpp\n'}
[4.641980] (base_interfaces_demo) StdoutLine: {'line': b'-- Up-to-date: /home/cjs/VL53L8CX/VL53L8CX_ws/install/base_interfaces_demo/include/base_interfaces_demo/msg/detail/bms_info__type_support.hpp\n'}
[4.642123] (base_interfaces_demo) StdoutLine: {'line': b'-- Up-to-date: /home/cjs/VL53L8CX/VL53L8CX_ws/install/base_interfaces_demo/include/base_interfaces_demo/msg/detail/seek_cmd__traits.hpp\n'}
[4.642271] (base_interfaces_demo) StdoutLine: {'line': b'-- Up-to-date: /home/cjs/VL53L8CX/VL53L8CX_ws/install/base_interfaces_demo/include/base_interfaces_demo/msg/detail/health_node__type_support.hpp\n'}
[4.642412] (base_interfaces_demo) StdoutLine: {'line': b'-- Up-to-date: /home/cjs/VL53L8CX/VL53L8CX_ws/install/base_interfaces_demo/include/base_interfaces_demo/msg/detail/bt_status__builder.hpp\n'}
[4.642619] (base_interfaces_demo) StdoutLine: {'line': b'-- Up-to-date: /home/cjs/VL53L8CX/VL53L8CX_ws/install/base_interfaces_demo/include/base_interfaces_demo/msg/detail/pub_code__struct.hpp\n'}
[4.642902] (base_interfaces_demo) StdoutLine: {'line': b'-- Up-to-date: /home/cjs/VL53L8CX/VL53L8CX_ws/install/base_interfaces_demo/include/base_interfaces_demo/msg/detail/motion_control__traits.hpp\n'}
[4.643108] (base_interfaces_demo) StdoutLine: {'line': b'-- Up-to-date: /home/cjs/VL53L8CX/VL53L8CX_ws/install/base_interfaces_demo/include/base_interfaces_demo/msg/detail/movecontrol_info__type_support.hpp\n'}
[4.643286] (base_interfaces_demo) StdoutLine: {'line': b'-- Up-to-date: /home/cjs/VL53L8CX/VL53L8CX_ws/install/base_interfaces_demo/include/base_interfaces_demo/msg/detail/file_updata__builder.hpp\n'}
[4.643455] (base_interfaces_demo) StdoutLine: {'line': b'-- Up-to-date: /home/cjs/VL53L8CX/VL53L8CX_ws/install/base_interfaces_demo/include/base_interfaces_demo/msg/detail/motor_status__builder.hpp\n'}
[4.643630] (base_interfaces_demo) StdoutLine: {'line': b'-- Up-to-date: /home/cjs/VL53L8CX/VL53L8CX_ws/install/base_interfaces_demo/include/base_interfaces_demo/msg/detail/ohom__struct.hpp\n'}
[4.643797] (base_interfaces_demo) StdoutLine: {'line': b'-- Up-to-date: /home/cjs/VL53L8CX/VL53L8CX_ws/install/base_interfaces_demo/include/base_interfaces_demo/msg/detail/bms_info__traits.hpp\n'}
[4.643961] (base_interfaces_demo) StdoutLine: {'line': b'-- Up-to-date: /home/cjs/VL53L8CX/VL53L8CX_ws/install/base_interfaces_demo/include/base_interfaces_demo/msg/detail/movecontrol_info__traits.hpp\n'}
[4.644166] (base_interfaces_demo) StdoutLine: {'line': b'-- Up-to-date: /home/cjs/VL53L8CX/VL53L8CX_ws/install/base_interfaces_demo/include/base_interfaces_demo/msg/detail/lift_control__struct.hpp\n'}
[4.644340] (base_interfaces_demo) StdoutLine: {'line': b'-- Up-to-date: /home/cjs/VL53L8CX/VL53L8CX_ws/install/base_interfaces_demo/include/base_interfaces_demo/msg/detail/rcs_info__type_support.hpp\n'}
[4.644468] (base_interfaces_demo) StdoutLine: {'line': b'-- Up-to-date: /home/cjs/VL53L8CX/VL53L8CX_ws/install/base_interfaces_demo/include/base_interfaces_demo/msg/detail/rcs_info__struct.hpp\n'}
[4.644613] (base_interfaces_demo) StdoutLine: {'line': b'-- Up-to-date: /home/cjs/VL53L8CX/VL53L8CX_ws/install/base_interfaces_demo/include/base_interfaces_demo/msg/detail/hall_info__type_support.hpp\n'}
[4.644797] (base_interfaces_demo) StdoutLine: {'line': b'-- Up-to-date: /home/cjs/VL53L8CX/VL53L8CX_ws/install/base_interfaces_demo/include/base_interfaces_demo/msg/detail/test__type_support.hpp\n'}
[4.646480] (base_interfaces_demo) StdoutLine: {'line': b'-- Up-to-date: /home/cjs/VL53L8CX/VL53L8CX_ws/install/base_interfaces_demo/include/base_interfaces_demo/msg/detail/test__struct.hpp\n'}
[4.646630] (base_interfaces_demo) StdoutLine: {'line': b'-- Up-to-date: /home/cjs/VL53L8CX/VL53L8CX_ws/install/base_interfaces_demo/include/base_interfaces_demo/msg/detail/lift_info__struct.hpp\n'}
[4.646772] (base_interfaces_demo) StdoutLine: {'line': b'-- Up-to-date: /home/cjs/VL53L8CX/VL53L8CX_ws/install/base_interfaces_demo/include/base_interfaces_demo/msg/detail/hall_info__builder.hpp\n'}
[4.646892] (base_interfaces_demo) StdoutLine: {'line': b'-- Up-to-date: /home/cjs/VL53L8CX/VL53L8CX_ws/install/base_interfaces_demo/include/base_interfaces_demo/msg/detail/pub_code__traits.hpp\n'}
[4.647011] (base_interfaces_demo) StdoutLine: {'line': b'-- Up-to-date: /home/cjs/VL53L8CX/VL53L8CX_ws/install/base_interfaces_demo/include/base_interfaces_demo/msg/detail/rcs_info__traits.hpp\n'}
[4.647129] (base_interfaces_demo) StdoutLine: {'line': b'-- Up-to-date: /home/cjs/VL53L8CX/VL53L8CX_ws/install/base_interfaces_demo/include/base_interfaces_demo/msg/detail/manual__builder.hpp\n'}
[4.647248] (base_interfaces_demo) StdoutLine: {'line': b'-- Up-to-date: /home/cjs/VL53L8CX/VL53L8CX_ws/install/base_interfaces_demo/include/base_interfaces_demo/msg/detail/movecontrol_info__builder.hpp\n'}
[4.647372] (base_interfaces_demo) StdoutLine: {'line': b'-- Up-to-date: /home/cjs/VL53L8CX/VL53L8CX_ws/install/base_interfaces_demo/include/base_interfaces_demo/msg/detail/lift_control__traits.hpp\n'}
[4.647491] (base_interfaces_demo) StdoutLine: {'line': b'-- Up-to-date: /home/cjs/VL53L8CX/VL53L8CX_ws/install/base_interfaces_demo/include/base_interfaces_demo/msg/detail/seek_cmd__struct.hpp\n'}
[4.647610] (base_interfaces_demo) StdoutLine: {'line': b'-- Up-to-date: /home/cjs/VL53L8CX/VL53L8CX_ws/install/base_interfaces_demo/include/base_interfaces_demo/msg/detail/manual_seek_label__struct.hpp\n'}
[4.647728] (base_interfaces_demo) StdoutLine: {'line': b'-- Up-to-date: /home/cjs/VL53L8CX/VL53L8CX_ws/install/base_interfaces_demo/include/base_interfaces_demo/msg/detail/location__type_support.hpp\n'}
[4.647870] (base_interfaces_demo) StdoutLine: {'line': b'-- Up-to-date: /home/cjs/VL53L8CX/VL53L8CX_ws/install/base_interfaces_demo/include/base_interfaces_demo/msg/detail/manual_seek_label__type_support.hpp\n'}
[4.648017] (base_interfaces_demo) StdoutLine: {'line': b'-- Up-to-date: /home/cjs/VL53L8CX/VL53L8CX_ws/install/base_interfaces_demo/include/base_interfaces_demo/msg/detail/charger_info__struct.hpp\n'}
[4.648139] (base_interfaces_demo) StdoutLine: {'line': b'-- Up-to-date: /home/cjs/VL53L8CX/VL53L8CX_ws/install/base_interfaces_demo/include/base_interfaces_demo/msg/detail/test__builder.hpp\n'}
[4.648271] (base_interfaces_demo) StdoutLine: {'line': b'-- Up-to-date: /home/cjs/VL53L8CX/VL53L8CX_ws/install/base_interfaces_demo/include/base_interfaces_demo/msg/detail/motor_status__traits.hpp\n'}
[4.648390] (base_interfaces_demo) StdoutLine: {'line': b'-- Up-to-date: /home/cjs/VL53L8CX/VL53L8CX_ws/install/base_interfaces_demo/include/base_interfaces_demo/msg/detail/location__struct.hpp\n'}
[4.648509] (base_interfaces_demo) StdoutLine: {'line': b'-- Up-to-date: /home/cjs/VL53L8CX/VL53L8CX_ws/install/base_interfaces_demo/include/base_interfaces_demo/msg/detail/seek_ret__struct.hpp\n'}
[4.648648] (base_interfaces_demo) StdoutLine: {'line': b'-- Up-to-date: /home/cjs/VL53L8CX/VL53L8CX_ws/install/base_interfaces_demo/include/base_interfaces_demo/msg/detail/pallet_info__struct.hpp\n'}
[4.648790] (base_interfaces_demo) StdoutLine: {'line': b'-- Up-to-date: /home/cjs/VL53L8CX/VL53L8CX_ws/install/base_interfaces_demo/include/base_interfaces_demo/msg/manual_seek_label.hpp\n'}
[4.648910] (base_interfaces_demo) StdoutLine: {'line': b'-- Up-to-date: /home/cjs/VL53L8CX/VL53L8CX_ws/install/base_interfaces_demo/include/base_interfaces_demo/msg/motion_control.hpp\n'}
[4.649032] (base_interfaces_demo) StdoutLine: {'line': b'-- Up-to-date: /home/cjs/VL53L8CX/VL53L8CX_ws/install/base_interfaces_demo/include/base_interfaces_demo/msg/lift_control.hpp\n'}
[4.649152] (base_interfaces_demo) StdoutLine: {'line': b'-- Up-to-date: /home/cjs/VL53L8CX/VL53L8CX_ws/install/base_interfaces_demo/include/base_interfaces_demo/msg/motor_status.hpp\n'}
[4.649281] (base_interfaces_demo) StdoutLine: {'line': b'-- Up-to-date: /home/cjs/VL53L8CX/VL53L8CX_ws/install/base_interfaces_demo/include/base_interfaces_demo/msg/hall_info.hpp\n'}
[4.649400] (base_interfaces_demo) StdoutLine: {'line': b'-- Up-to-date: /home/cjs/VL53L8CX/VL53L8CX_ws/install/base_interfaces_demo/include/base_interfaces_demo/msg/charger_info.hpp\n'}
[4.649519] (base_interfaces_demo) StdoutLine: {'line': b'-- Up-to-date: /home/cjs/VL53L8CX/VL53L8CX_ws/install/base_interfaces_demo/include/base_interfaces_demo/msg/movecontrol_info.hpp\n'}
[4.649648] (base_interfaces_demo) StdoutLine: {'line': b'-- Up-to-date: /home/cjs/VL53L8CX/VL53L8CX_ws/install/base_interfaces_demo/include/base_interfaces_demo/msg/rosidl_generator_cpp__visibility_control.hpp\n'}
[4.649955] (base_interfaces_demo) StdoutLine: {'line': b'-- Up-to-date: /home/cjs/VL53L8CX/VL53L8CX_ws/install/base_interfaces_demo/include/base_interfaces_demo/msg/location.hpp\n'}
[4.650077] (base_interfaces_demo) StdoutLine: {'line': b'-- Up-to-date: /home/cjs/VL53L8CX/VL53L8CX_ws/install/base_interfaces_demo/include/base_interfaces_demo/msg/file_updata.hpp\n'}
[4.650201] (base_interfaces_demo) StdoutLine: {'line': b'-- Up-to-date: /home/cjs/VL53L8CX/VL53L8CX_ws/install/base_interfaces_demo/include/base_interfaces_demo/msg/seek_cmd.hpp\n'}
[4.650320] (base_interfaces_demo) StdoutLine: {'line': b'-- Up-to-date: /home/cjs/VL53L8CX/VL53L8CX_ws/install/base_interfaces_demo/include/base_interfaces_demo/msg/health_node.hpp\n'}
[4.650444] (base_interfaces_demo) StdoutLine: {'line': b'-- Up-to-date: /home/cjs/VL53L8CX/VL53L8CX_ws/install/base_interfaces_demo/include/base_interfaces_demo/msg/bt_status.hpp\n'}
[4.650564] (base_interfaces_demo) StdoutLine: {'line': b'-- Up-to-date: /home/cjs/VL53L8CX/VL53L8CX_ws/install/base_interfaces_demo/include/base_interfaces_demo/msg/obs_laser.hpp\n'}
[4.650736] (base_interfaces_demo) StdoutLine: {'line': b'-- Up-to-date: /home/cjs/VL53L8CX/VL53L8CX_ws/install/base_interfaces_demo/include/base_interfaces_demo/msg/system_status.hpp\n'}
[4.650857] (base_interfaces_demo) StdoutLine: {'line': b'-- Up-to-date: /home/cjs/VL53L8CX/VL53L8CX_ws/install/base_interfaces_demo/include/base_interfaces_demo/msg/bms_info.hpp\n'}
[4.650977] (base_interfaces_demo) StdoutLine: {'line': b'-- Up-to-date: /home/cjs/VL53L8CX/VL53L8CX_ws/install/base_interfaces_demo/include/base_interfaces_demo/msg/manual.hpp\n'}
[4.651097] (base_interfaces_demo) StdoutLine: {'line': b'-- Up-to-date: /home/cjs/VL53L8CX/VL53L8CX_ws/install/base_interfaces_demo/include/base_interfaces_demo/msg/lift_info.hpp\n'}
[4.651216] (base_interfaces_demo) StdoutLine: {'line': b'-- Up-to-date: /home/cjs/VL53L8CX/VL53L8CX_ws/install/base_interfaces_demo/include/base_interfaces_demo\n'}
[4.651337] (base_interfaces_demo) StdoutLine: {'line': b'-- Up-to-date: /home/cjs/VL53L8CX/VL53L8CX_ws/install/base_interfaces_demo/include/base_interfaces_demo/action\n'}
[4.651474] (base_interfaces_demo) StdoutLine: {'line': b'-- Up-to-date: /home/cjs/VL53L8CX/VL53L8CX_ws/install/base_interfaces_demo/include/base_interfaces_demo/action/detail\n'}
[4.651599] (base_interfaces_demo) StdoutLine: {'line': b'-- Up-to-date: /home/cjs/VL53L8CX/VL53L8CX_ws/install/base_interfaces_demo/include/base_interfaces_demo/action/detail/nav__rosidl_typesupport_introspection_cpp.hpp\n'}
[4.651727] (base_interfaces_demo) StdoutLine: {'line': b'-- Up-to-date: /home/cjs/VL53L8CX/VL53L8CX_ws/install/base_interfaces_demo/include/base_interfaces_demo/action/detail/reverse__type_support.cpp\n'}
[4.651849] (base_interfaces_demo) StdoutLine: {'line': b'-- Up-to-date: /home/cjs/VL53L8CX/VL53L8CX_ws/install/base_interfaces_demo/include/base_interfaces_demo/action/detail/reverse__rosidl_typesupport_introspection_cpp.hpp\n'}
[4.651968] (base_interfaces_demo) StdoutLine: {'line': b'-- Up-to-date: /home/cjs/VL53L8CX/VL53L8CX_ws/install/base_interfaces_demo/include/base_interfaces_demo/action/detail/pallet__type_support.cpp\n'}
[4.652088] (base_interfaces_demo) StdoutLine: {'line': b'-- Up-to-date: /home/cjs/VL53L8CX/VL53L8CX_ws/install/base_interfaces_demo/include/base_interfaces_demo/action/detail/pallet__rosidl_typesupport_introspection_cpp.hpp\n'}
[4.652207] (base_interfaces_demo) StdoutLine: {'line': b'-- Up-to-date: /home/cjs/VL53L8CX/VL53L8CX_ws/install/base_interfaces_demo/include/base_interfaces_demo/action/detail/nav__type_support.cpp\n'}
[4.652334] (base_interfaces_demo) StdoutLine: {'line': b'-- Up-to-date: /home/cjs/VL53L8CX/VL53L8CX_ws/install/base_interfaces_demo/include/base_interfaces_demo/srv\n'}
[4.652454] (base_interfaces_demo) StdoutLine: {'line': b'-- Up-to-date: /home/cjs/VL53L8CX/VL53L8CX_ws/install/base_interfaces_demo/include/base_interfaces_demo/srv/detail\n'}
[4.652573] (base_interfaces_demo) StdoutLine: {'line': b'-- Up-to-date: /home/cjs/VL53L8CX/VL53L8CX_ws/install/base_interfaces_demo/include/base_interfaces_demo/srv/detail/check_emergency__rosidl_typesupport_introspection_cpp.hpp\n'}
[4.652765] (base_interfaces_demo) StdoutLine: {'line': b'-- Up-to-date: /home/cjs/VL53L8CX/VL53L8CX_ws/install/base_interfaces_demo/include/base_interfaces_demo/srv/detail/rcs_server__rosidl_typesupport_introspection_cpp.hpp\n'}
[4.652897] (base_interfaces_demo) StdoutLine: {'line': b'-- Up-to-date: /home/cjs/VL53L8CX/VL53L8CX_ws/install/base_interfaces_demo/include/base_interfaces_demo/srv/detail/pub_code__rosidl_typesupport_introspection_cpp.hpp\n'}
[4.653017] (base_interfaces_demo) StdoutLine: {'line': b'-- Up-to-date: /home/cjs/VL53L8CX/VL53L8CX_ws/install/base_interfaces_demo/include/base_interfaces_demo/srv/detail/rcs_server__type_support.cpp\n'}
[4.653136] (base_interfaces_demo) StdoutLine: {'line': b'-- Up-to-date: /home/cjs/VL53L8CX/VL53L8CX_ws/install/base_interfaces_demo/include/base_interfaces_demo/srv/detail/check_emergency__type_support.cpp\n'}
[4.653256] (base_interfaces_demo) StdoutLine: {'line': b'-- Up-to-date: /home/cjs/VL53L8CX/VL53L8CX_ws/install/base_interfaces_demo/include/base_interfaces_demo/srv/detail/hall__rosidl_typesupport_introspection_cpp.hpp\n'}
[4.653375] (base_interfaces_demo) StdoutLine: {'line': b'-- Up-to-date: /home/cjs/VL53L8CX/VL53L8CX_ws/install/base_interfaces_demo/include/base_interfaces_demo/srv/detail/hall__type_support.cpp\n'}
[4.653504] (base_interfaces_demo) StdoutLine: {'line': b'-- Up-to-date: /home/cjs/VL53L8CX/VL53L8CX_ws/install/base_interfaces_demo/include/base_interfaces_demo/srv/detail/set_emergency__rosidl_typesupport_introspection_cpp.hpp\n'}
[4.653639] (base_interfaces_demo) StdoutLine: {'line': b'-- Up-to-date: /home/cjs/VL53L8CX/VL53L8CX_ws/install/base_interfaces_demo/include/base_interfaces_demo/srv/detail/pub_code__type_support.cpp\n'}
[4.653958] (base_interfaces_demo) StdoutLine: {'line': b'-- Up-to-date: /home/cjs/VL53L8CX/VL53L8CX_ws/install/base_interfaces_demo/include/base_interfaces_demo/srv/detail/set_emergency__type_support.cpp\n'}
[4.654080] (base_interfaces_demo) StdoutLine: {'line': b'-- Up-to-date: /home/cjs/VL53L8CX/VL53L8CX_ws/install/base_interfaces_demo/include/base_interfaces_demo/msg\n'}
[4.654198] (base_interfaces_demo) StdoutLine: {'line': b'-- Up-to-date: /home/cjs/VL53L8CX/VL53L8CX_ws/install/base_interfaces_demo/include/base_interfaces_demo/msg/detail\n'}
[4.654317] (base_interfaces_demo) StdoutLine: {'line': b'-- Up-to-date: /home/cjs/VL53L8CX/VL53L8CX_ws/install/base_interfaces_demo/include/base_interfaces_demo/msg/detail/lift_info__rosidl_typesupport_introspection_cpp.hpp\n'}
[4.654443] (base_interfaces_demo) StdoutLine: {'line': b'-- Up-to-date: /home/cjs/VL53L8CX/VL53L8CX_ws/install/base_interfaces_demo/include/base_interfaces_demo/msg/detail/ohom__rosidl_typesupport_introspection_cpp.hpp\n'}
[4.654562] (base_interfaces_demo) StdoutLine: {'line': b'-- Up-to-date: /home/cjs/VL53L8CX/VL53L8CX_ws/install/base_interfaces_demo/include/base_interfaces_demo/msg/detail/test__rosidl_typesupport_introspection_cpp.hpp\n'}
[4.654736] (base_interfaces_demo) StdoutLine: {'line': b'-- Up-to-date: /home/cjs/VL53L8CX/VL53L8CX_ws/install/base_interfaces_demo/include/base_interfaces_demo/msg/detail/health_node__rosidl_typesupport_introspection_cpp.hpp\n'}
[4.654856] (base_interfaces_demo) StdoutLine: {'line': b'-- Up-to-date: /home/cjs/VL53L8CX/VL53L8CX_ws/install/base_interfaces_demo/include/base_interfaces_demo/msg/detail/car_status__rosidl_typesupport_introspection_cpp.hpp\n'}
[4.654974] (base_interfaces_demo) StdoutLine: {'line': b'-- Up-to-date: /home/cjs/VL53L8CX/VL53L8CX_ws/install/base_interfaces_demo/include/base_interfaces_demo/msg/detail/motor_cmd__rosidl_typesupport_introspection_cpp.hpp\n'}
[4.655093] (base_interfaces_demo) StdoutLine: {'line': b'-- Up-to-date: /home/cjs/VL53L8CX/VL53L8CX_ws/install/base_interfaces_demo/include/base_interfaces_demo/msg/detail/location__type_support.cpp\n'}
[4.655212] (base_interfaces_demo) StdoutLine: {'line': b'-- Up-to-date: /home/cjs/VL53L8CX/VL53L8CX_ws/install/base_interfaces_demo/include/base_interfaces_demo/msg/detail/pub_code__rosidl_typesupport_introspection_cpp.hpp\n'}
[4.655331] (base_interfaces_demo) StdoutLine: {'line': b'-- Up-to-date: /home/cjs/VL53L8CX/VL53L8CX_ws/install/base_interfaces_demo/include/base_interfaces_demo/msg/detail/rcs_info__type_support.cpp\n'}
[4.655454] (base_interfaces_demo) StdoutLine: {'line': b'-- Up-to-date: /home/cjs/VL53L8CX/VL53L8CX_ws/install/base_interfaces_demo/include/base_interfaces_demo/msg/detail/health_node__type_support.cpp\n'}
[4.655573] (base_interfaces_demo) StdoutLine: {'line': b'-- Up-to-date: /home/cjs/VL53L8CX/VL53L8CX_ws/install/base_interfaces_demo/include/base_interfaces_demo/msg/detail/motion_control__type_support.cpp\n'}
[4.655689] (-) TimerEvent: {}
[4.655879] (base_interfaces_demo) StdoutLine: {'line': b'-- Up-to-date: /home/cjs/VL53L8CX/VL53L8CX_ws/install/base_interfaces_demo/include/base_interfaces_demo/msg/detail/car_status__type_support.cpp\n'}
[4.656008] (base_interfaces_demo) StdoutLine: {'line': b'-- Up-to-date: /home/cjs/VL53L8CX/VL53L8CX_ws/install/base_interfaces_demo/include/base_interfaces_demo/msg/detail/seek_ret__type_support.cpp\n'}
[4.656130] (base_interfaces_demo) StdoutLine: {'line': b'-- Up-to-date: /home/cjs/VL53L8CX/VL53L8CX_ws/install/base_interfaces_demo/include/base_interfaces_demo/msg/detail/movecontrol_info__rosidl_typesupport_introspection_cpp.hpp\n'}
[4.656314] (base_interfaces_demo) StdoutLine: {'line': b'-- Up-to-date: /home/cjs/VL53L8CX/VL53L8CX_ws/install/base_interfaces_demo/include/base_interfaces_demo/msg/detail/motion_control__rosidl_typesupport_introspection_cpp.hpp\n'}
[4.656465] (base_interfaces_demo) StdoutLine: {'line': b'-- Up-to-date: /home/cjs/VL53L8CX/VL53L8CX_ws/install/base_interfaces_demo/include/base_interfaces_demo/msg/detail/manual__rosidl_typesupport_introspection_cpp.hpp\n'}
[4.656603] (base_interfaces_demo) StdoutLine: {'line': b'-- Up-to-date: /home/cjs/VL53L8CX/VL53L8CX_ws/install/base_interfaces_demo/include/base_interfaces_demo/msg/detail/charger_info__type_support.cpp\n'}
[4.656764] (base_interfaces_demo) StdoutLine: {'line': b'-- Up-to-date: /home/cjs/VL53L8CX/VL53L8CX_ws/install/base_interfaces_demo/include/base_interfaces_demo/msg/detail/color_info__rosidl_typesupport_introspection_cpp.hpp\n'}
[4.656883] (base_interfaces_demo) StdoutLine: {'line': b'-- Up-to-date: /home/cjs/VL53L8CX/VL53L8CX_ws/install/base_interfaces_demo/include/base_interfaces_demo/msg/detail/seek_cmd__rosidl_typesupport_introspection_cpp.hpp\n'}
[4.657003] (base_interfaces_demo) StdoutLine: {'line': b'-- Up-to-date: /home/cjs/VL53L8CX/VL53L8CX_ws/install/base_interfaces_demo/include/base_interfaces_demo/msg/detail/location__rosidl_typesupport_introspection_cpp.hpp\n'}
[4.657122] (base_interfaces_demo) StdoutLine: {'line': b'-- Up-to-date: /home/cjs/VL53L8CX/VL53L8CX_ws/install/base_interfaces_demo/include/base_interfaces_demo/msg/detail/bt_status__type_support.cpp\n'}
[4.657240] (base_interfaces_demo) StdoutLine: {'line': b'-- Up-to-date: /home/cjs/VL53L8CX/VL53L8CX_ws/install/base_interfaces_demo/include/base_interfaces_demo/msg/detail/manual_seek_label__type_support.cpp\n'}
[4.657360] (base_interfaces_demo) StdoutLine: {'line': b'-- Up-to-date: /home/cjs/VL53L8CX/VL53L8CX_ws/install/base_interfaces_demo/include/base_interfaces_demo/msg/detail/manual__type_support.cpp\n'}
[4.657479] (base_interfaces_demo) StdoutLine: {'line': b'-- Up-to-date: /home/cjs/VL53L8CX/VL53L8CX_ws/install/base_interfaces_demo/include/base_interfaces_demo/msg/detail/rcs_info__rosidl_typesupport_introspection_cpp.hpp\n'}
[4.657612] (base_interfaces_demo) StdoutLine: {'line': b'-- Up-to-date: /home/cjs/VL53L8CX/VL53L8CX_ws/install/base_interfaces_demo/include/base_interfaces_demo/msg/detail/bms_info__type_support.cpp\n'}
[4.657898] (base_interfaces_demo) StdoutLine: {'line': b'-- Up-to-date: /home/cjs/VL53L8CX/VL53L8CX_ws/install/base_interfaces_demo/include/base_interfaces_demo/msg/detail/system_status__type_support.cpp\n'}
[4.658053] (base_interfaces_demo) StdoutLine: {'line': b'-- Up-to-date: /home/cjs/VL53L8CX/VL53L8CX_ws/install/base_interfaces_demo/include/base_interfaces_demo/msg/detail/bt_status__rosidl_typesupport_introspection_cpp.hpp\n'}
[4.658189] (base_interfaces_demo) StdoutLine: {'line': b'-- Up-to-date: /home/cjs/VL53L8CX/VL53L8CX_ws/install/base_interfaces_demo/include/base_interfaces_demo/msg/detail/lift_info__type_support.cpp\n'}
[4.658311] (base_interfaces_demo) StdoutLine: {'line': b'-- Up-to-date: /home/cjs/VL53L8CX/VL53L8CX_ws/install/base_interfaces_demo/include/base_interfaces_demo/msg/detail/manual_seek_label__rosidl_typesupport_introspection_cpp.hpp\n'}
[4.658430] (base_interfaces_demo) StdoutLine: {'line': b'-- Up-to-date: /home/cjs/VL53L8CX/VL53L8CX_ws/install/base_interfaces_demo/include/base_interfaces_demo/msg/detail/lift_control__rosidl_typesupport_introspection_cpp.hpp\n'}
[4.658549] (base_interfaces_demo) StdoutLine: {'line': b'-- Up-to-date: /home/cjs/VL53L8CX/VL53L8CX_ws/install/base_interfaces_demo/include/base_interfaces_demo/msg/detail/charger_info__rosidl_typesupport_introspection_cpp.hpp\n'}
[4.658709] (base_interfaces_demo) StdoutLine: {'line': b'-- Up-to-date: /home/cjs/VL53L8CX/VL53L8CX_ws/install/base_interfaces_demo/include/base_interfaces_demo/msg/detail/obs_laser__rosidl_typesupport_introspection_cpp.hpp\n'}
[4.658833] (base_interfaces_demo) StdoutLine: {'line': b'-- Up-to-date: /home/cjs/VL53L8CX/VL53L8CX_ws/install/base_interfaces_demo/include/base_interfaces_demo/msg/detail/seek_cmd__type_support.cpp\n'}
[4.658953] (base_interfaces_demo) StdoutLine: {'line': b'-- Up-to-date: /home/cjs/VL53L8CX/VL53L8CX_ws/install/base_interfaces_demo/include/base_interfaces_demo/msg/detail/color_info__type_support.cpp\n'}
[4.659073] (base_interfaces_demo) StdoutLine: {'line': b'-- Up-to-date: /home/cjs/VL53L8CX/VL53L8CX_ws/install/base_interfaces_demo/include/base_interfaces_demo/msg/detail/pallet_info__rosidl_typesupport_introspection_cpp.hpp\n'}
[4.659192] (base_interfaces_demo) StdoutLine: {'line': b'-- Up-to-date: /home/cjs/VL53L8CX/VL53L8CX_ws/install/base_interfaces_demo/include/base_interfaces_demo/msg/detail/file_updata__rosidl_typesupport_introspection_cpp.hpp\n'}
[4.659312] (base_interfaces_demo) StdoutLine: {'line': b'-- Up-to-date: /home/cjs/VL53L8CX/VL53L8CX_ws/install/base_interfaces_demo/include/base_interfaces_demo/msg/detail/motor_cmd__type_support.cpp\n'}
[4.659432] (base_interfaces_demo) StdoutLine: {'line': b'-- Up-to-date: /home/cjs/VL53L8CX/VL53L8CX_ws/install/base_interfaces_demo/include/base_interfaces_demo/msg/detail/motor_status__type_support.cpp\n'}
[4.659550] (base_interfaces_demo) StdoutLine: {'line': b'-- Up-to-date: /home/cjs/VL53L8CX/VL53L8CX_ws/install/base_interfaces_demo/include/base_interfaces_demo/msg/detail/file_updata__type_support.cpp\n'}
[4.659670] (base_interfaces_demo) StdoutLine: {'line': b'-- Up-to-date: /home/cjs/VL53L8CX/VL53L8CX_ws/install/base_interfaces_demo/include/base_interfaces_demo/msg/detail/ohom__type_support.cpp\n'}
[4.659792] (base_interfaces_demo) StdoutLine: {'line': b'-- Up-to-date: /home/cjs/VL53L8CX/VL53L8CX_ws/install/base_interfaces_demo/include/base_interfaces_demo/msg/detail/pub_code__type_support.cpp\n'}
[4.659911] (base_interfaces_demo) StdoutLine: {'line': b'-- Up-to-date: /home/cjs/VL53L8CX/VL53L8CX_ws/install/base_interfaces_demo/include/base_interfaces_demo/msg/detail/lift_control__type_support.cpp\n'}
[4.660030] (base_interfaces_demo) StdoutLine: {'line': b'-- Up-to-date: /home/cjs/VL53L8CX/VL53L8CX_ws/install/base_interfaces_demo/include/base_interfaces_demo/msg/detail/bms_info__rosidl_typesupport_introspection_cpp.hpp\n'}
[4.660157] (base_interfaces_demo) StdoutLine: {'line': b'-- Up-to-date: /home/cjs/VL53L8CX/VL53L8CX_ws/install/base_interfaces_demo/include/base_interfaces_demo/msg/detail/seek_ret__rosidl_typesupport_introspection_cpp.hpp\n'}
[4.660276] (base_interfaces_demo) StdoutLine: {'line': b'-- Up-to-date: /home/cjs/VL53L8CX/VL53L8CX_ws/install/base_interfaces_demo/include/base_interfaces_demo/msg/detail/system_status__rosidl_typesupport_introspection_cpp.hpp\n'}
[4.660396] (base_interfaces_demo) StdoutLine: {'line': b'-- Up-to-date: /home/cjs/VL53L8CX/VL53L8CX_ws/install/base_interfaces_demo/include/base_interfaces_demo/msg/detail/hall_info__rosidl_typesupport_introspection_cpp.hpp\n'}
[4.660514] (base_interfaces_demo) StdoutLine: {'line': b'-- Up-to-date: /home/cjs/VL53L8CX/VL53L8CX_ws/install/base_interfaces_demo/include/base_interfaces_demo/msg/detail/movecontrol_info__type_support.cpp\n'}
[4.660665] (base_interfaces_demo) StdoutLine: {'line': b'-- Up-to-date: /home/cjs/VL53L8CX/VL53L8CX_ws/install/base_interfaces_demo/include/base_interfaces_demo/msg/detail/motor_status__rosidl_typesupport_introspection_cpp.hpp\n'}
[4.662193] (base_interfaces_demo) StdoutLine: {'line': b'-- Up-to-date: /home/cjs/VL53L8CX/VL53L8CX_ws/install/base_interfaces_demo/include/base_interfaces_demo/msg/detail/pallet_info__type_support.cpp\n'}
[4.662383] (base_interfaces_demo) StdoutLine: {'line': b'-- Up-to-date: /home/cjs/VL53L8CX/VL53L8CX_ws/install/base_interfaces_demo/include/base_interfaces_demo/msg/detail/test__type_support.cpp\n'}
[4.662563] (base_interfaces_demo) StdoutLine: {'line': b'-- Up-to-date: /home/cjs/VL53L8CX/VL53L8CX_ws/install/base_interfaces_demo/include/base_interfaces_demo/msg/detail/obs_laser__type_support.cpp\n'}
[4.662765] (base_interfaces_demo) StdoutLine: {'line': b'-- Up-to-date: /home/cjs/VL53L8CX/VL53L8CX_ws/install/base_interfaces_demo/include/base_interfaces_demo/msg/detail/hall_info__type_support.cpp\n'}
[4.662927] (base_interfaces_demo) StdoutLine: {'line': b'-- Up-to-date: /home/cjs/VL53L8CX/VL53L8CX_ws/install/base_interfaces_demo/lib/libbase_interfaces_demo__rosidl_typesupport_introspection_cpp.so\n'}
[4.663098] (base_interfaces_demo) StdoutLine: {'line': b'-- Up-to-date: /home/cjs/VL53L8CX/VL53L8CX_ws/install/base_interfaces_demo/lib/libbase_interfaces_demo__rosidl_typesupport_cpp.so\n'}
[4.663260] (base_interfaces_demo) StdoutLine: {'line': b'-- Up-to-date: /home/cjs/VL53L8CX/VL53L8CX_ws/install/base_interfaces_demo/share/base_interfaces_demo/environment/pythonpath.sh\n'}
[4.663421] (base_interfaces_demo) StdoutLine: {'line': b'-- Up-to-date: /home/cjs/VL53L8CX/VL53L8CX_ws/install/base_interfaces_demo/share/base_interfaces_demo/environment/pythonpath.dsv\n'}
[4.663580] (base_interfaces_demo) StdoutLine: {'line': b'-- Up-to-date: /home/cjs/VL53L8CX/VL53L8CX_ws/install/base_interfaces_demo/lib/python3.8/site-packages/base_interfaces_demo/__init__.py\n'}
[4.687786] (base_interfaces_demo) StdoutLine: {'line': b'-- Up-to-date: /home/cjs/VL53L8CX/VL53L8CX_ws/install/base_interfaces_demo/lib/python3.8/site-packages/base_interfaces_demo/action\n'}
[4.688520] (base_interfaces_demo) StdoutLine: {'line': b'-- Up-to-date: /home/cjs/VL53L8CX/VL53L8CX_ws/install/base_interfaces_demo/lib/python3.8/site-packages/base_interfaces_demo/action/_reverse_s.c\n'}
[4.688781] (base_interfaces_demo) StdoutLine: {'line': b'-- Up-to-date: /home/cjs/VL53L8CX/VL53L8CX_ws/install/base_interfaces_demo/lib/python3.8/site-packages/base_interfaces_demo/action/_nav_s.c\n'}
[4.689155] (base_interfaces_demo) StdoutLine: {'line': b'-- Up-to-date: /home/cjs/VL53L8CX/VL53L8CX_ws/install/base_interfaces_demo/lib/python3.8/site-packages/base_interfaces_demo/action/_reverse.py\n'}
[4.690598] (base_interfaces_demo) StdoutLine: {'line': b'-- Up-to-date: /home/cjs/VL53L8CX/VL53L8CX_ws/install/base_interfaces_demo/lib/python3.8/site-packages/base_interfaces_demo/action/_nav.py\n'}
[4.692923] (base_interfaces_demo) StdoutLine: {'line': b'-- Up-to-date: /home/cjs/VL53L8CX/VL53L8CX_ws/install/base_interfaces_demo/lib/python3.8/site-packages/base_interfaces_demo/action/_pallet.py\n'}
[4.693938] (base_interfaces_demo) StdoutLine: {'line': b'-- Up-to-date: /home/cjs/VL53L8CX/VL53L8CX_ws/install/base_interfaces_demo/lib/python3.8/site-packages/base_interfaces_demo/action/_pallet_s.c\n'}
[4.694560] (base_interfaces_demo) StdoutLine: {'line': b'-- Up-to-date: /home/cjs/VL53L8CX/VL53L8CX_ws/install/base_interfaces_demo/lib/python3.8/site-packages/base_interfaces_demo/action/__init__.py\n'}
[4.695045] (base_interfaces_demo) StdoutLine: {'line': b'-- Up-to-date: /home/cjs/VL53L8CX/VL53L8CX_ws/install/base_interfaces_demo/lib/python3.8/site-packages/base_interfaces_demo/msg\n'}
[4.695770] (base_interfaces_demo) StdoutLine: {'line': b'-- Up-to-date: /home/cjs/VL53L8CX/VL53L8CX_ws/install/base_interfaces_demo/lib/python3.8/site-packages/base_interfaces_demo/msg/_hall_info_s.c\n'}
[4.696245] (base_interfaces_demo) StdoutLine: {'line': b'-- Up-to-date: /home/cjs/VL53L8CX/VL53L8CX_ws/install/base_interfaces_demo/lib/python3.8/site-packages/base_interfaces_demo/msg/_health_node.py\n'}
[4.697080] (base_interfaces_demo) StdoutLine: {'line': b'-- Up-to-date: /home/cjs/VL53L8CX/VL53L8CX_ws/install/base_interfaces_demo/lib/python3.8/site-packages/base_interfaces_demo/msg/_car_status_s.c\n'}
[4.697590] (base_interfaces_demo) StdoutLine: {'line': b'-- Up-to-date: /home/cjs/VL53L8CX/VL53L8CX_ws/install/base_interfaces_demo/lib/python3.8/site-packages/base_interfaces_demo/msg/_health_node_s.c\n'}
[4.698443] (base_interfaces_demo) StdoutLine: {'line': b'-- Up-to-date: /home/cjs/VL53L8CX/VL53L8CX_ws/install/base_interfaces_demo/lib/python3.8/site-packages/base_interfaces_demo/msg/_color_info.py\n'}
[4.698938] (base_interfaces_demo) StdoutLine: {'line': b'-- Up-to-date: /home/cjs/VL53L8CX/VL53L8CX_ws/install/base_interfaces_demo/lib/python3.8/site-packages/base_interfaces_demo/msg/_lift_info_s.c\n'}
[4.705174] (base_interfaces_demo) StdoutLine: {'line': b'-- Up-to-date: /home/cjs/VL53L8CX/VL53L8CX_ws/install/base_interfaces_demo/lib/python3.8/site-packages/base_interfaces_demo/msg/_motor_status.py\n'}
[4.705556] (base_interfaces_demo) StdoutLine: {'line': b'-- Up-to-date: /home/cjs/VL53L8CX/VL53L8CX_ws/install/base_interfaces_demo/lib/python3.8/site-packages/base_interfaces_demo/msg/_pallet_info.py\n'}
[4.705868] (base_interfaces_demo) StdoutLine: {'line': b'-- Up-to-date: /home/cjs/VL53L8CX/VL53L8CX_ws/install/base_interfaces_demo/lib/python3.8/site-packages/base_interfaces_demo/msg/_obs_laser.py\n'}
[4.706320] (base_interfaces_demo) StdoutLine: {'line': b'-- Up-to-date: /home/cjs/VL53L8CX/VL53L8CX_ws/install/base_interfaces_demo/lib/python3.8/site-packages/base_interfaces_demo/msg/_movecontrol_info.py\n'}
[4.707172] (base_interfaces_demo) StdoutLine: {'line': b'-- Up-to-date: /home/cjs/VL53L8CX/VL53L8CX_ws/install/base_interfaces_demo/lib/python3.8/site-packages/base_interfaces_demo/msg/_seek_ret_s.c\n'}
[4.707337] (base_interfaces_demo) StdoutLine: {'line': b'-- Up-to-date: /home/cjs/VL53L8CX/VL53L8CX_ws/install/base_interfaces_demo/lib/python3.8/site-packages/base_interfaces_demo/msg/_seek_cmd_s.c\n'}
[4.707491] (base_interfaces_demo) StdoutLine: {'line': b'-- Up-to-date: /home/cjs/VL53L8CX/VL53L8CX_ws/install/base_interfaces_demo/lib/python3.8/site-packages/base_interfaces_demo/msg/_file_updata_s.c\n'}
[4.707641] (base_interfaces_demo) StdoutLine: {'line': b'-- Up-to-date: /home/cjs/VL53L8CX/VL53L8CX_ws/install/base_interfaces_demo/lib/python3.8/site-packages/base_interfaces_demo/msg/_manual_seek_label.py\n'}
[4.707790] (base_interfaces_demo) StdoutLine: {'line': b'-- Up-to-date: /home/cjs/VL53L8CX/VL53L8CX_ws/install/base_interfaces_demo/lib/python3.8/site-packages/base_interfaces_demo/msg/_motor_cmd_s.c\n'}
[4.707939] (base_interfaces_demo) StdoutLine: {'line': b'-- Up-to-date: /home/cjs/VL53L8CX/VL53L8CX_ws/install/base_interfaces_demo/lib/python3.8/site-packages/base_interfaces_demo/msg/_ohom.py\n'}
[4.708086] (base_interfaces_demo) StdoutLine: {'line': b'-- Up-to-date: /home/cjs/VL53L8CX/VL53L8CX_ws/install/base_interfaces_demo/lib/python3.8/site-packages/base_interfaces_demo/msg/_obs_laser_s.c\n'}
[4.708248] (base_interfaces_demo) StdoutLine: {'line': b'-- Up-to-date: /home/cjs/VL53L8CX/VL53L8CX_ws/install/base_interfaces_demo/lib/python3.8/site-packages/base_interfaces_demo/msg/_charger_info_s.c\n'}
[4.708395] (base_interfaces_demo) StdoutLine: {'line': b'-- Up-to-date: /home/cjs/VL53L8CX/VL53L8CX_ws/install/base_interfaces_demo/lib/python3.8/site-packages/base_interfaces_demo/msg/_pub_code_s.c\n'}
[4.708543] (base_interfaces_demo) StdoutLine: {'line': b'-- Up-to-date: /home/cjs/VL53L8CX/VL53L8CX_ws/install/base_interfaces_demo/lib/python3.8/site-packages/base_interfaces_demo/msg/_seek_cmd.py\n'}
[4.708720] (base_interfaces_demo) StdoutLine: {'line': b'-- Up-to-date: /home/cjs/VL53L8CX/VL53L8CX_ws/install/base_interfaces_demo/lib/python3.8/site-packages/base_interfaces_demo/msg/_system_status.py\n'}
[4.708912] (base_interfaces_demo) StdoutLine: {'line': b'-- Up-to-date: /home/cjs/VL53L8CX/VL53L8CX_ws/install/base_interfaces_demo/lib/python3.8/site-packages/base_interfaces_demo/msg/_manual.py\n'}
[4.709241] (base_interfaces_demo) StdoutLine: {'line': b'-- Up-to-date: /home/cjs/VL53L8CX/VL53L8CX_ws/install/base_interfaces_demo/lib/python3.8/site-packages/base_interfaces_demo/msg/_movecontrol_info_s.c\n'}
[4.709395] (base_interfaces_demo) StdoutLine: {'line': b'-- Up-to-date: /home/cjs/VL53L8CX/VL53L8CX_ws/install/base_interfaces_demo/lib/python3.8/site-packages/base_interfaces_demo/msg/_pub_code.py\n'}
[4.709543] (base_interfaces_demo) StdoutLine: {'line': b'-- Up-to-date: /home/cjs/VL53L8CX/VL53L8CX_ws/install/base_interfaces_demo/lib/python3.8/site-packages/base_interfaces_demo/msg/_charger_info.py\n'}
[4.709692] (base_interfaces_demo) StdoutLine: {'line': b'-- Up-to-date: /home/cjs/VL53L8CX/VL53L8CX_ws/install/base_interfaces_demo/lib/python3.8/site-packages/base_interfaces_demo/msg/_lift_control_s.c\n'}
[4.709839] (base_interfaces_demo) StdoutLine: {'line': b'-- Up-to-date: /home/cjs/VL53L8CX/VL53L8CX_ws/install/base_interfaces_demo/lib/python3.8/site-packages/base_interfaces_demo/msg/_manual_s.c\n'}
[4.709985] (base_interfaces_demo) StdoutLine: {'line': b'-- Up-to-date: /home/cjs/VL53L8CX/VL53L8CX_ws/install/base_interfaces_demo/lib/python3.8/site-packages/base_interfaces_demo/msg/_bt_status.py\n'}
[4.710156] (base_interfaces_demo) StdoutLine: {'line': b'-- Up-to-date: /home/cjs/VL53L8CX/VL53L8CX_ws/install/base_interfaces_demo/lib/python3.8/site-packages/base_interfaces_demo/msg/_motion_control_s.c\n'}
[4.710459] (base_interfaces_demo) StdoutLine: {'line': b'-- Up-to-date: /home/cjs/VL53L8CX/VL53L8CX_ws/install/base_interfaces_demo/lib/python3.8/site-packages/base_interfaces_demo/msg/_manual_seek_label_s.c\n'}
[4.710611] (base_interfaces_demo) StdoutLine: {'line': b'-- Up-to-date: /home/cjs/VL53L8CX/VL53L8CX_ws/install/base_interfaces_demo/lib/python3.8/site-packages/base_interfaces_demo/msg/_hall_info.py\n'}
[4.710759] (base_interfaces_demo) StdoutLine: {'line': b'-- Up-to-date: /home/cjs/VL53L8CX/VL53L8CX_ws/install/base_interfaces_demo/lib/python3.8/site-packages/base_interfaces_demo/msg/_location_s.c\n'}
[4.710908] (base_interfaces_demo) StdoutLine: {'line': b'-- Up-to-date: /home/cjs/VL53L8CX/VL53L8CX_ws/install/base_interfaces_demo/lib/python3.8/site-packages/base_interfaces_demo/msg/_seek_ret.py\n'}
[4.711057] (base_interfaces_demo) StdoutLine: {'line': b'-- Up-to-date: /home/cjs/VL53L8CX/VL53L8CX_ws/install/base_interfaces_demo/lib/python3.8/site-packages/base_interfaces_demo/msg/_ohom_s.c\n'}
[4.711204] (base_interfaces_demo) StdoutLine: {'line': b'-- Up-to-date: /home/cjs/VL53L8CX/VL53L8CX_ws/install/base_interfaces_demo/lib/python3.8/site-packages/base_interfaces_demo/msg/_car_status.py\n'}
[4.711350] (base_interfaces_demo) StdoutLine: {'line': b'-- Up-to-date: /home/cjs/VL53L8CX/VL53L8CX_ws/install/base_interfaces_demo/lib/python3.8/site-packages/base_interfaces_demo/msg/_lift_control.py\n'}
[4.711497] (base_interfaces_demo) StdoutLine: {'line': b'-- Up-to-date: /home/cjs/VL53L8CX/VL53L8CX_ws/install/base_interfaces_demo/lib/python3.8/site-packages/base_interfaces_demo/msg/_bt_status_s.c\n'}
[4.711644] (base_interfaces_demo) StdoutLine: {'line': b'-- Up-to-date: /home/cjs/VL53L8CX/VL53L8CX_ws/install/base_interfaces_demo/lib/python3.8/site-packages/base_interfaces_demo/msg/_motion_control.py\n'}
[4.711794] (base_interfaces_demo) StdoutLine: {'line': b'-- Up-to-date: /home/cjs/VL53L8CX/VL53L8CX_ws/install/base_interfaces_demo/lib/python3.8/site-packages/base_interfaces_demo/msg/_test.py\n'}
[4.711942] (base_interfaces_demo) StdoutLine: {'line': b'-- Up-to-date: /home/cjs/VL53L8CX/VL53L8CX_ws/install/base_interfaces_demo/lib/python3.8/site-packages/base_interfaces_demo/msg/_rcs_info_s.c\n'}
[4.712089] (base_interfaces_demo) StdoutLine: {'line': b'-- Up-to-date: /home/cjs/VL53L8CX/VL53L8CX_ws/install/base_interfaces_demo/lib/python3.8/site-packages/base_interfaces_demo/msg/_system_status_s.c\n'}
[4.712270] (base_interfaces_demo) StdoutLine: {'line': b'-- Up-to-date: /home/cjs/VL53L8CX/VL53L8CX_ws/install/base_interfaces_demo/lib/python3.8/site-packages/base_interfaces_demo/msg/_location.py\n'}
[4.712455] (base_interfaces_demo) StdoutLine: {'line': b'-- Up-to-date: /home/cjs/VL53L8CX/VL53L8CX_ws/install/base_interfaces_demo/lib/python3.8/site-packages/base_interfaces_demo/msg/_motor_cmd.py\n'}
[4.718925] (base_interfaces_demo) StdoutLine: {'line': b'-- Up-to-date: /home/cjs/VL53L8CX/VL53L8CX_ws/install/base_interfaces_demo/lib/python3.8/site-packages/base_interfaces_demo/msg/_color_info_s.c\n'}
[4.719127] (base_interfaces_demo) StdoutLine: {'line': b'-- Up-to-date: /home/cjs/VL53L8CX/VL53L8CX_ws/install/base_interfaces_demo/lib/python3.8/site-packages/base_interfaces_demo/msg/_motor_status_s.c\n'}
[4.719302] (base_interfaces_demo) StdoutLine: {'line': b'-- Up-to-date: /home/cjs/VL53L8CX/VL53L8CX_ws/install/base_interfaces_demo/lib/python3.8/site-packages/base_interfaces_demo/msg/_rcs_info.py\n'}
[4.719473] (base_interfaces_demo) StdoutLine: {'line': b'-- Up-to-date: /home/cjs/VL53L8CX/VL53L8CX_ws/install/base_interfaces_demo/lib/python3.8/site-packages/base_interfaces_demo/msg/_file_updata.py\n'}
[4.719630] (base_interfaces_demo) StdoutLine: {'line': b'-- Up-to-date: /home/cjs/VL53L8CX/VL53L8CX_ws/install/base_interfaces_demo/lib/python3.8/site-packages/base_interfaces_demo/msg/_lift_info.py\n'}
[4.719790] (base_interfaces_demo) StdoutLine: {'line': b'-- Up-to-date: /home/cjs/VL53L8CX/VL53L8CX_ws/install/base_interfaces_demo/lib/python3.8/site-packages/base_interfaces_demo/msg/_bms_info_s.c\n'}
[4.719945] (base_interfaces_demo) StdoutLine: {'line': b'-- Up-to-date: /home/cjs/VL53L8CX/VL53L8CX_ws/install/base_interfaces_demo/lib/python3.8/site-packages/base_interfaces_demo/msg/_pallet_info_s.c\n'}
[4.720103] (base_interfaces_demo) StdoutLine: {'line': b'-- Up-to-date: /home/cjs/VL53L8CX/VL53L8CX_ws/install/base_interfaces_demo/lib/python3.8/site-packages/base_interfaces_demo/msg/__init__.py\n'}
[4.720259] (base_interfaces_demo) StdoutLine: {'line': b'-- Up-to-date: /home/cjs/VL53L8CX/VL53L8CX_ws/install/base_interfaces_demo/lib/python3.8/site-packages/base_interfaces_demo/msg/_bms_info.py\n'}
[4.720533] (base_interfaces_demo) StdoutLine: {'line': b'-- Up-to-date: /home/cjs/VL53L8CX/VL53L8CX_ws/install/base_interfaces_demo/lib/python3.8/site-packages/base_interfaces_demo/msg/_test_s.c\n'}
[4.720878] (base_interfaces_demo) StdoutLine: {'line': b'-- Up-to-date: /home/cjs/VL53L8CX/VL53L8CX_ws/install/base_interfaces_demo/lib/python3.8/site-packages/base_interfaces_demo/srv\n'}
[4.721038] (base_interfaces_demo) StdoutLine: {'line': b'-- Up-to-date: /home/cjs/VL53L8CX/VL53L8CX_ws/install/base_interfaces_demo/lib/python3.8/site-packages/base_interfaces_demo/srv/_hall.py\n'}
[4.721351] (base_interfaces_demo) StdoutLine: {'line': b'-- Up-to-date: /home/cjs/VL53L8CX/VL53L8CX_ws/install/base_interfaces_demo/lib/python3.8/site-packages/base_interfaces_demo/srv/_hall_s.c\n'}
[4.721523] (base_interfaces_demo) StdoutLine: {'line': b'-- Up-to-date: /home/cjs/VL53L8CX/VL53L8CX_ws/install/base_interfaces_demo/lib/python3.8/site-packages/base_interfaces_demo/srv/_check_emergency.py\n'}
[4.721680] (base_interfaces_demo) StdoutLine: {'line': b'-- Up-to-date: /home/cjs/VL53L8CX/VL53L8CX_ws/install/base_interfaces_demo/lib/python3.8/site-packages/base_interfaces_demo/srv/_set_emergency_s.c\n'}
[4.721838] (base_interfaces_demo) StdoutLine: {'line': b'-- Up-to-date: /home/cjs/VL53L8CX/VL53L8CX_ws/install/base_interfaces_demo/lib/python3.8/site-packages/base_interfaces_demo/srv/_rcs_server_s.c\n'}
[4.721993] (base_interfaces_demo) StdoutLine: {'line': b'-- Up-to-date: /home/cjs/VL53L8CX/VL53L8CX_ws/install/base_interfaces_demo/lib/python3.8/site-packages/base_interfaces_demo/srv/_pub_code_s.c\n'}
[4.722150] (base_interfaces_demo) StdoutLine: {'line': b'-- Up-to-date: /home/cjs/VL53L8CX/VL53L8CX_ws/install/base_interfaces_demo/lib/python3.8/site-packages/base_interfaces_demo/srv/_set_emergency.py\n'}
[4.722308] (base_interfaces_demo) StdoutLine: {'line': b'-- Up-to-date: /home/cjs/VL53L8CX/VL53L8CX_ws/install/base_interfaces_demo/lib/python3.8/site-packages/base_interfaces_demo/srv/_check_emergency_s.c\n'}
[4.722474] (base_interfaces_demo) StdoutLine: {'line': b'-- Up-to-date: /home/cjs/VL53L8CX/VL53L8CX_ws/install/base_interfaces_demo/lib/python3.8/site-packages/base_interfaces_demo/srv/_rcs_server.py\n'}
[4.722634] (base_interfaces_demo) StdoutLine: {'line': b'-- Up-to-date: /home/cjs/VL53L8CX/VL53L8CX_ws/install/base_interfaces_demo/lib/python3.8/site-packages/base_interfaces_demo/srv/_pub_code.py\n'}
[4.722791] (base_interfaces_demo) StdoutLine: {'line': b'-- Up-to-date: /home/cjs/VL53L8CX/VL53L8CX_ws/install/base_interfaces_demo/lib/python3.8/site-packages/base_interfaces_demo/srv/__init__.py\n'}
[4.723065] (base_interfaces_demo) StdoutLine: {'line': b'-- Up-to-date: /home/cjs/VL53L8CX/VL53L8CX_ws/install/base_interfaces_demo/lib/python3.8/site-packages/base_interfaces_demo/base_interfaces_demo_s__rosidl_typesupport_fastrtps_c.cpython-38-x86_64-linux-gnu.so\n'}
[4.723229] (base_interfaces_demo) StdoutLine: {'line': b'-- Up-to-date: /home/cjs/VL53L8CX/VL53L8CX_ws/install/base_interfaces_demo/lib/python3.8/site-packages/base_interfaces_demo/base_interfaces_demo_s__rosidl_typesupport_introspection_c.cpython-38-x86_64-linux-gnu.so\n'}
[4.723644] (base_interfaces_demo) StdoutLine: {'line': b'-- Up-to-date: /home/cjs/VL53L8CX/VL53L8CX_ws/install/base_interfaces_demo/lib/python3.8/site-packages/base_interfaces_demo/base_interfaces_demo_s__rosidl_typesupport_c.cpython-38-x86_64-linux-gnu.so\n'}
[4.723807] (base_interfaces_demo) StdoutLine: {'line': b'-- Up-to-date: /home/cjs/VL53L8CX/VL53L8CX_ws/install/base_interfaces_demo/lib/libbase_interfaces_demo__python.so\n'}
[4.723970] (base_interfaces_demo) StdoutLine: {'line': b'-- Up-to-date: /home/cjs/VL53L8CX/VL53L8CX_ws/install/base_interfaces_demo/share/base_interfaces_demo/action/Nav.idl\n'}
[4.724236] (base_interfaces_demo) StdoutLine: {'line': b'-- Up-to-date: /home/cjs/VL53L8CX/VL53L8CX_ws/install/base_interfaces_demo/share/base_interfaces_demo/msg/Ohom.idl\n'}
[4.724394] (base_interfaces_demo) StdoutLine: {'line': b'-- Up-to-date: /home/cjs/VL53L8CX/VL53L8CX_ws/install/base_interfaces_demo/share/base_interfaces_demo/msg/HallInfo.idl\n'}
[4.724647] (base_interfaces_demo) StdoutLine: {'line': b'-- Up-to-date: /home/cjs/VL53L8CX/VL53L8CX_ws/install/base_interfaces_demo/share/base_interfaces_demo/msg/Location.idl\n'}
[4.725551] (base_interfaces_demo) StdoutLine: {'line': b'-- Up-to-date: /home/cjs/VL53L8CX/VL53L8CX_ws/install/base_interfaces_demo/share/base_interfaces_demo/msg/MotorCmd.idl\n'}
[4.725965] (base_interfaces_demo) StdoutLine: {'line': b'-- Up-to-date: /home/cjs/VL53L8CX/VL53L8CX_ws/install/base_interfaces_demo/share/base_interfaces_demo/msg/MotorStatus.idl\n'}
[4.726836] (base_interfaces_demo) StdoutLine: {'line': b'-- Up-to-date: /home/cjs/VL53L8CX/VL53L8CX_ws/install/base_interfaces_demo/share/base_interfaces_demo/msg/Manual.idl\n'}
[4.727351] (base_interfaces_demo) StdoutLine: {'line': b'-- Up-to-date: /home/cjs/VL53L8CX/VL53L8CX_ws/install/base_interfaces_demo/share/base_interfaces_demo/msg/Test.idl\n'}
[4.730311] (base_interfaces_demo) StdoutLine: {'line': b'-- Up-to-date: /home/cjs/VL53L8CX/VL53L8CX_ws/install/base_interfaces_demo/share/base_interfaces_demo/srv/Hall.idl\n'}
[4.730991] (base_interfaces_demo) StdoutLine: {'line': b'-- Up-to-date: /home/cjs/VL53L8CX/VL53L8CX_ws/install/base_interfaces_demo/share/base_interfaces_demo/msg/BmsInfo.idl\n'}
[4.731167] (base_interfaces_demo) StdoutLine: {'line': b'-- Up-to-date: /home/cjs/VL53L8CX/VL53L8CX_ws/install/base_interfaces_demo/share/base_interfaces_demo/msg/ChargerInfo.idl\n'}
[4.731441] (base_interfaces_demo) StdoutLine: {'line': b'-- Up-to-date: /home/cjs/VL53L8CX/VL53L8CX_ws/install/base_interfaces_demo/share/base_interfaces_demo/msg/ManualSeekLabel.idl\n'}
[4.731600] (base_interfaces_demo) StdoutLine: {'line': b'-- Up-to-date: /home/cjs/VL53L8CX/VL53L8CX_ws/install/base_interfaces_demo/share/base_interfaces_demo/msg/SeekCmd.idl\n'}
[4.731871] (base_interfaces_demo) StdoutLine: {'line': b'-- Up-to-date: /home/cjs/VL53L8CX/VL53L8CX_ws/install/base_interfaces_demo/share/base_interfaces_demo/msg/SeekRet.idl\n'}
[4.732051] (base_interfaces_demo) StdoutLine: {'line': b'-- Up-to-date: /home/cjs/VL53L8CX/VL53L8CX_ws/install/base_interfaces_demo/share/base_interfaces_demo/msg/SystemStatus.idl\n'}
[4.732208] (base_interfaces_demo) StdoutLine: {'line': b'-- Up-to-date: /home/cjs/VL53L8CX/VL53L8CX_ws/install/base_interfaces_demo/share/base_interfaces_demo/action/Reverse.idl\n'}
[4.732682] (base_interfaces_demo) StdoutLine: {'line': b'-- Up-to-date: /home/cjs/VL53L8CX/VL53L8CX_ws/install/base_interfaces_demo/share/base_interfaces_demo/msg/LiftInfo.idl\n'}
[4.733081] (base_interfaces_demo) StdoutLine: {'line': b'-- Up-to-date: /home/cjs/VL53L8CX/VL53L8CX_ws/install/base_interfaces_demo/share/base_interfaces_demo/msg/ColorInfo.idl\n'}
[4.733688] (base_interfaces_demo) StdoutLine: {'line': b'-- Up-to-date: /home/cjs/VL53L8CX/VL53L8CX_ws/install/base_interfaces_demo/share/base_interfaces_demo/msg/FileUpdata.idl\n'}
[4.734191] (base_interfaces_demo) StdoutLine: {'line': b'-- Up-to-date: /home/cjs/VL53L8CX/VL53L8CX_ws/install/base_interfaces_demo/share/base_interfaces_demo/msg/ObsLaser.idl\n'}
[4.734702] (base_interfaces_demo) StdoutLine: {'line': b'-- Up-to-date: /home/cjs/VL53L8CX/VL53L8CX_ws/install/base_interfaces_demo/share/base_interfaces_demo/msg/PalletInfo.idl\n'}
[4.735044] (base_interfaces_demo) StdoutLine: {'line': b'-- Up-to-date: /home/cjs/VL53L8CX/VL53L8CX_ws/install/base_interfaces_demo/share/base_interfaces_demo/msg/MovecontrolInfo.idl\n'}
[4.735632] (base_interfaces_demo) StdoutLine: {'line': b'-- Up-to-date: /home/cjs/VL53L8CX/VL53L8CX_ws/install/base_interfaces_demo/share/base_interfaces_demo/msg/MotionControl.idl\n'}
[4.736079] (base_interfaces_demo) StdoutLine: {'line': b'-- Up-to-date: /home/cjs/VL53L8CX/VL53L8CX_ws/install/base_interfaces_demo/share/base_interfaces_demo/msg/RcsInfo.idl\n'}
[4.737456] (base_interfaces_demo) StdoutLine: {'line': b'-- Up-to-date: /home/cjs/VL53L8CX/VL53L8CX_ws/install/base_interfaces_demo/share/base_interfaces_demo/msg/LiftControl.idl\n'}
[4.738418] (base_interfaces_demo) StdoutLine: {'line': b'-- Up-to-date: /home/cjs/VL53L8CX/VL53L8CX_ws/install/base_interfaces_demo/share/base_interfaces_demo/msg/BtStatus.idl\n'}
[4.738590] (base_interfaces_demo) StdoutLine: {'line': b'-- Up-to-date: /home/cjs/VL53L8CX/VL53L8CX_ws/install/base_interfaces_demo/share/base_interfaces_demo/msg/CarStatus.idl\n'}
[4.738921] (base_interfaces_demo) StdoutLine: {'line': b'-- Up-to-date: /home/cjs/VL53L8CX/VL53L8CX_ws/install/base_interfaces_demo/share/base_interfaces_demo/msg/HealthNode.idl\n'}
[4.739871] (base_interfaces_demo) StdoutLine: {'line': b'-- Up-to-date: /home/cjs/VL53L8CX/VL53L8CX_ws/install/base_interfaces_demo/share/base_interfaces_demo/action/Pallet.idl\n'}
[4.740681] (base_interfaces_demo) StdoutLine: {'line': b'-- Up-to-date: /home/cjs/VL53L8CX/VL53L8CX_ws/install/base_interfaces_demo/share/base_interfaces_demo/srv/CheckEmergency.idl\n'}
[4.741701] (base_interfaces_demo) StdoutLine: {'line': b'-- Up-to-date: /home/cjs/VL53L8CX/VL53L8CX_ws/install/base_interfaces_demo/share/base_interfaces_demo/srv/SetEmergency.idl\n'}
[4.742105] (base_interfaces_demo) StdoutLine: {'line': b'-- Up-to-date: /home/cjs/VL53L8CX/VL53L8CX_ws/install/base_interfaces_demo/share/base_interfaces_demo/srv/RcsServer.idl\n'}
[4.743184] (base_interfaces_demo) StdoutLine: {'line': b'-- Up-to-date: /home/cjs/VL53L8CX/VL53L8CX_ws/install/base_interfaces_demo/share/base_interfaces_demo/action/Nav.action\n'}
[4.743362] (base_interfaces_demo) StdoutLine: {'line': b'-- Up-to-date: /home/cjs/VL53L8CX/VL53L8CX_ws/install/base_interfaces_demo/share/base_interfaces_demo/msg/Ohom.msg\n'}
[4.743905] (base_interfaces_demo) StdoutLine: {'line': b'-- Up-to-date: /home/cjs/VL53L8CX/VL53L8CX_ws/install/base_interfaces_demo/share/base_interfaces_demo/msg/HallInfo.msg\n'}
[4.744235] (base_interfaces_demo) StdoutLine: {'line': b'-- Up-to-date: /home/cjs/VL53L8CX/VL53L8CX_ws/install/base_interfaces_demo/share/base_interfaces_demo/msg/Location.msg\n'}
[4.744404] (base_interfaces_demo) StdoutLine: {'line': b'-- Up-to-date: /home/cjs/VL53L8CX/VL53L8CX_ws/install/base_interfaces_demo/share/base_interfaces_demo/msg/MotorCmd.msg\n'}
[4.744891] (base_interfaces_demo) StdoutLine: {'line': b'-- Up-to-date: /home/cjs/VL53L8CX/VL53L8CX_ws/install/base_interfaces_demo/share/base_interfaces_demo/msg/MotorStatus.msg\n'}
[4.745296] (base_interfaces_demo) StdoutLine: {'line': b'-- Up-to-date: /home/cjs/VL53L8CX/VL53L8CX_ws/install/base_interfaces_demo/share/base_interfaces_demo/msg/Manual.msg\n'}
[4.745463] (base_interfaces_demo) StdoutLine: {'line': b'-- Up-to-date: /home/cjs/VL53L8CX/VL53L8CX_ws/install/base_interfaces_demo/share/base_interfaces_demo/msg/Test.msg\n'}
[4.745862] (base_interfaces_demo) StdoutLine: {'line': b'-- Up-to-date: /home/cjs/VL53L8CX/VL53L8CX_ws/install/base_interfaces_demo/share/base_interfaces_demo/srv/Hall.srv\n'}
[4.746280] (base_interfaces_demo) StdoutLine: {'line': b'-- Up-to-date: /home/cjs/VL53L8CX/VL53L8CX_ws/install/base_interfaces_demo/share/base_interfaces_demo/srv/Hall_Request.msg\n'}
[4.746673] (base_interfaces_demo) StdoutLine: {'line': b'-- Up-to-date: /home/cjs/VL53L8CX/VL53L8CX_ws/install/base_interfaces_demo/share/base_interfaces_demo/srv/Hall_Response.msg\n'}
[4.747121] (base_interfaces_demo) StdoutLine: {'line': b'-- Up-to-date: /home/cjs/VL53L8CX/VL53L8CX_ws/install/base_interfaces_demo/share/base_interfaces_demo/msg/BmsInfo.msg\n'}
[4.747757] (base_interfaces_demo) StdoutLine: {'line': b'-- Up-to-date: /home/cjs/VL53L8CX/VL53L8CX_ws/install/base_interfaces_demo/share/base_interfaces_demo/msg/ChargerInfo.msg\n'}
[4.748100] (base_interfaces_demo) StdoutLine: {'line': b'-- Up-to-date: /home/cjs/VL53L8CX/VL53L8CX_ws/install/base_interfaces_demo/share/base_interfaces_demo/msg/ManualSeekLabel.msg\n'}
[4.748791] (base_interfaces_demo) StdoutLine: {'line': b'-- Up-to-date: /home/cjs/VL53L8CX/VL53L8CX_ws/install/base_interfaces_demo/share/base_interfaces_demo/msg/SeekCmd.msg\n'}
[4.749260] (base_interfaces_demo) StdoutLine: {'line': b'-- Up-to-date: /home/cjs/VL53L8CX/VL53L8CX_ws/install/base_interfaces_demo/share/base_interfaces_demo/msg/SeekRet.msg\n'}
[4.749912] (base_interfaces_demo) StdoutLine: {'line': b'-- Up-to-date: /home/cjs/VL53L8CX/VL53L8CX_ws/install/base_interfaces_demo/share/base_interfaces_demo/msg/SystemStatus.msg\n'}
[4.750272] (base_interfaces_demo) StdoutLine: {'line': b'-- Up-to-date: /home/cjs/VL53L8CX/VL53L8CX_ws/install/base_interfaces_demo/share/base_interfaces_demo/action/Reverse.action\n'}
[4.751081] (base_interfaces_demo) StdoutLine: {'line': b'-- Up-to-date: /home/cjs/VL53L8CX/VL53L8CX_ws/install/base_interfaces_demo/share/base_interfaces_demo/msg/LiftInfo.msg\n'}
[4.751420] (base_interfaces_demo) StdoutLine: {'line': b'-- Up-to-date: /home/cjs/VL53L8CX/VL53L8CX_ws/install/base_interfaces_demo/share/base_interfaces_demo/msg/ColorInfo.msg\n'}
[4.752083] (base_interfaces_demo) StdoutLine: {'line': b'-- Up-to-date: /home/cjs/VL53L8CX/VL53L8CX_ws/install/base_interfaces_demo/share/base_interfaces_demo/msg/FileUpdata.msg\n'}
[4.752440] (base_interfaces_demo) StdoutLine: {'line': b'-- Up-to-date: /home/cjs/VL53L8CX/VL53L8CX_ws/install/base_interfaces_demo/share/base_interfaces_demo/msg/ObsLaser.msg\n'}
[4.753225] (base_interfaces_demo) StdoutLine: {'line': b'-- Up-to-date: /home/cjs/VL53L8CX/VL53L8CX_ws/install/base_interfaces_demo/share/base_interfaces_demo/msg/PalletInfo.msg\n'}
[4.753602] (base_interfaces_demo) StdoutLine: {'line': b'-- Up-to-date: /home/cjs/VL53L8CX/VL53L8CX_ws/install/base_interfaces_demo/share/base_interfaces_demo/msg/MovecontrolInfo.msg\n'}
[4.754277] (base_interfaces_demo) StdoutLine: {'line': b'-- Up-to-date: /home/cjs/VL53L8CX/VL53L8CX_ws/install/base_interfaces_demo/share/base_interfaces_demo/msg/MotionControl.msg\n'}
[4.754732] (base_interfaces_demo) StdoutLine: {'line': b'-- Up-to-date: /home/cjs/VL53L8CX/VL53L8CX_ws/install/base_interfaces_demo/share/base_interfaces_demo/msg/RcsInfo.msg\n'}
[4.755330] (base_interfaces_demo) StdoutLine: {'line': b'-- Up-to-date: /home/cjs/VL53L8CX/VL53L8CX_ws/install/base_interfaces_demo/share/base_interfaces_demo/msg/LiftControl.msg\n'}
[4.755792] (-) TimerEvent: {}
[4.756020] (base_interfaces_demo) StdoutLine: {'line': b'-- Up-to-date: /home/cjs/VL53L8CX/VL53L8CX_ws/install/base_interfaces_demo/share/base_interfaces_demo/msg/BtStatus.msg\n'}
[4.756389] (base_interfaces_demo) StdoutLine: {'line': b'-- Up-to-date: /home/cjs/VL53L8CX/VL53L8CX_ws/install/base_interfaces_demo/share/base_interfaces_demo/msg/CarStatus.msg\n'}
[4.756834] (base_interfaces_demo) StdoutLine: {'line': b'-- Up-to-date: /home/cjs/VL53L8CX/VL53L8CX_ws/install/base_interfaces_demo/share/base_interfaces_demo/msg/HealthNode.msg\n'}
[4.757842] (base_interfaces_demo) StdoutLine: {'line': b'-- Up-to-date: /home/cjs/VL53L8CX/VL53L8CX_ws/install/base_interfaces_demo/share/base_interfaces_demo/action/Pallet.action\n'}
[4.758649] (base_interfaces_demo) StdoutLine: {'line': b'-- Up-to-date: /home/cjs/VL53L8CX/VL53L8CX_ws/install/base_interfaces_demo/share/base_interfaces_demo/srv/CheckEmergency.srv\n'}
[4.760330] (base_interfaces_demo) StdoutLine: {'line': b'-- Up-to-date: /home/cjs/VL53L8CX/VL53L8CX_ws/install/base_interfaces_demo/share/base_interfaces_demo/srv/CheckEmergency_Request.msg\n'}
[4.760857] (base_interfaces_demo) StdoutLine: {'line': b'-- Up-to-date: /home/cjs/VL53L8CX/VL53L8CX_ws/install/base_interfaces_demo/share/base_interfaces_demo/srv/CheckEmergency_Response.msg\n'}
[4.761555] (base_interfaces_demo) StdoutLine: {'line': b'-- Up-to-date: /home/cjs/VL53L8CX/VL53L8CX_ws/install/base_interfaces_demo/share/base_interfaces_demo/srv/SetEmergency.srv\n'}
[4.762773] (base_interfaces_demo) StdoutLine: {'line': b'-- Up-to-date: /home/cjs/VL53L8CX/VL53L8CX_ws/install/base_interfaces_demo/share/base_interfaces_demo/srv/SetEmergency_Request.msg\n'}
[4.763327] (base_interfaces_demo) StdoutLine: {'line': b'-- Up-to-date: /home/cjs/VL53L8CX/VL53L8CX_ws/install/base_interfaces_demo/share/base_interfaces_demo/srv/SetEmergency_Response.msg\n'}
[4.763656] (base_interfaces_demo) StdoutLine: {'line': b'-- Up-to-date: /home/cjs/VL53L8CX/VL53L8CX_ws/install/base_interfaces_demo/share/base_interfaces_demo/srv/RcsServer.srv\n'}
[4.763972] (base_interfaces_demo) StdoutLine: {'line': b'-- Up-to-date: /home/cjs/VL53L8CX/VL53L8CX_ws/install/base_interfaces_demo/share/base_interfaces_demo/srv/RcsServer_Request.msg\n'}
[4.764399] (base_interfaces_demo) StdoutLine: {'line': b'-- Up-to-date: /home/cjs/VL53L8CX/VL53L8CX_ws/install/base_interfaces_demo/share/base_interfaces_demo/srv/RcsServer_Response.msg\n'}
[4.765260] (base_interfaces_demo) StdoutLine: {'line': b'-- Up-to-date: /home/cjs/VL53L8CX/VL53L8CX_ws/install/base_interfaces_demo/share/ament_index/resource_index/package_run_dependencies/base_interfaces_demo\n'}
[4.765730] (base_interfaces_demo) StdoutLine: {'line': b'-- Up-to-date: /home/cjs/VL53L8CX/VL53L8CX_ws/install/base_interfaces_demo/share/ament_index/resource_index/parent_prefix_path/base_interfaces_demo\n'}
[4.766276] (base_interfaces_demo) StdoutLine: {'line': b'-- Up-to-date: /home/cjs/VL53L8CX/VL53L8CX_ws/install/base_interfaces_demo/share/base_interfaces_demo/environment/ament_prefix_path.sh\n'}
[4.766619] (base_interfaces_demo) StdoutLine: {'line': b'-- Up-to-date: /home/cjs/VL53L8CX/VL53L8CX_ws/install/base_interfaces_demo/share/base_interfaces_demo/environment/ament_prefix_path.dsv\n'}
[4.767299] (base_interfaces_demo) StdoutLine: {'line': b'-- Up-to-date: /home/cjs/VL53L8CX/VL53L8CX_ws/install/base_interfaces_demo/share/base_interfaces_demo/environment/path.sh\n'}
[4.767653] (base_interfaces_demo) StdoutLine: {'line': b'-- Up-to-date: /home/cjs/VL53L8CX/VL53L8CX_ws/install/base_interfaces_demo/share/base_interfaces_demo/environment/path.dsv\n'}
[4.768302] (base_interfaces_demo) StdoutLine: {'line': b'-- Up-to-date: /home/cjs/VL53L8CX/VL53L8CX_ws/install/base_interfaces_demo/share/base_interfaces_demo/local_setup.bash\n'}
[4.768775] (base_interfaces_demo) StdoutLine: {'line': b'-- Up-to-date: /home/cjs/VL53L8CX/VL53L8CX_ws/install/base_interfaces_demo/share/base_interfaces_demo/local_setup.sh\n'}
[4.769524] (base_interfaces_demo) StdoutLine: {'line': b'-- Up-to-date: /home/cjs/VL53L8CX/VL53L8CX_ws/install/base_interfaces_demo/share/base_interfaces_demo/local_setup.zsh\n'}
[4.769847] (base_interfaces_demo) StdoutLine: {'line': b'-- Up-to-date: /home/cjs/VL53L8CX/VL53L8CX_ws/install/base_interfaces_demo/share/base_interfaces_demo/local_setup.dsv\n'}
[4.770604] (base_interfaces_demo) StdoutLine: {'line': b'-- Installing: /home/cjs/VL53L8CX/VL53L8CX_ws/install/base_interfaces_demo/share/base_interfaces_demo/package.dsv\n'}
[4.772658] (base_interfaces_demo) StdoutLine: {'line': b'-- Up-to-date: /home/cjs/VL53L8CX/VL53L8CX_ws/install/base_interfaces_demo/share/ament_index/resource_index/packages/base_interfaces_demo\n'}
[4.773412] (base_interfaces_demo) StdoutLine: {'line': b'-- Up-to-date: /home/cjs/VL53L8CX/VL53L8CX_ws/install/base_interfaces_demo/share/base_interfaces_demo/cmake/base_interfaces_demo__rosidl_generator_cExport.cmake\n'}
[4.773778] (base_interfaces_demo) StdoutLine: {'line': b'-- Up-to-date: /home/cjs/VL53L8CX/VL53L8CX_ws/install/base_interfaces_demo/share/base_interfaces_demo/cmake/base_interfaces_demo__rosidl_generator_cExport-noconfig.cmake\n'}
[4.775101] (base_interfaces_demo) StdoutLine: {'line': b'-- Up-to-date: /home/cjs/VL53L8CX/VL53L8CX_ws/install/base_interfaces_demo/share/base_interfaces_demo/cmake/base_interfaces_demo__rosidl_typesupport_introspection_cExport.cmake\n'}
[4.775552] (base_interfaces_demo) StdoutLine: {'line': b'-- Up-to-date: /home/cjs/VL53L8CX/VL53L8CX_ws/install/base_interfaces_demo/share/base_interfaces_demo/cmake/base_interfaces_demo__rosidl_typesupport_introspection_cExport-noconfig.cmake\n'}
[4.775997] (base_interfaces_demo) StdoutLine: {'line': b'-- Up-to-date: /home/cjs/VL53L8CX/VL53L8CX_ws/install/base_interfaces_demo/share/base_interfaces_demo/cmake/base_interfaces_demo__rosidl_typesupport_cExport.cmake\n'}
[4.776424] (base_interfaces_demo) StdoutLine: {'line': b'-- Up-to-date: /home/cjs/VL53L8CX/VL53L8CX_ws/install/base_interfaces_demo/share/base_interfaces_demo/cmake/base_interfaces_demo__rosidl_typesupport_cExport-noconfig.cmake\n'}
[4.777659] (base_interfaces_demo) StdoutLine: {'line': b'-- Up-to-date: /home/cjs/VL53L8CX/VL53L8CX_ws/install/base_interfaces_demo/share/base_interfaces_demo/cmake/base_interfaces_demo__rosidl_generator_cppExport.cmake\n'}
[4.778899] (base_interfaces_demo) StdoutLine: {'line': b'-- Up-to-date: /home/cjs/VL53L8CX/VL53L8CX_ws/install/base_interfaces_demo/share/base_interfaces_demo/cmake/base_interfaces_demo__rosidl_typesupport_introspection_cppExport.cmake\n'}
[4.779090] (base_interfaces_demo) StdoutLine: {'line': b'-- Up-to-date: /home/cjs/VL53L8CX/VL53L8CX_ws/install/base_interfaces_demo/share/base_interfaces_demo/cmake/base_interfaces_demo__rosidl_typesupport_introspection_cppExport-noconfig.cmake\n'}
[4.779552] (base_interfaces_demo) StdoutLine: {'line': b'-- Up-to-date: /home/cjs/VL53L8CX/VL53L8CX_ws/install/base_interfaces_demo/share/base_interfaces_demo/cmake/base_interfaces_demo__rosidl_typesupport_cppExport.cmake\n'}
[4.780032] (base_interfaces_demo) StdoutLine: {'line': b'-- Up-to-date: /home/cjs/VL53L8CX/VL53L8CX_ws/install/base_interfaces_demo/share/base_interfaces_demo/cmake/base_interfaces_demo__rosidl_typesupport_cppExport-noconfig.cmake\n'}
[4.780861] (base_interfaces_demo) StdoutLine: {'line': b'-- Up-to-date: /home/cjs/VL53L8CX/VL53L8CX_ws/install/base_interfaces_demo/share/base_interfaces_demo/cmake/rosidl_cmake-extras.cmake\n'}
[4.782273] (base_interfaces_demo) StdoutLine: {'line': b'-- Up-to-date: /home/cjs/VL53L8CX/VL53L8CX_ws/install/base_interfaces_demo/share/base_interfaces_demo/cmake/ament_cmake_export_dependencies-extras.cmake\n'}
[4.782867] (base_interfaces_demo) StdoutLine: {'line': b'-- Up-to-date: /home/cjs/VL53L8CX/VL53L8CX_ws/install/base_interfaces_demo/share/base_interfaces_demo/cmake/ament_cmake_export_libraries-extras.cmake\n'}
[4.783614] (base_interfaces_demo) StdoutLine: {'line': b'-- Up-to-date: /home/cjs/VL53L8CX/VL53L8CX_ws/install/base_interfaces_demo/share/base_interfaces_demo/cmake/ament_cmake_export_targets-extras.cmake\n'}
[4.784160] (base_interfaces_demo) StdoutLine: {'line': b'-- Up-to-date: /home/cjs/VL53L8CX/VL53L8CX_ws/install/base_interfaces_demo/share/base_interfaces_demo/cmake/ament_cmake_export_include_directories-extras.cmake\n'}
[4.785132] (base_interfaces_demo) StdoutLine: {'line': b'-- Up-to-date: /home/cjs/VL53L8CX/VL53L8CX_ws/install/base_interfaces_demo/share/base_interfaces_demo/cmake/rosidl_cmake_export_typesupport_libraries-extras.cmake\n'}
[4.785706] (base_interfaces_demo) StdoutLine: {'line': b'-- Up-to-date: /home/cjs/VL53L8CX/VL53L8CX_ws/install/base_interfaces_demo/share/base_interfaces_demo/cmake/rosidl_cmake_export_typesupport_targets-extras.cmake\n'}
[4.786636] (base_interfaces_demo) StdoutLine: {'line': b'-- Up-to-date: /home/cjs/VL53L8CX/VL53L8CX_ws/install/base_interfaces_demo/share/base_interfaces_demo/cmake/base_interfaces_demoConfig.cmake\n'}
[4.786988] (base_interfaces_demo) StdoutLine: {'line': b'-- Up-to-date: /home/cjs/VL53L8CX/VL53L8CX_ws/install/base_interfaces_demo/share/base_interfaces_demo/cmake/base_interfaces_demoConfig-version.cmake\n'}
[4.787588] (base_interfaces_demo) StdoutLine: {'line': b'-- Up-to-date: /home/cjs/VL53L8CX/VL53L8CX_ws/install/base_interfaces_demo/share/base_interfaces_demo/package.xml\n'}
[4.802407] (base_interfaces_demo) CommandEnded: {'returncode': 0}
[4.857275] (-) TimerEvent: {}
[4.958935] (-) TimerEvent: {}
[5.059966] (-) TimerEvent: {}
[5.161957] (-) TimerEvent: {}
[5.262989] (-) TimerEvent: {}
[5.364489] (-) TimerEvent: {}
[5.465062] (-) TimerEvent: {}
[5.565593] (-) TimerEvent: {}
[5.667004] (-) TimerEvent: {}
[5.767623] (-) TimerEvent: {}
[5.870010] (-) TimerEvent: {}
[5.972624] (-) TimerEvent: {}
[6.073327] (-) TimerEvent: {}
[6.174703] (-) TimerEvent: {}
[6.275854] (-) TimerEvent: {}
[6.376771] (-) TimerEvent: {}
[6.478052] (-) TimerEvent: {}
[6.579524] (-) TimerEvent: {}
[6.680692] (-) TimerEvent: {}
[6.781332] (-) TimerEvent: {}
[6.882867] (-) TimerEvent: {}
[6.985405] (-) TimerEvent: {}
[7.088330] (-) TimerEvent: {}
[7.192282] (-) TimerEvent: {}
[7.293802] (-) TimerEvent: {}
[7.396337] (-) TimerEvent: {}
[7.497883] (-) TimerEvent: {}
[7.599453] (-) TimerEvent: {}
[7.701059] (-) TimerEvent: {}
[7.802421] (-) TimerEvent: {}
[7.903302] (-) TimerEvent: {}
[8.004853] (-) TimerEvent: {}
[8.107394] (-) TimerEvent: {}
[8.209904] (-) TimerEvent: {}
[8.310975] (-) TimerEvent: {}
[8.403396] (base_interfaces_demo) JobEnded: {'identifier': 'base_interfaces_demo', 'rc': 0}
[8.406781] (tof_sensor_package) JobStarted: {'identifier': 'tof_sensor_package'}
[8.411618] (-) TimerEvent: {}
[8.447184] (tof_sensor_package) JobProgress: {'identifier': 'tof_sensor_package', 'progress': 'cmake'}
[8.452577] (tof_sensor_package) JobProgress: {'identifier': 'tof_sensor_package', 'progress': 'build'}
[8.453538] (tof_sensor_package) Command: {'cmd': ['/usr/bin/cmake', '--build', '/home/cjs/VL53L8CX/VL53L8CX_ws/build/tof_sensor_package', '--', '-j4', '-l4'], 'cwd': '/home/cjs/VL53L8CX/VL53L8CX_ws/build/tof_sensor_package', 'env': OrderedDict([('USER', 'cjs'), ('LC_TIME', 'zh_CN.UTF-8'), ('GIO_MODULE_DIR', '/home/cjs/snap/code/common/.cache/gio-modules'), ('SSH_AGENT_PID', '1520'), ('XDG_SESSION_TYPE', 'x11'), ('GTK_EXE_PREFIX_VSCODE_SNAP_ORIG', ''), ('GIT_ASKPASS', '/snap/code/166/usr/share/code/resources/app/extensions/git/dist/askpass.sh'), ('GDK_BACKEND_VSCODE_SNAP_ORIG', ''), ('SHLVL', '2'), ('LD_LIBRARY_PATH', '/home/cjs/VL53L8CX/VL53L8CX_ws/install/base_interfaces_demo/lib:/opt/ros/foxy/opt/yaml_cpp_vendor/lib:/opt/ros/foxy/opt/rviz_ogre_vendor/lib:/opt/ros/foxy/lib/x86_64-linux-gnu:/opt/ros/foxy/lib'), ('LESS', '-R'), ('HOME', '/home/cjs'), ('LOCPATH_VSCODE_SNAP_ORIG', ''), ('OLDPWD', '/home/cjs/VL53L8CX'), ('CHROME_DESKTOP', 'code-url-handler.desktop'), ('DESKTOP_SESSION', 'ubuntu'), ('GTK_PATH', '/snap/code/166/usr/lib/x86_64-linux-gnu/gtk-3.0'), ('TERM_PROGRAM_VERSION', '1.92.1'), ('LSCOLORS', 'Gxfxcxdxbxegedabagacad'), ('ZSH', '/home/cjs/.oh-my-zsh'), ('GTK_IM_MODULE_FILE', '/home/cjs/snap/code/common/.cache/immodules/immodules.cache'), ('ROS_PYTHON_VERSION', '3'), ('GNOME_SHELL_SESSION_MODE', 'ubuntu'), ('ALL', 'en.US.UTF-8'), ('GTK_MODULES', 'gail:atk-bridge'), ('GSETTINGS_SCHEMA_DIR_VSCODE_SNAP_ORIG', ''), ('PAGER', 'less'), ('VSCODE_GIT_ASKPASS_MAIN', '/snap/code/166/usr/share/code/resources/app/extensions/git/dist/askpass-main.js'), ('LC_MONETARY', 'zh_CN.UTF-8'), ('MANAGERPID', '1424'), ('VSCODE_GIT_ASKPASS_NODE', '/snap/code/166/usr/share/code/code'), ('DBUS_STARTER_BUS_TYPE', 'session'), ('DBUS_SESSION_BUS_ADDRESS', 'unix:path=/run/user/1000/bus,guid=268dcd2de439d3d90858002266b82368'), ('COLORTERM', 'truecolor'), ('IM_CONFIG_PHASE', '1'), ('ROS_DISTRO', 'foxy'), ('LOGNAME', 'cjs'), ('JOURNAL_STREAM', '8:57458'), ('_', '/usr/bin/colcon'), ('ROS_VERSION', '2'), ('XDG_CONFIG_DIRS_VSCODE_SNAP_ORIG', '/etc/xdg/xdg-ubuntu:/etc/xdg'), ('XDG_SESSION_CLASS', 'user'), ('XDG_DATA_DIRS_VSCODE_SNAP_ORIG', '/usr/share/ubuntu:/usr/local/share/:/usr/share/:/var/lib/snapd/desktop'), ('USER_ZDOTDIR', '/home/cjs'), ('USERNAME', 'cjs'), ('TERM', 'xterm-256color'), ('GNOME_DESKTOP_SESSION_ID', 'this-is-deprecated'), ('ROS_LOCALHOST_ONLY', '0'), ('WINDOWPATH', '2'), ('PATH', '/opt/ros/foxy/bin:/usr/local/sbin:/usr/local/bin:/usr/sbin:/usr/bin:/sbin:/bin:/usr/games:/usr/local/games:/snap/bin'), ('SESSION_MANAGER', 'local/cjs-virtual-machine:@/tmp/.ICE-unix/1556,unix/cjs-virtual-machine:/tmp/.ICE-unix/1556'), ('GTK_EXE_PREFIX', '/snap/code/166/usr'), ('INVOCATION_ID', '9ee8dd2fd7cc48b9b2c20cfcb166a738'), ('XDG_MENU_PREFIX', 'gnome-'), ('LC_ADDRESS', 'zh_CN.UTF-8'), ('XDG_RUNTIME_DIR', '/run/user/1000'), ('GDK_BACKEND', 'x11'), ('DISPLAY', ':0'), ('LOCPATH', '/snap/code/166/usr/lib/locale'), ('LANG', 'en_US.UTF-8'), ('XDG_CURRENT_DESKTOP', 'Unity'), ('LC_TELEPHONE', 'zh_CN.UTF-8'), ('TILIX_ID', '9923de69-11f6-49bd-8a1c-424db162521e'), ('VSCODE_INJECTION', '1'), ('GIO_MODULE_DIR_VSCODE_SNAP_ORIG', ''), ('XMODIFIERS', '@im=ibus'), ('XDG_SESSION_DESKTOP', 'ubuntu'), ('XAUTHORITY', '/run/user/1000/gdm/Xauthority'), ('LS_COLORS', 'no=00:fi=00:di=01;34:ln=00;36:pi=40;33:so=01;35:do=01;35:bd=40;33;01:cd=40;33;01:or=41;33;01:ex=00;32:*.cmd=00;32:*.exe=01;32:*.com=01;32:*.bat=01;32:*.btm=01;32:*.dll=01;32:*.tar=00;31:*.tbz=00;31:*.tgz=00;31:*.rpm=00;31:*.deb=00;31:*.arj=00;31:*.taz=00;31:*.lzh=00;31:*.lzma=00;31:*.zip=00;31:*.zoo=00;31:*.z=00;31:*.Z=00;31:*.gz=00;31:*.bz2=00;31:*.tb2=00;31:*.tz2=00;31:*.tbz2=00;31:*.avi=01;35:*.bmp=01;35:*.fli=01;35:*.gif=01;35:*.jpg=01;35:*.jpeg=01;35:*.mng=01;35:*.mov=01;35:*.mpg=01;35:*.pcx=01;35:*.pbm=01;35:*.pgm=01;35:*.png=01;35:*.ppm=01;35:*.tga=01;35:*.tif=01;35:*.xbm=01;35:*.xpm=01;35:*.dl=01;35:*.gl=01;35:*.wmv=01;35:*.aiff=00;32:*.au=00;32:*.mid=00;32:*.mp3=00;32:*.ogg=00;32:*.voc=00;32:*.wav=00;32:'), ('TERM_PROGRAM', 'vscode'), ('VSCODE_GIT_IPC_HANDLE', '/run/user/1000/vscode-git-6e22b0dd4c.sock'), ('SSH_AUTH_SOCK', '/run/user/1000/keyring/ssh'), ('GSETTINGS_SCHEMA_DIR', '/home/cjs/snap/code/166/.local/share/glib-2.0/schemas'), ('AMENT_PREFIX_PATH', '/home/cjs/VL53L8CX/VL53L8CX_ws/install/base_interfaces_demo:/opt/ros/foxy'), ('ORIGINAL_XDG_CURRENT_DESKTOP', 'ubuntu:GNOME'), ('SHELL', '/usr/bin/zsh'), ('LC_NAME', 'zh_CN.UTF-8'), ('QT_ACCESSIBILITY', '1'), ('GDMSESSION', 'ubuntu'), ('GTK_PATH_VSCODE_SNAP_ORIG', ''), ('GTK_IM_MODULE_FILE_VSCODE_SNAP_ORIG', ''), ('LC_MEASUREMENT', 'zh_CN.UTF-8'), ('GPG_AGENT_INFO', '/run/user/1000/gnupg/S.gpg-agent:0:1'), ('LC_IDENTIFICATION', 'zh_CN.UTF-8'), ('QT_IM_MODULE', 'ibus'), ('VSCODE_GIT_ASKPASS_EXTRA_ARGS', ''), ('PWD', '/home/cjs/VL53L8CX/VL53L8CX_ws/build/tof_sensor_package'), ('XDG_CONFIG_DIRS', '/etc/xdg/xdg-ubuntu:/etc/xdg'), ('DBUS_STARTER_ADDRESS', 'unix:path=/run/user/1000/bus,guid=268dcd2de439d3d90858002266b82368'), ('XDG_DATA_DIRS', '/home/cjs/snap/code/166/.local/share:/home/cjs/snap/code/166:/snap/code/166/usr/share:/usr/share/ubuntu:/usr/local/share/:/usr/share/:/var/lib/snapd/desktop'), ('ZDOTDIR', '/home/cjs'), ('PYTHONPATH', '/home/cjs/VL53L8CX/VL53L8CX_ws/install/base_interfaces_demo/lib/python3.8/site-packages:/opt/ros/foxy/lib/python3.8/site-packages'), ('LC_NUMERIC', 'zh_CN.UTF-8'), ('LC_PAPER', 'zh_CN.UTF-8'), ('COLCON', '1'), ('VTE_VERSION', '6003'), ('CMAKE_PREFIX_PATH', '/home/cjs/VL53L8CX/VL53L8CX_ws/install/base_interfaces_demo:/opt/ros/foxy')]), 'shell': False}
[8.512977] (-) TimerEvent: {}
[8.614544] (-) TimerEvent: {}
[8.615747] (tof_sensor_package) StdoutLine: {'line': b'\x1b[35m\x1b[1mScanning dependencies of target pallet_detect_node\x1b[0m\n'}
[8.714904] (-) TimerEvent: {}
[8.802518] (tof_sensor_package) StdoutLine: {'line': b'[ 20%] \x1b[32mBuilding CXX object CMakeFiles/pallet_detect_node.dir/src/pallet_detect_node.cpp.o\x1b[0m\n'}
[8.805405] (tof_sensor_package) StdoutLine: {'line': b'[ 40%] \x1b[32mBuilding CXX object CMakeFiles/pallet_detect_node.dir/src/BestFit.cpp.o\x1b[0m\n'}
[8.815543] (-) TimerEvent: {}
[8.921215] (-) TimerEvent: {}
[9.022686] (-) TimerEvent: {}
[9.125146] (-) TimerEvent: {}
[9.226040] (-) TimerEvent: {}
[9.327405] (-) TimerEvent: {}
[9.429481] (-) TimerEvent: {}
[9.533407] (-) TimerEvent: {}
[9.637561] (-) TimerEvent: {}
[9.740404] (-) TimerEvent: {}
[9.841100] (-) TimerEvent: {}
[9.941990] (-) TimerEvent: {}
[10.047145] (-) TimerEvent: {}
[10.148696] (-) TimerEvent: {}
[10.249259] (-) TimerEvent: {}
[10.350966] (-) TimerEvent: {}
[10.452217] (-) TimerEvent: {}
[10.553986] (-) TimerEvent: {}
[10.655319] (-) TimerEvent: {}
[10.756831] (-) TimerEvent: {}
[10.858734] (-) TimerEvent: {}
[10.960050] (-) TimerEvent: {}
[11.061002] (-) TimerEvent: {}
[11.161922] (-) TimerEvent: {}
[11.263220] (-) TimerEvent: {}
[11.325327] (tof_sensor_package) StderrLine: {'line': b'\x1b[01m\x1b[K/home/cjs/VL53L8CX/VL53L8CX_ws/src/tof_sensor_package/src/BestFit.cpp:\x1b[m\x1b[K In static member function \xe2\x80\x98\x1b[01m\x1b[Kstatic std::pair<double, double> BestFit::analyze(const cv::Mat&, int)\x1b[m\x1b[K\xe2\x80\x99:\n'}
[11.325866] (tof_sensor_package) StderrLine: {'line': b'\x1b[01m\x1b[K/home/cjs/VL53L8CX/VL53L8CX_ws/src/tof_sensor_package/src/BestFit.cpp:87:14:\x1b[m\x1b[K \x1b[01;35m\x1b[Kwarning: \x1b[m\x1b[Kstructured bindings only available with \xe2\x80\x98\x1b[01m\x1b[K-std=c++17\x1b[m\x1b[K\xe2\x80\x99 or \xe2\x80\x98\x1b[01m\x1b[K-std=gnu++17\x1b[m\x1b[K\xe2\x80\x99\n'}
[11.326043] (tof_sensor_package) StderrLine: {'line': b'   87 |         auto \x1b[01;35m\x1b[K[\x1b[m\x1b[Kcoefficients, inliers] = fitLineRANSAC(robotEdgePoints);\n'}
[11.326190] (tof_sensor_package) StderrLine: {'line': b'      |              \x1b[01;35m\x1b[K^\x1b[m\x1b[K\n'}
[11.336108] (tof_sensor_package) StderrLine: {'line': b'\x1b[01m\x1b[K/home/cjs/VL53L8CX/VL53L8CX_ws/src/tof_sensor_package/src/BestFit.cpp:27:66:\x1b[m\x1b[K \x1b[01;35m\x1b[Kwarning: \x1b[m\x1b[Kunused parameter \xe2\x80\x98\x1b[01m\x1b[Kthreshold\x1b[m\x1b[K\xe2\x80\x99 [\x1b[01;35m\x1b[K-Wunused-parameter\x1b[m\x1b[K]\n'}
[11.336574] (tof_sensor_package) StderrLine: {'line': b'   27 | std::pair<double, double> BestFit::analyze(const cv::Mat &A, \x1b[01;35m\x1b[Kint threshold\x1b[m\x1b[K) {\n'}
[11.336817] (tof_sensor_package) StderrLine: {'line': b'      |                                                              \x1b[01;35m\x1b[K~~~~^~~~~~~~~\x1b[m\x1b[K\n'}
[11.363731] (-) TimerEvent: {}
[11.465618] (-) TimerEvent: {}
[11.566784] (-) TimerEvent: {}
[11.668273] (-) TimerEvent: {}
[11.769945] (-) TimerEvent: {}
[11.871632] (-) TimerEvent: {}
[11.973161] (-) TimerEvent: {}
[12.075082] (-) TimerEvent: {}
[12.175995] (-) TimerEvent: {}
[12.276779] (-) TimerEvent: {}
[12.378090] (-) TimerEvent: {}
[12.478871] (-) TimerEvent: {}
[12.579948] (-) TimerEvent: {}
[12.680732] (-) TimerEvent: {}
[12.781637] (-) TimerEvent: {}
[12.882794] (-) TimerEvent: {}
[12.984458] (-) TimerEvent: {}
[13.085339] (-) TimerEvent: {}
[13.186699] (-) TimerEvent: {}
[13.250106] (tof_sensor_package) StderrLine: {'line': b'\x1b[01m\x1b[K/home/cjs/VL53L8CX/VL53L8CX_ws/src/tof_sensor_package/src/pallet_detect_node.cpp:\x1b[m\x1b[K In member function \xe2\x80\x98\x1b[01m\x1b[Kvoid PalletDetectNode::timer_callback()\x1b[m\x1b[K\xe2\x80\x99:\n'}
[13.250483] (tof_sensor_package) StderrLine: {'line': b'\x1b[01m\x1b[K/home/cjs/VL53L8CX/VL53L8CX_ws/src/tof_sensor_package/src/pallet_detect_node.cpp:127:26:\x1b[m\x1b[K \x1b[01;35m\x1b[Kwarning: \x1b[m\x1b[Kstructured bindings only available with \xe2\x80\x98\x1b[01m\x1b[K-std=c++17\x1b[m\x1b[K\xe2\x80\x99 or \xe2\x80\x98\x1b[01m\x1b[K-std=gnu++17\x1b[m\x1b[K\xe2\x80\x99\n'}
[13.250675] (tof_sensor_package) StderrLine: {'line': b'  127 |                     auto \x1b[01;35m\x1b[K[\x1b[m\x1b[KangleA, driftA] = BestFit::analyze(A_8, distance_threshold);\n'}
[13.250866] (tof_sensor_package) StderrLine: {'line': b'      |                          \x1b[01;35m\x1b[K^\x1b[m\x1b[K\n'}
[13.252863] (tof_sensor_package) StderrLine: {'line': b'\x1b[01m\x1b[K/home/cjs/VL53L8CX/VL53L8CX_ws/src/tof_sensor_package/src/pallet_detect_node.cpp:128:26:\x1b[m\x1b[K \x1b[01;35m\x1b[Kwarning: \x1b[m\x1b[Kstructured bindings only available with \xe2\x80\x98\x1b[01m\x1b[K-std=c++17\x1b[m\x1b[K\xe2\x80\x99 or \xe2\x80\x98\x1b[01m\x1b[K-std=gnu++17\x1b[m\x1b[K\xe2\x80\x99\n'}
[13.253349] (tof_sensor_package) StderrLine: {'line': b'  128 |                     auto \x1b[01;35m\x1b[K[\x1b[m\x1b[KangleC, driftC] = BestFit::analyze(C_8, distance_threshold);\n'}
[13.253541] (tof_sensor_package) StderrLine: {'line': b'      |                          \x1b[01;35m\x1b[K^\x1b[m\x1b[K\n'}
[13.287121] (-) TimerEvent: {}
[13.388172] (-) TimerEvent: {}
[13.489787] (-) TimerEvent: {}
[13.590424] (-) TimerEvent: {}
[13.691921] (-) TimerEvent: {}
[13.794365] (-) TimerEvent: {}
[13.895867] (-) TimerEvent: {}
[13.997547] (-) TimerEvent: {}
[14.098124] (-) TimerEvent: {}
[14.199449] (-) TimerEvent: {}
[14.301186] (-) TimerEvent: {}
[14.402608] (-) TimerEvent: {}
[14.504065] (-) TimerEvent: {}
[14.605767] (-) TimerEvent: {}
[14.707507] (-) TimerEvent: {}
[14.808755] (-) TimerEvent: {}
[14.909607] (-) TimerEvent: {}
[15.010979] (-) TimerEvent: {}
[15.113886] (-) TimerEvent: {}
[15.215251] (-) TimerEvent: {}
[15.316860] (-) TimerEvent: {}
[15.418268] (-) TimerEvent: {}
[15.519962] (-) TimerEvent: {}
[15.620834] (-) TimerEvent: {}
[15.722086] (-) TimerEvent: {}
[15.823216] (-) TimerEvent: {}
[15.923859] (-) TimerEvent: {}
[16.025478] (-) TimerEvent: {}
[16.126906] (-) TimerEvent: {}
[16.228417] (-) TimerEvent: {}
[16.329853] (-) TimerEvent: {}
[16.431493] (-) TimerEvent: {}
[16.532361] (-) TimerEvent: {}
[16.633856] (-) TimerEvent: {}
[16.736956] (-) TimerEvent: {}
[16.837618] (-) TimerEvent: {}
[16.939137] (-) TimerEvent: {}
[17.040680] (-) TimerEvent: {}
[17.142137] (-) TimerEvent: {}
[17.244528] (-) TimerEvent: {}
[17.345932] (-) TimerEvent: {}
[17.447740] (-) TimerEvent: {}
[17.549420] (-) TimerEvent: {}
[17.650732] (-) TimerEvent: {}
[17.752318] (-) TimerEvent: {}
[17.853869] (-) TimerEvent: {}
[17.955414] (-) TimerEvent: {}
[18.056155] (-) TimerEvent: {}
[18.157783] (-) TimerEvent: {}
[18.259356] (-) TimerEvent: {}
[18.360694] (-) TimerEvent: {}
[18.461402] (-) TimerEvent: {}
[18.563178] (-) TimerEvent: {}
[18.664523] (-) TimerEvent: {}
[18.765096] (-) TimerEvent: {}
[18.865819] (-) TimerEvent: {}
[18.967057] (-) TimerEvent: {}
[19.068653] (-) TimerEvent: {}
[19.169247] (-) TimerEvent: {}
[19.269933] (-) TimerEvent: {}
[19.371253] (-) TimerEvent: {}
[19.472745] (-) TimerEvent: {}
[19.563219] (tof_sensor_package) StdoutLine: {'line': b'[ 60%] \x1b[32m\x1b[1mLinking CXX executable pallet_detect_node\x1b[0m\n'}
[19.573400] (-) TimerEvent: {}
[19.676708] (-) TimerEvent: {}
[19.777500] (-) TimerEvent: {}
[19.878917] (-) TimerEvent: {}
[19.980471] (-) TimerEvent: {}
[20.082029] (-) TimerEvent: {}
[20.182870] (-) TimerEvent: {}
[20.283872] (-) TimerEvent: {}
[20.384588] (-) TimerEvent: {}
[20.486001] (-) TimerEvent: {}
[20.587495] (-) TimerEvent: {}
[20.689229] (-) TimerEvent: {}
[20.791652] (-) TimerEvent: {}
[20.892545] (-) TimerEvent: {}
[20.994959] (-) TimerEvent: {}
[21.096158] (-) TimerEvent: {}
[21.126280] (tof_sensor_package) StderrLine: {'line': b"/usr/bin/ld: CMakeFiles/pallet_detect_node.dir/src/pallet_detect_node.cpp.o: in function `PalletDetectNode::timer_callback()':\n"}
[21.126845] (tof_sensor_package) StderrLine: {'line': b"pallet_detect_node.cpp:(.text._ZN16PalletDetectNode14timer_callbackEv[_ZN16PalletDetectNode14timer_callbackEv]+0xb2f): undefined reference to `BestFit::status'\n"}
[21.127056] (tof_sensor_package) StderrLine: {'line': b"/usr/bin/ld: CMakeFiles/pallet_detect_node.dir/src/BestFit.cpp.o: in function `BestFit::analyze(cv::Mat const&, int)':\n"}
[21.128019] (tof_sensor_package) StderrLine: {'line': b"BestFit.cpp:(.text+0x78f): undefined reference to `BestFit::status'\n"}
[21.128229] (tof_sensor_package) StderrLine: {'line': b'collect2: error: ld returned 1 exit status\n'}
[21.134743] (tof_sensor_package) StderrLine: {'line': b'make[2]: *** [CMakeFiles/pallet_detect_node.dir/build.make:254: pallet_detect_node] Error 1\n'}
[21.135213] (tof_sensor_package) StderrLine: {'line': b'make[1]: *** [CMakeFiles/Makefile2:78: CMakeFiles/pallet_detect_node.dir/all] Error 2\n'}
[21.135372] (tof_sensor_package) StderrLine: {'line': b'make: *** [Makefile:141: all] Error 2\n'}
[21.141683] (tof_sensor_package) CommandEnded: {'returncode': 2}
[21.197824] (-) TimerEvent: {}
[21.303537] (-) TimerEvent: {}
[21.320010] (tof_sensor_package) JobEnded: {'identifier': 'tof_sensor_package', 'rc': 2}
[21.331591] (-) EventReactorShutdown: {}
