[0.000000] (-) TimerEvent: {}
[0.000402] (base_interfaces_demo) JobQueued: {'identifier': 'base_interfaces_demo', 'dependencies': OrderedDict()}
[0.000560] (tof_sensor_package) JobQueued: {'identifier': 'tof_sensor_package', 'dependencies': OrderedDict([('base_interfaces_demo', '/home/cjs/VL53L8CX/VL53L8CX_ws/install/base_interfaces_demo')])}
[0.000647] (base_interfaces_demo) JobStarted: {'identifier': 'base_interfaces_demo'}
[0.032091] (base_interfaces_demo) JobProgress: {'identifier': 'base_interfaces_demo', 'progress': 'cmake'}
[0.035800] (base_interfaces_demo) JobProgress: {'identifier': 'base_interfaces_demo', 'progress': 'build'}
[0.037901] (base_interfaces_demo) Command: {'cmd': ['/usr/bin/cmake', '--build', '/home/cjs/VL53L8CX/VL53L8CX_ws/build/base_interfaces_demo', '--', '-j4', '-l4'], 'cwd': '/home/cjs/VL53L8CX/VL53L8CX_ws/build/base_interfaces_demo', 'env': OrderedDict([('USER', 'cjs'), ('LC_TIME', 'zh_CN.UTF-8'), ('GIO_MODULE_DIR', '/home/cjs/snap/code/common/.cache/gio-modules'), ('SSH_AGENT_PID', '1520'), ('XDG_SESSION_TYPE', 'x11'), ('GTK_EXE_PREFIX_VSCODE_SNAP_ORIG', ''), ('GIT_ASKPASS', '/snap/code/166/usr/share/code/resources/app/extensions/git/dist/askpass.sh'), ('GDK_BACKEND_VSCODE_SNAP_ORIG', ''), ('SHLVL', '2'), ('LD_LIBRARY_PATH', '/opt/ros/foxy/opt/yaml_cpp_vendor/lib:/opt/ros/foxy/opt/rviz_ogre_vendor/lib:/opt/ros/foxy/lib/x86_64-linux-gnu:/opt/ros/foxy/lib'), ('LESS', '-R'), ('HOME', '/home/cjs'), ('LOCPATH_VSCODE_SNAP_ORIG', ''), ('OLDPWD', '/home/cjs/VL53L8CX'), ('CHROME_DESKTOP', 'code-url-handler.desktop'), ('DESKTOP_SESSION', 'ubuntu'), ('GTK_PATH', '/snap/code/166/usr/lib/x86_64-linux-gnu/gtk-3.0'), ('TERM_PROGRAM_VERSION', '1.92.1'), ('LSCOLORS', 'Gxfxcxdxbxegedabagacad'), ('ZSH', '/home/cjs/.oh-my-zsh'), ('GTK_IM_MODULE_FILE', '/home/cjs/snap/code/common/.cache/immodules/immodules.cache'), ('ROS_PYTHON_VERSION', '3'), ('GNOME_SHELL_SESSION_MODE', 'ubuntu'), ('ALL', 'en.US.UTF-8'), ('GTK_MODULES', 'gail:atk-bridge'), ('GSETTINGS_SCHEMA_DIR_VSCODE_SNAP_ORIG', ''), ('PAGER', 'less'), ('VSCODE_GIT_ASKPASS_MAIN', '/snap/code/166/usr/share/code/resources/app/extensions/git/dist/askpass-main.js'), ('LC_MONETARY', 'zh_CN.UTF-8'), ('MANAGERPID', '1424'), ('VSCODE_GIT_ASKPASS_NODE', '/snap/code/166/usr/share/code/code'), ('DBUS_STARTER_BUS_TYPE', 'session'), ('DBUS_SESSION_BUS_ADDRESS', 'unix:path=/run/user/1000/bus,guid=268dcd2de439d3d90858002266b82368'), ('COLORTERM', 'truecolor'), ('IM_CONFIG_PHASE', '1'), ('ROS_DISTRO', 'foxy'), ('LOGNAME', 'cjs'), ('JOURNAL_STREAM', '8:57458'), ('_', '/usr/bin/colcon'), ('ROS_VERSION', '2'), ('XDG_CONFIG_DIRS_VSCODE_SNAP_ORIG', '/etc/xdg/xdg-ubuntu:/etc/xdg'), ('XDG_SESSION_CLASS', 'user'), ('XDG_DATA_DIRS_VSCODE_SNAP_ORIG', '/usr/share/ubuntu:/usr/local/share/:/usr/share/:/var/lib/snapd/desktop'), ('USER_ZDOTDIR', '/home/cjs'), ('USERNAME', 'cjs'), ('TERM', 'xterm-256color'), ('GNOME_DESKTOP_SESSION_ID', 'this-is-deprecated'), ('ROS_LOCALHOST_ONLY', '0'), ('WINDOWPATH', '2'), ('PATH', '/opt/ros/foxy/bin:/usr/local/sbin:/usr/local/bin:/usr/sbin:/usr/bin:/sbin:/bin:/usr/games:/usr/local/games:/snap/bin'), ('SESSION_MANAGER', 'local/cjs-virtual-machine:@/tmp/.ICE-unix/1556,unix/cjs-virtual-machine:/tmp/.ICE-unix/1556'), ('GTK_EXE_PREFIX', '/snap/code/166/usr'), ('INVOCATION_ID', '9ee8dd2fd7cc48b9b2c20cfcb166a738'), ('XDG_MENU_PREFIX', 'gnome-'), ('LC_ADDRESS', 'zh_CN.UTF-8'), ('XDG_RUNTIME_DIR', '/run/user/1000'), ('GDK_BACKEND', 'x11'), ('DISPLAY', ':0'), ('LOCPATH', '/snap/code/166/usr/lib/locale'), ('LANG', 'en_US.UTF-8'), ('XDG_CURRENT_DESKTOP', 'Unity'), ('LC_TELEPHONE', 'zh_CN.UTF-8'), ('TILIX_ID', '9923de69-11f6-49bd-8a1c-424db162521e'), ('VSCODE_INJECTION', '1'), ('GIO_MODULE_DIR_VSCODE_SNAP_ORIG', ''), ('XMODIFIERS', '@im=ibus'), ('XDG_SESSION_DESKTOP', 'ubuntu'), ('XAUTHORITY', '/run/user/1000/gdm/Xauthority'), ('LS_COLORS', 'no=00:fi=00:di=01;34:ln=00;36:pi=40;33:so=01;35:do=01;35:bd=40;33;01:cd=40;33;01:or=41;33;01:ex=00;32:*.cmd=00;32:*.exe=01;32:*.com=01;32:*.bat=01;32:*.btm=01;32:*.dll=01;32:*.tar=00;31:*.tbz=00;31:*.tgz=00;31:*.rpm=00;31:*.deb=00;31:*.arj=00;31:*.taz=00;31:*.lzh=00;31:*.lzma=00;31:*.zip=00;31:*.zoo=00;31:*.z=00;31:*.Z=00;31:*.gz=00;31:*.bz2=00;31:*.tb2=00;31:*.tz2=00;31:*.tbz2=00;31:*.avi=01;35:*.bmp=01;35:*.fli=01;35:*.gif=01;35:*.jpg=01;35:*.jpeg=01;35:*.mng=01;35:*.mov=01;35:*.mpg=01;35:*.pcx=01;35:*.pbm=01;35:*.pgm=01;35:*.png=01;35:*.ppm=01;35:*.tga=01;35:*.tif=01;35:*.xbm=01;35:*.xpm=01;35:*.dl=01;35:*.gl=01;35:*.wmv=01;35:*.aiff=00;32:*.au=00;32:*.mid=00;32:*.mp3=00;32:*.ogg=00;32:*.voc=00;32:*.wav=00;32:'), ('TERM_PROGRAM', 'vscode'), ('VSCODE_GIT_IPC_HANDLE', '/run/user/1000/vscode-git-6e22b0dd4c.sock'), ('SSH_AUTH_SOCK', '/run/user/1000/keyring/ssh'), ('GSETTINGS_SCHEMA_DIR', '/home/cjs/snap/code/166/.local/share/glib-2.0/schemas'), ('AMENT_PREFIX_PATH', '/opt/ros/foxy'), ('ORIGINAL_XDG_CURRENT_DESKTOP', 'ubuntu:GNOME'), ('SHELL', '/usr/bin/zsh'), ('LC_NAME', 'zh_CN.UTF-8'), ('QT_ACCESSIBILITY', '1'), ('GDMSESSION', 'ubuntu'), ('GTK_PATH_VSCODE_SNAP_ORIG', ''), ('GTK_IM_MODULE_FILE_VSCODE_SNAP_ORIG', ''), ('LC_MEASUREMENT', 'zh_CN.UTF-8'), ('GPG_AGENT_INFO', '/run/user/1000/gnupg/S.gpg-agent:0:1'), ('LC_IDENTIFICATION', 'zh_CN.UTF-8'), ('QT_IM_MODULE', 'ibus'), ('VSCODE_GIT_ASKPASS_EXTRA_ARGS', ''), ('PWD', '/home/cjs/VL53L8CX/VL53L8CX_ws/build/base_interfaces_demo'), ('XDG_CONFIG_DIRS', '/etc/xdg/xdg-ubuntu:/etc/xdg'), ('DBUS_STARTER_ADDRESS', 'unix:path=/run/user/1000/bus,guid=268dcd2de439d3d90858002266b82368'), ('XDG_DATA_DIRS', '/home/cjs/snap/code/166/.local/share:/home/cjs/snap/code/166:/snap/code/166/usr/share:/usr/share/ubuntu:/usr/local/share/:/usr/share/:/var/lib/snapd/desktop'), ('ZDOTDIR', '/home/cjs'), ('PYTHONPATH', '/opt/ros/foxy/lib/python3.8/site-packages'), ('LC_NUMERIC', 'zh_CN.UTF-8'), ('LC_PAPER', 'zh_CN.UTF-8'), ('COLCON', '1'), ('VTE_VERSION', '6003'), ('CMAKE_PREFIX_PATH', '/opt/ros/foxy')]), 'shell': False}
[0.098574] (-) TimerEvent: {}
[0.200540] (-) TimerEvent: {}
[0.279538] (base_interfaces_demo) StdoutLine: {'line': b'[  0%] Built target base_interfaces_demo__cpp\n'}
[0.301054] (-) TimerEvent: {}
[0.328117] (base_interfaces_demo) StdoutLine: {'line': b'[ 12%] Built target base_interfaces_demo__rosidl_generator_c\n'}
[0.402645] (-) TimerEvent: {}
[0.449503] (base_interfaces_demo) StdoutLine: {'line': b'[ 24%] Built target base_interfaces_demo__rosidl_typesupport_cpp\n'}
[0.457213] (base_interfaces_demo) StdoutLine: {'line': b'[ 37%] Built target base_interfaces_demo__rosidl_typesupport_introspection_cpp\n'}
[0.478298] (base_interfaces_demo) StdoutLine: {'line': b'[ 49%] Built target base_interfaces_demo__rosidl_typesupport_fastrtps_cpp\n'}
[0.503663] (-) TimerEvent: {}
[0.506214] (base_interfaces_demo) StdoutLine: {'line': b'[ 62%] Built target base_interfaces_demo__rosidl_typesupport_introspection_c\n'}
[0.560355] (base_interfaces_demo) StdoutLine: {'line': b'[ 74%] Built target base_interfaces_demo__rosidl_typesupport_c\n'}
[0.604287] (-) TimerEvent: {}
[0.624405] (base_interfaces_demo) StdoutLine: {'line': b'[ 87%] Built target base_interfaces_demo__rosidl_typesupport_fastrtps_c\n'}
[0.704766] (-) TimerEvent: {}
[0.708609] (base_interfaces_demo) StdoutLine: {'line': b'[ 87%] Built target base_interfaces_demo\n'}
[0.796702] (base_interfaces_demo) StdoutLine: {'line': b'[ 87%] Built target base_interfaces_demo__py\n'}
[0.805563] (-) TimerEvent: {}
[0.903508] (base_interfaces_demo) StdoutLine: {'line': b'[ 99%] Built target base_interfaces_demo__python\n'}
[0.906179] (-) TimerEvent: {}
[0.999966] (base_interfaces_demo) StdoutLine: {'line': b'[ 99%] Built target base_interfaces_demo__rosidl_typesupport_fastrtps_c__pyext\n'}
[1.006573] (-) TimerEvent: {}
[1.018932] (base_interfaces_demo) StdoutLine: {'line': b'[100%] Built target base_interfaces_demo__rosidl_typesupport_c__pyext\n'}
[1.029376] (base_interfaces_demo) StdoutLine: {'line': b'[100%] Built target base_interfaces_demo__rosidl_typesupport_introspection_c__pyext\n'}
[1.070558] (base_interfaces_demo) CommandEnded: {'returncode': 0}
[1.107511] (-) TimerEvent: {}
[1.209363] (-) TimerEvent: {}
[1.311281] (-) TimerEvent: {}
[1.412994] (-) TimerEvent: {}
[1.514036] (-) TimerEvent: {}
[1.615153] (-) TimerEvent: {}
[1.715702] (-) TimerEvent: {}
[1.816681] (-) TimerEvent: {}
[1.917913] (-) TimerEvent: {}
[2.018765] (-) TimerEvent: {}
[2.119373] (-) TimerEvent: {}
[2.221915] (-) TimerEvent: {}
[2.324576] (-) TimerEvent: {}
[2.427073] (-) TimerEvent: {}
[2.529404] (-) TimerEvent: {}
[2.630683] (-) TimerEvent: {}
[2.733197] (-) TimerEvent: {}
[2.835018] (-) TimerEvent: {}
[2.936288] (-) TimerEvent: {}
[3.038034] (-) TimerEvent: {}
[3.139600] (-) TimerEvent: {}
[3.240376] (-) TimerEvent: {}
[3.342007] (-) TimerEvent: {}
[3.443541] (-) TimerEvent: {}
[3.544604] (-) TimerEvent: {}
[3.645525] (-) TimerEvent: {}
[3.746746] (-) TimerEvent: {}
[3.850244] (-) TimerEvent: {}
[3.951153] (-) TimerEvent: {}
[4.052545] (-) TimerEvent: {}
[4.155757] (-) TimerEvent: {}
[4.256472] (-) TimerEvent: {}
[4.357661] (-) TimerEvent: {}
[4.458218] (-) TimerEvent: {}
[4.497896] (base_interfaces_demo) JobProgress: {'identifier': 'base_interfaces_demo', 'progress': 'install'}
[4.543948] (base_interfaces_demo) Command: {'cmd': ['/usr/bin/cmake', '--install', '/home/cjs/VL53L8CX/VL53L8CX_ws/build/base_interfaces_demo'], 'cwd': '/home/cjs/VL53L8CX/VL53L8CX_ws/build/base_interfaces_demo', 'env': OrderedDict([('USER', 'cjs'), ('LC_TIME', 'zh_CN.UTF-8'), ('GIO_MODULE_DIR', '/home/cjs/snap/code/common/.cache/gio-modules'), ('SSH_AGENT_PID', '1520'), ('XDG_SESSION_TYPE', 'x11'), ('GTK_EXE_PREFIX_VSCODE_SNAP_ORIG', ''), ('GIT_ASKPASS', '/snap/code/166/usr/share/code/resources/app/extensions/git/dist/askpass.sh'), ('GDK_BACKEND_VSCODE_SNAP_ORIG', ''), ('SHLVL', '2'), ('LD_LIBRARY_PATH', '/opt/ros/foxy/opt/yaml_cpp_vendor/lib:/opt/ros/foxy/opt/rviz_ogre_vendor/lib:/opt/ros/foxy/lib/x86_64-linux-gnu:/opt/ros/foxy/lib'), ('LESS', '-R'), ('HOME', '/home/cjs'), ('LOCPATH_VSCODE_SNAP_ORIG', ''), ('OLDPWD', '/home/cjs/VL53L8CX'), ('CHROME_DESKTOP', 'code-url-handler.desktop'), ('DESKTOP_SESSION', 'ubuntu'), ('GTK_PATH', '/snap/code/166/usr/lib/x86_64-linux-gnu/gtk-3.0'), ('TERM_PROGRAM_VERSION', '1.92.1'), ('LSCOLORS', 'Gxfxcxdxbxegedabagacad'), ('ZSH', '/home/cjs/.oh-my-zsh'), ('GTK_IM_MODULE_FILE', '/home/cjs/snap/code/common/.cache/immodules/immodules.cache'), ('ROS_PYTHON_VERSION', '3'), ('GNOME_SHELL_SESSION_MODE', 'ubuntu'), ('ALL', 'en.US.UTF-8'), ('GTK_MODULES', 'gail:atk-bridge'), ('GSETTINGS_SCHEMA_DIR_VSCODE_SNAP_ORIG', ''), ('PAGER', 'less'), ('VSCODE_GIT_ASKPASS_MAIN', '/snap/code/166/usr/share/code/resources/app/extensions/git/dist/askpass-main.js'), ('LC_MONETARY', 'zh_CN.UTF-8'), ('MANAGERPID', '1424'), ('VSCODE_GIT_ASKPASS_NODE', '/snap/code/166/usr/share/code/code'), ('DBUS_STARTER_BUS_TYPE', 'session'), ('DBUS_SESSION_BUS_ADDRESS', 'unix:path=/run/user/1000/bus,guid=268dcd2de439d3d90858002266b82368'), ('COLORTERM', 'truecolor'), ('IM_CONFIG_PHASE', '1'), ('ROS_DISTRO', 'foxy'), ('LOGNAME', 'cjs'), ('JOURNAL_STREAM', '8:57458'), ('_', '/usr/bin/colcon'), ('ROS_VERSION', '2'), ('XDG_CONFIG_DIRS_VSCODE_SNAP_ORIG', '/etc/xdg/xdg-ubuntu:/etc/xdg'), ('XDG_SESSION_CLASS', 'user'), ('XDG_DATA_DIRS_VSCODE_SNAP_ORIG', '/usr/share/ubuntu:/usr/local/share/:/usr/share/:/var/lib/snapd/desktop'), ('USER_ZDOTDIR', '/home/cjs'), ('USERNAME', 'cjs'), ('TERM', 'xterm-256color'), ('GNOME_DESKTOP_SESSION_ID', 'this-is-deprecated'), ('ROS_LOCALHOST_ONLY', '0'), ('WINDOWPATH', '2'), ('PATH', '/opt/ros/foxy/bin:/usr/local/sbin:/usr/local/bin:/usr/sbin:/usr/bin:/sbin:/bin:/usr/games:/usr/local/games:/snap/bin'), ('SESSION_MANAGER', 'local/cjs-virtual-machine:@/tmp/.ICE-unix/1556,unix/cjs-virtual-machine:/tmp/.ICE-unix/1556'), ('GTK_EXE_PREFIX', '/snap/code/166/usr'), ('INVOCATION_ID', '9ee8dd2fd7cc48b9b2c20cfcb166a738'), ('XDG_MENU_PREFIX', 'gnome-'), ('LC_ADDRESS', 'zh_CN.UTF-8'), ('XDG_RUNTIME_DIR', '/run/user/1000'), ('GDK_BACKEND', 'x11'), ('DISPLAY', ':0'), ('LOCPATH', '/snap/code/166/usr/lib/locale'), ('LANG', 'en_US.UTF-8'), ('XDG_CURRENT_DESKTOP', 'Unity'), ('LC_TELEPHONE', 'zh_CN.UTF-8'), ('TILIX_ID', '9923de69-11f6-49bd-8a1c-424db162521e'), ('VSCODE_INJECTION', '1'), ('GIO_MODULE_DIR_VSCODE_SNAP_ORIG', ''), ('XMODIFIERS', '@im=ibus'), ('XDG_SESSION_DESKTOP', 'ubuntu'), ('XAUTHORITY', '/run/user/1000/gdm/Xauthority'), ('LS_COLORS', 'no=00:fi=00:di=01;34:ln=00;36:pi=40;33:so=01;35:do=01;35:bd=40;33;01:cd=40;33;01:or=41;33;01:ex=00;32:*.cmd=00;32:*.exe=01;32:*.com=01;32:*.bat=01;32:*.btm=01;32:*.dll=01;32:*.tar=00;31:*.tbz=00;31:*.tgz=00;31:*.rpm=00;31:*.deb=00;31:*.arj=00;31:*.taz=00;31:*.lzh=00;31:*.lzma=00;31:*.zip=00;31:*.zoo=00;31:*.z=00;31:*.Z=00;31:*.gz=00;31:*.bz2=00;31:*.tb2=00;31:*.tz2=00;31:*.tbz2=00;31:*.avi=01;35:*.bmp=01;35:*.fli=01;35:*.gif=01;35:*.jpg=01;35:*.jpeg=01;35:*.mng=01;35:*.mov=01;35:*.mpg=01;35:*.pcx=01;35:*.pbm=01;35:*.pgm=01;35:*.png=01;35:*.ppm=01;35:*.tga=01;35:*.tif=01;35:*.xbm=01;35:*.xpm=01;35:*.dl=01;35:*.gl=01;35:*.wmv=01;35:*.aiff=00;32:*.au=00;32:*.mid=00;32:*.mp3=00;32:*.ogg=00;32:*.voc=00;32:*.wav=00;32:'), ('TERM_PROGRAM', 'vscode'), ('VSCODE_GIT_IPC_HANDLE', '/run/user/1000/vscode-git-6e22b0dd4c.sock'), ('SSH_AUTH_SOCK', '/run/user/1000/keyring/ssh'), ('GSETTINGS_SCHEMA_DIR', '/home/cjs/snap/code/166/.local/share/glib-2.0/schemas'), ('AMENT_PREFIX_PATH', '/opt/ros/foxy'), ('ORIGINAL_XDG_CURRENT_DESKTOP', 'ubuntu:GNOME'), ('SHELL', '/usr/bin/zsh'), ('LC_NAME', 'zh_CN.UTF-8'), ('QT_ACCESSIBILITY', '1'), ('GDMSESSION', 'ubuntu'), ('GTK_PATH_VSCODE_SNAP_ORIG', ''), ('GTK_IM_MODULE_FILE_VSCODE_SNAP_ORIG', ''), ('LC_MEASUREMENT', 'zh_CN.UTF-8'), ('GPG_AGENT_INFO', '/run/user/1000/gnupg/S.gpg-agent:0:1'), ('LC_IDENTIFICATION', 'zh_CN.UTF-8'), ('QT_IM_MODULE', 'ibus'), ('VSCODE_GIT_ASKPASS_EXTRA_ARGS', ''), ('PWD', '/home/cjs/VL53L8CX/VL53L8CX_ws/build/base_interfaces_demo'), ('XDG_CONFIG_DIRS', '/etc/xdg/xdg-ubuntu:/etc/xdg'), ('DBUS_STARTER_ADDRESS', 'unix:path=/run/user/1000/bus,guid=268dcd2de439d3d90858002266b82368'), ('XDG_DATA_DIRS', '/home/cjs/snap/code/166/.local/share:/home/cjs/snap/code/166:/snap/code/166/usr/share:/usr/share/ubuntu:/usr/local/share/:/usr/share/:/var/lib/snapd/desktop'), ('ZDOTDIR', '/home/cjs'), ('PYTHONPATH', '/opt/ros/foxy/lib/python3.8/site-packages'), ('LC_NUMERIC', 'zh_CN.UTF-8'), ('LC_PAPER', 'zh_CN.UTF-8'), ('COLCON', '1'), ('VTE_VERSION', '6003'), ('CMAKE_PREFIX_PATH', '/opt/ros/foxy')]), 'shell': False}
[4.559375] (-) TimerEvent: {}
[4.575342] (base_interfaces_demo) StdoutLine: {'line': b'-- Install configuration: ""\n'}
[4.576610] (base_interfaces_demo) StdoutLine: {'line': b'-- Up-to-date: /home/cjs/VL53L8CX/VL53L8CX_ws/install/base_interfaces_demo/share/ament_index/resource_index/rosidl_interfaces/base_interfaces_demo\n'}
[4.576806] (base_interfaces_demo) StdoutLine: {'line': b'-- Up-to-date: /home/cjs/VL53L8CX/VL53L8CX_ws/install/base_interfaces_demo/include/base_interfaces_demo\n'}
[4.576929] (base_interfaces_demo) StdoutLine: {'line': b'-- Up-to-date: /home/cjs/VL53L8CX/VL53L8CX_ws/install/base_interfaces_demo/include/base_interfaces_demo/action\n'}
[4.577051] (base_interfaces_demo) StdoutLine: {'line': b'-- Up-to-date: /home/cjs/VL53L8CX/VL53L8CX_ws/install/base_interfaces_demo/include/base_interfaces_demo/action/nav.h\n'}
[4.577171] (base_interfaces_demo) StdoutLine: {'line': b'-- Up-to-date: /home/cjs/VL53L8CX/VL53L8CX_ws/install/base_interfaces_demo/include/base_interfaces_demo/action/detail\n'}
[4.577290] (base_interfaces_demo) StdoutLine: {'line': b'-- Up-to-date: /home/cjs/VL53L8CX/VL53L8CX_ws/install/base_interfaces_demo/include/base_interfaces_demo/action/detail/pallet__type_support.h\n'}
[4.577409] (base_interfaces_demo) StdoutLine: {'line': b'-- Up-to-date: /home/cjs/VL53L8CX/VL53L8CX_ws/install/base_interfaces_demo/include/base_interfaces_demo/action/detail/pallet__functions.h\n'}
[4.577552] (base_interfaces_demo) StdoutLine: {'line': b'-- Up-to-date: /home/cjs/VL53L8CX/VL53L8CX_ws/install/base_interfaces_demo/include/base_interfaces_demo/action/detail/pallet__struct.h\n'}
[4.587812] (base_interfaces_demo) StdoutLine: {'line': b'-- Up-to-date: /home/cjs/VL53L8CX/VL53L8CX_ws/install/base_interfaces_demo/include/base_interfaces_demo/action/detail/reverse__type_support.h\n'}
[4.588119] (base_interfaces_demo) StdoutLine: {'line': b'-- Up-to-date: /home/cjs/VL53L8CX/VL53L8CX_ws/install/base_interfaces_demo/include/base_interfaces_demo/action/detail/reverse__struct.h\n'}
[4.588301] (base_interfaces_demo) StdoutLine: {'line': b'-- Up-to-date: /home/cjs/VL53L8CX/VL53L8CX_ws/install/base_interfaces_demo/include/base_interfaces_demo/action/detail/nav__functions.c\n'}
[4.588454] (base_interfaces_demo) StdoutLine: {'line': b'-- Up-to-date: /home/cjs/VL53L8CX/VL53L8CX_ws/install/base_interfaces_demo/include/base_interfaces_demo/action/detail/reverse__functions.h\n'}
[4.588602] (base_interfaces_demo) StdoutLine: {'line': b'-- Up-to-date: /home/cjs/VL53L8CX/VL53L8CX_ws/install/base_interfaces_demo/include/base_interfaces_demo/action/detail/nav__type_support.h\n'}
[4.588748] (base_interfaces_demo) StdoutLine: {'line': b'-- Up-to-date: /home/cjs/VL53L8CX/VL53L8CX_ws/install/base_interfaces_demo/include/base_interfaces_demo/action/detail/nav__functions.h\n'}
[4.588893] (base_interfaces_demo) StdoutLine: {'line': b'-- Up-to-date: /home/cjs/VL53L8CX/VL53L8CX_ws/install/base_interfaces_demo/include/base_interfaces_demo/action/detail/reverse__functions.c\n'}
[4.589041] (base_interfaces_demo) StdoutLine: {'line': b'-- Up-to-date: /home/cjs/VL53L8CX/VL53L8CX_ws/install/base_interfaces_demo/include/base_interfaces_demo/action/detail/nav__struct.h\n'}
[4.589191] (base_interfaces_demo) StdoutLine: {'line': b'-- Up-to-date: /home/cjs/VL53L8CX/VL53L8CX_ws/install/base_interfaces_demo/include/base_interfaces_demo/action/detail/pallet__functions.c\n'}
[4.589346] (base_interfaces_demo) StdoutLine: {'line': b'-- Up-to-date: /home/cjs/VL53L8CX/VL53L8CX_ws/install/base_interfaces_demo/include/base_interfaces_demo/action/pallet.h\n'}
[4.589495] (base_interfaces_demo) StdoutLine: {'line': b'-- Up-to-date: /home/cjs/VL53L8CX/VL53L8CX_ws/install/base_interfaces_demo/include/base_interfaces_demo/action/reverse.h\n'}
[4.589680] (base_interfaces_demo) StdoutLine: {'line': b'-- Up-to-date: /home/cjs/VL53L8CX/VL53L8CX_ws/install/base_interfaces_demo/include/base_interfaces_demo/srv\n'}
[4.589828] (base_interfaces_demo) StdoutLine: {'line': b'-- Up-to-date: /home/cjs/VL53L8CX/VL53L8CX_ws/install/base_interfaces_demo/include/base_interfaces_demo/srv/check_emergency.h\n'}
[4.589975] (base_interfaces_demo) StdoutLine: {'line': b'-- Up-to-date: /home/cjs/VL53L8CX/VL53L8CX_ws/install/base_interfaces_demo/include/base_interfaces_demo/srv/detail\n'}
[4.590132] (base_interfaces_demo) StdoutLine: {'line': b'-- Up-to-date: /home/cjs/VL53L8CX/VL53L8CX_ws/install/base_interfaces_demo/include/base_interfaces_demo/srv/detail/pub_code__functions.c\n'}
[4.590277] (base_interfaces_demo) StdoutLine: {'line': b'-- Up-to-date: /home/cjs/VL53L8CX/VL53L8CX_ws/install/base_interfaces_demo/include/base_interfaces_demo/srv/detail/set_emergency__type_support.h\n'}
[4.590438] (base_interfaces_demo) StdoutLine: {'line': b'-- Up-to-date: /home/cjs/VL53L8CX/VL53L8CX_ws/install/base_interfaces_demo/include/base_interfaces_demo/srv/detail/pub_code__functions.h\n'}
[4.590600] (base_interfaces_demo) StdoutLine: {'line': b'-- Up-to-date: /home/cjs/VL53L8CX/VL53L8CX_ws/install/base_interfaces_demo/include/base_interfaces_demo/srv/detail/hall__functions.h\n'}
[4.590747] (base_interfaces_demo) StdoutLine: {'line': b'-- Up-to-date: /home/cjs/VL53L8CX/VL53L8CX_ws/install/base_interfaces_demo/include/base_interfaces_demo/srv/detail/check_emergency__functions.h\n'}
[4.590890] (base_interfaces_demo) StdoutLine: {'line': b'-- Up-to-date: /home/cjs/VL53L8CX/VL53L8CX_ws/install/base_interfaces_demo/include/base_interfaces_demo/srv/detail/rcs_server__functions.h\n'}
[4.591034] (base_interfaces_demo) StdoutLine: {'line': b'-- Up-to-date: /home/cjs/VL53L8CX/VL53L8CX_ws/install/base_interfaces_demo/include/base_interfaces_demo/srv/detail/set_emergency__struct.h\n'}
[4.591179] (base_interfaces_demo) StdoutLine: {'line': b'-- Up-to-date: /home/cjs/VL53L8CX/VL53L8CX_ws/install/base_interfaces_demo/include/base_interfaces_demo/srv/detail/pub_code__type_support.h\n'}
[4.591322] (base_interfaces_demo) StdoutLine: {'line': b'-- Up-to-date: /home/cjs/VL53L8CX/VL53L8CX_ws/install/base_interfaces_demo/include/base_interfaces_demo/srv/detail/rcs_server__type_support.h\n'}
[4.591478] (base_interfaces_demo) StdoutLine: {'line': b'-- Up-to-date: /home/cjs/VL53L8CX/VL53L8CX_ws/install/base_interfaces_demo/include/base_interfaces_demo/srv/detail/rcs_server__functions.c\n'}
[4.591792] (base_interfaces_demo) StdoutLine: {'line': b'-- Up-to-date: /home/cjs/VL53L8CX/VL53L8CX_ws/install/base_interfaces_demo/include/base_interfaces_demo/srv/detail/check_emergency__struct.h\n'}
[4.591968] (base_interfaces_demo) StdoutLine: {'line': b'-- Up-to-date: /home/cjs/VL53L8CX/VL53L8CX_ws/install/base_interfaces_demo/include/base_interfaces_demo/srv/detail/hall__struct.h\n'}
[4.592116] (base_interfaces_demo) StdoutLine: {'line': b'-- Up-to-date: /home/cjs/VL53L8CX/VL53L8CX_ws/install/base_interfaces_demo/include/base_interfaces_demo/srv/detail/rcs_server__struct.h\n'}
[4.592261] (base_interfaces_demo) StdoutLine: {'line': b'-- Up-to-date: /home/cjs/VL53L8CX/VL53L8CX_ws/install/base_interfaces_demo/include/base_interfaces_demo/srv/detail/pub_code__struct.h\n'}
[4.592403] (base_interfaces_demo) StdoutLine: {'line': b'-- Up-to-date: /home/cjs/VL53L8CX/VL53L8CX_ws/install/base_interfaces_demo/include/base_interfaces_demo/srv/detail/set_emergency__functions.h\n'}
[4.592550] (base_interfaces_demo) StdoutLine: {'line': b'-- Up-to-date: /home/cjs/VL53L8CX/VL53L8CX_ws/install/base_interfaces_demo/include/base_interfaces_demo/srv/detail/set_emergency__functions.c\n'}
[4.592695] (base_interfaces_demo) StdoutLine: {'line': b'-- Up-to-date: /home/cjs/VL53L8CX/VL53L8CX_ws/install/base_interfaces_demo/include/base_interfaces_demo/srv/detail/check_emergency__type_support.h\n'}
[4.592839] (base_interfaces_demo) StdoutLine: {'line': b'-- Up-to-date: /home/cjs/VL53L8CX/VL53L8CX_ws/install/base_interfaces_demo/include/base_interfaces_demo/srv/detail/hall__functions.c\n'}
[4.592996] (base_interfaces_demo) StdoutLine: {'line': b'-- Up-to-date: /home/cjs/VL53L8CX/VL53L8CX_ws/install/base_interfaces_demo/include/base_interfaces_demo/srv/detail/hall__type_support.h\n'}
[4.593144] (base_interfaces_demo) StdoutLine: {'line': b'-- Up-to-date: /home/cjs/VL53L8CX/VL53L8CX_ws/install/base_interfaces_demo/include/base_interfaces_demo/srv/detail/check_emergency__functions.c\n'}
[4.593312] (base_interfaces_demo) StdoutLine: {'line': b'-- Up-to-date: /home/cjs/VL53L8CX/VL53L8CX_ws/install/base_interfaces_demo/include/base_interfaces_demo/srv/rcs_server.h\n'}
[4.593482] (base_interfaces_demo) StdoutLine: {'line': b'-- Up-to-date: /home/cjs/VL53L8CX/VL53L8CX_ws/install/base_interfaces_demo/include/base_interfaces_demo/srv/set_emergency.h\n'}
[4.593673] (base_interfaces_demo) StdoutLine: {'line': b'-- Up-to-date: /home/cjs/VL53L8CX/VL53L8CX_ws/install/base_interfaces_demo/include/base_interfaces_demo/srv/hall.h\n'}
[4.593818] (base_interfaces_demo) StdoutLine: {'line': b'-- Up-to-date: /home/cjs/VL53L8CX/VL53L8CX_ws/install/base_interfaces_demo/include/base_interfaces_demo/srv/pub_code.h\n'}
[4.593965] (base_interfaces_demo) StdoutLine: {'line': b'-- Up-to-date: /home/cjs/VL53L8CX/VL53L8CX_ws/install/base_interfaces_demo/include/base_interfaces_demo/msg\n'}
[4.594108] (base_interfaces_demo) StdoutLine: {'line': b'-- Up-to-date: /home/cjs/VL53L8CX/VL53L8CX_ws/install/base_interfaces_demo/include/base_interfaces_demo/msg/bms_info.h\n'}
[4.594251] (base_interfaces_demo) StdoutLine: {'line': b'-- Up-to-date: /home/cjs/VL53L8CX/VL53L8CX_ws/install/base_interfaces_demo/include/base_interfaces_demo/msg/ohom.h\n'}
[4.594394] (base_interfaces_demo) StdoutLine: {'line': b'-- Up-to-date: /home/cjs/VL53L8CX/VL53L8CX_ws/install/base_interfaces_demo/include/base_interfaces_demo/msg/manual_seek_label.h\n'}
[4.594541] (base_interfaces_demo) StdoutLine: {'line': b'-- Up-to-date: /home/cjs/VL53L8CX/VL53L8CX_ws/install/base_interfaces_demo/include/base_interfaces_demo/msg/motor_cmd.h\n'}
[4.594697] (base_interfaces_demo) StdoutLine: {'line': b'-- Up-to-date: /home/cjs/VL53L8CX/VL53L8CX_ws/install/base_interfaces_demo/include/base_interfaces_demo/msg/lift_control.h\n'}
[4.594875] (base_interfaces_demo) StdoutLine: {'line': b'-- Up-to-date: /home/cjs/VL53L8CX/VL53L8CX_ws/install/base_interfaces_demo/include/base_interfaces_demo/msg/rosidl_generator_c__visibility_control.h\n'}
[4.595031] (base_interfaces_demo) StdoutLine: {'line': b'-- Up-to-date: /home/cjs/VL53L8CX/VL53L8CX_ws/install/base_interfaces_demo/include/base_interfaces_demo/msg/detail\n'}
[4.595186] (base_interfaces_demo) StdoutLine: {'line': b'-- Up-to-date: /home/cjs/VL53L8CX/VL53L8CX_ws/install/base_interfaces_demo/include/base_interfaces_demo/msg/detail/pub_code__functions.c\n'}
[4.595362] (base_interfaces_demo) StdoutLine: {'line': b'-- Up-to-date: /home/cjs/VL53L8CX/VL53L8CX_ws/install/base_interfaces_demo/include/base_interfaces_demo/msg/detail/motor_status__functions.c\n'}
[4.595541] (base_interfaces_demo) StdoutLine: {'line': b'-- Up-to-date: /home/cjs/VL53L8CX/VL53L8CX_ws/install/base_interfaces_demo/include/base_interfaces_demo/msg/detail/movecontrol_info__functions.h\n'}
[4.596089] (base_interfaces_demo) StdoutLine: {'line': b'-- Up-to-date: /home/cjs/VL53L8CX/VL53L8CX_ws/install/base_interfaces_demo/include/base_interfaces_demo/msg/detail/rcs_info__functions.h\n'}
[4.596241] (base_interfaces_demo) StdoutLine: {'line': b'-- Up-to-date: /home/cjs/VL53L8CX/VL53L8CX_ws/install/base_interfaces_demo/include/base_interfaces_demo/msg/detail/pub_code__functions.h\n'}
[4.596383] (base_interfaces_demo) StdoutLine: {'line': b'-- Up-to-date: /home/cjs/VL53L8CX/VL53L8CX_ws/install/base_interfaces_demo/include/base_interfaces_demo/msg/detail/rcs_info__type_support.h\n'}
[4.596525] (base_interfaces_demo) StdoutLine: {'line': b'-- Up-to-date: /home/cjs/VL53L8CX/VL53L8CX_ws/install/base_interfaces_demo/include/base_interfaces_demo/msg/detail/bms_info__type_support.h\n'}
[4.596667] (base_interfaces_demo) StdoutLine: {'line': b'-- Up-to-date: /home/cjs/VL53L8CX/VL53L8CX_ws/install/base_interfaces_demo/include/base_interfaces_demo/msg/detail/seek_ret__type_support.h\n'}
[4.596809] (base_interfaces_demo) StdoutLine: {'line': b'-- Up-to-date: /home/cjs/VL53L8CX/VL53L8CX_ws/install/base_interfaces_demo/include/base_interfaces_demo/msg/detail/lift_control__type_support.h\n'}
[4.596952] (base_interfaces_demo) StdoutLine: {'line': b'-- Up-to-date: /home/cjs/VL53L8CX/VL53L8CX_ws/install/base_interfaces_demo/include/base_interfaces_demo/msg/detail/color_info__functions.c\n'}
[4.597091] (base_interfaces_demo) StdoutLine: {'line': b'-- Up-to-date: /home/cjs/VL53L8CX/VL53L8CX_ws/install/base_interfaces_demo/include/base_interfaces_demo/msg/detail/lift_control__struct.h\n'}
[4.597231] (base_interfaces_demo) StdoutLine: {'line': b'-- Up-to-date: /home/cjs/VL53L8CX/VL53L8CX_ws/install/base_interfaces_demo/include/base_interfaces_demo/msg/detail/pallet_info__functions.h\n'}
[4.597373] (base_interfaces_demo) StdoutLine: {'line': b'-- Up-to-date: /home/cjs/VL53L8CX/VL53L8CX_ws/install/base_interfaces_demo/include/base_interfaces_demo/msg/detail/rcs_info__struct.h\n'}
[4.597523] (base_interfaces_demo) StdoutLine: {'line': b'-- Up-to-date: /home/cjs/VL53L8CX/VL53L8CX_ws/install/base_interfaces_demo/include/base_interfaces_demo/msg/detail/bt_status__struct.h\n'}
[4.599905] (base_interfaces_demo) StdoutLine: {'line': b'-- Up-to-date: /home/cjs/VL53L8CX/VL53L8CX_ws/install/base_interfaces_demo/include/base_interfaces_demo/msg/detail/obs_laser__type_support.h\n'}
[4.600118] (base_interfaces_demo) StdoutLine: {'line': b'-- Up-to-date: /home/cjs/VL53L8CX/VL53L8CX_ws/install/base_interfaces_demo/include/base_interfaces_demo/msg/detail/manual__struct.h\n'}
[4.600277] (base_interfaces_demo) StdoutLine: {'line': b'-- Up-to-date: /home/cjs/VL53L8CX/VL53L8CX_ws/install/base_interfaces_demo/include/base_interfaces_demo/msg/detail/bt_status__type_support.h\n'}
[4.600423] (base_interfaces_demo) StdoutLine: {'line': b'-- Up-to-date: /home/cjs/VL53L8CX/VL53L8CX_ws/install/base_interfaces_demo/include/base_interfaces_demo/msg/detail/file_updata__struct.h\n'}
[4.600574] (base_interfaces_demo) StdoutLine: {'line': b'-- Up-to-date: /home/cjs/VL53L8CX/VL53L8CX_ws/install/base_interfaces_demo/include/base_interfaces_demo/msg/detail/seek_cmd__functions.h\n'}
[4.600769] (base_interfaces_demo) StdoutLine: {'line': b'-- Up-to-date: /home/cjs/VL53L8CX/VL53L8CX_ws/install/base_interfaces_demo/include/base_interfaces_demo/msg/detail/motor_status__struct.h\n'}
[4.600932] (base_interfaces_demo) StdoutLine: {'line': b'-- Up-to-date: /home/cjs/VL53L8CX/VL53L8CX_ws/install/base_interfaces_demo/include/base_interfaces_demo/msg/detail/motor_cmd__functions.c\n'}
[4.601155] (base_interfaces_demo) StdoutLine: {'line': b'-- Up-to-date: /home/cjs/VL53L8CX/VL53L8CX_ws/install/base_interfaces_demo/include/base_interfaces_demo/msg/detail/manual_seek_label__struct.h\n'}
[4.601445] (base_interfaces_demo) StdoutLine: {'line': b'-- Up-to-date: /home/cjs/VL53L8CX/VL53L8CX_ws/install/base_interfaces_demo/include/base_interfaces_demo/msg/detail/motor_status__type_support.h\n'}
[4.601981] (base_interfaces_demo) StdoutLine: {'line': b'-- Up-to-date: /home/cjs/VL53L8CX/VL53L8CX_ws/install/base_interfaces_demo/include/base_interfaces_demo/msg/detail/motion_control__functions.c\n'}
[4.602194] (base_interfaces_demo) StdoutLine: {'line': b'-- Up-to-date: /home/cjs/VL53L8CX/VL53L8CX_ws/install/base_interfaces_demo/include/base_interfaces_demo/msg/detail/health_node__functions.c\n'}
[4.602419] (base_interfaces_demo) StdoutLine: {'line': b'-- Up-to-date: /home/cjs/VL53L8CX/VL53L8CX_ws/install/base_interfaces_demo/include/base_interfaces_demo/msg/detail/seek_cmd__struct.h\n'}
[4.604149] (base_interfaces_demo) StdoutLine: {'line': b'-- Up-to-date: /home/cjs/VL53L8CX/VL53L8CX_ws/install/base_interfaces_demo/include/base_interfaces_demo/msg/detail/charger_info__functions.h\n'}
[4.604402] (base_interfaces_demo) StdoutLine: {'line': b'-- Up-to-date: /home/cjs/VL53L8CX/VL53L8CX_ws/install/base_interfaces_demo/include/base_interfaces_demo/msg/detail/test__struct.h\n'}
[4.606697] (base_interfaces_demo) StdoutLine: {'line': b'-- Up-to-date: /home/cjs/VL53L8CX/VL53L8CX_ws/install/base_interfaces_demo/include/base_interfaces_demo/msg/detail/health_node__struct.h\n'}
[4.610968] (base_interfaces_demo) StdoutLine: {'line': b'-- Up-to-date: /home/cjs/VL53L8CX/VL53L8CX_ws/install/base_interfaces_demo/include/base_interfaces_demo/msg/detail/lift_info__functions.c\n'}
[4.611201] (base_interfaces_demo) StdoutLine: {'line': b'-- Up-to-date: /home/cjs/VL53L8CX/VL53L8CX_ws/install/base_interfaces_demo/include/base_interfaces_demo/msg/detail/motor_status__functions.h\n'}
[4.611492] (base_interfaces_demo) StdoutLine: {'line': b'-- Up-to-date: /home/cjs/VL53L8CX/VL53L8CX_ws/install/base_interfaces_demo/include/base_interfaces_demo/msg/detail/movecontrol_info__type_support.h\n'}
[4.611910] (base_interfaces_demo) StdoutLine: {'line': b'-- Up-to-date: /home/cjs/VL53L8CX/VL53L8CX_ws/install/base_interfaces_demo/include/base_interfaces_demo/msg/detail/pub_code__type_support.h\n'}
[4.612164] (base_interfaces_demo) StdoutLine: {'line': b'-- Up-to-date: /home/cjs/VL53L8CX/VL53L8CX_ws/install/base_interfaces_demo/include/base_interfaces_demo/msg/detail/test__functions.h\n'}
[4.612386] (base_interfaces_demo) StdoutLine: {'line': b'-- Up-to-date: /home/cjs/VL53L8CX/VL53L8CX_ws/install/base_interfaces_demo/include/base_interfaces_demo/msg/detail/lift_info__functions.h\n'}
[4.612765] (base_interfaces_demo) StdoutLine: {'line': b'-- Up-to-date: /home/cjs/VL53L8CX/VL53L8CX_ws/install/base_interfaces_demo/include/base_interfaces_demo/msg/detail/movecontrol_info__struct.h\n'}
[4.613352] (base_interfaces_demo) StdoutLine: {'line': b'-- Up-to-date: /home/cjs/VL53L8CX/VL53L8CX_ws/install/base_interfaces_demo/include/base_interfaces_demo/msg/detail/motor_cmd__functions.h\n'}
[4.613572] (base_interfaces_demo) StdoutLine: {'line': b'-- Up-to-date: /home/cjs/VL53L8CX/VL53L8CX_ws/install/base_interfaces_demo/include/base_interfaces_demo/msg/detail/bt_status__functions.c\n'}
[4.619954] (base_interfaces_demo) StdoutLine: {'line': b'-- Up-to-date: /home/cjs/VL53L8CX/VL53L8CX_ws/install/base_interfaces_demo/include/base_interfaces_demo/msg/detail/manual__functions.h\n'}
[4.620229] (base_interfaces_demo) StdoutLine: {'line': b'-- Up-to-date: /home/cjs/VL53L8CX/VL53L8CX_ws/install/base_interfaces_demo/include/base_interfaces_demo/msg/detail/hall_info__functions.h\n'}
[4.620719] (base_interfaces_demo) StdoutLine: {'line': b'-- Up-to-date: /home/cjs/VL53L8CX/VL53L8CX_ws/install/base_interfaces_demo/include/base_interfaces_demo/msg/detail/manual__functions.c\n'}
[4.621375] (base_interfaces_demo) StdoutLine: {'line': b'-- Up-to-date: /home/cjs/VL53L8CX/VL53L8CX_ws/install/base_interfaces_demo/include/base_interfaces_demo/msg/detail/file_updata__functions.c\n'}
[4.621769] (base_interfaces_demo) StdoutLine: {'line': b'-- Up-to-date: /home/cjs/VL53L8CX/VL53L8CX_ws/install/base_interfaces_demo/include/base_interfaces_demo/msg/detail/manual_seek_label__type_support.h\n'}
[4.624786] (base_interfaces_demo) StdoutLine: {'line': b'-- Up-to-date: /home/cjs/VL53L8CX/VL53L8CX_ws/install/base_interfaces_demo/include/base_interfaces_demo/msg/detail/pallet_info__type_support.h\n'}
[4.625007] (base_interfaces_demo) StdoutLine: {'line': b'-- Up-to-date: /home/cjs/VL53L8CX/VL53L8CX_ws/install/base_interfaces_demo/include/base_interfaces_demo/msg/detail/ohom__functions.h\n'}
[4.625165] (base_interfaces_demo) StdoutLine: {'line': b'-- Up-to-date: /home/cjs/VL53L8CX/VL53L8CX_ws/install/base_interfaces_demo/include/base_interfaces_demo/msg/detail/color_info__functions.h\n'}
[4.625322] (base_interfaces_demo) StdoutLine: {'line': b'-- Up-to-date: /home/cjs/VL53L8CX/VL53L8CX_ws/install/base_interfaces_demo/include/base_interfaces_demo/msg/detail/health_node__functions.h\n'}
[4.625477] (base_interfaces_demo) StdoutLine: {'line': b'-- Up-to-date: /home/cjs/VL53L8CX/VL53L8CX_ws/install/base_interfaces_demo/include/base_interfaces_demo/msg/detail/seek_cmd__functions.c\n'}
[4.625808] (base_interfaces_demo) StdoutLine: {'line': b'-- Up-to-date: /home/cjs/VL53L8CX/VL53L8CX_ws/install/base_interfaces_demo/include/base_interfaces_demo/msg/detail/car_status__functions.h\n'}
[4.625968] (base_interfaces_demo) StdoutLine: {'line': b'-- Up-to-date: /home/cjs/VL53L8CX/VL53L8CX_ws/install/base_interfaces_demo/include/base_interfaces_demo/msg/detail/motion_control__type_support.h\n'}
[4.626170] (base_interfaces_demo) StdoutLine: {'line': b'-- Up-to-date: /home/cjs/VL53L8CX/VL53L8CX_ws/install/base_interfaces_demo/include/base_interfaces_demo/msg/detail/manual_seek_label__functions.c\n'}
[4.626501] (base_interfaces_demo) StdoutLine: {'line': b'-- Up-to-date: /home/cjs/VL53L8CX/VL53L8CX_ws/install/base_interfaces_demo/include/base_interfaces_demo/msg/detail/bms_info__functions.h\n'}
[4.626767] (base_interfaces_demo) StdoutLine: {'line': b'-- Up-to-date: /home/cjs/VL53L8CX/VL53L8CX_ws/install/base_interfaces_demo/include/base_interfaces_demo/msg/detail/system_status__functions.h\n'}
[4.627106] (base_interfaces_demo) StdoutLine: {'line': b'-- Up-to-date: /home/cjs/VL53L8CX/VL53L8CX_ws/install/base_interfaces_demo/include/base_interfaces_demo/msg/detail/location__functions.c\n'}
[4.627260] (base_interfaces_demo) StdoutLine: {'line': b'-- Up-to-date: /home/cjs/VL53L8CX/VL53L8CX_ws/install/base_interfaces_demo/include/base_interfaces_demo/msg/detail/lift_info__struct.h\n'}
[4.627413] (base_interfaces_demo) StdoutLine: {'line': b'-- Up-to-date: /home/cjs/VL53L8CX/VL53L8CX_ws/install/base_interfaces_demo/include/base_interfaces_demo/msg/detail/rcs_info__functions.c\n'}
[4.627739] (base_interfaces_demo) StdoutLine: {'line': b'-- Up-to-date: /home/cjs/VL53L8CX/VL53L8CX_ws/install/base_interfaces_demo/include/base_interfaces_demo/msg/detail/motion_control__functions.h\n'}
[4.627939] (base_interfaces_demo) StdoutLine: {'line': b'-- Up-to-date: /home/cjs/VL53L8CX/VL53L8CX_ws/install/base_interfaces_demo/include/base_interfaces_demo/msg/detail/motor_cmd__struct.h\n'}
[4.628094] (base_interfaces_demo) StdoutLine: {'line': b'-- Up-to-date: /home/cjs/VL53L8CX/VL53L8CX_ws/install/base_interfaces_demo/include/base_interfaces_demo/msg/detail/system_status__functions.c\n'}
[4.628245] (base_interfaces_demo) StdoutLine: {'line': b'-- Up-to-date: /home/cjs/VL53L8CX/VL53L8CX_ws/install/base_interfaces_demo/include/base_interfaces_demo/msg/detail/location__struct.h\n'}
[4.628475] (base_interfaces_demo) StdoutLine: {'line': b'-- Up-to-date: /home/cjs/VL53L8CX/VL53L8CX_ws/install/base_interfaces_demo/include/base_interfaces_demo/msg/detail/motor_cmd__type_support.h\n'}
[4.633026] (base_interfaces_demo) StdoutLine: {'line': b'-- Up-to-date: /home/cjs/VL53L8CX/VL53L8CX_ws/install/base_interfaces_demo/include/base_interfaces_demo/msg/detail/hall_info__functions.c\n'}
[4.633307] (base_interfaces_demo) StdoutLine: {'line': b'-- Up-to-date: /home/cjs/VL53L8CX/VL53L8CX_ws/install/base_interfaces_demo/include/base_interfaces_demo/msg/detail/file_updata__functions.h\n'}
[4.633474] (base_interfaces_demo) StdoutLine: {'line': b'-- Up-to-date: /home/cjs/VL53L8CX/VL53L8CX_ws/install/base_interfaces_demo/include/base_interfaces_demo/msg/detail/test__type_support.h\n'}
[4.633679] (base_interfaces_demo) StdoutLine: {'line': b'-- Up-to-date: /home/cjs/VL53L8CX/VL53L8CX_ws/install/base_interfaces_demo/include/base_interfaces_demo/msg/detail/ohom__type_support.h\n'}
[4.637132] (base_interfaces_demo) StdoutLine: {'line': b'-- Up-to-date: /home/cjs/VL53L8CX/VL53L8CX_ws/install/base_interfaces_demo/include/base_interfaces_demo/msg/detail/bt_status__functions.h\n'}
[4.637304] (base_interfaces_demo) StdoutLine: {'line': b'-- Up-to-date: /home/cjs/VL53L8CX/VL53L8CX_ws/install/base_interfaces_demo/include/base_interfaces_demo/msg/detail/pallet_info__struct.h\n'}
[4.637460] (base_interfaces_demo) StdoutLine: {'line': b'-- Up-to-date: /home/cjs/VL53L8CX/VL53L8CX_ws/install/base_interfaces_demo/include/base_interfaces_demo/msg/detail/seek_ret__functions.h\n'}
[4.637620] (base_interfaces_demo) StdoutLine: {'line': b'-- Up-to-date: /home/cjs/VL53L8CX/VL53L8CX_ws/install/base_interfaces_demo/include/base_interfaces_demo/msg/detail/color_info__struct.h\n'}
[4.637768] (base_interfaces_demo) StdoutLine: {'line': b'-- Up-to-date: /home/cjs/VL53L8CX/VL53L8CX_ws/install/base_interfaces_demo/include/base_interfaces_demo/msg/detail/charger_info__functions.c\n'}
[4.637921] (base_interfaces_demo) StdoutLine: {'line': b'-- Up-to-date: /home/cjs/VL53L8CX/VL53L8CX_ws/install/base_interfaces_demo/include/base_interfaces_demo/msg/detail/pub_code__struct.h\n'}
[4.638085] (base_interfaces_demo) StdoutLine: {'line': b'-- Up-to-date: /home/cjs/VL53L8CX/VL53L8CX_ws/install/base_interfaces_demo/include/base_interfaces_demo/msg/detail/lift_control__functions.h\n'}
[4.638280] (base_interfaces_demo) StdoutLine: {'line': b'-- Up-to-date: /home/cjs/VL53L8CX/VL53L8CX_ws/install/base_interfaces_demo/include/base_interfaces_demo/msg/detail/obs_laser__functions.h\n'}
[4.638433] (base_interfaces_demo) StdoutLine: {'line': b'-- Up-to-date: /home/cjs/VL53L8CX/VL53L8CX_ws/install/base_interfaces_demo/include/base_interfaces_demo/msg/detail/seek_cmd__type_support.h\n'}
[4.640930] (base_interfaces_demo) StdoutLine: {'line': b'-- Up-to-date: /home/cjs/VL53L8CX/VL53L8CX_ws/install/base_interfaces_demo/include/base_interfaces_demo/msg/detail/movecontrol_info__functions.c\n'}
[4.641425] (base_interfaces_demo) StdoutLine: {'line': b'-- Up-to-date: /home/cjs/VL53L8CX/VL53L8CX_ws/install/base_interfaces_demo/include/base_interfaces_demo/msg/detail/manual__type_support.h\n'}
[4.641860] (base_interfaces_demo) StdoutLine: {'line': b'-- Up-to-date: /home/cjs/VL53L8CX/VL53L8CX_ws/install/base_interfaces_demo/include/base_interfaces_demo/msg/detail/system_status__type_support.h\n'}
[4.642087] (base_interfaces_demo) StdoutLine: {'line': b'-- Up-to-date: /home/cjs/VL53L8CX/VL53L8CX_ws/install/base_interfaces_demo/include/base_interfaces_demo/msg/detail/car_status__struct.h\n'}
[4.642975] (base_interfaces_demo) StdoutLine: {'line': b'-- Up-to-date: /home/cjs/VL53L8CX/VL53L8CX_ws/install/base_interfaces_demo/include/base_interfaces_demo/msg/detail/lift_control__functions.c\n'}
[4.643600] (base_interfaces_demo) StdoutLine: {'line': b'-- Up-to-date: /home/cjs/VL53L8CX/VL53L8CX_ws/install/base_interfaces_demo/include/base_interfaces_demo/msg/detail/seek_ret__functions.c\n'}
[4.647342] (base_interfaces_demo) StdoutLine: {'line': b'-- Up-to-date: /home/cjs/VL53L8CX/VL53L8CX_ws/install/base_interfaces_demo/include/base_interfaces_demo/msg/detail/hall_info__type_support.h\n'}
[4.647535] (base_interfaces_demo) StdoutLine: {'line': b'-- Up-to-date: /home/cjs/VL53L8CX/VL53L8CX_ws/install/base_interfaces_demo/include/base_interfaces_demo/msg/detail/obs_laser__struct.h\n'}
[4.647728] (base_interfaces_demo) StdoutLine: {'line': b'-- Up-to-date: /home/cjs/VL53L8CX/VL53L8CX_ws/install/base_interfaces_demo/include/base_interfaces_demo/msg/detail/ohom__functions.c\n'}
[4.647915] (base_interfaces_demo) StdoutLine: {'line': b'-- Up-to-date: /home/cjs/VL53L8CX/VL53L8CX_ws/install/base_interfaces_demo/include/base_interfaces_demo/msg/detail/motion_control__struct.h\n'}
[4.648413] (base_interfaces_demo) StdoutLine: {'line': b'-- Up-to-date: /home/cjs/VL53L8CX/VL53L8CX_ws/install/base_interfaces_demo/include/base_interfaces_demo/msg/detail/lift_info__type_support.h\n'}
[4.648852] (base_interfaces_demo) StdoutLine: {'line': b'-- Up-to-date: /home/cjs/VL53L8CX/VL53L8CX_ws/install/base_interfaces_demo/include/base_interfaces_demo/msg/detail/location__type_support.h\n'}
[4.649163] (base_interfaces_demo) StdoutLine: {'line': b'-- Up-to-date: /home/cjs/VL53L8CX/VL53L8CX_ws/install/base_interfaces_demo/include/base_interfaces_demo/msg/detail/health_node__type_support.h\n'}
[4.649380] (base_interfaces_demo) StdoutLine: {'line': b'-- Up-to-date: /home/cjs/VL53L8CX/VL53L8CX_ws/install/base_interfaces_demo/include/base_interfaces_demo/msg/detail/seek_ret__struct.h\n'}
[4.651498] (base_interfaces_demo) StdoutLine: {'line': b'-- Up-to-date: /home/cjs/VL53L8CX/VL53L8CX_ws/install/base_interfaces_demo/include/base_interfaces_demo/msg/detail/hall_info__struct.h\n'}
[4.651877] (base_interfaces_demo) StdoutLine: {'line': b'-- Up-to-date: /home/cjs/VL53L8CX/VL53L8CX_ws/install/base_interfaces_demo/include/base_interfaces_demo/msg/detail/bms_info__struct.h\n'}
[4.652215] (base_interfaces_demo) StdoutLine: {'line': b'-- Up-to-date: /home/cjs/VL53L8CX/VL53L8CX_ws/install/base_interfaces_demo/include/base_interfaces_demo/msg/detail/pallet_info__functions.c\n'}
[4.652420] (base_interfaces_demo) StdoutLine: {'line': b'-- Up-to-date: /home/cjs/VL53L8CX/VL53L8CX_ws/install/base_interfaces_demo/include/base_interfaces_demo/msg/detail/ohom__struct.h\n'}
[4.652629] (base_interfaces_demo) StdoutLine: {'line': b'-- Up-to-date: /home/cjs/VL53L8CX/VL53L8CX_ws/install/base_interfaces_demo/include/base_interfaces_demo/msg/detail/charger_info__struct.h\n'}
[4.652846] (base_interfaces_demo) StdoutLine: {'line': b'-- Up-to-date: /home/cjs/VL53L8CX/VL53L8CX_ws/install/base_interfaces_demo/include/base_interfaces_demo/msg/detail/charger_info__type_support.h\n'}
[4.653274] (base_interfaces_demo) StdoutLine: {'line': b'-- Up-to-date: /home/cjs/VL53L8CX/VL53L8CX_ws/install/base_interfaces_demo/include/base_interfaces_demo/msg/detail/bms_info__functions.c\n'}
[4.653465] (base_interfaces_demo) StdoutLine: {'line': b'-- Up-to-date: /home/cjs/VL53L8CX/VL53L8CX_ws/install/base_interfaces_demo/include/base_interfaces_demo/msg/detail/test__functions.c\n'}
[4.653634] (base_interfaces_demo) StdoutLine: {'line': b'-- Up-to-date: /home/cjs/VL53L8CX/VL53L8CX_ws/install/base_interfaces_demo/include/base_interfaces_demo/msg/detail/location__functions.h\n'}
[4.653805] (base_interfaces_demo) StdoutLine: {'line': b'-- Up-to-date: /home/cjs/VL53L8CX/VL53L8CX_ws/install/base_interfaces_demo/include/base_interfaces_demo/msg/detail/manual_seek_label__functions.h\n'}
[4.654046] (base_interfaces_demo) StdoutLine: {'line': b'-- Up-to-date: /home/cjs/VL53L8CX/VL53L8CX_ws/install/base_interfaces_demo/include/base_interfaces_demo/msg/detail/system_status__struct.h\n'}
[4.654268] (base_interfaces_demo) StdoutLine: {'line': b'-- Up-to-date: /home/cjs/VL53L8CX/VL53L8CX_ws/install/base_interfaces_demo/include/base_interfaces_demo/msg/detail/obs_laser__functions.c\n'}
[4.654473] (base_interfaces_demo) StdoutLine: {'line': b'-- Up-to-date: /home/cjs/VL53L8CX/VL53L8CX_ws/install/base_interfaces_demo/include/base_interfaces_demo/msg/detail/color_info__type_support.h\n'}
[4.654762] (base_interfaces_demo) StdoutLine: {'line': b'-- Up-to-date: /home/cjs/VL53L8CX/VL53L8CX_ws/install/base_interfaces_demo/include/base_interfaces_demo/msg/detail/file_updata__type_support.h\n'}
[4.655046] (base_interfaces_demo) StdoutLine: {'line': b'-- Up-to-date: /home/cjs/VL53L8CX/VL53L8CX_ws/install/base_interfaces_demo/include/base_interfaces_demo/msg/detail/car_status__type_support.h\n'}
[4.656786] (base_interfaces_demo) StdoutLine: {'line': b'-- Up-to-date: /home/cjs/VL53L8CX/VL53L8CX_ws/install/base_interfaces_demo/include/base_interfaces_demo/msg/detail/car_status__functions.c\n'}
[4.657125] (base_interfaces_demo) StdoutLine: {'line': b'-- Up-to-date: /home/cjs/VL53L8CX/VL53L8CX_ws/install/base_interfaces_demo/include/base_interfaces_demo/msg/pallet_info.h\n'}
[4.657298] (base_interfaces_demo) StdoutLine: {'line': b'-- Up-to-date: /home/cjs/VL53L8CX/VL53L8CX_ws/install/base_interfaces_demo/include/base_interfaces_demo/msg/motor_status.h\n'}
[4.657458] (base_interfaces_demo) StdoutLine: {'line': b'-- Up-to-date: /home/cjs/VL53L8CX/VL53L8CX_ws/install/base_interfaces_demo/include/base_interfaces_demo/msg/location.h\n'}
[4.657630] (base_interfaces_demo) StdoutLine: {'line': b'-- Up-to-date: /home/cjs/VL53L8CX/VL53L8CX_ws/install/base_interfaces_demo/include/base_interfaces_demo/msg/charger_info.h\n'}
[4.657785] (base_interfaces_demo) StdoutLine: {'line': b'-- Up-to-date: /home/cjs/VL53L8CX/VL53L8CX_ws/install/base_interfaces_demo/include/base_interfaces_demo/msg/rcs_info.h\n'}
[4.657939] (base_interfaces_demo) StdoutLine: {'line': b'-- Up-to-date: /home/cjs/VL53L8CX/VL53L8CX_ws/install/base_interfaces_demo/include/base_interfaces_demo/msg/bt_status.h\n'}
[4.658287] (base_interfaces_demo) StdoutLine: {'line': b'-- Up-to-date: /home/cjs/VL53L8CX/VL53L8CX_ws/install/base_interfaces_demo/include/base_interfaces_demo/msg/lift_info.h\n'}
[4.658444] (base_interfaces_demo) StdoutLine: {'line': b'-- Up-to-date: /home/cjs/VL53L8CX/VL53L8CX_ws/install/base_interfaces_demo/include/base_interfaces_demo/msg/color_info.h\n'}
[4.658598] (base_interfaces_demo) StdoutLine: {'line': b'-- Up-to-date: /home/cjs/VL53L8CX/VL53L8CX_ws/install/base_interfaces_demo/include/base_interfaces_demo/msg/movecontrol_info.h\n'}
[4.658752] (base_interfaces_demo) StdoutLine: {'line': b'-- Up-to-date: /home/cjs/VL53L8CX/VL53L8CX_ws/install/base_interfaces_demo/include/base_interfaces_demo/msg/test.h\n'}
[4.658907] (base_interfaces_demo) StdoutLine: {'line': b'-- Up-to-date: /home/cjs/VL53L8CX/VL53L8CX_ws/install/base_interfaces_demo/include/base_interfaces_demo/msg/obs_laser.h\n'}
[4.661006] (-) TimerEvent: {}
[4.661411] (base_interfaces_demo) StdoutLine: {'line': b'-- Up-to-date: /home/cjs/VL53L8CX/VL53L8CX_ws/install/base_interfaces_demo/include/base_interfaces_demo/msg/hall_info.h\n'}
[4.661611] (base_interfaces_demo) StdoutLine: {'line': b'-- Up-to-date: /home/cjs/VL53L8CX/VL53L8CX_ws/install/base_interfaces_demo/include/base_interfaces_demo/msg/health_node.h\n'}
[4.661786] (base_interfaces_demo) StdoutLine: {'line': b'-- Up-to-date: /home/cjs/VL53L8CX/VL53L8CX_ws/install/base_interfaces_demo/include/base_interfaces_demo/msg/car_status.h\n'}
[4.661940] (base_interfaces_demo) StdoutLine: {'line': b'-- Up-to-date: /home/cjs/VL53L8CX/VL53L8CX_ws/install/base_interfaces_demo/include/base_interfaces_demo/msg/motion_control.h\n'}
[4.662284] (base_interfaces_demo) StdoutLine: {'line': b'-- Up-to-date: /home/cjs/VL53L8CX/VL53L8CX_ws/install/base_interfaces_demo/include/base_interfaces_demo/msg/pub_code.h\n'}
[4.663549] (base_interfaces_demo) StdoutLine: {'line': b'-- Up-to-date: /home/cjs/VL53L8CX/VL53L8CX_ws/install/base_interfaces_demo/include/base_interfaces_demo/msg/seek_cmd.h\n'}
[4.663840] (base_interfaces_demo) StdoutLine: {'line': b'-- Up-to-date: /home/cjs/VL53L8CX/VL53L8CX_ws/install/base_interfaces_demo/include/base_interfaces_demo/msg/system_status.h\n'}
[4.664437] (base_interfaces_demo) StdoutLine: {'line': b'-- Up-to-date: /home/cjs/VL53L8CX/VL53L8CX_ws/install/base_interfaces_demo/include/base_interfaces_demo/msg/manual.h\n'}
[4.664775] (base_interfaces_demo) StdoutLine: {'line': b'-- Up-to-date: /home/cjs/VL53L8CX/VL53L8CX_ws/install/base_interfaces_demo/include/base_interfaces_demo/msg/seek_ret.h\n'}
[4.665014] (base_interfaces_demo) StdoutLine: {'line': b'-- Up-to-date: /home/cjs/VL53L8CX/VL53L8CX_ws/install/base_interfaces_demo/include/base_interfaces_demo/msg/file_updata.h\n'}
[4.665321] (base_interfaces_demo) StdoutLine: {'line': b'-- Up-to-date: /home/cjs/VL53L8CX/VL53L8CX_ws/install/base_interfaces_demo/share/base_interfaces_demo/environment/library_path.sh\n'}
[4.665477] (base_interfaces_demo) StdoutLine: {'line': b'-- Up-to-date: /home/cjs/VL53L8CX/VL53L8CX_ws/install/base_interfaces_demo/share/base_interfaces_demo/environment/library_path.dsv\n'}
[4.668119] (base_interfaces_demo) StdoutLine: {'line': b'-- Up-to-date: /home/cjs/VL53L8CX/VL53L8CX_ws/install/base_interfaces_demo/lib/libbase_interfaces_demo__rosidl_generator_c.so\n'}
[4.668575] (base_interfaces_demo) StdoutLine: {'line': b'-- Up-to-date: /home/cjs/VL53L8CX/VL53L8CX_ws/install/base_interfaces_demo/include/base_interfaces_demo\n'}
[4.669199] (base_interfaces_demo) StdoutLine: {'line': b'-- Up-to-date: /home/cjs/VL53L8CX/VL53L8CX_ws/install/base_interfaces_demo/include/base_interfaces_demo/action\n'}
[4.677627] (base_interfaces_demo) StdoutLine: {'line': b'-- Up-to-date: /home/cjs/VL53L8CX/VL53L8CX_ws/install/base_interfaces_demo/include/base_interfaces_demo/action/detail\n'}
[4.678227] (base_interfaces_demo) StdoutLine: {'line': b'-- Up-to-date: /home/cjs/VL53L8CX/VL53L8CX_ws/install/base_interfaces_demo/include/base_interfaces_demo/action/detail/nav__rosidl_typesupport_fastrtps_c.h\n'}
[4.678474] (base_interfaces_demo) StdoutLine: {'line': b'-- Up-to-date: /home/cjs/VL53L8CX/VL53L8CX_ws/install/base_interfaces_demo/include/base_interfaces_demo/action/detail/pallet__rosidl_typesupport_fastrtps_c.h\n'}
[4.678627] (base_interfaces_demo) StdoutLine: {'line': b'-- Up-to-date: /home/cjs/VL53L8CX/VL53L8CX_ws/install/base_interfaces_demo/include/base_interfaces_demo/action/detail/reverse__rosidl_typesupport_fastrtps_c.h\n'}
[4.678779] (base_interfaces_demo) StdoutLine: {'line': b'-- Up-to-date: /home/cjs/VL53L8CX/VL53L8CX_ws/install/base_interfaces_demo/include/base_interfaces_demo/srv\n'}
[4.678944] (base_interfaces_demo) StdoutLine: {'line': b'-- Up-to-date: /home/cjs/VL53L8CX/VL53L8CX_ws/install/base_interfaces_demo/include/base_interfaces_demo/srv/detail\n'}
[4.679261] (base_interfaces_demo) StdoutLine: {'line': b'-- Up-to-date: /home/cjs/VL53L8CX/VL53L8CX_ws/install/base_interfaces_demo/include/base_interfaces_demo/srv/detail/hall__rosidl_typesupport_fastrtps_c.h\n'}
[4.679422] (base_interfaces_demo) StdoutLine: {'line': b'-- Up-to-date: /home/cjs/VL53L8CX/VL53L8CX_ws/install/base_interfaces_demo/include/base_interfaces_demo/srv/detail/check_emergency__rosidl_typesupport_fastrtps_c.h\n'}
[4.682121] (base_interfaces_demo) StdoutLine: {'line': b'-- Up-to-date: /home/cjs/VL53L8CX/VL53L8CX_ws/install/base_interfaces_demo/include/base_interfaces_demo/srv/detail/pub_code__rosidl_typesupport_fastrtps_c.h\n'}
[4.682303] (base_interfaces_demo) StdoutLine: {'line': b'-- Up-to-date: /home/cjs/VL53L8CX/VL53L8CX_ws/install/base_interfaces_demo/include/base_interfaces_demo/srv/detail/set_emergency__rosidl_typesupport_fastrtps_c.h\n'}
[4.682517] (base_interfaces_demo) StdoutLine: {'line': b'-- Up-to-date: /home/cjs/VL53L8CX/VL53L8CX_ws/install/base_interfaces_demo/include/base_interfaces_demo/srv/detail/rcs_server__rosidl_typesupport_fastrtps_c.h\n'}
[4.683296] (base_interfaces_demo) StdoutLine: {'line': b'-- Up-to-date: /home/cjs/VL53L8CX/VL53L8CX_ws/install/base_interfaces_demo/include/base_interfaces_demo/msg\n'}
[4.683660] (base_interfaces_demo) StdoutLine: {'line': b'-- Up-to-date: /home/cjs/VL53L8CX/VL53L8CX_ws/install/base_interfaces_demo/include/base_interfaces_demo/msg/detail\n'}
[4.683886] (base_interfaces_demo) StdoutLine: {'line': b'-- Up-to-date: /home/cjs/VL53L8CX/VL53L8CX_ws/install/base_interfaces_demo/include/base_interfaces_demo/msg/detail/hall_info__rosidl_typesupport_fastrtps_c.h\n'}
[4.684318] (base_interfaces_demo) StdoutLine: {'line': b'-- Up-to-date: /home/cjs/VL53L8CX/VL53L8CX_ws/install/base_interfaces_demo/include/base_interfaces_demo/msg/detail/manual__rosidl_typesupport_fastrtps_c.h\n'}
[4.684849] (base_interfaces_demo) StdoutLine: {'line': b'-- Up-to-date: /home/cjs/VL53L8CX/VL53L8CX_ws/install/base_interfaces_demo/include/base_interfaces_demo/msg/detail/manual_seek_label__rosidl_typesupport_fastrtps_c.h\n'}
[4.685077] (base_interfaces_demo) StdoutLine: {'line': b'-- Up-to-date: /home/cjs/VL53L8CX/VL53L8CX_ws/install/base_interfaces_demo/include/base_interfaces_demo/msg/detail/lift_info__rosidl_typesupport_fastrtps_c.h\n'}
[4.685541] (base_interfaces_demo) StdoutLine: {'line': b'-- Up-to-date: /home/cjs/VL53L8CX/VL53L8CX_ws/install/base_interfaces_demo/include/base_interfaces_demo/msg/detail/location__rosidl_typesupport_fastrtps_c.h\n'}
[4.686125] (base_interfaces_demo) StdoutLine: {'line': b'-- Up-to-date: /home/cjs/VL53L8CX/VL53L8CX_ws/install/base_interfaces_demo/include/base_interfaces_demo/msg/detail/movecontrol_info__rosidl_typesupport_fastrtps_c.h\n'}
[4.689985] (base_interfaces_demo) StdoutLine: {'line': b'-- Up-to-date: /home/cjs/VL53L8CX/VL53L8CX_ws/install/base_interfaces_demo/include/base_interfaces_demo/msg/detail/bms_info__rosidl_typesupport_fastrtps_c.h\n'}
[4.690430] (base_interfaces_demo) StdoutLine: {'line': b'-- Up-to-date: /home/cjs/VL53L8CX/VL53L8CX_ws/install/base_interfaces_demo/include/base_interfaces_demo/msg/detail/health_node__rosidl_typesupport_fastrtps_c.h\n'}
[4.690819] (base_interfaces_demo) StdoutLine: {'line': b'-- Up-to-date: /home/cjs/VL53L8CX/VL53L8CX_ws/install/base_interfaces_demo/include/base_interfaces_demo/msg/detail/lift_control__rosidl_typesupport_fastrtps_c.h\n'}
[4.691006] (base_interfaces_demo) StdoutLine: {'line': b'-- Up-to-date: /home/cjs/VL53L8CX/VL53L8CX_ws/install/base_interfaces_demo/include/base_interfaces_demo/msg/detail/color_info__rosidl_typesupport_fastrtps_c.h\n'}
[4.691373] (base_interfaces_demo) StdoutLine: {'line': b'-- Up-to-date: /home/cjs/VL53L8CX/VL53L8CX_ws/install/base_interfaces_demo/include/base_interfaces_demo/msg/detail/car_status__rosidl_typesupport_fastrtps_c.h\n'}
[4.691521] (base_interfaces_demo) StdoutLine: {'line': b'-- Up-to-date: /home/cjs/VL53L8CX/VL53L8CX_ws/install/base_interfaces_demo/include/base_interfaces_demo/msg/detail/pallet_info__rosidl_typesupport_fastrtps_c.h\n'}
[4.691666] (base_interfaces_demo) StdoutLine: {'line': b'-- Up-to-date: /home/cjs/VL53L8CX/VL53L8CX_ws/install/base_interfaces_demo/include/base_interfaces_demo/msg/detail/seek_ret__rosidl_typesupport_fastrtps_c.h\n'}
[4.691811] (base_interfaces_demo) StdoutLine: {'line': b'-- Up-to-date: /home/cjs/VL53L8CX/VL53L8CX_ws/install/base_interfaces_demo/include/base_interfaces_demo/msg/detail/pub_code__rosidl_typesupport_fastrtps_c.h\n'}
[4.691956] (base_interfaces_demo) StdoutLine: {'line': b'-- Up-to-date: /home/cjs/VL53L8CX/VL53L8CX_ws/install/base_interfaces_demo/include/base_interfaces_demo/msg/detail/rcs_info__rosidl_typesupport_fastrtps_c.h\n'}
[4.692119] (base_interfaces_demo) StdoutLine: {'line': b'-- Up-to-date: /home/cjs/VL53L8CX/VL53L8CX_ws/install/base_interfaces_demo/include/base_interfaces_demo/msg/detail/bt_status__rosidl_typesupport_fastrtps_c.h\n'}
[4.692413] (base_interfaces_demo) StdoutLine: {'line': b'-- Up-to-date: /home/cjs/VL53L8CX/VL53L8CX_ws/install/base_interfaces_demo/include/base_interfaces_demo/msg/detail/charger_info__rosidl_typesupport_fastrtps_c.h\n'}
[4.694343] (base_interfaces_demo) StdoutLine: {'line': b'-- Up-to-date: /home/cjs/VL53L8CX/VL53L8CX_ws/install/base_interfaces_demo/include/base_interfaces_demo/msg/detail/seek_cmd__rosidl_typesupport_fastrtps_c.h\n'}
[4.695336] (base_interfaces_demo) StdoutLine: {'line': b'-- Up-to-date: /home/cjs/VL53L8CX/VL53L8CX_ws/install/base_interfaces_demo/include/base_interfaces_demo/msg/detail/system_status__rosidl_typesupport_fastrtps_c.h\n'}
[4.696775] (base_interfaces_demo) StdoutLine: {'line': b'-- Up-to-date: /home/cjs/VL53L8CX/VL53L8CX_ws/install/base_interfaces_demo/include/base_interfaces_demo/msg/detail/motion_control__rosidl_typesupport_fastrtps_c.h\n'}
[4.697061] (base_interfaces_demo) StdoutLine: {'line': b'-- Up-to-date: /home/cjs/VL53L8CX/VL53L8CX_ws/install/base_interfaces_demo/include/base_interfaces_demo/msg/detail/test__rosidl_typesupport_fastrtps_c.h\n'}
[4.697423] (base_interfaces_demo) StdoutLine: {'line': b'-- Up-to-date: /home/cjs/VL53L8CX/VL53L8CX_ws/install/base_interfaces_demo/include/base_interfaces_demo/msg/detail/file_updata__rosidl_typesupport_fastrtps_c.h\n'}
[4.697722] (base_interfaces_demo) StdoutLine: {'line': b'-- Up-to-date: /home/cjs/VL53L8CX/VL53L8CX_ws/install/base_interfaces_demo/include/base_interfaces_demo/msg/detail/ohom__rosidl_typesupport_fastrtps_c.h\n'}
[4.698431] (base_interfaces_demo) StdoutLine: {'line': b'-- Up-to-date: /home/cjs/VL53L8CX/VL53L8CX_ws/install/base_interfaces_demo/include/base_interfaces_demo/msg/detail/motor_cmd__rosidl_typesupport_fastrtps_c.h\n'}
[4.698730] (base_interfaces_demo) StdoutLine: {'line': b'-- Up-to-date: /home/cjs/VL53L8CX/VL53L8CX_ws/install/base_interfaces_demo/include/base_interfaces_demo/msg/detail/obs_laser__rosidl_typesupport_fastrtps_c.h\n'}
[4.699282] (base_interfaces_demo) StdoutLine: {'line': b'-- Up-to-date: /home/cjs/VL53L8CX/VL53L8CX_ws/install/base_interfaces_demo/include/base_interfaces_demo/msg/detail/motor_status__rosidl_typesupport_fastrtps_c.h\n'}
[4.699487] (base_interfaces_demo) StdoutLine: {'line': b'-- Up-to-date: /home/cjs/VL53L8CX/VL53L8CX_ws/install/base_interfaces_demo/include/base_interfaces_demo/msg/rosidl_typesupport_fastrtps_c__visibility_control.h\n'}
[4.700674] (base_interfaces_demo) StdoutLine: {'line': b'-- Up-to-date: /home/cjs/VL53L8CX/VL53L8CX_ws/install/base_interfaces_demo/lib/libbase_interfaces_demo__rosidl_typesupport_fastrtps_c.so\n'}
[4.700827] (base_interfaces_demo) StdoutLine: {'line': b'-- Up-to-date: /home/cjs/VL53L8CX/VL53L8CX_ws/install/base_interfaces_demo/include/base_interfaces_demo\n'}
[4.700972] (base_interfaces_demo) StdoutLine: {'line': b'-- Up-to-date: /home/cjs/VL53L8CX/VL53L8CX_ws/install/base_interfaces_demo/include/base_interfaces_demo/action\n'}
[4.701115] (base_interfaces_demo) StdoutLine: {'line': b'-- Up-to-date: /home/cjs/VL53L8CX/VL53L8CX_ws/install/base_interfaces_demo/include/base_interfaces_demo/action/detail\n'}
[4.701263] (base_interfaces_demo) StdoutLine: {'line': b'-- Up-to-date: /home/cjs/VL53L8CX/VL53L8CX_ws/install/base_interfaces_demo/include/base_interfaces_demo/action/detail/pallet__rosidl_typesupport_fastrtps_cpp.hpp\n'}
[4.701411] (base_interfaces_demo) StdoutLine: {'line': b'-- Up-to-date: /home/cjs/VL53L8CX/VL53L8CX_ws/install/base_interfaces_demo/include/base_interfaces_demo/action/detail/dds_fastrtps\n'}
[4.701553] (base_interfaces_demo) StdoutLine: {'line': b'-- Up-to-date: /home/cjs/VL53L8CX/VL53L8CX_ws/install/base_interfaces_demo/include/base_interfaces_demo/action/detail/reverse__rosidl_typesupport_fastrtps_cpp.hpp\n'}
[4.701704] (base_interfaces_demo) StdoutLine: {'line': b'-- Up-to-date: /home/cjs/VL53L8CX/VL53L8CX_ws/install/base_interfaces_demo/include/base_interfaces_demo/action/detail/nav__rosidl_typesupport_fastrtps_cpp.hpp\n'}
[4.701852] (base_interfaces_demo) StdoutLine: {'line': b'-- Up-to-date: /home/cjs/VL53L8CX/VL53L8CX_ws/install/base_interfaces_demo/include/base_interfaces_demo/srv\n'}
[4.701990] (base_interfaces_demo) StdoutLine: {'line': b'-- Up-to-date: /home/cjs/VL53L8CX/VL53L8CX_ws/install/base_interfaces_demo/include/base_interfaces_demo/srv/detail\n'}
[4.702169] (base_interfaces_demo) StdoutLine: {'line': b'-- Up-to-date: /home/cjs/VL53L8CX/VL53L8CX_ws/install/base_interfaces_demo/include/base_interfaces_demo/srv/detail/check_emergency__rosidl_typesupport_fastrtps_cpp.hpp\n'}
[4.702360] (base_interfaces_demo) StdoutLine: {'line': b'-- Up-to-date: /home/cjs/VL53L8CX/VL53L8CX_ws/install/base_interfaces_demo/include/base_interfaces_demo/srv/detail/set_emergency__rosidl_typesupport_fastrtps_cpp.hpp\n'}
[4.702524] (base_interfaces_demo) StdoutLine: {'line': b'-- Up-to-date: /home/cjs/VL53L8CX/VL53L8CX_ws/install/base_interfaces_demo/include/base_interfaces_demo/srv/detail/rcs_server__rosidl_typesupport_fastrtps_cpp.hpp\n'}
[4.702721] (base_interfaces_demo) StdoutLine: {'line': b'-- Up-to-date: /home/cjs/VL53L8CX/VL53L8CX_ws/install/base_interfaces_demo/include/base_interfaces_demo/srv/detail/dds_fastrtps\n'}
[4.703098] (base_interfaces_demo) StdoutLine: {'line': b'-- Up-to-date: /home/cjs/VL53L8CX/VL53L8CX_ws/install/base_interfaces_demo/include/base_interfaces_demo/srv/detail/pub_code__rosidl_typesupport_fastrtps_cpp.hpp\n'}
[4.705437] (base_interfaces_demo) StdoutLine: {'line': b'-- Up-to-date: /home/cjs/VL53L8CX/VL53L8CX_ws/install/base_interfaces_demo/include/base_interfaces_demo/srv/detail/hall__rosidl_typesupport_fastrtps_cpp.hpp\n'}
[4.705598] (base_interfaces_demo) StdoutLine: {'line': b'-- Up-to-date: /home/cjs/VL53L8CX/VL53L8CX_ws/install/base_interfaces_demo/include/base_interfaces_demo/msg\n'}
[4.705721] (base_interfaces_demo) StdoutLine: {'line': b'-- Up-to-date: /home/cjs/VL53L8CX/VL53L8CX_ws/install/base_interfaces_demo/include/base_interfaces_demo/msg/detail\n'}
[4.705844] (base_interfaces_demo) StdoutLine: {'line': b'-- Up-to-date: /home/cjs/VL53L8CX/VL53L8CX_ws/install/base_interfaces_demo/include/base_interfaces_demo/msg/detail/hall_info__rosidl_typesupport_fastrtps_cpp.hpp\n'}
[4.705967] (base_interfaces_demo) StdoutLine: {'line': b'-- Up-to-date: /home/cjs/VL53L8CX/VL53L8CX_ws/install/base_interfaces_demo/include/base_interfaces_demo/msg/detail/pallet_info__rosidl_typesupport_fastrtps_cpp.hpp\n'}
[4.706144] (base_interfaces_demo) StdoutLine: {'line': b'-- Up-to-date: /home/cjs/VL53L8CX/VL53L8CX_ws/install/base_interfaces_demo/include/base_interfaces_demo/msg/detail/car_status__rosidl_typesupport_fastrtps_cpp.hpp\n'}
[4.706269] (base_interfaces_demo) StdoutLine: {'line': b'-- Up-to-date: /home/cjs/VL53L8CX/VL53L8CX_ws/install/base_interfaces_demo/include/base_interfaces_demo/msg/detail/manual__rosidl_typesupport_fastrtps_cpp.hpp\n'}
[4.706393] (base_interfaces_demo) StdoutLine: {'line': b'-- Up-to-date: /home/cjs/VL53L8CX/VL53L8CX_ws/install/base_interfaces_demo/include/base_interfaces_demo/msg/detail/test__rosidl_typesupport_fastrtps_cpp.hpp\n'}
[4.706520] (base_interfaces_demo) StdoutLine: {'line': b'-- Up-to-date: /home/cjs/VL53L8CX/VL53L8CX_ws/install/base_interfaces_demo/include/base_interfaces_demo/msg/detail/lift_info__rosidl_typesupport_fastrtps_cpp.hpp\n'}
[4.706661] (base_interfaces_demo) StdoutLine: {'line': b'-- Up-to-date: /home/cjs/VL53L8CX/VL53L8CX_ws/install/base_interfaces_demo/include/base_interfaces_demo/msg/detail/manual_seek_label__rosidl_typesupport_fastrtps_cpp.hpp\n'}
[4.706827] (base_interfaces_demo) StdoutLine: {'line': b'-- Up-to-date: /home/cjs/VL53L8CX/VL53L8CX_ws/install/base_interfaces_demo/include/base_interfaces_demo/msg/detail/file_updata__rosidl_typesupport_fastrtps_cpp.hpp\n'}
[4.706985] (base_interfaces_demo) StdoutLine: {'line': b'-- Up-to-date: /home/cjs/VL53L8CX/VL53L8CX_ws/install/base_interfaces_demo/include/base_interfaces_demo/msg/detail/lift_control__rosidl_typesupport_fastrtps_cpp.hpp\n'}
[4.707498] (base_interfaces_demo) StdoutLine: {'line': b'-- Up-to-date: /home/cjs/VL53L8CX/VL53L8CX_ws/install/base_interfaces_demo/include/base_interfaces_demo/msg/detail/movecontrol_info__rosidl_typesupport_fastrtps_cpp.hpp\n'}
[4.707648] (base_interfaces_demo) StdoutLine: {'line': b'-- Up-to-date: /home/cjs/VL53L8CX/VL53L8CX_ws/install/base_interfaces_demo/include/base_interfaces_demo/msg/detail/seek_cmd__rosidl_typesupport_fastrtps_cpp.hpp\n'}
[4.707788] (base_interfaces_demo) StdoutLine: {'line': b'-- Up-to-date: /home/cjs/VL53L8CX/VL53L8CX_ws/install/base_interfaces_demo/include/base_interfaces_demo/msg/detail/seek_ret__rosidl_typesupport_fastrtps_cpp.hpp\n'}
[4.707909] (base_interfaces_demo) StdoutLine: {'line': b'-- Up-to-date: /home/cjs/VL53L8CX/VL53L8CX_ws/install/base_interfaces_demo/include/base_interfaces_demo/msg/detail/color_info__rosidl_typesupport_fastrtps_cpp.hpp\n'}
[4.708076] (base_interfaces_demo) StdoutLine: {'line': b'-- Up-to-date: /home/cjs/VL53L8CX/VL53L8CX_ws/install/base_interfaces_demo/include/base_interfaces_demo/msg/detail/location__rosidl_typesupport_fastrtps_cpp.hpp\n'}
[4.708221] (base_interfaces_demo) StdoutLine: {'line': b'-- Up-to-date: /home/cjs/VL53L8CX/VL53L8CX_ws/install/base_interfaces_demo/include/base_interfaces_demo/msg/detail/bt_status__rosidl_typesupport_fastrtps_cpp.hpp\n'}
[4.708343] (base_interfaces_demo) StdoutLine: {'line': b'-- Up-to-date: /home/cjs/VL53L8CX/VL53L8CX_ws/install/base_interfaces_demo/include/base_interfaces_demo/msg/detail/dds_fastrtps\n'}
[4.708464] (base_interfaces_demo) StdoutLine: {'line': b'-- Up-to-date: /home/cjs/VL53L8CX/VL53L8CX_ws/install/base_interfaces_demo/include/base_interfaces_demo/msg/detail/motor_cmd__rosidl_typesupport_fastrtps_cpp.hpp\n'}
[4.708591] (base_interfaces_demo) StdoutLine: {'line': b'-- Up-to-date: /home/cjs/VL53L8CX/VL53L8CX_ws/install/base_interfaces_demo/include/base_interfaces_demo/msg/detail/motion_control__rosidl_typesupport_fastrtps_cpp.hpp\n'}
[4.708711] (base_interfaces_demo) StdoutLine: {'line': b'-- Up-to-date: /home/cjs/VL53L8CX/VL53L8CX_ws/install/base_interfaces_demo/include/base_interfaces_demo/msg/detail/bms_info__rosidl_typesupport_fastrtps_cpp.hpp\n'}
[4.708833] (base_interfaces_demo) StdoutLine: {'line': b'-- Up-to-date: /home/cjs/VL53L8CX/VL53L8CX_ws/install/base_interfaces_demo/include/base_interfaces_demo/msg/detail/ohom__rosidl_typesupport_fastrtps_cpp.hpp\n'}
[4.708952] (base_interfaces_demo) StdoutLine: {'line': b'-- Up-to-date: /home/cjs/VL53L8CX/VL53L8CX_ws/install/base_interfaces_demo/include/base_interfaces_demo/msg/detail/pub_code__rosidl_typesupport_fastrtps_cpp.hpp\n'}
[4.709077] (base_interfaces_demo) StdoutLine: {'line': b'-- Up-to-date: /home/cjs/VL53L8CX/VL53L8CX_ws/install/base_interfaces_demo/include/base_interfaces_demo/msg/detail/charger_info__rosidl_typesupport_fastrtps_cpp.hpp\n'}
[4.712595] (base_interfaces_demo) StdoutLine: {'line': b'-- Up-to-date: /home/cjs/VL53L8CX/VL53L8CX_ws/install/base_interfaces_demo/include/base_interfaces_demo/msg/detail/system_status__rosidl_typesupport_fastrtps_cpp.hpp\n'}
[4.713009] (base_interfaces_demo) StdoutLine: {'line': b'-- Up-to-date: /home/cjs/VL53L8CX/VL53L8CX_ws/install/base_interfaces_demo/include/base_interfaces_demo/msg/detail/rcs_info__rosidl_typesupport_fastrtps_cpp.hpp\n'}
[4.713217] (base_interfaces_demo) StdoutLine: {'line': b'-- Up-to-date: /home/cjs/VL53L8CX/VL53L8CX_ws/install/base_interfaces_demo/include/base_interfaces_demo/msg/detail/motor_status__rosidl_typesupport_fastrtps_cpp.hpp\n'}
[4.713338] (base_interfaces_demo) StdoutLine: {'line': b'-- Up-to-date: /home/cjs/VL53L8CX/VL53L8CX_ws/install/base_interfaces_demo/include/base_interfaces_demo/msg/detail/health_node__rosidl_typesupport_fastrtps_cpp.hpp\n'}
[4.713457] (base_interfaces_demo) StdoutLine: {'line': b'-- Up-to-date: /home/cjs/VL53L8CX/VL53L8CX_ws/install/base_interfaces_demo/include/base_interfaces_demo/msg/detail/obs_laser__rosidl_typesupport_fastrtps_cpp.hpp\n'}
[4.713579] (base_interfaces_demo) StdoutLine: {'line': b'-- Up-to-date: /home/cjs/VL53L8CX/VL53L8CX_ws/install/base_interfaces_demo/include/base_interfaces_demo/msg/rosidl_typesupport_fastrtps_cpp__visibility_control.h\n'}
[4.713700] (base_interfaces_demo) StdoutLine: {'line': b'-- Up-to-date: /home/cjs/VL53L8CX/VL53L8CX_ws/install/base_interfaces_demo/lib/libbase_interfaces_demo__rosidl_typesupport_fastrtps_cpp.so\n'}
[4.713820] (base_interfaces_demo) StdoutLine: {'line': b'-- Up-to-date: /home/cjs/VL53L8CX/VL53L8CX_ws/install/base_interfaces_demo/include/base_interfaces_demo\n'}
[4.713942] (base_interfaces_demo) StdoutLine: {'line': b'-- Up-to-date: /home/cjs/VL53L8CX/VL53L8CX_ws/install/base_interfaces_demo/include/base_interfaces_demo/action\n'}
[4.714095] (base_interfaces_demo) StdoutLine: {'line': b'-- Up-to-date: /home/cjs/VL53L8CX/VL53L8CX_ws/install/base_interfaces_demo/include/base_interfaces_demo/action/detail\n'}
[4.714236] (base_interfaces_demo) StdoutLine: {'line': b'-- Up-to-date: /home/cjs/VL53L8CX/VL53L8CX_ws/install/base_interfaces_demo/include/base_interfaces_demo/action/detail/pallet__rosidl_typesupport_introspection_c.h\n'}
[4.714362] (base_interfaces_demo) StdoutLine: {'line': b'-- Up-to-date: /home/cjs/VL53L8CX/VL53L8CX_ws/install/base_interfaces_demo/include/base_interfaces_demo/action/detail/reverse__type_support.c\n'}
[4.714482] (base_interfaces_demo) StdoutLine: {'line': b'-- Up-to-date: /home/cjs/VL53L8CX/VL53L8CX_ws/install/base_interfaces_demo/include/base_interfaces_demo/action/detail/nav__rosidl_typesupport_introspection_c.h\n'}
[4.714602] (base_interfaces_demo) StdoutLine: {'line': b'-- Up-to-date: /home/cjs/VL53L8CX/VL53L8CX_ws/install/base_interfaces_demo/include/base_interfaces_demo/action/detail/nav__type_support.c\n'}
[4.714721] (base_interfaces_demo) StdoutLine: {'line': b'-- Up-to-date: /home/cjs/VL53L8CX/VL53L8CX_ws/install/base_interfaces_demo/include/base_interfaces_demo/action/detail/reverse__rosidl_typesupport_introspection_c.h\n'}
[4.714841] (base_interfaces_demo) StdoutLine: {'line': b'-- Up-to-date: /home/cjs/VL53L8CX/VL53L8CX_ws/install/base_interfaces_demo/include/base_interfaces_demo/action/detail/pallet__type_support.c\n'}
[4.714959] (base_interfaces_demo) StdoutLine: {'line': b'-- Up-to-date: /home/cjs/VL53L8CX/VL53L8CX_ws/install/base_interfaces_demo/include/base_interfaces_demo/srv\n'}
[4.715227] (base_interfaces_demo) StdoutLine: {'line': b'-- Up-to-date: /home/cjs/VL53L8CX/VL53L8CX_ws/install/base_interfaces_demo/include/base_interfaces_demo/srv/detail\n'}
[4.715374] (base_interfaces_demo) StdoutLine: {'line': b'-- Up-to-date: /home/cjs/VL53L8CX/VL53L8CX_ws/install/base_interfaces_demo/include/base_interfaces_demo/srv/detail/pub_code__rosidl_typesupport_introspection_c.h\n'}
[4.715548] (base_interfaces_demo) StdoutLine: {'line': b'-- Up-to-date: /home/cjs/VL53L8CX/VL53L8CX_ws/install/base_interfaces_demo/include/base_interfaces_demo/srv/detail/set_emergency__rosidl_typesupport_introspection_c.h\n'}
[4.715668] (base_interfaces_demo) StdoutLine: {'line': b'-- Up-to-date: /home/cjs/VL53L8CX/VL53L8CX_ws/install/base_interfaces_demo/include/base_interfaces_demo/srv/detail/pub_code__type_support.c\n'}
[4.715788] (base_interfaces_demo) StdoutLine: {'line': b'-- Up-to-date: /home/cjs/VL53L8CX/VL53L8CX_ws/install/base_interfaces_demo/include/base_interfaces_demo/srv/detail/rcs_server__rosidl_typesupport_introspection_c.h\n'}
[4.715909] (base_interfaces_demo) StdoutLine: {'line': b'-- Up-to-date: /home/cjs/VL53L8CX/VL53L8CX_ws/install/base_interfaces_demo/include/base_interfaces_demo/srv/detail/rcs_server__type_support.c\n'}
[4.716070] (base_interfaces_demo) StdoutLine: {'line': b'-- Up-to-date: /home/cjs/VL53L8CX/VL53L8CX_ws/install/base_interfaces_demo/include/base_interfaces_demo/srv/detail/set_emergency__type_support.c\n'}
[4.716247] (base_interfaces_demo) StdoutLine: {'line': b'-- Up-to-date: /home/cjs/VL53L8CX/VL53L8CX_ws/install/base_interfaces_demo/include/base_interfaces_demo/srv/detail/check_emergency__rosidl_typesupport_introspection_c.h\n'}
[4.716379] (base_interfaces_demo) StdoutLine: {'line': b'-- Up-to-date: /home/cjs/VL53L8CX/VL53L8CX_ws/install/base_interfaces_demo/include/base_interfaces_demo/srv/detail/check_emergency__type_support.c\n'}
[4.716502] (base_interfaces_demo) StdoutLine: {'line': b'-- Up-to-date: /home/cjs/VL53L8CX/VL53L8CX_ws/install/base_interfaces_demo/include/base_interfaces_demo/srv/detail/hall__type_support.c\n'}
[4.716625] (base_interfaces_demo) StdoutLine: {'line': b'-- Up-to-date: /home/cjs/VL53L8CX/VL53L8CX_ws/install/base_interfaces_demo/include/base_interfaces_demo/srv/detail/hall__rosidl_typesupport_introspection_c.h\n'}
[4.716745] (base_interfaces_demo) StdoutLine: {'line': b'-- Up-to-date: /home/cjs/VL53L8CX/VL53L8CX_ws/install/base_interfaces_demo/include/base_interfaces_demo/msg\n'}
[4.716864] (base_interfaces_demo) StdoutLine: {'line': b'-- Up-to-date: /home/cjs/VL53L8CX/VL53L8CX_ws/install/base_interfaces_demo/include/base_interfaces_demo/msg/detail\n'}
[4.716985] (base_interfaces_demo) StdoutLine: {'line': b'-- Up-to-date: /home/cjs/VL53L8CX/VL53L8CX_ws/install/base_interfaces_demo/include/base_interfaces_demo/msg/detail/motor_status__type_support.c\n'}
[4.717108] (base_interfaces_demo) StdoutLine: {'line': b'-- Up-to-date: /home/cjs/VL53L8CX/VL53L8CX_ws/install/base_interfaces_demo/include/base_interfaces_demo/msg/detail/pub_code__rosidl_typesupport_introspection_c.h\n'}
[4.717228] (base_interfaces_demo) StdoutLine: {'line': b'-- Up-to-date: /home/cjs/VL53L8CX/VL53L8CX_ws/install/base_interfaces_demo/include/base_interfaces_demo/msg/detail/seek_cmd__rosidl_typesupport_introspection_c.h\n'}
[4.717347] (base_interfaces_demo) StdoutLine: {'line': b'-- Up-to-date: /home/cjs/VL53L8CX/VL53L8CX_ws/install/base_interfaces_demo/include/base_interfaces_demo/msg/detail/pub_code__type_support.c\n'}
[4.717466] (base_interfaces_demo) StdoutLine: {'line': b'-- Up-to-date: /home/cjs/VL53L8CX/VL53L8CX_ws/install/base_interfaces_demo/include/base_interfaces_demo/msg/detail/car_status__rosidl_typesupport_introspection_c.h\n'}
[4.717584] (base_interfaces_demo) StdoutLine: {'line': b'-- Up-to-date: /home/cjs/VL53L8CX/VL53L8CX_ws/install/base_interfaces_demo/include/base_interfaces_demo/msg/detail/manual__type_support.c\n'}
[4.717704] (base_interfaces_demo) StdoutLine: {'line': b'-- Up-to-date: /home/cjs/VL53L8CX/VL53L8CX_ws/install/base_interfaces_demo/include/base_interfaces_demo/msg/detail/motor_status__rosidl_typesupport_introspection_c.h\n'}
[4.717823] (base_interfaces_demo) StdoutLine: {'line': b'-- Up-to-date: /home/cjs/VL53L8CX/VL53L8CX_ws/install/base_interfaces_demo/include/base_interfaces_demo/msg/detail/lift_info__type_support.c\n'}
[4.717941] (base_interfaces_demo) StdoutLine: {'line': b'-- Up-to-date: /home/cjs/VL53L8CX/VL53L8CX_ws/install/base_interfaces_demo/include/base_interfaces_demo/msg/detail/bms_info__rosidl_typesupport_introspection_c.h\n'}
[4.718091] (base_interfaces_demo) StdoutLine: {'line': b'-- Up-to-date: /home/cjs/VL53L8CX/VL53L8CX_ws/install/base_interfaces_demo/include/base_interfaces_demo/msg/detail/hall_info__rosidl_typesupport_introspection_c.h\n'}
[4.718228] (base_interfaces_demo) StdoutLine: {'line': b'-- Up-to-date: /home/cjs/VL53L8CX/VL53L8CX_ws/install/base_interfaces_demo/include/base_interfaces_demo/msg/detail/system_status__type_support.c\n'}
[4.718347] (base_interfaces_demo) StdoutLine: {'line': b'-- Up-to-date: /home/cjs/VL53L8CX/VL53L8CX_ws/install/base_interfaces_demo/include/base_interfaces_demo/msg/detail/bt_status__rosidl_typesupport_introspection_c.h\n'}
[4.718468] (base_interfaces_demo) StdoutLine: {'line': b'-- Up-to-date: /home/cjs/VL53L8CX/VL53L8CX_ws/install/base_interfaces_demo/include/base_interfaces_demo/msg/detail/obs_laser__rosidl_typesupport_introspection_c.h\n'}
[4.718587] (base_interfaces_demo) StdoutLine: {'line': b'-- Up-to-date: /home/cjs/VL53L8CX/VL53L8CX_ws/install/base_interfaces_demo/include/base_interfaces_demo/msg/detail/location__type_support.c\n'}
[4.718705] (base_interfaces_demo) StdoutLine: {'line': b'-- Up-to-date: /home/cjs/VL53L8CX/VL53L8CX_ws/install/base_interfaces_demo/include/base_interfaces_demo/msg/detail/pallet_info__rosidl_typesupport_introspection_c.h\n'}
[4.718824] (base_interfaces_demo) StdoutLine: {'line': b'-- Up-to-date: /home/cjs/VL53L8CX/VL53L8CX_ws/install/base_interfaces_demo/include/base_interfaces_demo/msg/detail/charger_info__type_support.c\n'}
[4.718943] (base_interfaces_demo) StdoutLine: {'line': b'-- Up-to-date: /home/cjs/VL53L8CX/VL53L8CX_ws/install/base_interfaces_demo/include/base_interfaces_demo/msg/detail/bt_status__type_support.c\n'}
[4.719285] (base_interfaces_demo) StdoutLine: {'line': b'-- Up-to-date: /home/cjs/VL53L8CX/VL53L8CX_ws/install/base_interfaces_demo/include/base_interfaces_demo/msg/detail/test__type_support.c\n'}
[4.719498] (base_interfaces_demo) StdoutLine: {'line': b'-- Up-to-date: /home/cjs/VL53L8CX/VL53L8CX_ws/install/base_interfaces_demo/include/base_interfaces_demo/msg/detail/system_status__rosidl_typesupport_introspection_c.h\n'}
[4.719618] (base_interfaces_demo) StdoutLine: {'line': b'-- Up-to-date: /home/cjs/VL53L8CX/VL53L8CX_ws/install/base_interfaces_demo/include/base_interfaces_demo/msg/detail/seek_ret__type_support.c\n'}
[4.719751] (base_interfaces_demo) StdoutLine: {'line': b'-- Up-to-date: /home/cjs/VL53L8CX/VL53L8CX_ws/install/base_interfaces_demo/include/base_interfaces_demo/msg/detail/lift_control__type_support.c\n'}
[4.719873] (base_interfaces_demo) StdoutLine: {'line': b'-- Up-to-date: /home/cjs/VL53L8CX/VL53L8CX_ws/install/base_interfaces_demo/include/base_interfaces_demo/msg/detail/color_info__type_support.c\n'}
[4.720023] (base_interfaces_demo) StdoutLine: {'line': b'-- Up-to-date: /home/cjs/VL53L8CX/VL53L8CX_ws/install/base_interfaces_demo/include/base_interfaces_demo/msg/detail/bms_info__type_support.c\n'}
[4.720269] (base_interfaces_demo) StdoutLine: {'line': b'-- Up-to-date: /home/cjs/VL53L8CX/VL53L8CX_ws/install/base_interfaces_demo/include/base_interfaces_demo/msg/detail/manual__rosidl_typesupport_introspection_c.h\n'}
[4.720390] (base_interfaces_demo) StdoutLine: {'line': b'-- Up-to-date: /home/cjs/VL53L8CX/VL53L8CX_ws/install/base_interfaces_demo/include/base_interfaces_demo/msg/detail/charger_info__rosidl_typesupport_introspection_c.h\n'}
[4.720509] (base_interfaces_demo) StdoutLine: {'line': b'-- Up-to-date: /home/cjs/VL53L8CX/VL53L8CX_ws/install/base_interfaces_demo/include/base_interfaces_demo/msg/detail/motion_control__type_support.c\n'}
[4.720628] (base_interfaces_demo) StdoutLine: {'line': b'-- Up-to-date: /home/cjs/VL53L8CX/VL53L8CX_ws/install/base_interfaces_demo/include/base_interfaces_demo/msg/detail/seek_cmd__type_support.c\n'}
[4.720746] (base_interfaces_demo) StdoutLine: {'line': b'-- Up-to-date: /home/cjs/VL53L8CX/VL53L8CX_ws/install/base_interfaces_demo/include/base_interfaces_demo/msg/detail/movecontrol_info__rosidl_typesupport_introspection_c.h\n'}
[4.720864] (base_interfaces_demo) StdoutLine: {'line': b'-- Up-to-date: /home/cjs/VL53L8CX/VL53L8CX_ws/install/base_interfaces_demo/include/base_interfaces_demo/msg/detail/hall_info__type_support.c\n'}
[4.720986] (base_interfaces_demo) StdoutLine: {'line': b'-- Up-to-date: /home/cjs/VL53L8CX/VL53L8CX_ws/install/base_interfaces_demo/include/base_interfaces_demo/msg/detail/lift_info__rosidl_typesupport_introspection_c.h\n'}
[4.721106] (base_interfaces_demo) StdoutLine: {'line': b'-- Up-to-date: /home/cjs/VL53L8CX/VL53L8CX_ws/install/base_interfaces_demo/include/base_interfaces_demo/msg/detail/movecontrol_info__type_support.c\n'}
[4.721226] (base_interfaces_demo) StdoutLine: {'line': b'-- Up-to-date: /home/cjs/VL53L8CX/VL53L8CX_ws/install/base_interfaces_demo/include/base_interfaces_demo/msg/detail/lift_control__rosidl_typesupport_introspection_c.h\n'}
[4.721344] (base_interfaces_demo) StdoutLine: {'line': b'-- Up-to-date: /home/cjs/VL53L8CX/VL53L8CX_ws/install/base_interfaces_demo/include/base_interfaces_demo/msg/detail/motor_cmd__type_support.c\n'}
[4.721462] (base_interfaces_demo) StdoutLine: {'line': b'-- Up-to-date: /home/cjs/VL53L8CX/VL53L8CX_ws/install/base_interfaces_demo/include/base_interfaces_demo/msg/detail/car_status__type_support.c\n'}
[4.721580] (base_interfaces_demo) StdoutLine: {'line': b'-- Up-to-date: /home/cjs/VL53L8CX/VL53L8CX_ws/install/base_interfaces_demo/include/base_interfaces_demo/msg/detail/ohom__rosidl_typesupport_introspection_c.h\n'}
[4.721698] (base_interfaces_demo) StdoutLine: {'line': b'-- Up-to-date: /home/cjs/VL53L8CX/VL53L8CX_ws/install/base_interfaces_demo/include/base_interfaces_demo/msg/detail/manual_seek_label__type_support.c\n'}
[4.721816] (base_interfaces_demo) StdoutLine: {'line': b'-- Up-to-date: /home/cjs/VL53L8CX/VL53L8CX_ws/install/base_interfaces_demo/include/base_interfaces_demo/msg/detail/manual_seek_label__rosidl_typesupport_introspection_c.h\n'}
[4.721935] (base_interfaces_demo) StdoutLine: {'line': b'-- Up-to-date: /home/cjs/VL53L8CX/VL53L8CX_ws/install/base_interfaces_demo/include/base_interfaces_demo/msg/detail/motion_control__rosidl_typesupport_introspection_c.h\n'}
[4.722080] (base_interfaces_demo) StdoutLine: {'line': b'-- Up-to-date: /home/cjs/VL53L8CX/VL53L8CX_ws/install/base_interfaces_demo/include/base_interfaces_demo/msg/detail/file_updata__type_support.c\n'}
[4.722224] (base_interfaces_demo) StdoutLine: {'line': b'-- Up-to-date: /home/cjs/VL53L8CX/VL53L8CX_ws/install/base_interfaces_demo/include/base_interfaces_demo/msg/detail/rcs_info__rosidl_typesupport_introspection_c.h\n'}
[4.722342] (base_interfaces_demo) StdoutLine: {'line': b'-- Up-to-date: /home/cjs/VL53L8CX/VL53L8CX_ws/install/base_interfaces_demo/include/base_interfaces_demo/msg/detail/health_node__type_support.c\n'}
[4.725804] (base_interfaces_demo) StdoutLine: {'line': b'-- Up-to-date: /home/cjs/VL53L8CX/VL53L8CX_ws/install/base_interfaces_demo/include/base_interfaces_demo/msg/detail/obs_laser__type_support.c\n'}
[4.725972] (base_interfaces_demo) StdoutLine: {'line': b'-- Up-to-date: /home/cjs/VL53L8CX/VL53L8CX_ws/install/base_interfaces_demo/include/base_interfaces_demo/msg/detail/test__rosidl_typesupport_introspection_c.h\n'}
[4.726146] (base_interfaces_demo) StdoutLine: {'line': b'-- Up-to-date: /home/cjs/VL53L8CX/VL53L8CX_ws/install/base_interfaces_demo/include/base_interfaces_demo/msg/detail/seek_ret__rosidl_typesupport_introspection_c.h\n'}
[4.726332] (base_interfaces_demo) StdoutLine: {'line': b'-- Up-to-date: /home/cjs/VL53L8CX/VL53L8CX_ws/install/base_interfaces_demo/include/base_interfaces_demo/msg/detail/file_updata__rosidl_typesupport_introspection_c.h\n'}
[4.729070] (base_interfaces_demo) StdoutLine: {'line': b'-- Up-to-date: /home/cjs/VL53L8CX/VL53L8CX_ws/install/base_interfaces_demo/include/base_interfaces_demo/msg/detail/ohom__type_support.c\n'}
[4.729323] (base_interfaces_demo) StdoutLine: {'line': b'-- Up-to-date: /home/cjs/VL53L8CX/VL53L8CX_ws/install/base_interfaces_demo/include/base_interfaces_demo/msg/detail/motor_cmd__rosidl_typesupport_introspection_c.h\n'}
[4.729499] (base_interfaces_demo) StdoutLine: {'line': b'-- Up-to-date: /home/cjs/VL53L8CX/VL53L8CX_ws/install/base_interfaces_demo/include/base_interfaces_demo/msg/detail/location__rosidl_typesupport_introspection_c.h\n'}
[4.734872] (base_interfaces_demo) StdoutLine: {'line': b'-- Up-to-date: /home/cjs/VL53L8CX/VL53L8CX_ws/install/base_interfaces_demo/include/base_interfaces_demo/msg/detail/pallet_info__type_support.c\n'}
[4.735947] (base_interfaces_demo) StdoutLine: {'line': b'-- Up-to-date: /home/cjs/VL53L8CX/VL53L8CX_ws/install/base_interfaces_demo/include/base_interfaces_demo/msg/detail/rcs_info__type_support.c\n'}
[4.738931] (base_interfaces_demo) StdoutLine: {'line': b'-- Up-to-date: /home/cjs/VL53L8CX/VL53L8CX_ws/install/base_interfaces_demo/include/base_interfaces_demo/msg/detail/health_node__rosidl_typesupport_introspection_c.h\n'}
[4.739083] (base_interfaces_demo) StdoutLine: {'line': b'-- Up-to-date: /home/cjs/VL53L8CX/VL53L8CX_ws/install/base_interfaces_demo/include/base_interfaces_demo/msg/detail/color_info__rosidl_typesupport_introspection_c.h\n'}
[4.739201] (base_interfaces_demo) StdoutLine: {'line': b'-- Up-to-date: /home/cjs/VL53L8CX/VL53L8CX_ws/install/base_interfaces_demo/include/base_interfaces_demo/msg/rosidl_typesupport_introspection_c__visibility_control.h\n'}
[4.739340] (base_interfaces_demo) StdoutLine: {'line': b'-- Up-to-date: /home/cjs/VL53L8CX/VL53L8CX_ws/install/base_interfaces_demo/lib/libbase_interfaces_demo__rosidl_typesupport_introspection_c.so\n'}
[4.739487] (base_interfaces_demo) StdoutLine: {'line': b'-- Up-to-date: /home/cjs/VL53L8CX/VL53L8CX_ws/install/base_interfaces_demo/lib/libbase_interfaces_demo__rosidl_typesupport_c.so\n'}
[4.739627] (base_interfaces_demo) StdoutLine: {'line': b'-- Up-to-date: /home/cjs/VL53L8CX/VL53L8CX_ws/install/base_interfaces_demo/include/base_interfaces_demo\n'}
[4.739765] (base_interfaces_demo) StdoutLine: {'line': b'-- Up-to-date: /home/cjs/VL53L8CX/VL53L8CX_ws/install/base_interfaces_demo/include/base_interfaces_demo/action\n'}
[4.739880] (base_interfaces_demo) StdoutLine: {'line': b'-- Up-to-date: /home/cjs/VL53L8CX/VL53L8CX_ws/install/base_interfaces_demo/include/base_interfaces_demo/action/detail\n'}
[4.739994] (base_interfaces_demo) StdoutLine: {'line': b'-- Up-to-date: /home/cjs/VL53L8CX/VL53L8CX_ws/install/base_interfaces_demo/include/base_interfaces_demo/action/detail/reverse__builder.hpp\n'}
[4.740114] (base_interfaces_demo) StdoutLine: {'line': b'-- Up-to-date: /home/cjs/VL53L8CX/VL53L8CX_ws/install/base_interfaces_demo/include/base_interfaces_demo/action/detail/nav__traits.hpp\n'}
[4.740228] (base_interfaces_demo) StdoutLine: {'line': b'-- Up-to-date: /home/cjs/VL53L8CX/VL53L8CX_ws/install/base_interfaces_demo/include/base_interfaces_demo/action/detail/reverse__struct.hpp\n'}
[4.740350] (base_interfaces_demo) StdoutLine: {'line': b'-- Up-to-date: /home/cjs/VL53L8CX/VL53L8CX_ws/install/base_interfaces_demo/include/base_interfaces_demo/action/detail/pallet__traits.hpp\n'}
[4.740463] (base_interfaces_demo) StdoutLine: {'line': b'-- Up-to-date: /home/cjs/VL53L8CX/VL53L8CX_ws/install/base_interfaces_demo/include/base_interfaces_demo/action/detail/pallet__type_support.hpp\n'}
[4.740618] (base_interfaces_demo) StdoutLine: {'line': b'-- Up-to-date: /home/cjs/VL53L8CX/VL53L8CX_ws/install/base_interfaces_demo/include/base_interfaces_demo/action/detail/pallet__struct.hpp\n'}
[4.740773] (base_interfaces_demo) StdoutLine: {'line': b'-- Up-to-date: /home/cjs/VL53L8CX/VL53L8CX_ws/install/base_interfaces_demo/include/base_interfaces_demo/action/detail/nav__type_support.hpp\n'}
[4.740886] (base_interfaces_demo) StdoutLine: {'line': b'-- Up-to-date: /home/cjs/VL53L8CX/VL53L8CX_ws/install/base_interfaces_demo/include/base_interfaces_demo/action/detail/reverse__traits.hpp\n'}
[4.741000] (base_interfaces_demo) StdoutLine: {'line': b'-- Up-to-date: /home/cjs/VL53L8CX/VL53L8CX_ws/install/base_interfaces_demo/include/base_interfaces_demo/action/detail/pallet__builder.hpp\n'}
[4.741112] (base_interfaces_demo) StdoutLine: {'line': b'-- Up-to-date: /home/cjs/VL53L8CX/VL53L8CX_ws/install/base_interfaces_demo/include/base_interfaces_demo/action/detail/nav__builder.hpp\n'}
[4.741225] (base_interfaces_demo) StdoutLine: {'line': b'-- Up-to-date: /home/cjs/VL53L8CX/VL53L8CX_ws/install/base_interfaces_demo/include/base_interfaces_demo/action/detail/nav__struct.hpp\n'}
[4.741337] (base_interfaces_demo) StdoutLine: {'line': b'-- Up-to-date: /home/cjs/VL53L8CX/VL53L8CX_ws/install/base_interfaces_demo/include/base_interfaces_demo/action/detail/reverse__type_support.hpp\n'}
[4.741449] (base_interfaces_demo) StdoutLine: {'line': b'-- Up-to-date: /home/cjs/VL53L8CX/VL53L8CX_ws/install/base_interfaces_demo/include/base_interfaces_demo/action/reverse.hpp\n'}
[4.741589] (base_interfaces_demo) StdoutLine: {'line': b'-- Up-to-date: /home/cjs/VL53L8CX/VL53L8CX_ws/install/base_interfaces_demo/include/base_interfaces_demo/action/nav.hpp\n'}
[4.741754] (base_interfaces_demo) StdoutLine: {'line': b'-- Up-to-date: /home/cjs/VL53L8CX/VL53L8CX_ws/install/base_interfaces_demo/include/base_interfaces_demo/action/pallet.hpp\n'}
[4.741896] (base_interfaces_demo) StdoutLine: {'line': b'-- Up-to-date: /home/cjs/VL53L8CX/VL53L8CX_ws/install/base_interfaces_demo/include/base_interfaces_demo/srv\n'}
[4.742042] (base_interfaces_demo) StdoutLine: {'line': b'-- Up-to-date: /home/cjs/VL53L8CX/VL53L8CX_ws/install/base_interfaces_demo/include/base_interfaces_demo/srv/set_emergency.hpp\n'}
[4.742194] (base_interfaces_demo) StdoutLine: {'line': b'-- Up-to-date: /home/cjs/VL53L8CX/VL53L8CX_ws/install/base_interfaces_demo/include/base_interfaces_demo/srv/pub_code.hpp\n'}
[4.742423] (base_interfaces_demo) StdoutLine: {'line': b'-- Up-to-date: /home/cjs/VL53L8CX/VL53L8CX_ws/install/base_interfaces_demo/include/base_interfaces_demo/srv/detail\n'}
[4.742878] (base_interfaces_demo) StdoutLine: {'line': b'-- Up-to-date: /home/cjs/VL53L8CX/VL53L8CX_ws/install/base_interfaces_demo/include/base_interfaces_demo/srv/detail/check_emergency__builder.hpp\n'}
[4.743067] (base_interfaces_demo) StdoutLine: {'line': b'-- Up-to-date: /home/cjs/VL53L8CX/VL53L8CX_ws/install/base_interfaces_demo/include/base_interfaces_demo/srv/detail/check_emergency__traits.hpp\n'}
[4.743217] (base_interfaces_demo) StdoutLine: {'line': b'-- Up-to-date: /home/cjs/VL53L8CX/VL53L8CX_ws/install/base_interfaces_demo/include/base_interfaces_demo/srv/detail/check_emergency__struct.hpp\n'}
[4.743370] (base_interfaces_demo) StdoutLine: {'line': b'-- Up-to-date: /home/cjs/VL53L8CX/VL53L8CX_ws/install/base_interfaces_demo/include/base_interfaces_demo/srv/detail/pub_code__type_support.hpp\n'}
[4.743515] (base_interfaces_demo) StdoutLine: {'line': b'-- Up-to-date: /home/cjs/VL53L8CX/VL53L8CX_ws/install/base_interfaces_demo/include/base_interfaces_demo/srv/detail/hall__type_support.hpp\n'}
[4.743662] (base_interfaces_demo) StdoutLine: {'line': b'-- Up-to-date: /home/cjs/VL53L8CX/VL53L8CX_ws/install/base_interfaces_demo/include/base_interfaces_demo/srv/detail/hall__builder.hpp\n'}
[4.743809] (base_interfaces_demo) StdoutLine: {'line': b'-- Up-to-date: /home/cjs/VL53L8CX/VL53L8CX_ws/install/base_interfaces_demo/include/base_interfaces_demo/srv/detail/pub_code__builder.hpp\n'}
[4.743957] (base_interfaces_demo) StdoutLine: {'line': b'-- Up-to-date: /home/cjs/VL53L8CX/VL53L8CX_ws/install/base_interfaces_demo/include/base_interfaces_demo/srv/detail/rcs_server__traits.hpp\n'}
[4.744102] (base_interfaces_demo) StdoutLine: {'line': b'-- Up-to-date: /home/cjs/VL53L8CX/VL53L8CX_ws/install/base_interfaces_demo/include/base_interfaces_demo/srv/detail/rcs_server__struct.hpp\n'}
[4.744246] (base_interfaces_demo) StdoutLine: {'line': b'-- Up-to-date: /home/cjs/VL53L8CX/VL53L8CX_ws/install/base_interfaces_demo/include/base_interfaces_demo/srv/detail/rcs_server__type_support.hpp\n'}
[4.744391] (base_interfaces_demo) StdoutLine: {'line': b'-- Up-to-date: /home/cjs/VL53L8CX/VL53L8CX_ws/install/base_interfaces_demo/include/base_interfaces_demo/srv/detail/check_emergency__type_support.hpp\n'}
[4.744548] (base_interfaces_demo) StdoutLine: {'line': b'-- Up-to-date: /home/cjs/VL53L8CX/VL53L8CX_ws/install/base_interfaces_demo/include/base_interfaces_demo/srv/detail/set_emergency__struct.hpp\n'}
[4.744736] (base_interfaces_demo) StdoutLine: {'line': b'-- Up-to-date: /home/cjs/VL53L8CX/VL53L8CX_ws/install/base_interfaces_demo/include/base_interfaces_demo/srv/detail/set_emergency__traits.hpp\n'}
[4.744886] (base_interfaces_demo) StdoutLine: {'line': b'-- Up-to-date: /home/cjs/VL53L8CX/VL53L8CX_ws/install/base_interfaces_demo/include/base_interfaces_demo/srv/detail/set_emergency__builder.hpp\n'}
[4.745066] (base_interfaces_demo) StdoutLine: {'line': b'-- Up-to-date: /home/cjs/VL53L8CX/VL53L8CX_ws/install/base_interfaces_demo/include/base_interfaces_demo/srv/detail/pub_code__struct.hpp\n'}
[4.745237] (base_interfaces_demo) StdoutLine: {'line': b'-- Up-to-date: /home/cjs/VL53L8CX/VL53L8CX_ws/install/base_interfaces_demo/include/base_interfaces_demo/srv/detail/hall__struct.hpp\n'}
[4.745391] (base_interfaces_demo) StdoutLine: {'line': b'-- Up-to-date: /home/cjs/VL53L8CX/VL53L8CX_ws/install/base_interfaces_demo/include/base_interfaces_demo/srv/detail/set_emergency__type_support.hpp\n'}
[4.745542] (base_interfaces_demo) StdoutLine: {'line': b'-- Up-to-date: /home/cjs/VL53L8CX/VL53L8CX_ws/install/base_interfaces_demo/include/base_interfaces_demo/srv/detail/pub_code__traits.hpp\n'}
[4.745710] (base_interfaces_demo) StdoutLine: {'line': b'-- Up-to-date: /home/cjs/VL53L8CX/VL53L8CX_ws/install/base_interfaces_demo/include/base_interfaces_demo/srv/detail/hall__traits.hpp\n'}
[4.745858] (base_interfaces_demo) StdoutLine: {'line': b'-- Up-to-date: /home/cjs/VL53L8CX/VL53L8CX_ws/install/base_interfaces_demo/include/base_interfaces_demo/srv/detail/rcs_server__builder.hpp\n'}
[4.746003] (base_interfaces_demo) StdoutLine: {'line': b'-- Up-to-date: /home/cjs/VL53L8CX/VL53L8CX_ws/install/base_interfaces_demo/include/base_interfaces_demo/srv/rcs_server.hpp\n'}
[4.746147] (base_interfaces_demo) StdoutLine: {'line': b'-- Up-to-date: /home/cjs/VL53L8CX/VL53L8CX_ws/install/base_interfaces_demo/include/base_interfaces_demo/srv/check_emergency.hpp\n'}
[4.746303] (base_interfaces_demo) StdoutLine: {'line': b'-- Up-to-date: /home/cjs/VL53L8CX/VL53L8CX_ws/install/base_interfaces_demo/include/base_interfaces_demo/srv/hall.hpp\n'}
[4.746450] (base_interfaces_demo) StdoutLine: {'line': b'-- Up-to-date: /home/cjs/VL53L8CX/VL53L8CX_ws/install/base_interfaces_demo/include/base_interfaces_demo/msg\n'}
[4.746611] (base_interfaces_demo) StdoutLine: {'line': b'-- Up-to-date: /home/cjs/VL53L8CX/VL53L8CX_ws/install/base_interfaces_demo/include/base_interfaces_demo/msg/color_info.hpp\n'}
[4.755888] (base_interfaces_demo) StdoutLine: {'line': b'-- Up-to-date: /home/cjs/VL53L8CX/VL53L8CX_ws/install/base_interfaces_demo/include/base_interfaces_demo/msg/car_status.hpp\n'}
[4.756137] (base_interfaces_demo) StdoutLine: {'line': b'-- Up-to-date: /home/cjs/VL53L8CX/VL53L8CX_ws/install/base_interfaces_demo/include/base_interfaces_demo/msg/test.hpp\n'}
[4.756311] (base_interfaces_demo) StdoutLine: {'line': b'-- Up-to-date: /home/cjs/VL53L8CX/VL53L8CX_ws/install/base_interfaces_demo/include/base_interfaces_demo/msg/ohom.hpp\n'}
[4.756469] (base_interfaces_demo) StdoutLine: {'line': b'-- Up-to-date: /home/cjs/VL53L8CX/VL53L8CX_ws/install/base_interfaces_demo/include/base_interfaces_demo/msg/seek_ret.hpp\n'}
[4.756674] (base_interfaces_demo) StdoutLine: {'line': b'-- Up-to-date: /home/cjs/VL53L8CX/VL53L8CX_ws/install/base_interfaces_demo/include/base_interfaces_demo/msg/pub_code.hpp\n'}
[4.756870] (base_interfaces_demo) StdoutLine: {'line': b'-- Up-to-date: /home/cjs/VL53L8CX/VL53L8CX_ws/install/base_interfaces_demo/include/base_interfaces_demo/msg/motor_cmd.hpp\n'}
[4.757059] (base_interfaces_demo) StdoutLine: {'line': b'-- Up-to-date: /home/cjs/VL53L8CX/VL53L8CX_ws/install/base_interfaces_demo/include/base_interfaces_demo/msg/rcs_info.hpp\n'}
[4.757253] (base_interfaces_demo) StdoutLine: {'line': b'-- Up-to-date: /home/cjs/VL53L8CX/VL53L8CX_ws/install/base_interfaces_demo/include/base_interfaces_demo/msg/pallet_info.hpp\n'}
[4.757403] (base_interfaces_demo) StdoutLine: {'line': b'-- Up-to-date: /home/cjs/VL53L8CX/VL53L8CX_ws/install/base_interfaces_demo/include/base_interfaces_demo/msg/detail\n'}
[4.757564] (base_interfaces_demo) StdoutLine: {'line': b'-- Up-to-date: /home/cjs/VL53L8CX/VL53L8CX_ws/install/base_interfaces_demo/include/base_interfaces_demo/msg/detail/motion_control__builder.hpp\n'}
[4.757734] (base_interfaces_demo) StdoutLine: {'line': b'-- Up-to-date: /home/cjs/VL53L8CX/VL53L8CX_ws/install/base_interfaces_demo/include/base_interfaces_demo/msg/detail/pallet_info__type_support.hpp\n'}
[4.757894] (base_interfaces_demo) StdoutLine: {'line': b'-- Up-to-date: /home/cjs/VL53L8CX/VL53L8CX_ws/install/base_interfaces_demo/include/base_interfaces_demo/msg/detail/pub_code__type_support.hpp\n'}
[4.758049] (base_interfaces_demo) StdoutLine: {'line': b'-- Up-to-date: /home/cjs/VL53L8CX/VL53L8CX_ws/install/base_interfaces_demo/include/base_interfaces_demo/msg/detail/manual__struct.hpp\n'}
[4.758207] (base_interfaces_demo) StdoutLine: {'line': b'-- Up-to-date: /home/cjs/VL53L8CX/VL53L8CX_ws/install/base_interfaces_demo/include/base_interfaces_demo/msg/detail/movecontrol_info__struct.hpp\n'}
[4.758363] (base_interfaces_demo) StdoutLine: {'line': b'-- Up-to-date: /home/cjs/VL53L8CX/VL53L8CX_ws/install/base_interfaces_demo/include/base_interfaces_demo/msg/detail/obs_laser__builder.hpp\n'}
[4.758534] (base_interfaces_demo) StdoutLine: {'line': b'-- Up-to-date: /home/cjs/VL53L8CX/VL53L8CX_ws/install/base_interfaces_demo/include/base_interfaces_demo/msg/detail/seek_cmd__builder.hpp\n'}
[4.758907] (base_interfaces_demo) StdoutLine: {'line': b'-- Up-to-date: /home/cjs/VL53L8CX/VL53L8CX_ws/install/base_interfaces_demo/include/base_interfaces_demo/msg/detail/charger_info__traits.hpp\n'}
[4.759069] (base_interfaces_demo) StdoutLine: {'line': b'-- Up-to-date: /home/cjs/VL53L8CX/VL53L8CX_ws/install/base_interfaces_demo/include/base_interfaces_demo/msg/detail/motor_cmd__struct.hpp\n'}
[4.759224] (base_interfaces_demo) StdoutLine: {'line': b'-- Up-to-date: /home/cjs/VL53L8CX/VL53L8CX_ws/install/base_interfaces_demo/include/base_interfaces_demo/msg/detail/system_status__traits.hpp\n'}
[4.759380] (base_interfaces_demo) StdoutLine: {'line': b'-- Up-to-date: /home/cjs/VL53L8CX/VL53L8CX_ws/install/base_interfaces_demo/include/base_interfaces_demo/msg/detail/seek_ret__type_support.hpp\n'}
[4.759540] (base_interfaces_demo) StdoutLine: {'line': b'-- Up-to-date: /home/cjs/VL53L8CX/VL53L8CX_ws/install/base_interfaces_demo/include/base_interfaces_demo/msg/detail/ohom__builder.hpp\n'}
[4.759703] (base_interfaces_demo) StdoutLine: {'line': b'-- Up-to-date: /home/cjs/VL53L8CX/VL53L8CX_ws/install/base_interfaces_demo/include/base_interfaces_demo/msg/detail/car_status__type_support.hpp\n'}
[4.759861] (base_interfaces_demo) StdoutLine: {'line': b'-- Up-to-date: /home/cjs/VL53L8CX/VL53L8CX_ws/install/base_interfaces_demo/include/base_interfaces_demo/msg/detail/system_status__struct.hpp\n'}
[4.760032] (base_interfaces_demo) StdoutLine: {'line': b'-- Up-to-date: /home/cjs/VL53L8CX/VL53L8CX_ws/install/base_interfaces_demo/include/base_interfaces_demo/msg/detail/pallet_info__builder.hpp\n'}
[4.760187] (base_interfaces_demo) StdoutLine: {'line': b'-- Up-to-date: /home/cjs/VL53L8CX/VL53L8CX_ws/install/base_interfaces_demo/include/base_interfaces_demo/msg/detail/seek_ret__traits.hpp\n'}
[4.760342] (base_interfaces_demo) StdoutLine: {'line': b'-- Up-to-date: /home/cjs/VL53L8CX/VL53L8CX_ws/install/base_interfaces_demo/include/base_interfaces_demo/msg/detail/motor_cmd__builder.hpp\n'}
[4.760497] (base_interfaces_demo) StdoutLine: {'line': b'-- Up-to-date: /home/cjs/VL53L8CX/VL53L8CX_ws/install/base_interfaces_demo/include/base_interfaces_demo/msg/detail/pallet_info__traits.hpp\n'}
[4.760692] (base_interfaces_demo) StdoutLine: {'line': b'-- Up-to-date: /home/cjs/VL53L8CX/VL53L8CX_ws/install/base_interfaces_demo/include/base_interfaces_demo/msg/detail/location__traits.hpp\n'}
[4.760862] (base_interfaces_demo) StdoutLine: {'line': b'-- Up-to-date: /home/cjs/VL53L8CX/VL53L8CX_ws/install/base_interfaces_demo/include/base_interfaces_demo/msg/detail/lift_info__builder.hpp\n'}
[4.761009] (-) TimerEvent: {}
[4.761218] (base_interfaces_demo) StdoutLine: {'line': b'-- Up-to-date: /home/cjs/VL53L8CX/VL53L8CX_ws/install/base_interfaces_demo/include/base_interfaces_demo/msg/detail/rcs_info__builder.hpp\n'}
[4.761381] (base_interfaces_demo) StdoutLine: {'line': b'-- Up-to-date: /home/cjs/VL53L8CX/VL53L8CX_ws/install/base_interfaces_demo/include/base_interfaces_demo/msg/detail/ohom__type_support.hpp\n'}
[4.761533] (base_interfaces_demo) StdoutLine: {'line': b'-- Up-to-date: /home/cjs/VL53L8CX/VL53L8CX_ws/install/base_interfaces_demo/include/base_interfaces_demo/msg/detail/system_status__type_support.hpp\n'}
[4.761698] (base_interfaces_demo) StdoutLine: {'line': b'-- Up-to-date: /home/cjs/VL53L8CX/VL53L8CX_ws/install/base_interfaces_demo/include/base_interfaces_demo/msg/detail/pub_code__builder.hpp\n'}
[4.761843] (base_interfaces_demo) StdoutLine: {'line': b'-- Up-to-date: /home/cjs/VL53L8CX/VL53L8CX_ws/install/base_interfaces_demo/include/base_interfaces_demo/msg/detail/system_status__builder.hpp\n'}
[4.761989] (base_interfaces_demo) StdoutLine: {'line': b'-- Up-to-date: /home/cjs/VL53L8CX/VL53L8CX_ws/install/base_interfaces_demo/include/base_interfaces_demo/msg/detail/health_node__struct.hpp\n'}
[4.762142] (base_interfaces_demo) StdoutLine: {'line': b'-- Up-to-date: /home/cjs/VL53L8CX/VL53L8CX_ws/install/base_interfaces_demo/include/base_interfaces_demo/msg/detail/file_updata__struct.hpp\n'}
[4.762310] (base_interfaces_demo) StdoutLine: {'line': b'-- Up-to-date: /home/cjs/VL53L8CX/VL53L8CX_ws/install/base_interfaces_demo/include/base_interfaces_demo/msg/detail/bms_info__struct.hpp\n'}
[4.762473] (base_interfaces_demo) StdoutLine: {'line': b'-- Up-to-date: /home/cjs/VL53L8CX/VL53L8CX_ws/install/base_interfaces_demo/include/base_interfaces_demo/msg/detail/obs_laser__struct.hpp\n'}
[4.762838] (base_interfaces_demo) StdoutLine: {'line': b'-- Up-to-date: /home/cjs/VL53L8CX/VL53L8CX_ws/install/base_interfaces_demo/include/base_interfaces_demo/msg/detail/car_status__struct.hpp\n'}
[4.763007] (base_interfaces_demo) StdoutLine: {'line': b'-- Up-to-date: /home/cjs/VL53L8CX/VL53L8CX_ws/install/base_interfaces_demo/include/base_interfaces_demo/msg/detail/manual_seek_label__builder.hpp\n'}
[4.763176] (base_interfaces_demo) StdoutLine: {'line': b'-- Up-to-date: /home/cjs/VL53L8CX/VL53L8CX_ws/install/base_interfaces_demo/include/base_interfaces_demo/msg/detail/motor_status__type_support.hpp\n'}
[4.763345] (base_interfaces_demo) StdoutLine: {'line': b'-- Up-to-date: /home/cjs/VL53L8CX/VL53L8CX_ws/install/base_interfaces_demo/include/base_interfaces_demo/msg/detail/bt_status__type_support.hpp\n'}
[4.763507] (base_interfaces_demo) StdoutLine: {'line': b'-- Up-to-date: /home/cjs/VL53L8CX/VL53L8CX_ws/install/base_interfaces_demo/include/base_interfaces_demo/msg/detail/bt_status__struct.hpp\n'}
[4.763682] (base_interfaces_demo) StdoutLine: {'line': b'-- Up-to-date: /home/cjs/VL53L8CX/VL53L8CX_ws/install/base_interfaces_demo/include/base_interfaces_demo/msg/detail/motor_cmd__traits.hpp\n'}
[4.763850] (base_interfaces_demo) StdoutLine: {'line': b'-- Up-to-date: /home/cjs/VL53L8CX/VL53L8CX_ws/install/base_interfaces_demo/include/base_interfaces_demo/msg/detail/motion_control__struct.hpp\n'}
[4.764026] (base_interfaces_demo) StdoutLine: {'line': b'-- Up-to-date: /home/cjs/VL53L8CX/VL53L8CX_ws/install/base_interfaces_demo/include/base_interfaces_demo/msg/detail/lift_info__type_support.hpp\n'}
[4.764176] (base_interfaces_demo) StdoutLine: {'line': b'-- Up-to-date: /home/cjs/VL53L8CX/VL53L8CX_ws/install/base_interfaces_demo/include/base_interfaces_demo/msg/detail/bt_status__traits.hpp\n'}
[4.764324] (base_interfaces_demo) StdoutLine: {'line': b'-- Up-to-date: /home/cjs/VL53L8CX/VL53L8CX_ws/install/base_interfaces_demo/include/base_interfaces_demo/msg/detail/car_status__builder.hpp\n'}
[4.764470] (base_interfaces_demo) StdoutLine: {'line': b'-- Up-to-date: /home/cjs/VL53L8CX/VL53L8CX_ws/install/base_interfaces_demo/include/base_interfaces_demo/msg/detail/obs_laser__traits.hpp\n'}
[4.764635] (base_interfaces_demo) StdoutLine: {'line': b'-- Up-to-date: /home/cjs/VL53L8CX/VL53L8CX_ws/install/base_interfaces_demo/include/base_interfaces_demo/msg/detail/lift_control__type_support.hpp\n'}
[4.764804] (base_interfaces_demo) StdoutLine: {'line': b'-- Up-to-date: /home/cjs/VL53L8CX/VL53L8CX_ws/install/base_interfaces_demo/include/base_interfaces_demo/msg/detail/manual__traits.hpp\n'}
[4.764953] (base_interfaces_demo) StdoutLine: {'line': b'-- Up-to-date: /home/cjs/VL53L8CX/VL53L8CX_ws/install/base_interfaces_demo/include/base_interfaces_demo/msg/detail/motion_control__type_support.hpp\n'}
[4.765101] (base_interfaces_demo) StdoutLine: {'line': b'-- Up-to-date: /home/cjs/VL53L8CX/VL53L8CX_ws/install/base_interfaces_demo/include/base_interfaces_demo/msg/detail/test__traits.hpp\n'}
[4.765248] (base_interfaces_demo) StdoutLine: {'line': b'-- Up-to-date: /home/cjs/VL53L8CX/VL53L8CX_ws/install/base_interfaces_demo/include/base_interfaces_demo/msg/detail/manual__type_support.hpp\n'}
[4.765398] (base_interfaces_demo) StdoutLine: {'line': b'-- Up-to-date: /home/cjs/VL53L8CX/VL53L8CX_ws/install/base_interfaces_demo/include/base_interfaces_demo/msg/detail/color_info__type_support.hpp\n'}
[4.765555] (base_interfaces_demo) StdoutLine: {'line': b'-- Up-to-date: /home/cjs/VL53L8CX/VL53L8CX_ws/install/base_interfaces_demo/include/base_interfaces_demo/msg/detail/seek_cmd__type_support.hpp\n'}
[4.765712] (base_interfaces_demo) StdoutLine: {'line': b'-- Up-to-date: /home/cjs/VL53L8CX/VL53L8CX_ws/install/base_interfaces_demo/include/base_interfaces_demo/msg/detail/charger_info__builder.hpp\n'}
[4.765863] (base_interfaces_demo) StdoutLine: {'line': b'-- Up-to-date: /home/cjs/VL53L8CX/VL53L8CX_ws/install/base_interfaces_demo/include/base_interfaces_demo/msg/detail/car_status__traits.hpp\n'}
[4.766014] (base_interfaces_demo) StdoutLine: {'line': b'-- Up-to-date: /home/cjs/VL53L8CX/VL53L8CX_ws/install/base_interfaces_demo/include/base_interfaces_demo/msg/detail/lift_control__builder.hpp\n'}
[4.766165] (base_interfaces_demo) StdoutLine: {'line': b'-- Up-to-date: /home/cjs/VL53L8CX/VL53L8CX_ws/install/base_interfaces_demo/include/base_interfaces_demo/msg/detail/hall_info__struct.hpp\n'}
[4.766317] (base_interfaces_demo) StdoutLine: {'line': b'-- Up-to-date: /home/cjs/VL53L8CX/VL53L8CX_ws/install/base_interfaces_demo/include/base_interfaces_demo/msg/detail/bms_info__builder.hpp\n'}
[4.766474] (base_interfaces_demo) StdoutLine: {'line': b'-- Up-to-date: /home/cjs/VL53L8CX/VL53L8CX_ws/install/base_interfaces_demo/include/base_interfaces_demo/msg/detail/file_updata__type_support.hpp\n'}
[4.774865] (base_interfaces_demo) StdoutLine: {'line': b'-- Up-to-date: /home/cjs/VL53L8CX/VL53L8CX_ws/install/base_interfaces_demo/include/base_interfaces_demo/msg/detail/ohom__traits.hpp\n'}
[4.775120] (base_interfaces_demo) StdoutLine: {'line': b'-- Up-to-date: /home/cjs/VL53L8CX/VL53L8CX_ws/install/base_interfaces_demo/include/base_interfaces_demo/msg/detail/color_info__traits.hpp\n'}
[4.775244] (base_interfaces_demo) StdoutLine: {'line': b'-- Up-to-date: /home/cjs/VL53L8CX/VL53L8CX_ws/install/base_interfaces_demo/include/base_interfaces_demo/msg/detail/health_node__builder.hpp\n'}
[4.775374] (base_interfaces_demo) StdoutLine: {'line': b'-- Up-to-date: /home/cjs/VL53L8CX/VL53L8CX_ws/install/base_interfaces_demo/include/base_interfaces_demo/msg/detail/obs_laser__type_support.hpp\n'}
[4.775517] (base_interfaces_demo) StdoutLine: {'line': b'-- Up-to-date: /home/cjs/VL53L8CX/VL53L8CX_ws/install/base_interfaces_demo/include/base_interfaces_demo/msg/detail/charger_info__type_support.hpp\n'}
[4.775670] (base_interfaces_demo) StdoutLine: {'line': b'-- Up-to-date: /home/cjs/VL53L8CX/VL53L8CX_ws/install/base_interfaces_demo/include/base_interfaces_demo/msg/detail/color_info__builder.hpp\n'}
[4.775828] (base_interfaces_demo) StdoutLine: {'line': b'-- Up-to-date: /home/cjs/VL53L8CX/VL53L8CX_ws/install/base_interfaces_demo/include/base_interfaces_demo/msg/detail/lift_info__traits.hpp\n'}
[4.775987] (base_interfaces_demo) StdoutLine: {'line': b'-- Up-to-date: /home/cjs/VL53L8CX/VL53L8CX_ws/install/base_interfaces_demo/include/base_interfaces_demo/msg/detail/hall_info__traits.hpp\n'}
[4.776298] (base_interfaces_demo) StdoutLine: {'line': b'-- Up-to-date: /home/cjs/VL53L8CX/VL53L8CX_ws/install/base_interfaces_demo/include/base_interfaces_demo/msg/detail/health_node__traits.hpp\n'}
[4.776473] (base_interfaces_demo) StdoutLine: {'line': b'-- Up-to-date: /home/cjs/VL53L8CX/VL53L8CX_ws/install/base_interfaces_demo/include/base_interfaces_demo/msg/detail/color_info__struct.hpp\n'}
[4.776672] (base_interfaces_demo) StdoutLine: {'line': b'-- Up-to-date: /home/cjs/VL53L8CX/VL53L8CX_ws/install/base_interfaces_demo/include/base_interfaces_demo/msg/detail/location__builder.hpp\n'}
[4.776827] (base_interfaces_demo) StdoutLine: {'line': b'-- Up-to-date: /home/cjs/VL53L8CX/VL53L8CX_ws/install/base_interfaces_demo/include/base_interfaces_demo/msg/detail/motor_cmd__type_support.hpp\n'}
[4.776989] (base_interfaces_demo) StdoutLine: {'line': b'-- Up-to-date: /home/cjs/VL53L8CX/VL53L8CX_ws/install/base_interfaces_demo/include/base_interfaces_demo/msg/detail/manual_seek_label__traits.hpp\n'}
[4.777148] (base_interfaces_demo) StdoutLine: {'line': b'-- Up-to-date: /home/cjs/VL53L8CX/VL53L8CX_ws/install/base_interfaces_demo/include/base_interfaces_demo/msg/detail/seek_ret__builder.hpp\n'}
[4.777303] (base_interfaces_demo) StdoutLine: {'line': b'-- Up-to-date: /home/cjs/VL53L8CX/VL53L8CX_ws/install/base_interfaces_demo/include/base_interfaces_demo/msg/detail/motor_status__struct.hpp\n'}
[4.777458] (base_interfaces_demo) StdoutLine: {'line': b'-- Up-to-date: /home/cjs/VL53L8CX/VL53L8CX_ws/install/base_interfaces_demo/include/base_interfaces_demo/msg/detail/file_updata__traits.hpp\n'}
[4.777615] (base_interfaces_demo) StdoutLine: {'line': b'-- Up-to-date: /home/cjs/VL53L8CX/VL53L8CX_ws/install/base_interfaces_demo/include/base_interfaces_demo/msg/detail/bms_info__type_support.hpp\n'}
[4.777771] (base_interfaces_demo) StdoutLine: {'line': b'-- Up-to-date: /home/cjs/VL53L8CX/VL53L8CX_ws/install/base_interfaces_demo/include/base_interfaces_demo/msg/detail/seek_cmd__traits.hpp\n'}
[4.777925] (base_interfaces_demo) StdoutLine: {'line': b'-- Up-to-date: /home/cjs/VL53L8CX/VL53L8CX_ws/install/base_interfaces_demo/include/base_interfaces_demo/msg/detail/health_node__type_support.hpp\n'}
[4.778089] (base_interfaces_demo) StdoutLine: {'line': b'-- Up-to-date: /home/cjs/VL53L8CX/VL53L8CX_ws/install/base_interfaces_demo/include/base_interfaces_demo/msg/detail/bt_status__builder.hpp\n'}
[4.778242] (base_interfaces_demo) StdoutLine: {'line': b'-- Up-to-date: /home/cjs/VL53L8CX/VL53L8CX_ws/install/base_interfaces_demo/include/base_interfaces_demo/msg/detail/pub_code__struct.hpp\n'}
[4.778404] (base_interfaces_demo) StdoutLine: {'line': b'-- Up-to-date: /home/cjs/VL53L8CX/VL53L8CX_ws/install/base_interfaces_demo/include/base_interfaces_demo/msg/detail/motion_control__traits.hpp\n'}
[4.778580] (base_interfaces_demo) StdoutLine: {'line': b'-- Up-to-date: /home/cjs/VL53L8CX/VL53L8CX_ws/install/base_interfaces_demo/include/base_interfaces_demo/msg/detail/movecontrol_info__type_support.hpp\n'}
[4.778972] (base_interfaces_demo) StdoutLine: {'line': b'-- Up-to-date: /home/cjs/VL53L8CX/VL53L8CX_ws/install/base_interfaces_demo/include/base_interfaces_demo/msg/detail/file_updata__builder.hpp\n'}
[4.779136] (base_interfaces_demo) StdoutLine: {'line': b'-- Up-to-date: /home/cjs/VL53L8CX/VL53L8CX_ws/install/base_interfaces_demo/include/base_interfaces_demo/msg/detail/motor_status__builder.hpp\n'}
[4.779311] (base_interfaces_demo) StdoutLine: {'line': b'-- Up-to-date: /home/cjs/VL53L8CX/VL53L8CX_ws/install/base_interfaces_demo/include/base_interfaces_demo/msg/detail/ohom__struct.hpp\n'}
[4.779474] (base_interfaces_demo) StdoutLine: {'line': b'-- Up-to-date: /home/cjs/VL53L8CX/VL53L8CX_ws/install/base_interfaces_demo/include/base_interfaces_demo/msg/detail/bms_info__traits.hpp\n'}
[4.779635] (base_interfaces_demo) StdoutLine: {'line': b'-- Up-to-date: /home/cjs/VL53L8CX/VL53L8CX_ws/install/base_interfaces_demo/include/base_interfaces_demo/msg/detail/movecontrol_info__traits.hpp\n'}
[4.779796] (base_interfaces_demo) StdoutLine: {'line': b'-- Up-to-date: /home/cjs/VL53L8CX/VL53L8CX_ws/install/base_interfaces_demo/include/base_interfaces_demo/msg/detail/lift_control__struct.hpp\n'}
[4.779956] (base_interfaces_demo) StdoutLine: {'line': b'-- Up-to-date: /home/cjs/VL53L8CX/VL53L8CX_ws/install/base_interfaces_demo/include/base_interfaces_demo/msg/detail/rcs_info__type_support.hpp\n'}
[4.780114] (base_interfaces_demo) StdoutLine: {'line': b'-- Up-to-date: /home/cjs/VL53L8CX/VL53L8CX_ws/install/base_interfaces_demo/include/base_interfaces_demo/msg/detail/rcs_info__struct.hpp\n'}
[4.780270] (base_interfaces_demo) StdoutLine: {'line': b'-- Up-to-date: /home/cjs/VL53L8CX/VL53L8CX_ws/install/base_interfaces_demo/include/base_interfaces_demo/msg/detail/hall_info__type_support.hpp\n'}
[4.780423] (base_interfaces_demo) StdoutLine: {'line': b'-- Up-to-date: /home/cjs/VL53L8CX/VL53L8CX_ws/install/base_interfaces_demo/include/base_interfaces_demo/msg/detail/test__type_support.hpp\n'}
[4.780644] (base_interfaces_demo) StdoutLine: {'line': b'-- Up-to-date: /home/cjs/VL53L8CX/VL53L8CX_ws/install/base_interfaces_demo/include/base_interfaces_demo/msg/detail/test__struct.hpp\n'}
[4.780807] (base_interfaces_demo) StdoutLine: {'line': b'-- Up-to-date: /home/cjs/VL53L8CX/VL53L8CX_ws/install/base_interfaces_demo/include/base_interfaces_demo/msg/detail/lift_info__struct.hpp\n'}
[4.780971] (base_interfaces_demo) StdoutLine: {'line': b'-- Up-to-date: /home/cjs/VL53L8CX/VL53L8CX_ws/install/base_interfaces_demo/include/base_interfaces_demo/msg/detail/hall_info__builder.hpp\n'}
[4.781125] (base_interfaces_demo) StdoutLine: {'line': b'-- Up-to-date: /home/cjs/VL53L8CX/VL53L8CX_ws/install/base_interfaces_demo/include/base_interfaces_demo/msg/detail/pub_code__traits.hpp\n'}
[4.781272] (base_interfaces_demo) StdoutLine: {'line': b'-- Up-to-date: /home/cjs/VL53L8CX/VL53L8CX_ws/install/base_interfaces_demo/include/base_interfaces_demo/msg/detail/rcs_info__traits.hpp\n'}
[4.781419] (base_interfaces_demo) StdoutLine: {'line': b'-- Up-to-date: /home/cjs/VL53L8CX/VL53L8CX_ws/install/base_interfaces_demo/include/base_interfaces_demo/msg/detail/manual__builder.hpp\n'}
[4.781580] (base_interfaces_demo) StdoutLine: {'line': b'-- Up-to-date: /home/cjs/VL53L8CX/VL53L8CX_ws/install/base_interfaces_demo/include/base_interfaces_demo/msg/detail/movecontrol_info__builder.hpp\n'}
[4.781753] (base_interfaces_demo) StdoutLine: {'line': b'-- Up-to-date: /home/cjs/VL53L8CX/VL53L8CX_ws/install/base_interfaces_demo/include/base_interfaces_demo/msg/detail/lift_control__traits.hpp\n'}
[4.781914] (base_interfaces_demo) StdoutLine: {'line': b'-- Up-to-date: /home/cjs/VL53L8CX/VL53L8CX_ws/install/base_interfaces_demo/include/base_interfaces_demo/msg/detail/seek_cmd__struct.hpp\n'}
[4.782064] (base_interfaces_demo) StdoutLine: {'line': b'-- Up-to-date: /home/cjs/VL53L8CX/VL53L8CX_ws/install/base_interfaces_demo/include/base_interfaces_demo/msg/detail/manual_seek_label__struct.hpp\n'}
[4.782219] (base_interfaces_demo) StdoutLine: {'line': b'-- Up-to-date: /home/cjs/VL53L8CX/VL53L8CX_ws/install/base_interfaces_demo/include/base_interfaces_demo/msg/detail/location__type_support.hpp\n'}
[4.782365] (base_interfaces_demo) StdoutLine: {'line': b'-- Up-to-date: /home/cjs/VL53L8CX/VL53L8CX_ws/install/base_interfaces_demo/include/base_interfaces_demo/msg/detail/manual_seek_label__type_support.hpp\n'}
[4.782535] (base_interfaces_demo) StdoutLine: {'line': b'-- Up-to-date: /home/cjs/VL53L8CX/VL53L8CX_ws/install/base_interfaces_demo/include/base_interfaces_demo/msg/detail/charger_info__struct.hpp\n'}
[4.782854] (base_interfaces_demo) StdoutLine: {'line': b'-- Up-to-date: /home/cjs/VL53L8CX/VL53L8CX_ws/install/base_interfaces_demo/include/base_interfaces_demo/msg/detail/test__builder.hpp\n'}
[4.783012] (base_interfaces_demo) StdoutLine: {'line': b'-- Up-to-date: /home/cjs/VL53L8CX/VL53L8CX_ws/install/base_interfaces_demo/include/base_interfaces_demo/msg/detail/motor_status__traits.hpp\n'}
[4.783172] (base_interfaces_demo) StdoutLine: {'line': b'-- Up-to-date: /home/cjs/VL53L8CX/VL53L8CX_ws/install/base_interfaces_demo/include/base_interfaces_demo/msg/detail/location__struct.hpp\n'}
[4.783329] (base_interfaces_demo) StdoutLine: {'line': b'-- Up-to-date: /home/cjs/VL53L8CX/VL53L8CX_ws/install/base_interfaces_demo/include/base_interfaces_demo/msg/detail/seek_ret__struct.hpp\n'}
[4.783485] (base_interfaces_demo) StdoutLine: {'line': b'-- Up-to-date: /home/cjs/VL53L8CX/VL53L8CX_ws/install/base_interfaces_demo/include/base_interfaces_demo/msg/detail/pallet_info__struct.hpp\n'}
[4.783646] (base_interfaces_demo) StdoutLine: {'line': b'-- Up-to-date: /home/cjs/VL53L8CX/VL53L8CX_ws/install/base_interfaces_demo/include/base_interfaces_demo/msg/manual_seek_label.hpp\n'}
[4.783808] (base_interfaces_demo) StdoutLine: {'line': b'-- Up-to-date: /home/cjs/VL53L8CX/VL53L8CX_ws/install/base_interfaces_demo/include/base_interfaces_demo/msg/motion_control.hpp\n'}
[4.783977] (base_interfaces_demo) StdoutLine: {'line': b'-- Up-to-date: /home/cjs/VL53L8CX/VL53L8CX_ws/install/base_interfaces_demo/include/base_interfaces_demo/msg/lift_control.hpp\n'}
[4.784146] (base_interfaces_demo) StdoutLine: {'line': b'-- Up-to-date: /home/cjs/VL53L8CX/VL53L8CX_ws/install/base_interfaces_demo/include/base_interfaces_demo/msg/motor_status.hpp\n'}
[4.784302] (base_interfaces_demo) StdoutLine: {'line': b'-- Up-to-date: /home/cjs/VL53L8CX/VL53L8CX_ws/install/base_interfaces_demo/include/base_interfaces_demo/msg/hall_info.hpp\n'}
[4.784463] (base_interfaces_demo) StdoutLine: {'line': b'-- Up-to-date: /home/cjs/VL53L8CX/VL53L8CX_ws/install/base_interfaces_demo/include/base_interfaces_demo/msg/charger_info.hpp\n'}
[4.784678] (base_interfaces_demo) StdoutLine: {'line': b'-- Up-to-date: /home/cjs/VL53L8CX/VL53L8CX_ws/install/base_interfaces_demo/include/base_interfaces_demo/msg/movecontrol_info.hpp\n'}
[4.784844] (base_interfaces_demo) StdoutLine: {'line': b'-- Up-to-date: /home/cjs/VL53L8CX/VL53L8CX_ws/install/base_interfaces_demo/include/base_interfaces_demo/msg/rosidl_generator_cpp__visibility_control.hpp\n'}
[4.785006] (base_interfaces_demo) StdoutLine: {'line': b'-- Up-to-date: /home/cjs/VL53L8CX/VL53L8CX_ws/install/base_interfaces_demo/include/base_interfaces_demo/msg/location.hpp\n'}
[4.785164] (base_interfaces_demo) StdoutLine: {'line': b'-- Up-to-date: /home/cjs/VL53L8CX/VL53L8CX_ws/install/base_interfaces_demo/include/base_interfaces_demo/msg/file_updata.hpp\n'}
[4.785339] (base_interfaces_demo) StdoutLine: {'line': b'-- Up-to-date: /home/cjs/VL53L8CX/VL53L8CX_ws/install/base_interfaces_demo/include/base_interfaces_demo/msg/seek_cmd.hpp\n'}
[4.785516] (base_interfaces_demo) StdoutLine: {'line': b'-- Up-to-date: /home/cjs/VL53L8CX/VL53L8CX_ws/install/base_interfaces_demo/include/base_interfaces_demo/msg/health_node.hpp\n'}
[4.785687] (base_interfaces_demo) StdoutLine: {'line': b'-- Up-to-date: /home/cjs/VL53L8CX/VL53L8CX_ws/install/base_interfaces_demo/include/base_interfaces_demo/msg/bt_status.hpp\n'}
[4.785867] (base_interfaces_demo) StdoutLine: {'line': b'-- Up-to-date: /home/cjs/VL53L8CX/VL53L8CX_ws/install/base_interfaces_demo/include/base_interfaces_demo/msg/obs_laser.hpp\n'}
[4.786024] (base_interfaces_demo) StdoutLine: {'line': b'-- Up-to-date: /home/cjs/VL53L8CX/VL53L8CX_ws/install/base_interfaces_demo/include/base_interfaces_demo/msg/system_status.hpp\n'}
[4.786179] (base_interfaces_demo) StdoutLine: {'line': b'-- Up-to-date: /home/cjs/VL53L8CX/VL53L8CX_ws/install/base_interfaces_demo/include/base_interfaces_demo/msg/bms_info.hpp\n'}
[4.786336] (base_interfaces_demo) StdoutLine: {'line': b'-- Up-to-date: /home/cjs/VL53L8CX/VL53L8CX_ws/install/base_interfaces_demo/include/base_interfaces_demo/msg/manual.hpp\n'}
[4.786515] (base_interfaces_demo) StdoutLine: {'line': b'-- Up-to-date: /home/cjs/VL53L8CX/VL53L8CX_ws/install/base_interfaces_demo/include/base_interfaces_demo/msg/lift_info.hpp\n'}
[4.787109] (base_interfaces_demo) StdoutLine: {'line': b'-- Up-to-date: /home/cjs/VL53L8CX/VL53L8CX_ws/install/base_interfaces_demo/include/base_interfaces_demo\n'}
[4.787295] (base_interfaces_demo) StdoutLine: {'line': b'-- Up-to-date: /home/cjs/VL53L8CX/VL53L8CX_ws/install/base_interfaces_demo/include/base_interfaces_demo/action\n'}
[4.787467] (base_interfaces_demo) StdoutLine: {'line': b'-- Up-to-date: /home/cjs/VL53L8CX/VL53L8CX_ws/install/base_interfaces_demo/include/base_interfaces_demo/action/detail\n'}
[4.787630] (base_interfaces_demo) StdoutLine: {'line': b'-- Up-to-date: /home/cjs/VL53L8CX/VL53L8CX_ws/install/base_interfaces_demo/include/base_interfaces_demo/action/detail/nav__rosidl_typesupport_introspection_cpp.hpp\n'}
[4.787801] (base_interfaces_demo) StdoutLine: {'line': b'-- Up-to-date: /home/cjs/VL53L8CX/VL53L8CX_ws/install/base_interfaces_demo/include/base_interfaces_demo/action/detail/reverse__type_support.cpp\n'}
[4.787961] (base_interfaces_demo) StdoutLine: {'line': b'-- Up-to-date: /home/cjs/VL53L8CX/VL53L8CX_ws/install/base_interfaces_demo/include/base_interfaces_demo/action/detail/reverse__rosidl_typesupport_introspection_cpp.hpp\n'}
[4.788122] (base_interfaces_demo) StdoutLine: {'line': b'-- Up-to-date: /home/cjs/VL53L8CX/VL53L8CX_ws/install/base_interfaces_demo/include/base_interfaces_demo/action/detail/pallet__type_support.cpp\n'}
[4.788279] (base_interfaces_demo) StdoutLine: {'line': b'-- Up-to-date: /home/cjs/VL53L8CX/VL53L8CX_ws/install/base_interfaces_demo/include/base_interfaces_demo/action/detail/pallet__rosidl_typesupport_introspection_cpp.hpp\n'}
[4.788439] (base_interfaces_demo) StdoutLine: {'line': b'-- Up-to-date: /home/cjs/VL53L8CX/VL53L8CX_ws/install/base_interfaces_demo/include/base_interfaces_demo/action/detail/nav__type_support.cpp\n'}
[4.788616] (base_interfaces_demo) StdoutLine: {'line': b'-- Up-to-date: /home/cjs/VL53L8CX/VL53L8CX_ws/install/base_interfaces_demo/include/base_interfaces_demo/srv\n'}
[4.788802] (base_interfaces_demo) StdoutLine: {'line': b'-- Up-to-date: /home/cjs/VL53L8CX/VL53L8CX_ws/install/base_interfaces_demo/include/base_interfaces_demo/srv/detail\n'}
[4.788972] (base_interfaces_demo) StdoutLine: {'line': b'-- Up-to-date: /home/cjs/VL53L8CX/VL53L8CX_ws/install/base_interfaces_demo/include/base_interfaces_demo/srv/detail/check_emergency__rosidl_typesupport_introspection_cpp.hpp\n'}
[4.789149] (base_interfaces_demo) StdoutLine: {'line': b'-- Up-to-date: /home/cjs/VL53L8CX/VL53L8CX_ws/install/base_interfaces_demo/include/base_interfaces_demo/srv/detail/rcs_server__rosidl_typesupport_introspection_cpp.hpp\n'}
[4.789322] (base_interfaces_demo) StdoutLine: {'line': b'-- Up-to-date: /home/cjs/VL53L8CX/VL53L8CX_ws/install/base_interfaces_demo/include/base_interfaces_demo/srv/detail/pub_code__rosidl_typesupport_introspection_cpp.hpp\n'}
[4.789475] (base_interfaces_demo) StdoutLine: {'line': b'-- Up-to-date: /home/cjs/VL53L8CX/VL53L8CX_ws/install/base_interfaces_demo/include/base_interfaces_demo/srv/detail/rcs_server__type_support.cpp\n'}
[4.789654] (base_interfaces_demo) StdoutLine: {'line': b'-- Up-to-date: /home/cjs/VL53L8CX/VL53L8CX_ws/install/base_interfaces_demo/include/base_interfaces_demo/srv/detail/check_emergency__type_support.cpp\n'}
[4.789816] (base_interfaces_demo) StdoutLine: {'line': b'-- Up-to-date: /home/cjs/VL53L8CX/VL53L8CX_ws/install/base_interfaces_demo/include/base_interfaces_demo/srv/detail/hall__rosidl_typesupport_introspection_cpp.hpp\n'}
[4.789974] (base_interfaces_demo) StdoutLine: {'line': b'-- Up-to-date: /home/cjs/VL53L8CX/VL53L8CX_ws/install/base_interfaces_demo/include/base_interfaces_demo/srv/detail/hall__type_support.cpp\n'}
[4.790128] (base_interfaces_demo) StdoutLine: {'line': b'-- Up-to-date: /home/cjs/VL53L8CX/VL53L8CX_ws/install/base_interfaces_demo/include/base_interfaces_demo/srv/detail/set_emergency__rosidl_typesupport_introspection_cpp.hpp\n'}
[4.790282] (base_interfaces_demo) StdoutLine: {'line': b'-- Up-to-date: /home/cjs/VL53L8CX/VL53L8CX_ws/install/base_interfaces_demo/include/base_interfaces_demo/srv/detail/pub_code__type_support.cpp\n'}
[4.790467] (base_interfaces_demo) StdoutLine: {'line': b'-- Up-to-date: /home/cjs/VL53L8CX/VL53L8CX_ws/install/base_interfaces_demo/include/base_interfaces_demo/srv/detail/set_emergency__type_support.cpp\n'}
[4.790829] (base_interfaces_demo) StdoutLine: {'line': b'-- Up-to-date: /home/cjs/VL53L8CX/VL53L8CX_ws/install/base_interfaces_demo/include/base_interfaces_demo/msg\n'}
[4.791012] (base_interfaces_demo) StdoutLine: {'line': b'-- Up-to-date: /home/cjs/VL53L8CX/VL53L8CX_ws/install/base_interfaces_demo/include/base_interfaces_demo/msg/detail\n'}
[4.791176] (base_interfaces_demo) StdoutLine: {'line': b'-- Up-to-date: /home/cjs/VL53L8CX/VL53L8CX_ws/install/base_interfaces_demo/include/base_interfaces_demo/msg/detail/lift_info__rosidl_typesupport_introspection_cpp.hpp\n'}
[4.791352] (base_interfaces_demo) StdoutLine: {'line': b'-- Up-to-date: /home/cjs/VL53L8CX/VL53L8CX_ws/install/base_interfaces_demo/include/base_interfaces_demo/msg/detail/ohom__rosidl_typesupport_introspection_cpp.hpp\n'}
[4.791507] (base_interfaces_demo) StdoutLine: {'line': b'-- Up-to-date: /home/cjs/VL53L8CX/VL53L8CX_ws/install/base_interfaces_demo/include/base_interfaces_demo/msg/detail/test__rosidl_typesupport_introspection_cpp.hpp\n'}
[4.791673] (base_interfaces_demo) StdoutLine: {'line': b'-- Up-to-date: /home/cjs/VL53L8CX/VL53L8CX_ws/install/base_interfaces_demo/include/base_interfaces_demo/msg/detail/health_node__rosidl_typesupport_introspection_cpp.hpp\n'}
[4.791855] (base_interfaces_demo) StdoutLine: {'line': b'-- Up-to-date: /home/cjs/VL53L8CX/VL53L8CX_ws/install/base_interfaces_demo/include/base_interfaces_demo/msg/detail/car_status__rosidl_typesupport_introspection_cpp.hpp\n'}
[4.792012] (base_interfaces_demo) StdoutLine: {'line': b'-- Up-to-date: /home/cjs/VL53L8CX/VL53L8CX_ws/install/base_interfaces_demo/include/base_interfaces_demo/msg/detail/motor_cmd__rosidl_typesupport_introspection_cpp.hpp\n'}
[4.792174] (base_interfaces_demo) StdoutLine: {'line': b'-- Up-to-date: /home/cjs/VL53L8CX/VL53L8CX_ws/install/base_interfaces_demo/include/base_interfaces_demo/msg/detail/location__type_support.cpp\n'}
[4.792326] (base_interfaces_demo) StdoutLine: {'line': b'-- Up-to-date: /home/cjs/VL53L8CX/VL53L8CX_ws/install/base_interfaces_demo/include/base_interfaces_demo/msg/detail/pub_code__rosidl_typesupport_introspection_cpp.hpp\n'}
[4.792486] (base_interfaces_demo) StdoutLine: {'line': b'-- Up-to-date: /home/cjs/VL53L8CX/VL53L8CX_ws/install/base_interfaces_demo/include/base_interfaces_demo/msg/detail/rcs_info__type_support.cpp\n'}
[4.792674] (base_interfaces_demo) StdoutLine: {'line': b'-- Up-to-date: /home/cjs/VL53L8CX/VL53L8CX_ws/install/base_interfaces_demo/include/base_interfaces_demo/msg/detail/health_node__type_support.cpp\n'}
[4.792841] (base_interfaces_demo) StdoutLine: {'line': b'-- Up-to-date: /home/cjs/VL53L8CX/VL53L8CX_ws/install/base_interfaces_demo/include/base_interfaces_demo/msg/detail/motion_control__type_support.cpp\n'}
[4.793018] (base_interfaces_demo) StdoutLine: {'line': b'-- Up-to-date: /home/cjs/VL53L8CX/VL53L8CX_ws/install/base_interfaces_demo/include/base_interfaces_demo/msg/detail/car_status__type_support.cpp\n'}
[4.793183] (base_interfaces_demo) StdoutLine: {'line': b'-- Up-to-date: /home/cjs/VL53L8CX/VL53L8CX_ws/install/base_interfaces_demo/include/base_interfaces_demo/msg/detail/seek_ret__type_support.cpp\n'}
[4.793353] (base_interfaces_demo) StdoutLine: {'line': b'-- Up-to-date: /home/cjs/VL53L8CX/VL53L8CX_ws/install/base_interfaces_demo/include/base_interfaces_demo/msg/detail/movecontrol_info__rosidl_typesupport_introspection_cpp.hpp\n'}
[4.793508] (base_interfaces_demo) StdoutLine: {'line': b'-- Up-to-date: /home/cjs/VL53L8CX/VL53L8CX_ws/install/base_interfaces_demo/include/base_interfaces_demo/msg/detail/motion_control__rosidl_typesupport_introspection_cpp.hpp\n'}
[4.793673] (base_interfaces_demo) StdoutLine: {'line': b'-- Up-to-date: /home/cjs/VL53L8CX/VL53L8CX_ws/install/base_interfaces_demo/include/base_interfaces_demo/msg/detail/manual__rosidl_typesupport_introspection_cpp.hpp\n'}
[4.793835] (base_interfaces_demo) StdoutLine: {'line': b'-- Up-to-date: /home/cjs/VL53L8CX/VL53L8CX_ws/install/base_interfaces_demo/include/base_interfaces_demo/msg/detail/charger_info__type_support.cpp\n'}
[4.793996] (base_interfaces_demo) StdoutLine: {'line': b'-- Up-to-date: /home/cjs/VL53L8CX/VL53L8CX_ws/install/base_interfaces_demo/include/base_interfaces_demo/msg/detail/color_info__rosidl_typesupport_introspection_cpp.hpp\n'}
[4.794155] (base_interfaces_demo) StdoutLine: {'line': b'-- Up-to-date: /home/cjs/VL53L8CX/VL53L8CX_ws/install/base_interfaces_demo/include/base_interfaces_demo/msg/detail/seek_cmd__rosidl_typesupport_introspection_cpp.hpp\n'}
[4.794314] (base_interfaces_demo) StdoutLine: {'line': b'-- Up-to-date: /home/cjs/VL53L8CX/VL53L8CX_ws/install/base_interfaces_demo/include/base_interfaces_demo/msg/detail/location__rosidl_typesupport_introspection_cpp.hpp\n'}
[4.794469] (base_interfaces_demo) StdoutLine: {'line': b'-- Up-to-date: /home/cjs/VL53L8CX/VL53L8CX_ws/install/base_interfaces_demo/include/base_interfaces_demo/msg/detail/bt_status__type_support.cpp\n'}
[4.794804] (base_interfaces_demo) StdoutLine: {'line': b'-- Up-to-date: /home/cjs/VL53L8CX/VL53L8CX_ws/install/base_interfaces_demo/include/base_interfaces_demo/msg/detail/manual_seek_label__type_support.cpp\n'}
[4.795014] (base_interfaces_demo) StdoutLine: {'line': b'-- Up-to-date: /home/cjs/VL53L8CX/VL53L8CX_ws/install/base_interfaces_demo/include/base_interfaces_demo/msg/detail/manual__type_support.cpp\n'}
[4.795175] (base_interfaces_demo) StdoutLine: {'line': b'-- Up-to-date: /home/cjs/VL53L8CX/VL53L8CX_ws/install/base_interfaces_demo/include/base_interfaces_demo/msg/detail/rcs_info__rosidl_typesupport_introspection_cpp.hpp\n'}
[4.795336] (base_interfaces_demo) StdoutLine: {'line': b'-- Up-to-date: /home/cjs/VL53L8CX/VL53L8CX_ws/install/base_interfaces_demo/include/base_interfaces_demo/msg/detail/bms_info__type_support.cpp\n'}
[4.795488] (base_interfaces_demo) StdoutLine: {'line': b'-- Up-to-date: /home/cjs/VL53L8CX/VL53L8CX_ws/install/base_interfaces_demo/include/base_interfaces_demo/msg/detail/system_status__type_support.cpp\n'}
[4.795645] (base_interfaces_demo) StdoutLine: {'line': b'-- Up-to-date: /home/cjs/VL53L8CX/VL53L8CX_ws/install/base_interfaces_demo/include/base_interfaces_demo/msg/detail/bt_status__rosidl_typesupport_introspection_cpp.hpp\n'}
[4.795812] (base_interfaces_demo) StdoutLine: {'line': b'-- Up-to-date: /home/cjs/VL53L8CX/VL53L8CX_ws/install/base_interfaces_demo/include/base_interfaces_demo/msg/detail/lift_info__type_support.cpp\n'}
[4.795981] (base_interfaces_demo) StdoutLine: {'line': b'-- Up-to-date: /home/cjs/VL53L8CX/VL53L8CX_ws/install/base_interfaces_demo/include/base_interfaces_demo/msg/detail/manual_seek_label__rosidl_typesupport_introspection_cpp.hpp\n'}
[4.796153] (base_interfaces_demo) StdoutLine: {'line': b'-- Up-to-date: /home/cjs/VL53L8CX/VL53L8CX_ws/install/base_interfaces_demo/include/base_interfaces_demo/msg/detail/lift_control__rosidl_typesupport_introspection_cpp.hpp\n'}
[4.796311] (base_interfaces_demo) StdoutLine: {'line': b'-- Up-to-date: /home/cjs/VL53L8CX/VL53L8CX_ws/install/base_interfaces_demo/include/base_interfaces_demo/msg/detail/charger_info__rosidl_typesupport_introspection_cpp.hpp\n'}
[4.796468] (base_interfaces_demo) StdoutLine: {'line': b'-- Up-to-date: /home/cjs/VL53L8CX/VL53L8CX_ws/install/base_interfaces_demo/include/base_interfaces_demo/msg/detail/obs_laser__rosidl_typesupport_introspection_cpp.hpp\n'}
[4.796667] (base_interfaces_demo) StdoutLine: {'line': b'-- Up-to-date: /home/cjs/VL53L8CX/VL53L8CX_ws/install/base_interfaces_demo/include/base_interfaces_demo/msg/detail/seek_cmd__type_support.cpp\n'}
[4.796828] (base_interfaces_demo) StdoutLine: {'line': b'-- Up-to-date: /home/cjs/VL53L8CX/VL53L8CX_ws/install/base_interfaces_demo/include/base_interfaces_demo/msg/detail/color_info__type_support.cpp\n'}
[4.796988] (base_interfaces_demo) StdoutLine: {'line': b'-- Up-to-date: /home/cjs/VL53L8CX/VL53L8CX_ws/install/base_interfaces_demo/include/base_interfaces_demo/msg/detail/pallet_info__rosidl_typesupport_introspection_cpp.hpp\n'}
[4.797141] (base_interfaces_demo) StdoutLine: {'line': b'-- Up-to-date: /home/cjs/VL53L8CX/VL53L8CX_ws/install/base_interfaces_demo/include/base_interfaces_demo/msg/detail/file_updata__rosidl_typesupport_introspection_cpp.hpp\n'}
[4.797297] (base_interfaces_demo) StdoutLine: {'line': b'-- Up-to-date: /home/cjs/VL53L8CX/VL53L8CX_ws/install/base_interfaces_demo/include/base_interfaces_demo/msg/detail/motor_cmd__type_support.cpp\n'}
[4.797457] (base_interfaces_demo) StdoutLine: {'line': b'-- Up-to-date: /home/cjs/VL53L8CX/VL53L8CX_ws/install/base_interfaces_demo/include/base_interfaces_demo/msg/detail/motor_status__type_support.cpp\n'}
[4.797616] (base_interfaces_demo) StdoutLine: {'line': b'-- Up-to-date: /home/cjs/VL53L8CX/VL53L8CX_ws/install/base_interfaces_demo/include/base_interfaces_demo/msg/detail/file_updata__type_support.cpp\n'}
[4.797774] (base_interfaces_demo) StdoutLine: {'line': b'-- Up-to-date: /home/cjs/VL53L8CX/VL53L8CX_ws/install/base_interfaces_demo/include/base_interfaces_demo/msg/detail/ohom__type_support.cpp\n'}
[4.797940] (base_interfaces_demo) StdoutLine: {'line': b'-- Up-to-date: /home/cjs/VL53L8CX/VL53L8CX_ws/install/base_interfaces_demo/include/base_interfaces_demo/msg/detail/pub_code__type_support.cpp\n'}
[4.798095] (base_interfaces_demo) StdoutLine: {'line': b'-- Up-to-date: /home/cjs/VL53L8CX/VL53L8CX_ws/install/base_interfaces_demo/include/base_interfaces_demo/msg/detail/lift_control__type_support.cpp\n'}
[4.798259] (base_interfaces_demo) StdoutLine: {'line': b'-- Up-to-date: /home/cjs/VL53L8CX/VL53L8CX_ws/install/base_interfaces_demo/include/base_interfaces_demo/msg/detail/bms_info__rosidl_typesupport_introspection_cpp.hpp\n'}
[4.798419] (base_interfaces_demo) StdoutLine: {'line': b'-- Up-to-date: /home/cjs/VL53L8CX/VL53L8CX_ws/install/base_interfaces_demo/include/base_interfaces_demo/msg/detail/seek_ret__rosidl_typesupport_introspection_cpp.hpp\n'}
[4.798587] (base_interfaces_demo) StdoutLine: {'line': b'-- Up-to-date: /home/cjs/VL53L8CX/VL53L8CX_ws/install/base_interfaces_demo/include/base_interfaces_demo/msg/detail/system_status__rosidl_typesupport_introspection_cpp.hpp\n'}
[4.798950] (base_interfaces_demo) StdoutLine: {'line': b'-- Up-to-date: /home/cjs/VL53L8CX/VL53L8CX_ws/install/base_interfaces_demo/include/base_interfaces_demo/msg/detail/hall_info__rosidl_typesupport_introspection_cpp.hpp\n'}
[4.799113] (base_interfaces_demo) StdoutLine: {'line': b'-- Up-to-date: /home/cjs/VL53L8CX/VL53L8CX_ws/install/base_interfaces_demo/include/base_interfaces_demo/msg/detail/movecontrol_info__type_support.cpp\n'}
[4.799279] (base_interfaces_demo) StdoutLine: {'line': b'-- Up-to-date: /home/cjs/VL53L8CX/VL53L8CX_ws/install/base_interfaces_demo/include/base_interfaces_demo/msg/detail/motor_status__rosidl_typesupport_introspection_cpp.hpp\n'}
[4.799441] (base_interfaces_demo) StdoutLine: {'line': b'-- Up-to-date: /home/cjs/VL53L8CX/VL53L8CX_ws/install/base_interfaces_demo/include/base_interfaces_demo/msg/detail/pallet_info__type_support.cpp\n'}
[4.799609] (base_interfaces_demo) StdoutLine: {'line': b'-- Up-to-date: /home/cjs/VL53L8CX/VL53L8CX_ws/install/base_interfaces_demo/include/base_interfaces_demo/msg/detail/test__type_support.cpp\n'}
[4.799772] (base_interfaces_demo) StdoutLine: {'line': b'-- Up-to-date: /home/cjs/VL53L8CX/VL53L8CX_ws/install/base_interfaces_demo/include/base_interfaces_demo/msg/detail/obs_laser__type_support.cpp\n'}
[4.799947] (base_interfaces_demo) StdoutLine: {'line': b'-- Up-to-date: /home/cjs/VL53L8CX/VL53L8CX_ws/install/base_interfaces_demo/include/base_interfaces_demo/msg/detail/hall_info__type_support.cpp\n'}
[4.800116] (base_interfaces_demo) StdoutLine: {'line': b'-- Up-to-date: /home/cjs/VL53L8CX/VL53L8CX_ws/install/base_interfaces_demo/lib/libbase_interfaces_demo__rosidl_typesupport_introspection_cpp.so\n'}
[4.800303] (base_interfaces_demo) StdoutLine: {'line': b'-- Up-to-date: /home/cjs/VL53L8CX/VL53L8CX_ws/install/base_interfaces_demo/lib/libbase_interfaces_demo__rosidl_typesupport_cpp.so\n'}
[4.800500] (base_interfaces_demo) StdoutLine: {'line': b'-- Up-to-date: /home/cjs/VL53L8CX/VL53L8CX_ws/install/base_interfaces_demo/share/base_interfaces_demo/environment/pythonpath.sh\n'}
[4.800710] (base_interfaces_demo) StdoutLine: {'line': b'-- Up-to-date: /home/cjs/VL53L8CX/VL53L8CX_ws/install/base_interfaces_demo/share/base_interfaces_demo/environment/pythonpath.dsv\n'}
[4.800902] (base_interfaces_demo) StdoutLine: {'line': b'-- Up-to-date: /home/cjs/VL53L8CX/VL53L8CX_ws/install/base_interfaces_demo/lib/python3.8/site-packages/base_interfaces_demo/__init__.py\n'}
[4.832423] (base_interfaces_demo) StdoutLine: {'line': b'-- Up-to-date: /home/cjs/VL53L8CX/VL53L8CX_ws/install/base_interfaces_demo/lib/python3.8/site-packages/base_interfaces_demo/action\n'}
[4.833068] (base_interfaces_demo) StdoutLine: {'line': b'-- Up-to-date: /home/cjs/VL53L8CX/VL53L8CX_ws/install/base_interfaces_demo/lib/python3.8/site-packages/base_interfaces_demo/action/_reverse_s.c\n'}
[4.833639] (base_interfaces_demo) StdoutLine: {'line': b'-- Up-to-date: /home/cjs/VL53L8CX/VL53L8CX_ws/install/base_interfaces_demo/lib/python3.8/site-packages/base_interfaces_demo/action/_nav_s.c\n'}
[4.834073] (base_interfaces_demo) StdoutLine: {'line': b'-- Up-to-date: /home/cjs/VL53L8CX/VL53L8CX_ws/install/base_interfaces_demo/lib/python3.8/site-packages/base_interfaces_demo/action/_reverse.py\n'}
[4.834246] (base_interfaces_demo) StdoutLine: {'line': b'-- Up-to-date: /home/cjs/VL53L8CX/VL53L8CX_ws/install/base_interfaces_demo/lib/python3.8/site-packages/base_interfaces_demo/action/_nav.py\n'}
[4.834558] (base_interfaces_demo) StdoutLine: {'line': b'-- Up-to-date: /home/cjs/VL53L8CX/VL53L8CX_ws/install/base_interfaces_demo/lib/python3.8/site-packages/base_interfaces_demo/action/_pallet.py\n'}
[4.834957] (base_interfaces_demo) StdoutLine: {'line': b'-- Up-to-date: /home/cjs/VL53L8CX/VL53L8CX_ws/install/base_interfaces_demo/lib/python3.8/site-packages/base_interfaces_demo/action/_pallet_s.c\n'}
[4.835414] (base_interfaces_demo) StdoutLine: {'line': b'-- Up-to-date: /home/cjs/VL53L8CX/VL53L8CX_ws/install/base_interfaces_demo/lib/python3.8/site-packages/base_interfaces_demo/action/__init__.py\n'}
[4.835837] (base_interfaces_demo) StdoutLine: {'line': b'-- Up-to-date: /home/cjs/VL53L8CX/VL53L8CX_ws/install/base_interfaces_demo/lib/python3.8/site-packages/base_interfaces_demo/msg\n'}
[4.836139] (base_interfaces_demo) StdoutLine: {'line': b'-- Up-to-date: /home/cjs/VL53L8CX/VL53L8CX_ws/install/base_interfaces_demo/lib/python3.8/site-packages/base_interfaces_demo/msg/_hall_info_s.c\n'}
[4.836387] (base_interfaces_demo) StdoutLine: {'line': b'-- Up-to-date: /home/cjs/VL53L8CX/VL53L8CX_ws/install/base_interfaces_demo/lib/python3.8/site-packages/base_interfaces_demo/msg/_health_node.py\n'}
[4.836798] (base_interfaces_demo) StdoutLine: {'line': b'-- Up-to-date: /home/cjs/VL53L8CX/VL53L8CX_ws/install/base_interfaces_demo/lib/python3.8/site-packages/base_interfaces_demo/msg/_car_status_s.c\n'}
[4.837114] (base_interfaces_demo) StdoutLine: {'line': b'-- Up-to-date: /home/cjs/VL53L8CX/VL53L8CX_ws/install/base_interfaces_demo/lib/python3.8/site-packages/base_interfaces_demo/msg/_health_node_s.c\n'}
[4.837503] (base_interfaces_demo) StdoutLine: {'line': b'-- Up-to-date: /home/cjs/VL53L8CX/VL53L8CX_ws/install/base_interfaces_demo/lib/python3.8/site-packages/base_interfaces_demo/msg/_color_info.py\n'}
[4.837818] (base_interfaces_demo) StdoutLine: {'line': b'-- Up-to-date: /home/cjs/VL53L8CX/VL53L8CX_ws/install/base_interfaces_demo/lib/python3.8/site-packages/base_interfaces_demo/msg/_lift_info_s.c\n'}
[4.838015] (base_interfaces_demo) StdoutLine: {'line': b'-- Up-to-date: /home/cjs/VL53L8CX/VL53L8CX_ws/install/base_interfaces_demo/lib/python3.8/site-packages/base_interfaces_demo/msg/_motor_status.py\n'}
[4.838405] (base_interfaces_demo) StdoutLine: {'line': b'-- Up-to-date: /home/cjs/VL53L8CX/VL53L8CX_ws/install/base_interfaces_demo/lib/python3.8/site-packages/base_interfaces_demo/msg/_pallet_info.py\n'}
[4.838679] (base_interfaces_demo) StdoutLine: {'line': b'-- Up-to-date: /home/cjs/VL53L8CX/VL53L8CX_ws/install/base_interfaces_demo/lib/python3.8/site-packages/base_interfaces_demo/msg/_obs_laser.py\n'}
[4.838960] (base_interfaces_demo) StdoutLine: {'line': b'-- Up-to-date: /home/cjs/VL53L8CX/VL53L8CX_ws/install/base_interfaces_demo/lib/python3.8/site-packages/base_interfaces_demo/msg/_movecontrol_info.py\n'}
[4.839539] (base_interfaces_demo) StdoutLine: {'line': b'-- Up-to-date: /home/cjs/VL53L8CX/VL53L8CX_ws/install/base_interfaces_demo/lib/python3.8/site-packages/base_interfaces_demo/msg/_seek_ret_s.c\n'}
[4.839852] (base_interfaces_demo) StdoutLine: {'line': b'-- Up-to-date: /home/cjs/VL53L8CX/VL53L8CX_ws/install/base_interfaces_demo/lib/python3.8/site-packages/base_interfaces_demo/msg/_seek_cmd_s.c\n'}
[4.840009] (base_interfaces_demo) StdoutLine: {'line': b'-- Up-to-date: /home/cjs/VL53L8CX/VL53L8CX_ws/install/base_interfaces_demo/lib/python3.8/site-packages/base_interfaces_demo/msg/_file_updata_s.c\n'}
[4.840166] (base_interfaces_demo) StdoutLine: {'line': b'-- Up-to-date: /home/cjs/VL53L8CX/VL53L8CX_ws/install/base_interfaces_demo/lib/python3.8/site-packages/base_interfaces_demo/msg/_manual_seek_label.py\n'}
[4.840321] (base_interfaces_demo) StdoutLine: {'line': b'-- Up-to-date: /home/cjs/VL53L8CX/VL53L8CX_ws/install/base_interfaces_demo/lib/python3.8/site-packages/base_interfaces_demo/msg/_motor_cmd_s.c\n'}
[4.840474] (base_interfaces_demo) StdoutLine: {'line': b'-- Up-to-date: /home/cjs/VL53L8CX/VL53L8CX_ws/install/base_interfaces_demo/lib/python3.8/site-packages/base_interfaces_demo/msg/_ohom.py\n'}
[4.840639] (base_interfaces_demo) StdoutLine: {'line': b'-- Up-to-date: /home/cjs/VL53L8CX/VL53L8CX_ws/install/base_interfaces_demo/lib/python3.8/site-packages/base_interfaces_demo/msg/_obs_laser_s.c\n'}
[4.840796] (base_interfaces_demo) StdoutLine: {'line': b'-- Up-to-date: /home/cjs/VL53L8CX/VL53L8CX_ws/install/base_interfaces_demo/lib/python3.8/site-packages/base_interfaces_demo/msg/_charger_info_s.c\n'}
[4.840943] (base_interfaces_demo) StdoutLine: {'line': b'-- Up-to-date: /home/cjs/VL53L8CX/VL53L8CX_ws/install/base_interfaces_demo/lib/python3.8/site-packages/base_interfaces_demo/msg/_pub_code_s.c\n'}
[4.841119] (base_interfaces_demo) StdoutLine: {'line': b'-- Up-to-date: /home/cjs/VL53L8CX/VL53L8CX_ws/install/base_interfaces_demo/lib/python3.8/site-packages/base_interfaces_demo/msg/_seek_cmd.py\n'}
[4.841281] (base_interfaces_demo) StdoutLine: {'line': b'-- Up-to-date: /home/cjs/VL53L8CX/VL53L8CX_ws/install/base_interfaces_demo/lib/python3.8/site-packages/base_interfaces_demo/msg/_system_status.py\n'}
[4.841439] (base_interfaces_demo) StdoutLine: {'line': b'-- Up-to-date: /home/cjs/VL53L8CX/VL53L8CX_ws/install/base_interfaces_demo/lib/python3.8/site-packages/base_interfaces_demo/msg/_manual.py\n'}
[4.841591] (base_interfaces_demo) StdoutLine: {'line': b'-- Up-to-date: /home/cjs/VL53L8CX/VL53L8CX_ws/install/base_interfaces_demo/lib/python3.8/site-packages/base_interfaces_demo/msg/_movecontrol_info_s.c\n'}
[4.841923] (base_interfaces_demo) StdoutLine: {'line': b'-- Up-to-date: /home/cjs/VL53L8CX/VL53L8CX_ws/install/base_interfaces_demo/lib/python3.8/site-packages/base_interfaces_demo/msg/_pub_code.py\n'}
[4.842391] (base_interfaces_demo) StdoutLine: {'line': b'-- Up-to-date: /home/cjs/VL53L8CX/VL53L8CX_ws/install/base_interfaces_demo/lib/python3.8/site-packages/base_interfaces_demo/msg/_charger_info.py\n'}
[4.843072] (base_interfaces_demo) StdoutLine: {'line': b'-- Up-to-date: /home/cjs/VL53L8CX/VL53L8CX_ws/install/base_interfaces_demo/lib/python3.8/site-packages/base_interfaces_demo/msg/_lift_control_s.c\n'}
[4.844083] (base_interfaces_demo) StdoutLine: {'line': b'-- Up-to-date: /home/cjs/VL53L8CX/VL53L8CX_ws/install/base_interfaces_demo/lib/python3.8/site-packages/base_interfaces_demo/msg/_manual_s.c\n'}
[4.844221] (base_interfaces_demo) StdoutLine: {'line': b'-- Up-to-date: /home/cjs/VL53L8CX/VL53L8CX_ws/install/base_interfaces_demo/lib/python3.8/site-packages/base_interfaces_demo/msg/_bt_status.py\n'}
[4.844920] (base_interfaces_demo) StdoutLine: {'line': b'-- Up-to-date: /home/cjs/VL53L8CX/VL53L8CX_ws/install/base_interfaces_demo/lib/python3.8/site-packages/base_interfaces_demo/msg/_motion_control_s.c\n'}
[4.845344] (base_interfaces_demo) StdoutLine: {'line': b'-- Up-to-date: /home/cjs/VL53L8CX/VL53L8CX_ws/install/base_interfaces_demo/lib/python3.8/site-packages/base_interfaces_demo/msg/_manual_seek_label_s.c\n'}
[4.845470] (base_interfaces_demo) StdoutLine: {'line': b'-- Up-to-date: /home/cjs/VL53L8CX/VL53L8CX_ws/install/base_interfaces_demo/lib/python3.8/site-packages/base_interfaces_demo/msg/_hall_info.py\n'}
[4.845709] (base_interfaces_demo) StdoutLine: {'line': b'-- Up-to-date: /home/cjs/VL53L8CX/VL53L8CX_ws/install/base_interfaces_demo/lib/python3.8/site-packages/base_interfaces_demo/msg/_location_s.c\n'}
[4.846169] (base_interfaces_demo) StdoutLine: {'line': b'-- Up-to-date: /home/cjs/VL53L8CX/VL53L8CX_ws/install/base_interfaces_demo/lib/python3.8/site-packages/base_interfaces_demo/msg/_seek_ret.py\n'}
[4.846290] (base_interfaces_demo) StdoutLine: {'line': b'-- Up-to-date: /home/cjs/VL53L8CX/VL53L8CX_ws/install/base_interfaces_demo/lib/python3.8/site-packages/base_interfaces_demo/msg/_ohom_s.c\n'}
[4.846409] (base_interfaces_demo) StdoutLine: {'line': b'-- Up-to-date: /home/cjs/VL53L8CX/VL53L8CX_ws/install/base_interfaces_demo/lib/python3.8/site-packages/base_interfaces_demo/msg/_car_status.py\n'}
[4.846527] (base_interfaces_demo) StdoutLine: {'line': b'-- Up-to-date: /home/cjs/VL53L8CX/VL53L8CX_ws/install/base_interfaces_demo/lib/python3.8/site-packages/base_interfaces_demo/msg/_lift_control.py\n'}
[4.846644] (base_interfaces_demo) StdoutLine: {'line': b'-- Up-to-date: /home/cjs/VL53L8CX/VL53L8CX_ws/install/base_interfaces_demo/lib/python3.8/site-packages/base_interfaces_demo/msg/_bt_status_s.c\n'}
[4.846762] (base_interfaces_demo) StdoutLine: {'line': b'-- Up-to-date: /home/cjs/VL53L8CX/VL53L8CX_ws/install/base_interfaces_demo/lib/python3.8/site-packages/base_interfaces_demo/msg/_motion_control.py\n'}
[4.846880] (base_interfaces_demo) StdoutLine: {'line': b'-- Up-to-date: /home/cjs/VL53L8CX/VL53L8CX_ws/install/base_interfaces_demo/lib/python3.8/site-packages/base_interfaces_demo/msg/_test.py\n'}
[4.846996] (base_interfaces_demo) StdoutLine: {'line': b'-- Up-to-date: /home/cjs/VL53L8CX/VL53L8CX_ws/install/base_interfaces_demo/lib/python3.8/site-packages/base_interfaces_demo/msg/_rcs_info_s.c\n'}
[4.847283] (base_interfaces_demo) StdoutLine: {'line': b'-- Up-to-date: /home/cjs/VL53L8CX/VL53L8CX_ws/install/base_interfaces_demo/lib/python3.8/site-packages/base_interfaces_demo/msg/_system_status_s.c\n'}
[4.847419] (base_interfaces_demo) StdoutLine: {'line': b'-- Up-to-date: /home/cjs/VL53L8CX/VL53L8CX_ws/install/base_interfaces_demo/lib/python3.8/site-packages/base_interfaces_demo/msg/_location.py\n'}
[4.847540] (base_interfaces_demo) StdoutLine: {'line': b'-- Up-to-date: /home/cjs/VL53L8CX/VL53L8CX_ws/install/base_interfaces_demo/lib/python3.8/site-packages/base_interfaces_demo/msg/_motor_cmd.py\n'}
[4.847669] (base_interfaces_demo) StdoutLine: {'line': b'-- Up-to-date: /home/cjs/VL53L8CX/VL53L8CX_ws/install/base_interfaces_demo/lib/python3.8/site-packages/base_interfaces_demo/msg/_color_info_s.c\n'}
[4.847789] (base_interfaces_demo) StdoutLine: {'line': b'-- Up-to-date: /home/cjs/VL53L8CX/VL53L8CX_ws/install/base_interfaces_demo/lib/python3.8/site-packages/base_interfaces_demo/msg/_motor_status_s.c\n'}
[4.847913] (base_interfaces_demo) StdoutLine: {'line': b'-- Up-to-date: /home/cjs/VL53L8CX/VL53L8CX_ws/install/base_interfaces_demo/lib/python3.8/site-packages/base_interfaces_demo/msg/_rcs_info.py\n'}
[4.848050] (base_interfaces_demo) StdoutLine: {'line': b'-- Up-to-date: /home/cjs/VL53L8CX/VL53L8CX_ws/install/base_interfaces_demo/lib/python3.8/site-packages/base_interfaces_demo/msg/_file_updata.py\n'}
[4.848178] (base_interfaces_demo) StdoutLine: {'line': b'-- Up-to-date: /home/cjs/VL53L8CX/VL53L8CX_ws/install/base_interfaces_demo/lib/python3.8/site-packages/base_interfaces_demo/msg/_lift_info.py\n'}
[4.848324] (base_interfaces_demo) StdoutLine: {'line': b'-- Up-to-date: /home/cjs/VL53L8CX/VL53L8CX_ws/install/base_interfaces_demo/lib/python3.8/site-packages/base_interfaces_demo/msg/_bms_info_s.c\n'}
[4.848443] (base_interfaces_demo) StdoutLine: {'line': b'-- Up-to-date: /home/cjs/VL53L8CX/VL53L8CX_ws/install/base_interfaces_demo/lib/python3.8/site-packages/base_interfaces_demo/msg/_pallet_info_s.c\n'}
[4.848563] (base_interfaces_demo) StdoutLine: {'line': b'-- Up-to-date: /home/cjs/VL53L8CX/VL53L8CX_ws/install/base_interfaces_demo/lib/python3.8/site-packages/base_interfaces_demo/msg/__init__.py\n'}
[4.848684] (base_interfaces_demo) StdoutLine: {'line': b'-- Up-to-date: /home/cjs/VL53L8CX/VL53L8CX_ws/install/base_interfaces_demo/lib/python3.8/site-packages/base_interfaces_demo/msg/_bms_info.py\n'}
[4.848804] (base_interfaces_demo) StdoutLine: {'line': b'-- Up-to-date: /home/cjs/VL53L8CX/VL53L8CX_ws/install/base_interfaces_demo/lib/python3.8/site-packages/base_interfaces_demo/msg/_test_s.c\n'}
[4.848924] (base_interfaces_demo) StdoutLine: {'line': b'-- Up-to-date: /home/cjs/VL53L8CX/VL53L8CX_ws/install/base_interfaces_demo/lib/python3.8/site-packages/base_interfaces_demo/srv\n'}
[4.849072] (base_interfaces_demo) StdoutLine: {'line': b'-- Up-to-date: /home/cjs/VL53L8CX/VL53L8CX_ws/install/base_interfaces_demo/lib/python3.8/site-packages/base_interfaces_demo/srv/_hall.py\n'}
[4.849214] (base_interfaces_demo) StdoutLine: {'line': b'-- Up-to-date: /home/cjs/VL53L8CX/VL53L8CX_ws/install/base_interfaces_demo/lib/python3.8/site-packages/base_interfaces_demo/srv/_hall_s.c\n'}
[4.849334] (base_interfaces_demo) StdoutLine: {'line': b'-- Up-to-date: /home/cjs/VL53L8CX/VL53L8CX_ws/install/base_interfaces_demo/lib/python3.8/site-packages/base_interfaces_demo/srv/_check_emergency.py\n'}
[4.849453] (base_interfaces_demo) StdoutLine: {'line': b'-- Up-to-date: /home/cjs/VL53L8CX/VL53L8CX_ws/install/base_interfaces_demo/lib/python3.8/site-packages/base_interfaces_demo/srv/_set_emergency_s.c\n'}
[4.849573] (base_interfaces_demo) StdoutLine: {'line': b'-- Up-to-date: /home/cjs/VL53L8CX/VL53L8CX_ws/install/base_interfaces_demo/lib/python3.8/site-packages/base_interfaces_demo/srv/_rcs_server_s.c\n'}
[4.849717] (base_interfaces_demo) StdoutLine: {'line': b'-- Up-to-date: /home/cjs/VL53L8CX/VL53L8CX_ws/install/base_interfaces_demo/lib/python3.8/site-packages/base_interfaces_demo/srv/_pub_code_s.c\n'}
[4.849845] (base_interfaces_demo) StdoutLine: {'line': b'-- Up-to-date: /home/cjs/VL53L8CX/VL53L8CX_ws/install/base_interfaces_demo/lib/python3.8/site-packages/base_interfaces_demo/srv/_set_emergency.py\n'}
[4.849978] (base_interfaces_demo) StdoutLine: {'line': b'-- Up-to-date: /home/cjs/VL53L8CX/VL53L8CX_ws/install/base_interfaces_demo/lib/python3.8/site-packages/base_interfaces_demo/srv/_check_emergency_s.c\n'}
[4.850123] (base_interfaces_demo) StdoutLine: {'line': b'-- Up-to-date: /home/cjs/VL53L8CX/VL53L8CX_ws/install/base_interfaces_demo/lib/python3.8/site-packages/base_interfaces_demo/srv/_rcs_server.py\n'}
[4.850259] (base_interfaces_demo) StdoutLine: {'line': b'-- Up-to-date: /home/cjs/VL53L8CX/VL53L8CX_ws/install/base_interfaces_demo/lib/python3.8/site-packages/base_interfaces_demo/srv/_pub_code.py\n'}
[4.850383] (base_interfaces_demo) StdoutLine: {'line': b'-- Up-to-date: /home/cjs/VL53L8CX/VL53L8CX_ws/install/base_interfaces_demo/lib/python3.8/site-packages/base_interfaces_demo/srv/__init__.py\n'}
[4.854066] (base_interfaces_demo) StdoutLine: {'line': b'-- Up-to-date: /home/cjs/VL53L8CX/VL53L8CX_ws/install/base_interfaces_demo/lib/python3.8/site-packages/base_interfaces_demo/base_interfaces_demo_s__rosidl_typesupport_fastrtps_c.cpython-38-x86_64-linux-gnu.so\n'}
[4.857469] (base_interfaces_demo) StdoutLine: {'line': b'-- Up-to-date: /home/cjs/VL53L8CX/VL53L8CX_ws/install/base_interfaces_demo/lib/python3.8/site-packages/base_interfaces_demo/base_interfaces_demo_s__rosidl_typesupport_introspection_c.cpython-38-x86_64-linux-gnu.so\n'}
[4.860911] (base_interfaces_demo) StdoutLine: {'line': b'-- Up-to-date: /home/cjs/VL53L8CX/VL53L8CX_ws/install/base_interfaces_demo/lib/python3.8/site-packages/base_interfaces_demo/base_interfaces_demo_s__rosidl_typesupport_c.cpython-38-x86_64-linux-gnu.so\n'}
[4.861218] (-) TimerEvent: {}
[4.863289] (base_interfaces_demo) StdoutLine: {'line': b'-- Up-to-date: /home/cjs/VL53L8CX/VL53L8CX_ws/install/base_interfaces_demo/lib/libbase_interfaces_demo__python.so\n'}
[4.866333] (base_interfaces_demo) StdoutLine: {'line': b'-- Up-to-date: /home/cjs/VL53L8CX/VL53L8CX_ws/install/base_interfaces_demo/share/base_interfaces_demo/action/Nav.idl\n'}
[4.866594] (base_interfaces_demo) StdoutLine: {'line': b'-- Up-to-date: /home/cjs/VL53L8CX/VL53L8CX_ws/install/base_interfaces_demo/share/base_interfaces_demo/msg/Ohom.idl\n'}
[4.866937] (base_interfaces_demo) StdoutLine: {'line': b'-- Up-to-date: /home/cjs/VL53L8CX/VL53L8CX_ws/install/base_interfaces_demo/share/base_interfaces_demo/msg/HallInfo.idl\n'}
[4.868432] (base_interfaces_demo) StdoutLine: {'line': b'-- Up-to-date: /home/cjs/VL53L8CX/VL53L8CX_ws/install/base_interfaces_demo/share/base_interfaces_demo/msg/Location.idl\n'}
[4.868689] (base_interfaces_demo) StdoutLine: {'line': b'-- Up-to-date: /home/cjs/VL53L8CX/VL53L8CX_ws/install/base_interfaces_demo/share/base_interfaces_demo/msg/MotorCmd.idl\n'}
[4.869752] (base_interfaces_demo) StdoutLine: {'line': b'-- Up-to-date: /home/cjs/VL53L8CX/VL53L8CX_ws/install/base_interfaces_demo/share/base_interfaces_demo/msg/MotorStatus.idl\n'}
[4.871978] (base_interfaces_demo) StdoutLine: {'line': b'-- Up-to-date: /home/cjs/VL53L8CX/VL53L8CX_ws/install/base_interfaces_demo/share/base_interfaces_demo/msg/Manual.idl\n'}
[4.872375] (base_interfaces_demo) StdoutLine: {'line': b'-- Up-to-date: /home/cjs/VL53L8CX/VL53L8CX_ws/install/base_interfaces_demo/share/base_interfaces_demo/msg/Test.idl\n'}
[4.878261] (base_interfaces_demo) StdoutLine: {'line': b'-- Up-to-date: /home/cjs/VL53L8CX/VL53L8CX_ws/install/base_interfaces_demo/share/base_interfaces_demo/srv/Hall.idl\n'}
[4.878518] (base_interfaces_demo) StdoutLine: {'line': b'-- Up-to-date: /home/cjs/VL53L8CX/VL53L8CX_ws/install/base_interfaces_demo/share/base_interfaces_demo/msg/BmsInfo.idl\n'}
[4.878701] (base_interfaces_demo) StdoutLine: {'line': b'-- Up-to-date: /home/cjs/VL53L8CX/VL53L8CX_ws/install/base_interfaces_demo/share/base_interfaces_demo/msg/ChargerInfo.idl\n'}
[4.878865] (base_interfaces_demo) StdoutLine: {'line': b'-- Up-to-date: /home/cjs/VL53L8CX/VL53L8CX_ws/install/base_interfaces_demo/share/base_interfaces_demo/msg/ManualSeekLabel.idl\n'}
[4.879036] (base_interfaces_demo) StdoutLine: {'line': b'-- Up-to-date: /home/cjs/VL53L8CX/VL53L8CX_ws/install/base_interfaces_demo/share/base_interfaces_demo/msg/SeekCmd.idl\n'}
[4.879395] (base_interfaces_demo) StdoutLine: {'line': b'-- Up-to-date: /home/cjs/VL53L8CX/VL53L8CX_ws/install/base_interfaces_demo/share/base_interfaces_demo/msg/SeekRet.idl\n'}
[4.879703] (base_interfaces_demo) StdoutLine: {'line': b'-- Up-to-date: /home/cjs/VL53L8CX/VL53L8CX_ws/install/base_interfaces_demo/share/base_interfaces_demo/msg/SystemStatus.idl\n'}
[4.879962] (base_interfaces_demo) StdoutLine: {'line': b'-- Up-to-date: /home/cjs/VL53L8CX/VL53L8CX_ws/install/base_interfaces_demo/share/base_interfaces_demo/action/Reverse.idl\n'}
[4.880137] (base_interfaces_demo) StdoutLine: {'line': b'-- Up-to-date: /home/cjs/VL53L8CX/VL53L8CX_ws/install/base_interfaces_demo/share/base_interfaces_demo/msg/LiftInfo.idl\n'}
[4.880359] (base_interfaces_demo) StdoutLine: {'line': b'-- Up-to-date: /home/cjs/VL53L8CX/VL53L8CX_ws/install/base_interfaces_demo/share/base_interfaces_demo/msg/ColorInfo.idl\n'}
[4.880557] (base_interfaces_demo) StdoutLine: {'line': b'-- Up-to-date: /home/cjs/VL53L8CX/VL53L8CX_ws/install/base_interfaces_demo/share/base_interfaces_demo/msg/FileUpdata.idl\n'}
[4.880763] (base_interfaces_demo) StdoutLine: {'line': b'-- Up-to-date: /home/cjs/VL53L8CX/VL53L8CX_ws/install/base_interfaces_demo/share/base_interfaces_demo/msg/ObsLaser.idl\n'}
[4.884784] (base_interfaces_demo) StdoutLine: {'line': b'-- Up-to-date: /home/cjs/VL53L8CX/VL53L8CX_ws/install/base_interfaces_demo/share/base_interfaces_demo/msg/PalletInfo.idl\n'}
[4.886081] (base_interfaces_demo) StdoutLine: {'line': b'-- Up-to-date: /home/cjs/VL53L8CX/VL53L8CX_ws/install/base_interfaces_demo/share/base_interfaces_demo/msg/MovecontrolInfo.idl\n'}
[4.886404] (base_interfaces_demo) StdoutLine: {'line': b'-- Up-to-date: /home/cjs/VL53L8CX/VL53L8CX_ws/install/base_interfaces_demo/share/base_interfaces_demo/msg/MotionControl.idl\n'}
[4.886626] (base_interfaces_demo) StdoutLine: {'line': b'-- Up-to-date: /home/cjs/VL53L8CX/VL53L8CX_ws/install/base_interfaces_demo/share/base_interfaces_demo/msg/RcsInfo.idl\n'}
[4.886853] (base_interfaces_demo) StdoutLine: {'line': b'-- Up-to-date: /home/cjs/VL53L8CX/VL53L8CX_ws/install/base_interfaces_demo/share/base_interfaces_demo/msg/LiftControl.idl\n'}
[4.891652] (base_interfaces_demo) StdoutLine: {'line': b'-- Up-to-date: /home/cjs/VL53L8CX/VL53L8CX_ws/install/base_interfaces_demo/share/base_interfaces_demo/msg/BtStatus.idl\n'}
[4.893205] (base_interfaces_demo) StdoutLine: {'line': b'-- Up-to-date: /home/cjs/VL53L8CX/VL53L8CX_ws/install/base_interfaces_demo/share/base_interfaces_demo/msg/CarStatus.idl\n'}
[4.893588] (base_interfaces_demo) StdoutLine: {'line': b'-- Up-to-date: /home/cjs/VL53L8CX/VL53L8CX_ws/install/base_interfaces_demo/share/base_interfaces_demo/msg/HealthNode.idl\n'}
[4.894092] (base_interfaces_demo) StdoutLine: {'line': b'-- Up-to-date: /home/cjs/VL53L8CX/VL53L8CX_ws/install/base_interfaces_demo/share/base_interfaces_demo/action/Pallet.idl\n'}
[4.894696] (base_interfaces_demo) StdoutLine: {'line': b'-- Up-to-date: /home/cjs/VL53L8CX/VL53L8CX_ws/install/base_interfaces_demo/share/base_interfaces_demo/srv/CheckEmergency.idl\n'}
[4.894943] (base_interfaces_demo) StdoutLine: {'line': b'-- Up-to-date: /home/cjs/VL53L8CX/VL53L8CX_ws/install/base_interfaces_demo/share/base_interfaces_demo/srv/SetEmergency.idl\n'}
[4.895577] (base_interfaces_demo) StdoutLine: {'line': b'-- Up-to-date: /home/cjs/VL53L8CX/VL53L8CX_ws/install/base_interfaces_demo/share/base_interfaces_demo/srv/RcsServer.idl\n'}
[4.899629] (base_interfaces_demo) StdoutLine: {'line': b'-- Up-to-date: /home/cjs/VL53L8CX/VL53L8CX_ws/install/base_interfaces_demo/share/base_interfaces_demo/action/Nav.action\n'}
[4.900092] (base_interfaces_demo) StdoutLine: {'line': b'-- Up-to-date: /home/cjs/VL53L8CX/VL53L8CX_ws/install/base_interfaces_demo/share/base_interfaces_demo/msg/Ohom.msg\n'}
[4.900741] (base_interfaces_demo) StdoutLine: {'line': b'-- Up-to-date: /home/cjs/VL53L8CX/VL53L8CX_ws/install/base_interfaces_demo/share/base_interfaces_demo/msg/HallInfo.msg\n'}
[4.901242] (base_interfaces_demo) StdoutLine: {'line': b'-- Up-to-date: /home/cjs/VL53L8CX/VL53L8CX_ws/install/base_interfaces_demo/share/base_interfaces_demo/msg/Location.msg\n'}
[4.901452] (base_interfaces_demo) StdoutLine: {'line': b'-- Up-to-date: /home/cjs/VL53L8CX/VL53L8CX_ws/install/base_interfaces_demo/share/base_interfaces_demo/msg/MotorCmd.msg\n'}
[4.901963] (base_interfaces_demo) StdoutLine: {'line': b'-- Up-to-date: /home/cjs/VL53L8CX/VL53L8CX_ws/install/base_interfaces_demo/share/base_interfaces_demo/msg/MotorStatus.msg\n'}
[4.902404] (base_interfaces_demo) StdoutLine: {'line': b'-- Up-to-date: /home/cjs/VL53L8CX/VL53L8CX_ws/install/base_interfaces_demo/share/base_interfaces_demo/msg/Manual.msg\n'}
[4.902696] (base_interfaces_demo) StdoutLine: {'line': b'-- Up-to-date: /home/cjs/VL53L8CX/VL53L8CX_ws/install/base_interfaces_demo/share/base_interfaces_demo/msg/Test.msg\n'}
[4.903399] (base_interfaces_demo) StdoutLine: {'line': b'-- Up-to-date: /home/cjs/VL53L8CX/VL53L8CX_ws/install/base_interfaces_demo/share/base_interfaces_demo/srv/Hall.srv\n'}
[4.903595] (base_interfaces_demo) StdoutLine: {'line': b'-- Up-to-date: /home/cjs/VL53L8CX/VL53L8CX_ws/install/base_interfaces_demo/share/base_interfaces_demo/srv/Hall_Request.msg\n'}
[4.903788] (base_interfaces_demo) StdoutLine: {'line': b'-- Up-to-date: /home/cjs/VL53L8CX/VL53L8CX_ws/install/base_interfaces_demo/share/base_interfaces_demo/srv/Hall_Response.msg\n'}
[4.907372] (base_interfaces_demo) StdoutLine: {'line': b'-- Up-to-date: /home/cjs/VL53L8CX/VL53L8CX_ws/install/base_interfaces_demo/share/base_interfaces_demo/msg/BmsInfo.msg\n'}
[4.907554] (base_interfaces_demo) StdoutLine: {'line': b'-- Up-to-date: /home/cjs/VL53L8CX/VL53L8CX_ws/install/base_interfaces_demo/share/base_interfaces_demo/msg/ChargerInfo.msg\n'}
[4.907712] (base_interfaces_demo) StdoutLine: {'line': b'-- Up-to-date: /home/cjs/VL53L8CX/VL53L8CX_ws/install/base_interfaces_demo/share/base_interfaces_demo/msg/ManualSeekLabel.msg\n'}
[4.907875] (base_interfaces_demo) StdoutLine: {'line': b'-- Up-to-date: /home/cjs/VL53L8CX/VL53L8CX_ws/install/base_interfaces_demo/share/base_interfaces_demo/msg/SeekCmd.msg\n'}
[4.908027] (base_interfaces_demo) StdoutLine: {'line': b'-- Up-to-date: /home/cjs/VL53L8CX/VL53L8CX_ws/install/base_interfaces_demo/share/base_interfaces_demo/msg/SeekRet.msg\n'}
[4.908317] (base_interfaces_demo) StdoutLine: {'line': b'-- Up-to-date: /home/cjs/VL53L8CX/VL53L8CX_ws/install/base_interfaces_demo/share/base_interfaces_demo/msg/SystemStatus.msg\n'}
[4.908470] (base_interfaces_demo) StdoutLine: {'line': b'-- Up-to-date: /home/cjs/VL53L8CX/VL53L8CX_ws/install/base_interfaces_demo/share/base_interfaces_demo/action/Reverse.action\n'}
[4.908627] (base_interfaces_demo) StdoutLine: {'line': b'-- Up-to-date: /home/cjs/VL53L8CX/VL53L8CX_ws/install/base_interfaces_demo/share/base_interfaces_demo/msg/LiftInfo.msg\n'}
[4.908776] (base_interfaces_demo) StdoutLine: {'line': b'-- Up-to-date: /home/cjs/VL53L8CX/VL53L8CX_ws/install/base_interfaces_demo/share/base_interfaces_demo/msg/ColorInfo.msg\n'}
[4.908928] (base_interfaces_demo) StdoutLine: {'line': b'-- Up-to-date: /home/cjs/VL53L8CX/VL53L8CX_ws/install/base_interfaces_demo/share/base_interfaces_demo/msg/FileUpdata.msg\n'}
[4.909083] (base_interfaces_demo) StdoutLine: {'line': b'-- Up-to-date: /home/cjs/VL53L8CX/VL53L8CX_ws/install/base_interfaces_demo/share/base_interfaces_demo/msg/ObsLaser.msg\n'}
[4.909248] (base_interfaces_demo) StdoutLine: {'line': b'-- Up-to-date: /home/cjs/VL53L8CX/VL53L8CX_ws/install/base_interfaces_demo/share/base_interfaces_demo/msg/PalletInfo.msg\n'}
[4.909403] (base_interfaces_demo) StdoutLine: {'line': b'-- Up-to-date: /home/cjs/VL53L8CX/VL53L8CX_ws/install/base_interfaces_demo/share/base_interfaces_demo/msg/MovecontrolInfo.msg\n'}
[4.911896] (base_interfaces_demo) StdoutLine: {'line': b'-- Up-to-date: /home/cjs/VL53L8CX/VL53L8CX_ws/install/base_interfaces_demo/share/base_interfaces_demo/msg/MotionControl.msg\n'}
[4.912330] (base_interfaces_demo) StdoutLine: {'line': b'-- Up-to-date: /home/cjs/VL53L8CX/VL53L8CX_ws/install/base_interfaces_demo/share/base_interfaces_demo/msg/RcsInfo.msg\n'}
[4.912708] (base_interfaces_demo) StdoutLine: {'line': b'-- Up-to-date: /home/cjs/VL53L8CX/VL53L8CX_ws/install/base_interfaces_demo/share/base_interfaces_demo/msg/LiftControl.msg\n'}
[4.913105] (base_interfaces_demo) StdoutLine: {'line': b'-- Up-to-date: /home/cjs/VL53L8CX/VL53L8CX_ws/install/base_interfaces_demo/share/base_interfaces_demo/msg/BtStatus.msg\n'}
[4.913509] (base_interfaces_demo) StdoutLine: {'line': b'-- Up-to-date: /home/cjs/VL53L8CX/VL53L8CX_ws/install/base_interfaces_demo/share/base_interfaces_demo/msg/CarStatus.msg\n'}
[4.913950] (base_interfaces_demo) StdoutLine: {'line': b'-- Up-to-date: /home/cjs/VL53L8CX/VL53L8CX_ws/install/base_interfaces_demo/share/base_interfaces_demo/msg/HealthNode.msg\n'}
[4.914565] (base_interfaces_demo) StdoutLine: {'line': b'-- Up-to-date: /home/cjs/VL53L8CX/VL53L8CX_ws/install/base_interfaces_demo/share/base_interfaces_demo/action/Pallet.action\n'}
[4.914939] (base_interfaces_demo) StdoutLine: {'line': b'-- Up-to-date: /home/cjs/VL53L8CX/VL53L8CX_ws/install/base_interfaces_demo/share/base_interfaces_demo/srv/CheckEmergency.srv\n'}
[4.915590] (base_interfaces_demo) StdoutLine: {'line': b'-- Up-to-date: /home/cjs/VL53L8CX/VL53L8CX_ws/install/base_interfaces_demo/share/base_interfaces_demo/srv/CheckEmergency_Request.msg\n'}
[4.915965] (base_interfaces_demo) StdoutLine: {'line': b'-- Up-to-date: /home/cjs/VL53L8CX/VL53L8CX_ws/install/base_interfaces_demo/share/base_interfaces_demo/srv/CheckEmergency_Response.msg\n'}
[4.916541] (base_interfaces_demo) StdoutLine: {'line': b'-- Up-to-date: /home/cjs/VL53L8CX/VL53L8CX_ws/install/base_interfaces_demo/share/base_interfaces_demo/srv/SetEmergency.srv\n'}
[4.916947] (base_interfaces_demo) StdoutLine: {'line': b'-- Up-to-date: /home/cjs/VL53L8CX/VL53L8CX_ws/install/base_interfaces_demo/share/base_interfaces_demo/srv/SetEmergency_Request.msg\n'}
[4.917429] (base_interfaces_demo) StdoutLine: {'line': b'-- Up-to-date: /home/cjs/VL53L8CX/VL53L8CX_ws/install/base_interfaces_demo/share/base_interfaces_demo/srv/SetEmergency_Response.msg\n'}
[4.917827] (base_interfaces_demo) StdoutLine: {'line': b'-- Up-to-date: /home/cjs/VL53L8CX/VL53L8CX_ws/install/base_interfaces_demo/share/base_interfaces_demo/srv/RcsServer.srv\n'}
[4.918317] (base_interfaces_demo) StdoutLine: {'line': b'-- Up-to-date: /home/cjs/VL53L8CX/VL53L8CX_ws/install/base_interfaces_demo/share/base_interfaces_demo/srv/RcsServer_Request.msg\n'}
[4.918745] (base_interfaces_demo) StdoutLine: {'line': b'-- Up-to-date: /home/cjs/VL53L8CX/VL53L8CX_ws/install/base_interfaces_demo/share/base_interfaces_demo/srv/RcsServer_Response.msg\n'}
[4.919346] (base_interfaces_demo) StdoutLine: {'line': b'-- Up-to-date: /home/cjs/VL53L8CX/VL53L8CX_ws/install/base_interfaces_demo/share/ament_index/resource_index/package_run_dependencies/base_interfaces_demo\n'}
[4.923751] (base_interfaces_demo) StdoutLine: {'line': b'-- Up-to-date: /home/cjs/VL53L8CX/VL53L8CX_ws/install/base_interfaces_demo/share/ament_index/resource_index/parent_prefix_path/base_interfaces_demo\n'}
[4.924473] (base_interfaces_demo) StdoutLine: {'line': b'-- Up-to-date: /home/cjs/VL53L8CX/VL53L8CX_ws/install/base_interfaces_demo/share/base_interfaces_demo/environment/ament_prefix_path.sh\n'}
[4.924852] (base_interfaces_demo) StdoutLine: {'line': b'-- Up-to-date: /home/cjs/VL53L8CX/VL53L8CX_ws/install/base_interfaces_demo/share/base_interfaces_demo/environment/ament_prefix_path.dsv\n'}
[4.925403] (base_interfaces_demo) StdoutLine: {'line': b'-- Up-to-date: /home/cjs/VL53L8CX/VL53L8CX_ws/install/base_interfaces_demo/share/base_interfaces_demo/environment/path.sh\n'}
[4.925874] (base_interfaces_demo) StdoutLine: {'line': b'-- Up-to-date: /home/cjs/VL53L8CX/VL53L8CX_ws/install/base_interfaces_demo/share/base_interfaces_demo/environment/path.dsv\n'}
[4.926247] (base_interfaces_demo) StdoutLine: {'line': b'-- Up-to-date: /home/cjs/VL53L8CX/VL53L8CX_ws/install/base_interfaces_demo/share/base_interfaces_demo/local_setup.bash\n'}
[4.926545] (base_interfaces_demo) StdoutLine: {'line': b'-- Up-to-date: /home/cjs/VL53L8CX/VL53L8CX_ws/install/base_interfaces_demo/share/base_interfaces_demo/local_setup.sh\n'}
[4.927390] (base_interfaces_demo) StdoutLine: {'line': b'-- Up-to-date: /home/cjs/VL53L8CX/VL53L8CX_ws/install/base_interfaces_demo/share/base_interfaces_demo/local_setup.zsh\n'}
[4.927941] (base_interfaces_demo) StdoutLine: {'line': b'-- Up-to-date: /home/cjs/VL53L8CX/VL53L8CX_ws/install/base_interfaces_demo/share/base_interfaces_demo/local_setup.dsv\n'}
[4.928294] (base_interfaces_demo) StdoutLine: {'line': b'-- Installing: /home/cjs/VL53L8CX/VL53L8CX_ws/install/base_interfaces_demo/share/base_interfaces_demo/package.dsv\n'}
[4.929105] (base_interfaces_demo) StdoutLine: {'line': b'-- Up-to-date: /home/cjs/VL53L8CX/VL53L8CX_ws/install/base_interfaces_demo/share/ament_index/resource_index/packages/base_interfaces_demo\n'}
[4.930278] (base_interfaces_demo) StdoutLine: {'line': b'-- Up-to-date: /home/cjs/VL53L8CX/VL53L8CX_ws/install/base_interfaces_demo/share/base_interfaces_demo/cmake/base_interfaces_demo__rosidl_generator_cExport.cmake\n'}
[4.930478] (base_interfaces_demo) StdoutLine: {'line': b'-- Up-to-date: /home/cjs/VL53L8CX/VL53L8CX_ws/install/base_interfaces_demo/share/base_interfaces_demo/cmake/base_interfaces_demo__rosidl_generator_cExport-noconfig.cmake\n'}
[4.931152] (base_interfaces_demo) StdoutLine: {'line': b'-- Up-to-date: /home/cjs/VL53L8CX/VL53L8CX_ws/install/base_interfaces_demo/share/base_interfaces_demo/cmake/base_interfaces_demo__rosidl_typesupport_introspection_cExport.cmake\n'}
[4.931614] (base_interfaces_demo) StdoutLine: {'line': b'-- Up-to-date: /home/cjs/VL53L8CX/VL53L8CX_ws/install/base_interfaces_demo/share/base_interfaces_demo/cmake/base_interfaces_demo__rosidl_typesupport_introspection_cExport-noconfig.cmake\n'}
[4.932155] (base_interfaces_demo) StdoutLine: {'line': b'-- Up-to-date: /home/cjs/VL53L8CX/VL53L8CX_ws/install/base_interfaces_demo/share/base_interfaces_demo/cmake/base_interfaces_demo__rosidl_typesupport_cExport.cmake\n'}
[4.932813] (base_interfaces_demo) StdoutLine: {'line': b'-- Up-to-date: /home/cjs/VL53L8CX/VL53L8CX_ws/install/base_interfaces_demo/share/base_interfaces_demo/cmake/base_interfaces_demo__rosidl_typesupport_cExport-noconfig.cmake\n'}
[4.933628] (base_interfaces_demo) StdoutLine: {'line': b'-- Up-to-date: /home/cjs/VL53L8CX/VL53L8CX_ws/install/base_interfaces_demo/share/base_interfaces_demo/cmake/base_interfaces_demo__rosidl_generator_cppExport.cmake\n'}
[4.933830] (base_interfaces_demo) StdoutLine: {'line': b'-- Up-to-date: /home/cjs/VL53L8CX/VL53L8CX_ws/install/base_interfaces_demo/share/base_interfaces_demo/cmake/base_interfaces_demo__rosidl_typesupport_introspection_cppExport.cmake\n'}
[4.935012] (base_interfaces_demo) StdoutLine: {'line': b'-- Up-to-date: /home/cjs/VL53L8CX/VL53L8CX_ws/install/base_interfaces_demo/share/base_interfaces_demo/cmake/base_interfaces_demo__rosidl_typesupport_introspection_cppExport-noconfig.cmake\n'}
[4.935196] (base_interfaces_demo) StdoutLine: {'line': b'-- Up-to-date: /home/cjs/VL53L8CX/VL53L8CX_ws/install/base_interfaces_demo/share/base_interfaces_demo/cmake/base_interfaces_demo__rosidl_typesupport_cppExport.cmake\n'}
[4.936368] (base_interfaces_demo) StdoutLine: {'line': b'-- Up-to-date: /home/cjs/VL53L8CX/VL53L8CX_ws/install/base_interfaces_demo/share/base_interfaces_demo/cmake/base_interfaces_demo__rosidl_typesupport_cppExport-noconfig.cmake\n'}
[4.936747] (base_interfaces_demo) StdoutLine: {'line': b'-- Up-to-date: /home/cjs/VL53L8CX/VL53L8CX_ws/install/base_interfaces_demo/share/base_interfaces_demo/cmake/rosidl_cmake-extras.cmake\n'}
[4.937359] (base_interfaces_demo) StdoutLine: {'line': b'-- Up-to-date: /home/cjs/VL53L8CX/VL53L8CX_ws/install/base_interfaces_demo/share/base_interfaces_demo/cmake/ament_cmake_export_dependencies-extras.cmake\n'}
[4.937725] (base_interfaces_demo) StdoutLine: {'line': b'-- Up-to-date: /home/cjs/VL53L8CX/VL53L8CX_ws/install/base_interfaces_demo/share/base_interfaces_demo/cmake/ament_cmake_export_libraries-extras.cmake\n'}
[4.938084] (base_interfaces_demo) StdoutLine: {'line': b'-- Up-to-date: /home/cjs/VL53L8CX/VL53L8CX_ws/install/base_interfaces_demo/share/base_interfaces_demo/cmake/ament_cmake_export_targets-extras.cmake\n'}
[4.938569] (base_interfaces_demo) StdoutLine: {'line': b'-- Up-to-date: /home/cjs/VL53L8CX/VL53L8CX_ws/install/base_interfaces_demo/share/base_interfaces_demo/cmake/ament_cmake_export_include_directories-extras.cmake\n'}
[4.939215] (base_interfaces_demo) StdoutLine: {'line': b'-- Up-to-date: /home/cjs/VL53L8CX/VL53L8CX_ws/install/base_interfaces_demo/share/base_interfaces_demo/cmake/rosidl_cmake_export_typesupport_libraries-extras.cmake\n'}
[4.939660] (base_interfaces_demo) StdoutLine: {'line': b'-- Up-to-date: /home/cjs/VL53L8CX/VL53L8CX_ws/install/base_interfaces_demo/share/base_interfaces_demo/cmake/rosidl_cmake_export_typesupport_targets-extras.cmake\n'}
[4.940240] (base_interfaces_demo) StdoutLine: {'line': b'-- Up-to-date: /home/cjs/VL53L8CX/VL53L8CX_ws/install/base_interfaces_demo/share/base_interfaces_demo/cmake/base_interfaces_demoConfig.cmake\n'}
[4.940814] (base_interfaces_demo) StdoutLine: {'line': b'-- Up-to-date: /home/cjs/VL53L8CX/VL53L8CX_ws/install/base_interfaces_demo/share/base_interfaces_demo/cmake/base_interfaces_demoConfig-version.cmake\n'}
[4.941138] (base_interfaces_demo) StdoutLine: {'line': b'-- Up-to-date: /home/cjs/VL53L8CX/VL53L8CX_ws/install/base_interfaces_demo/share/base_interfaces_demo/package.xml\n'}
[4.955639] (base_interfaces_demo) CommandEnded: {'returncode': 0}
[4.961746] (-) TimerEvent: {}
[5.063642] (-) TimerEvent: {}
[5.164911] (-) TimerEvent: {}
[5.266405] (-) TimerEvent: {}
[5.367111] (-) TimerEvent: {}
[5.469428] (-) TimerEvent: {}
[5.570918] (-) TimerEvent: {}
[5.672421] (-) TimerEvent: {}
[5.774054] (-) TimerEvent: {}
[5.877315] (-) TimerEvent: {}
[5.978885] (-) TimerEvent: {}
[6.079575] (-) TimerEvent: {}
[6.180962] (-) TimerEvent: {}
[6.282733] (-) TimerEvent: {}
[6.384723] (-) TimerEvent: {}
[6.485950] (-) TimerEvent: {}
[6.587797] (-) TimerEvent: {}
[6.689092] (-) TimerEvent: {}
[6.790646] (-) TimerEvent: {}
[6.891905] (-) TimerEvent: {}
[6.993429] (-) TimerEvent: {}
[7.094047] (-) TimerEvent: {}
[7.195812] (-) TimerEvent: {}
[7.297013] (-) TimerEvent: {}
[7.398271] (-) TimerEvent: {}
[7.499172] (-) TimerEvent: {}
[7.600530] (-) TimerEvent: {}
[7.702340] (-) TimerEvent: {}
[7.804747] (-) TimerEvent: {}
[7.907310] (-) TimerEvent: {}
[8.008672] (-) TimerEvent: {}
[8.110286] (-) TimerEvent: {}
[8.211287] (-) TimerEvent: {}
[8.313877] (-) TimerEvent: {}
[8.416511] (-) TimerEvent: {}
[8.519944] (-) TimerEvent: {}
[8.622377] (-) TimerEvent: {}
[8.625171] (base_interfaces_demo) JobEnded: {'identifier': 'base_interfaces_demo', 'rc': 0}
[8.627704] (tof_sensor_package) JobStarted: {'identifier': 'tof_sensor_package'}
[8.671106] (tof_sensor_package) JobProgress: {'identifier': 'tof_sensor_package', 'progress': 'cmake'}
[8.673999] (tof_sensor_package) JobProgress: {'identifier': 'tof_sensor_package', 'progress': 'build'}
[8.675045] (tof_sensor_package) Command: {'cmd': ['/usr/bin/cmake', '--build', '/home/cjs/VL53L8CX/VL53L8CX_ws/build/tof_sensor_package', '--', '-j4', '-l4'], 'cwd': '/home/cjs/VL53L8CX/VL53L8CX_ws/build/tof_sensor_package', 'env': OrderedDict([('USER', 'cjs'), ('LC_TIME', 'zh_CN.UTF-8'), ('GIO_MODULE_DIR', '/home/cjs/snap/code/common/.cache/gio-modules'), ('SSH_AGENT_PID', '1520'), ('XDG_SESSION_TYPE', 'x11'), ('GTK_EXE_PREFIX_VSCODE_SNAP_ORIG', ''), ('GIT_ASKPASS', '/snap/code/166/usr/share/code/resources/app/extensions/git/dist/askpass.sh'), ('GDK_BACKEND_VSCODE_SNAP_ORIG', ''), ('SHLVL', '2'), ('LD_LIBRARY_PATH', '/home/cjs/VL53L8CX/VL53L8CX_ws/install/base_interfaces_demo/lib:/opt/ros/foxy/opt/yaml_cpp_vendor/lib:/opt/ros/foxy/opt/rviz_ogre_vendor/lib:/opt/ros/foxy/lib/x86_64-linux-gnu:/opt/ros/foxy/lib'), ('LESS', '-R'), ('HOME', '/home/cjs'), ('LOCPATH_VSCODE_SNAP_ORIG', ''), ('OLDPWD', '/home/cjs/VL53L8CX'), ('CHROME_DESKTOP', 'code-url-handler.desktop'), ('DESKTOP_SESSION', 'ubuntu'), ('GTK_PATH', '/snap/code/166/usr/lib/x86_64-linux-gnu/gtk-3.0'), ('TERM_PROGRAM_VERSION', '1.92.1'), ('LSCOLORS', 'Gxfxcxdxbxegedabagacad'), ('ZSH', '/home/cjs/.oh-my-zsh'), ('GTK_IM_MODULE_FILE', '/home/cjs/snap/code/common/.cache/immodules/immodules.cache'), ('ROS_PYTHON_VERSION', '3'), ('GNOME_SHELL_SESSION_MODE', 'ubuntu'), ('ALL', 'en.US.UTF-8'), ('GTK_MODULES', 'gail:atk-bridge'), ('GSETTINGS_SCHEMA_DIR_VSCODE_SNAP_ORIG', ''), ('PAGER', 'less'), ('VSCODE_GIT_ASKPASS_MAIN', '/snap/code/166/usr/share/code/resources/app/extensions/git/dist/askpass-main.js'), ('LC_MONETARY', 'zh_CN.UTF-8'), ('MANAGERPID', '1424'), ('VSCODE_GIT_ASKPASS_NODE', '/snap/code/166/usr/share/code/code'), ('DBUS_STARTER_BUS_TYPE', 'session'), ('DBUS_SESSION_BUS_ADDRESS', 'unix:path=/run/user/1000/bus,guid=268dcd2de439d3d90858002266b82368'), ('COLORTERM', 'truecolor'), ('IM_CONFIG_PHASE', '1'), ('ROS_DISTRO', 'foxy'), ('LOGNAME', 'cjs'), ('JOURNAL_STREAM', '8:57458'), ('_', '/usr/bin/colcon'), ('ROS_VERSION', '2'), ('XDG_CONFIG_DIRS_VSCODE_SNAP_ORIG', '/etc/xdg/xdg-ubuntu:/etc/xdg'), ('XDG_SESSION_CLASS', 'user'), ('XDG_DATA_DIRS_VSCODE_SNAP_ORIG', '/usr/share/ubuntu:/usr/local/share/:/usr/share/:/var/lib/snapd/desktop'), ('USER_ZDOTDIR', '/home/cjs'), ('USERNAME', 'cjs'), ('TERM', 'xterm-256color'), ('GNOME_DESKTOP_SESSION_ID', 'this-is-deprecated'), ('ROS_LOCALHOST_ONLY', '0'), ('WINDOWPATH', '2'), ('PATH', '/opt/ros/foxy/bin:/usr/local/sbin:/usr/local/bin:/usr/sbin:/usr/bin:/sbin:/bin:/usr/games:/usr/local/games:/snap/bin'), ('SESSION_MANAGER', 'local/cjs-virtual-machine:@/tmp/.ICE-unix/1556,unix/cjs-virtual-machine:/tmp/.ICE-unix/1556'), ('GTK_EXE_PREFIX', '/snap/code/166/usr'), ('INVOCATION_ID', '9ee8dd2fd7cc48b9b2c20cfcb166a738'), ('XDG_MENU_PREFIX', 'gnome-'), ('LC_ADDRESS', 'zh_CN.UTF-8'), ('XDG_RUNTIME_DIR', '/run/user/1000'), ('GDK_BACKEND', 'x11'), ('DISPLAY', ':0'), ('LOCPATH', '/snap/code/166/usr/lib/locale'), ('LANG', 'en_US.UTF-8'), ('XDG_CURRENT_DESKTOP', 'Unity'), ('LC_TELEPHONE', 'zh_CN.UTF-8'), ('TILIX_ID', '9923de69-11f6-49bd-8a1c-424db162521e'), ('VSCODE_INJECTION', '1'), ('GIO_MODULE_DIR_VSCODE_SNAP_ORIG', ''), ('XMODIFIERS', '@im=ibus'), ('XDG_SESSION_DESKTOP', 'ubuntu'), ('XAUTHORITY', '/run/user/1000/gdm/Xauthority'), ('LS_COLORS', 'no=00:fi=00:di=01;34:ln=00;36:pi=40;33:so=01;35:do=01;35:bd=40;33;01:cd=40;33;01:or=41;33;01:ex=00;32:*.cmd=00;32:*.exe=01;32:*.com=01;32:*.bat=01;32:*.btm=01;32:*.dll=01;32:*.tar=00;31:*.tbz=00;31:*.tgz=00;31:*.rpm=00;31:*.deb=00;31:*.arj=00;31:*.taz=00;31:*.lzh=00;31:*.lzma=00;31:*.zip=00;31:*.zoo=00;31:*.z=00;31:*.Z=00;31:*.gz=00;31:*.bz2=00;31:*.tb2=00;31:*.tz2=00;31:*.tbz2=00;31:*.avi=01;35:*.bmp=01;35:*.fli=01;35:*.gif=01;35:*.jpg=01;35:*.jpeg=01;35:*.mng=01;35:*.mov=01;35:*.mpg=01;35:*.pcx=01;35:*.pbm=01;35:*.pgm=01;35:*.png=01;35:*.ppm=01;35:*.tga=01;35:*.tif=01;35:*.xbm=01;35:*.xpm=01;35:*.dl=01;35:*.gl=01;35:*.wmv=01;35:*.aiff=00;32:*.au=00;32:*.mid=00;32:*.mp3=00;32:*.ogg=00;32:*.voc=00;32:*.wav=00;32:'), ('TERM_PROGRAM', 'vscode'), ('VSCODE_GIT_IPC_HANDLE', '/run/user/1000/vscode-git-6e22b0dd4c.sock'), ('SSH_AUTH_SOCK', '/run/user/1000/keyring/ssh'), ('GSETTINGS_SCHEMA_DIR', '/home/cjs/snap/code/166/.local/share/glib-2.0/schemas'), ('AMENT_PREFIX_PATH', '/home/cjs/VL53L8CX/VL53L8CX_ws/install/base_interfaces_demo:/opt/ros/foxy'), ('ORIGINAL_XDG_CURRENT_DESKTOP', 'ubuntu:GNOME'), ('SHELL', '/usr/bin/zsh'), ('LC_NAME', 'zh_CN.UTF-8'), ('QT_ACCESSIBILITY', '1'), ('GDMSESSION', 'ubuntu'), ('GTK_PATH_VSCODE_SNAP_ORIG', ''), ('GTK_IM_MODULE_FILE_VSCODE_SNAP_ORIG', ''), ('LC_MEASUREMENT', 'zh_CN.UTF-8'), ('GPG_AGENT_INFO', '/run/user/1000/gnupg/S.gpg-agent:0:1'), ('LC_IDENTIFICATION', 'zh_CN.UTF-8'), ('QT_IM_MODULE', 'ibus'), ('VSCODE_GIT_ASKPASS_EXTRA_ARGS', ''), ('PWD', '/home/cjs/VL53L8CX/VL53L8CX_ws/build/tof_sensor_package'), ('XDG_CONFIG_DIRS', '/etc/xdg/xdg-ubuntu:/etc/xdg'), ('DBUS_STARTER_ADDRESS', 'unix:path=/run/user/1000/bus,guid=268dcd2de439d3d90858002266b82368'), ('XDG_DATA_DIRS', '/home/cjs/snap/code/166/.local/share:/home/cjs/snap/code/166:/snap/code/166/usr/share:/usr/share/ubuntu:/usr/local/share/:/usr/share/:/var/lib/snapd/desktop'), ('ZDOTDIR', '/home/cjs'), ('PYTHONPATH', '/home/cjs/VL53L8CX/VL53L8CX_ws/install/base_interfaces_demo/lib/python3.8/site-packages:/opt/ros/foxy/lib/python3.8/site-packages'), ('LC_NUMERIC', 'zh_CN.UTF-8'), ('LC_PAPER', 'zh_CN.UTF-8'), ('COLCON', '1'), ('VTE_VERSION', '6003'), ('CMAKE_PREFIX_PATH', '/home/cjs/VL53L8CX/VL53L8CX_ws/install/base_interfaces_demo:/opt/ros/foxy')]), 'shell': False}
[8.723879] (-) TimerEvent: {}
[8.826151] (-) TimerEvent: {}
[8.862843] (tof_sensor_package) StdoutLine: {'line': b'\x1b[35m\x1b[1mScanning dependencies of target pallet_detect_node\x1b[0m\n'}
[8.926729] (-) TimerEvent: {}
[8.970647] (tof_sensor_package) StdoutLine: {'line': b'[ 20%] \x1b[32mBuilding CXX object CMakeFiles/pallet_detect_node.dir/src/BestFit.cpp.o\x1b[0m\n'}
[9.027486] (-) TimerEvent: {}
[9.128743] (-) TimerEvent: {}
[9.230364] (-) TimerEvent: {}
[9.331127] (-) TimerEvent: {}
[9.432302] (-) TimerEvent: {}
[9.533503] (-) TimerEvent: {}
[9.635002] (-) TimerEvent: {}
[9.736487] (-) TimerEvent: {}
[9.838381] (-) TimerEvent: {}
[9.939927] (-) TimerEvent: {}
[10.041100] (-) TimerEvent: {}
[10.141921] (-) TimerEvent: {}
[10.243388] (-) TimerEvent: {}
[10.344748] (-) TimerEvent: {}
[10.446406] (-) TimerEvent: {}
[10.547799] (-) TimerEvent: {}
[10.649269] (-) TimerEvent: {}
[10.751006] (-) TimerEvent: {}
[10.851665] (-) TimerEvent: {}
[10.953186] (-) TimerEvent: {}
[11.055587] (-) TimerEvent: {}
[11.156782] (-) TimerEvent: {}
[11.183365] (tof_sensor_package) StderrLine: {'line': b'\x1b[01m\x1b[K/home/cjs/VL53L8CX/VL53L8CX_ws/src/tof_sensor_package/src/BestFit.cpp:\x1b[m\x1b[K In static member function \xe2\x80\x98\x1b[01m\x1b[Kstatic std::pair<double, double> BestFit::analyze(const cv::Mat&, int)\x1b[m\x1b[K\xe2\x80\x99:\n'}
[11.183878] (tof_sensor_package) StderrLine: {'line': b'\x1b[01m\x1b[K/home/cjs/VL53L8CX/VL53L8CX_ws/src/tof_sensor_package/src/BestFit.cpp:89:14:\x1b[m\x1b[K \x1b[01;35m\x1b[Kwarning: \x1b[m\x1b[Kstructured bindings only available with \xe2\x80\x98\x1b[01m\x1b[K-std=c++17\x1b[m\x1b[K\xe2\x80\x99 or \xe2\x80\x98\x1b[01m\x1b[K-std=gnu++17\x1b[m\x1b[K\xe2\x80\x99\n'}
[11.184131] (tof_sensor_package) StderrLine: {'line': b'   89 |         auto \x1b[01;35m\x1b[K[\x1b[m\x1b[Kcoefficients, inliers] = fitLineRANSAC(robotEdgePoints);\n'}
[11.184336] (tof_sensor_package) StderrLine: {'line': b'      |              \x1b[01;35m\x1b[K^\x1b[m\x1b[K\n'}
[11.192435] (tof_sensor_package) StderrLine: {'line': b'\x1b[01m\x1b[K/home/cjs/VL53L8CX/VL53L8CX_ws/src/tof_sensor_package/src/BestFit.cpp:29:66:\x1b[m\x1b[K \x1b[01;35m\x1b[Kwarning: \x1b[m\x1b[Kunused parameter \xe2\x80\x98\x1b[01m\x1b[Kthreshold\x1b[m\x1b[K\xe2\x80\x99 [\x1b[01;35m\x1b[K-Wunused-parameter\x1b[m\x1b[K]\n'}
[11.192828] (tof_sensor_package) StderrLine: {'line': b'   29 | std::pair<double, double> BestFit::analyze(const cv::Mat &A, \x1b[01;35m\x1b[Kint threshold\x1b[m\x1b[K) {\n'}
[11.193010] (tof_sensor_package) StderrLine: {'line': b'      |                                                              \x1b[01;35m\x1b[K~~~~^~~~~~~~~\x1b[m\x1b[K\n'}
[11.257552] (-) TimerEvent: {}
[11.358863] (-) TimerEvent: {}
[11.459530] (-) TimerEvent: {}
[11.561105] (-) TimerEvent: {}
[11.662564] (-) TimerEvent: {}
[11.763892] (-) TimerEvent: {}
[11.865495] (-) TimerEvent: {}
[11.967098] (-) TimerEvent: {}
[12.067810] (-) TimerEvent: {}
[12.169443] (-) TimerEvent: {}
[12.223435] (tof_sensor_package) StdoutLine: {'line': b'[ 40%] \x1b[32m\x1b[1mLinking CXX executable pallet_detect_node\x1b[0m\n'}
[12.269996] (-) TimerEvent: {}
[12.372339] (-) TimerEvent: {}
[12.473324] (-) TimerEvent: {}
[12.575104] (-) TimerEvent: {}
[12.676332] (-) TimerEvent: {}
[12.777235] (-) TimerEvent: {}
[12.878233] (-) TimerEvent: {}
[12.979073] (-) TimerEvent: {}
[13.079954] (-) TimerEvent: {}
[13.180808] (-) TimerEvent: {}
[13.281818] (-) TimerEvent: {}
[13.382960] (-) TimerEvent: {}
[13.483611] (-) TimerEvent: {}
[13.514576] (tof_sensor_package) StdoutLine: {'line': b'[100%] Built target pallet_detect_node\n'}
[13.557507] (tof_sensor_package) CommandEnded: {'returncode': 0}
[13.584211] (-) TimerEvent: {}
[13.686281] (-) TimerEvent: {}
[13.718994] (tof_sensor_package) JobProgress: {'identifier': 'tof_sensor_package', 'progress': 'install'}
[13.723005] (tof_sensor_package) Command: {'cmd': ['/usr/bin/cmake', '--install', '/home/cjs/VL53L8CX/VL53L8CX_ws/build/tof_sensor_package'], 'cwd': '/home/cjs/VL53L8CX/VL53L8CX_ws/build/tof_sensor_package', 'env': OrderedDict([('USER', 'cjs'), ('LC_TIME', 'zh_CN.UTF-8'), ('GIO_MODULE_DIR', '/home/cjs/snap/code/common/.cache/gio-modules'), ('SSH_AGENT_PID', '1520'), ('XDG_SESSION_TYPE', 'x11'), ('GTK_EXE_PREFIX_VSCODE_SNAP_ORIG', ''), ('GIT_ASKPASS', '/snap/code/166/usr/share/code/resources/app/extensions/git/dist/askpass.sh'), ('GDK_BACKEND_VSCODE_SNAP_ORIG', ''), ('SHLVL', '2'), ('LD_LIBRARY_PATH', '/home/cjs/VL53L8CX/VL53L8CX_ws/install/base_interfaces_demo/lib:/opt/ros/foxy/opt/yaml_cpp_vendor/lib:/opt/ros/foxy/opt/rviz_ogre_vendor/lib:/opt/ros/foxy/lib/x86_64-linux-gnu:/opt/ros/foxy/lib'), ('LESS', '-R'), ('HOME', '/home/cjs'), ('LOCPATH_VSCODE_SNAP_ORIG', ''), ('OLDPWD', '/home/cjs/VL53L8CX'), ('CHROME_DESKTOP', 'code-url-handler.desktop'), ('DESKTOP_SESSION', 'ubuntu'), ('GTK_PATH', '/snap/code/166/usr/lib/x86_64-linux-gnu/gtk-3.0'), ('TERM_PROGRAM_VERSION', '1.92.1'), ('LSCOLORS', 'Gxfxcxdxbxegedabagacad'), ('ZSH', '/home/cjs/.oh-my-zsh'), ('GTK_IM_MODULE_FILE', '/home/cjs/snap/code/common/.cache/immodules/immodules.cache'), ('ROS_PYTHON_VERSION', '3'), ('GNOME_SHELL_SESSION_MODE', 'ubuntu'), ('ALL', 'en.US.UTF-8'), ('GTK_MODULES', 'gail:atk-bridge'), ('GSETTINGS_SCHEMA_DIR_VSCODE_SNAP_ORIG', ''), ('PAGER', 'less'), ('VSCODE_GIT_ASKPASS_MAIN', '/snap/code/166/usr/share/code/resources/app/extensions/git/dist/askpass-main.js'), ('LC_MONETARY', 'zh_CN.UTF-8'), ('MANAGERPID', '1424'), ('VSCODE_GIT_ASKPASS_NODE', '/snap/code/166/usr/share/code/code'), ('DBUS_STARTER_BUS_TYPE', 'session'), ('DBUS_SESSION_BUS_ADDRESS', 'unix:path=/run/user/1000/bus,guid=268dcd2de439d3d90858002266b82368'), ('COLORTERM', 'truecolor'), ('IM_CONFIG_PHASE', '1'), ('ROS_DISTRO', 'foxy'), ('LOGNAME', 'cjs'), ('JOURNAL_STREAM', '8:57458'), ('_', '/usr/bin/colcon'), ('ROS_VERSION', '2'), ('XDG_CONFIG_DIRS_VSCODE_SNAP_ORIG', '/etc/xdg/xdg-ubuntu:/etc/xdg'), ('XDG_SESSION_CLASS', 'user'), ('XDG_DATA_DIRS_VSCODE_SNAP_ORIG', '/usr/share/ubuntu:/usr/local/share/:/usr/share/:/var/lib/snapd/desktop'), ('USER_ZDOTDIR', '/home/cjs'), ('USERNAME', 'cjs'), ('TERM', 'xterm-256color'), ('GNOME_DESKTOP_SESSION_ID', 'this-is-deprecated'), ('ROS_LOCALHOST_ONLY', '0'), ('WINDOWPATH', '2'), ('PATH', '/opt/ros/foxy/bin:/usr/local/sbin:/usr/local/bin:/usr/sbin:/usr/bin:/sbin:/bin:/usr/games:/usr/local/games:/snap/bin'), ('SESSION_MANAGER', 'local/cjs-virtual-machine:@/tmp/.ICE-unix/1556,unix/cjs-virtual-machine:/tmp/.ICE-unix/1556'), ('GTK_EXE_PREFIX', '/snap/code/166/usr'), ('INVOCATION_ID', '9ee8dd2fd7cc48b9b2c20cfcb166a738'), ('XDG_MENU_PREFIX', 'gnome-'), ('LC_ADDRESS', 'zh_CN.UTF-8'), ('XDG_RUNTIME_DIR', '/run/user/1000'), ('GDK_BACKEND', 'x11'), ('DISPLAY', ':0'), ('LOCPATH', '/snap/code/166/usr/lib/locale'), ('LANG', 'en_US.UTF-8'), ('XDG_CURRENT_DESKTOP', 'Unity'), ('LC_TELEPHONE', 'zh_CN.UTF-8'), ('TILIX_ID', '9923de69-11f6-49bd-8a1c-424db162521e'), ('VSCODE_INJECTION', '1'), ('GIO_MODULE_DIR_VSCODE_SNAP_ORIG', ''), ('XMODIFIERS', '@im=ibus'), ('XDG_SESSION_DESKTOP', 'ubuntu'), ('XAUTHORITY', '/run/user/1000/gdm/Xauthority'), ('LS_COLORS', 'no=00:fi=00:di=01;34:ln=00;36:pi=40;33:so=01;35:do=01;35:bd=40;33;01:cd=40;33;01:or=41;33;01:ex=00;32:*.cmd=00;32:*.exe=01;32:*.com=01;32:*.bat=01;32:*.btm=01;32:*.dll=01;32:*.tar=00;31:*.tbz=00;31:*.tgz=00;31:*.rpm=00;31:*.deb=00;31:*.arj=00;31:*.taz=00;31:*.lzh=00;31:*.lzma=00;31:*.zip=00;31:*.zoo=00;31:*.z=00;31:*.Z=00;31:*.gz=00;31:*.bz2=00;31:*.tb2=00;31:*.tz2=00;31:*.tbz2=00;31:*.avi=01;35:*.bmp=01;35:*.fli=01;35:*.gif=01;35:*.jpg=01;35:*.jpeg=01;35:*.mng=01;35:*.mov=01;35:*.mpg=01;35:*.pcx=01;35:*.pbm=01;35:*.pgm=01;35:*.png=01;35:*.ppm=01;35:*.tga=01;35:*.tif=01;35:*.xbm=01;35:*.xpm=01;35:*.dl=01;35:*.gl=01;35:*.wmv=01;35:*.aiff=00;32:*.au=00;32:*.mid=00;32:*.mp3=00;32:*.ogg=00;32:*.voc=00;32:*.wav=00;32:'), ('TERM_PROGRAM', 'vscode'), ('VSCODE_GIT_IPC_HANDLE', '/run/user/1000/vscode-git-6e22b0dd4c.sock'), ('SSH_AUTH_SOCK', '/run/user/1000/keyring/ssh'), ('GSETTINGS_SCHEMA_DIR', '/home/cjs/snap/code/166/.local/share/glib-2.0/schemas'), ('AMENT_PREFIX_PATH', '/home/cjs/VL53L8CX/VL53L8CX_ws/install/base_interfaces_demo:/opt/ros/foxy'), ('ORIGINAL_XDG_CURRENT_DESKTOP', 'ubuntu:GNOME'), ('SHELL', '/usr/bin/zsh'), ('LC_NAME', 'zh_CN.UTF-8'), ('QT_ACCESSIBILITY', '1'), ('GDMSESSION', 'ubuntu'), ('GTK_PATH_VSCODE_SNAP_ORIG', ''), ('GTK_IM_MODULE_FILE_VSCODE_SNAP_ORIG', ''), ('LC_MEASUREMENT', 'zh_CN.UTF-8'), ('GPG_AGENT_INFO', '/run/user/1000/gnupg/S.gpg-agent:0:1'), ('LC_IDENTIFICATION', 'zh_CN.UTF-8'), ('QT_IM_MODULE', 'ibus'), ('VSCODE_GIT_ASKPASS_EXTRA_ARGS', ''), ('PWD', '/home/cjs/VL53L8CX/VL53L8CX_ws/build/tof_sensor_package'), ('XDG_CONFIG_DIRS', '/etc/xdg/xdg-ubuntu:/etc/xdg'), ('DBUS_STARTER_ADDRESS', 'unix:path=/run/user/1000/bus,guid=268dcd2de439d3d90858002266b82368'), ('XDG_DATA_DIRS', '/home/cjs/snap/code/166/.local/share:/home/cjs/snap/code/166:/snap/code/166/usr/share:/usr/share/ubuntu:/usr/local/share/:/usr/share/:/var/lib/snapd/desktop'), ('ZDOTDIR', '/home/cjs'), ('PYTHONPATH', '/home/cjs/VL53L8CX/VL53L8CX_ws/install/base_interfaces_demo/lib/python3.8/site-packages:/opt/ros/foxy/lib/python3.8/site-packages'), ('LC_NUMERIC', 'zh_CN.UTF-8'), ('LC_PAPER', 'zh_CN.UTF-8'), ('COLCON', '1'), ('VTE_VERSION', '6003'), ('CMAKE_PREFIX_PATH', '/home/cjs/VL53L8CX/VL53L8CX_ws/install/base_interfaces_demo:/opt/ros/foxy')]), 'shell': False}
[13.759756] (tof_sensor_package) StdoutLine: {'line': b'-- Install configuration: ""\n'}
[13.760241] (tof_sensor_package) StdoutLine: {'line': b'-- Installing: /home/cjs/VL53L8CX/VL53L8CX_ws/install/tof_sensor_package/lib/tof_sensor_package/pallet_detect_node\n'}
[13.771463] (tof_sensor_package) StdoutLine: {'line': b'-- Set runtime path of "/home/cjs/VL53L8CX/VL53L8CX_ws/install/tof_sensor_package/lib/tof_sensor_package/pallet_detect_node" to ""\n'}
[13.772205] (tof_sensor_package) StdoutLine: {'line': b'-- Up-to-date: /home/cjs/VL53L8CX/VL53L8CX_ws/install/tof_sensor_package/share/ament_index/resource_index/package_run_dependencies/tof_sensor_package\n'}
[13.772721] (tof_sensor_package) StdoutLine: {'line': b'-- Up-to-date: /home/cjs/VL53L8CX/VL53L8CX_ws/install/tof_sensor_package/share/ament_index/resource_index/parent_prefix_path/tof_sensor_package\n'}
[13.773318] (tof_sensor_package) StdoutLine: {'line': b'-- Up-to-date: /home/cjs/VL53L8CX/VL53L8CX_ws/install/tof_sensor_package/share/tof_sensor_package/environment/ament_prefix_path.sh\n'}
[13.773917] (tof_sensor_package) StdoutLine: {'line': b'-- Up-to-date: /home/cjs/VL53L8CX/VL53L8CX_ws/install/tof_sensor_package/share/tof_sensor_package/environment/ament_prefix_path.dsv\n'}
[13.774565] (tof_sensor_package) StdoutLine: {'line': b'-- Up-to-date: /home/cjs/VL53L8CX/VL53L8CX_ws/install/tof_sensor_package/share/tof_sensor_package/environment/path.sh\n'}
[13.775323] (tof_sensor_package) StdoutLine: {'line': b'-- Up-to-date: /home/cjs/VL53L8CX/VL53L8CX_ws/install/tof_sensor_package/share/tof_sensor_package/environment/path.dsv\n'}
[13.775915] (tof_sensor_package) StdoutLine: {'line': b'-- Up-to-date: /home/cjs/VL53L8CX/VL53L8CX_ws/install/tof_sensor_package/share/tof_sensor_package/local_setup.bash\n'}
[13.776549] (tof_sensor_package) StdoutLine: {'line': b'-- Up-to-date: /home/cjs/VL53L8CX/VL53L8CX_ws/install/tof_sensor_package/share/tof_sensor_package/local_setup.sh\n'}
[13.777052] (tof_sensor_package) StdoutLine: {'line': b'-- Up-to-date: /home/cjs/VL53L8CX/VL53L8CX_ws/install/tof_sensor_package/share/tof_sensor_package/local_setup.zsh\n'}
[13.777709] (tof_sensor_package) StdoutLine: {'line': b'-- Up-to-date: /home/cjs/VL53L8CX/VL53L8CX_ws/install/tof_sensor_package/share/tof_sensor_package/local_setup.dsv\n'}
[13.778273] (tof_sensor_package) StdoutLine: {'line': b'-- Installing: /home/cjs/VL53L8CX/VL53L8CX_ws/install/tof_sensor_package/share/tof_sensor_package/package.dsv\n'}
[13.780385] (tof_sensor_package) StdoutLine: {'line': b'-- Up-to-date: /home/cjs/VL53L8CX/VL53L8CX_ws/install/tof_sensor_package/share/ament_index/resource_index/packages/tof_sensor_package\n'}
[13.786704] (-) TimerEvent: {}
[13.797289] (tof_sensor_package) StdoutLine: {'line': b'-- Up-to-date: /home/cjs/VL53L8CX/VL53L8CX_ws/install/tof_sensor_package/share/tof_sensor_package/cmake/tof_sensor_packageConfig.cmake\n'}
[13.797627] (tof_sensor_package) StdoutLine: {'line': b'-- Up-to-date: /home/cjs/VL53L8CX/VL53L8CX_ws/install/tof_sensor_package/share/tof_sensor_package/cmake/tof_sensor_packageConfig-version.cmake\n'}
[13.797856] (tof_sensor_package) StdoutLine: {'line': b'-- Up-to-date: /home/cjs/VL53L8CX/VL53L8CX_ws/install/tof_sensor_package/share/tof_sensor_package/package.xml\n'}
[13.798014] (tof_sensor_package) CommandEnded: {'returncode': 0}
[13.887484] (-) TimerEvent: {}
[13.988109] (tof_sensor_package) JobEnded: {'identifier': 'tof_sensor_package', 'rc': 0}
[13.991259] (-) TimerEvent: {}
[13.993134] (-) EventReactorShutdown: {}
