[0.000000] (-) TimerEvent: {}
[0.001809] (base_interfaces_demo) JobQueued: {'identifier': 'base_interfaces_demo', 'dependencies': OrderedDict()}
[0.002240] (tof_sensor_package) JobQueued: {'identifier': 'tof_sensor_package', 'dependencies': OrderedDict([('base_interfaces_demo', '/home/cjs/VL53L8CX/VL53L8CX_ws/install/base_interfaces_demo')])}
[0.002682] (base_interfaces_demo) JobStarted: {'identifier': 'base_interfaces_demo'}
[0.035194] (base_interfaces_demo) JobProgress: {'identifier': 'base_interfaces_demo', 'progress': 'cmake'}
[0.041309] (base_interfaces_demo) JobProgress: {'identifier': 'base_interfaces_demo', 'progress': 'build'}
[0.041472] (base_interfaces_demo) Command: {'cmd': ['/usr/bin/cmake', '--build', '/home/cjs/VL53L8CX/VL53L8CX_ws/build/base_interfaces_demo', '--', '-j4', '-l4'], 'cwd': '/home/cjs/VL53L8CX/VL53L8CX_ws/build/base_interfaces_demo', 'env': OrderedDict([('USER', 'cjs'), ('LC_TIME', 'zh_CN.UTF-8'), ('GIO_MODULE_DIR', '/home/cjs/snap/code/common/.cache/gio-modules'), ('SSH_AGENT_PID', '1520'), ('XDG_SESSION_TYPE', 'x11'), ('GTK_EXE_PREFIX_VSCODE_SNAP_ORIG', ''), ('GIT_ASKPASS', '/snap/code/166/usr/share/code/resources/app/extensions/git/dist/askpass.sh'), ('GDK_BACKEND_VSCODE_SNAP_ORIG', ''), ('SHLVL', '2'), ('LD_LIBRARY_PATH', '/opt/ros/foxy/opt/yaml_cpp_vendor/lib:/opt/ros/foxy/opt/rviz_ogre_vendor/lib:/opt/ros/foxy/lib/x86_64-linux-gnu:/opt/ros/foxy/lib'), ('LESS', '-R'), ('HOME', '/home/cjs'), ('LOCPATH_VSCODE_SNAP_ORIG', ''), ('OLDPWD', '/home/cjs/VL53L8CX'), ('CHROME_DESKTOP', 'code-url-handler.desktop'), ('DESKTOP_SESSION', 'ubuntu'), ('GTK_PATH', '/snap/code/166/usr/lib/x86_64-linux-gnu/gtk-3.0'), ('TERM_PROGRAM_VERSION', '1.92.1'), ('LSCOLORS', 'Gxfxcxdxbxegedabagacad'), ('ZSH', '/home/cjs/.oh-my-zsh'), ('GTK_IM_MODULE_FILE', '/home/cjs/snap/code/common/.cache/immodules/immodules.cache'), ('ROS_PYTHON_VERSION', '3'), ('GNOME_SHELL_SESSION_MODE', 'ubuntu'), ('ALL', 'en.US.UTF-8'), ('GTK_MODULES', 'gail:atk-bridge'), ('GSETTINGS_SCHEMA_DIR_VSCODE_SNAP_ORIG', ''), ('PAGER', 'less'), ('VSCODE_GIT_ASKPASS_MAIN', '/snap/code/166/usr/share/code/resources/app/extensions/git/dist/askpass-main.js'), ('LC_MONETARY', 'zh_CN.UTF-8'), ('MANAGERPID', '1424'), ('VSCODE_GIT_ASKPASS_NODE', '/snap/code/166/usr/share/code/code'), ('DBUS_STARTER_BUS_TYPE', 'session'), ('DBUS_SESSION_BUS_ADDRESS', 'unix:path=/run/user/1000/bus,guid=268dcd2de439d3d90858002266b82368'), ('COLORTERM', 'truecolor'), ('IM_CONFIG_PHASE', '1'), ('ROS_DISTRO', 'foxy'), ('LOGNAME', 'cjs'), ('JOURNAL_STREAM', '8:57458'), ('_', '/usr/bin/colcon'), ('ROS_VERSION', '2'), ('XDG_CONFIG_DIRS_VSCODE_SNAP_ORIG', '/etc/xdg/xdg-ubuntu:/etc/xdg'), ('XDG_SESSION_CLASS', 'user'), ('XDG_DATA_DIRS_VSCODE_SNAP_ORIG', '/usr/share/ubuntu:/usr/local/share/:/usr/share/:/var/lib/snapd/desktop'), ('USER_ZDOTDIR', '/home/cjs'), ('USERNAME', 'cjs'), ('TERM', 'xterm-256color'), ('GNOME_DESKTOP_SESSION_ID', 'this-is-deprecated'), ('ROS_LOCALHOST_ONLY', '0'), ('WINDOWPATH', '2'), ('PATH', '/opt/ros/foxy/bin:/usr/local/sbin:/usr/local/bin:/usr/sbin:/usr/bin:/sbin:/bin:/usr/games:/usr/local/games:/snap/bin'), ('SESSION_MANAGER', 'local/cjs-virtual-machine:@/tmp/.ICE-unix/1556,unix/cjs-virtual-machine:/tmp/.ICE-unix/1556'), ('GTK_EXE_PREFIX', '/snap/code/166/usr'), ('INVOCATION_ID', '9ee8dd2fd7cc48b9b2c20cfcb166a738'), ('XDG_MENU_PREFIX', 'gnome-'), ('LC_ADDRESS', 'zh_CN.UTF-8'), ('XDG_RUNTIME_DIR', '/run/user/1000'), ('GDK_BACKEND', 'x11'), ('DISPLAY', ':0'), ('LOCPATH', '/snap/code/166/usr/lib/locale'), ('LANG', 'en_US.UTF-8'), ('XDG_CURRENT_DESKTOP', 'Unity'), ('LC_TELEPHONE', 'zh_CN.UTF-8'), ('TILIX_ID', '9923de69-11f6-49bd-8a1c-424db162521e'), ('VSCODE_INJECTION', '1'), ('GIO_MODULE_DIR_VSCODE_SNAP_ORIG', ''), ('XMODIFIERS', '@im=ibus'), ('XDG_SESSION_DESKTOP', 'ubuntu'), ('XAUTHORITY', '/run/user/1000/gdm/Xauthority'), ('LS_COLORS', 'no=00:fi=00:di=01;34:ln=00;36:pi=40;33:so=01;35:do=01;35:bd=40;33;01:cd=40;33;01:or=41;33;01:ex=00;32:*.cmd=00;32:*.exe=01;32:*.com=01;32:*.bat=01;32:*.btm=01;32:*.dll=01;32:*.tar=00;31:*.tbz=00;31:*.tgz=00;31:*.rpm=00;31:*.deb=00;31:*.arj=00;31:*.taz=00;31:*.lzh=00;31:*.lzma=00;31:*.zip=00;31:*.zoo=00;31:*.z=00;31:*.Z=00;31:*.gz=00;31:*.bz2=00;31:*.tb2=00;31:*.tz2=00;31:*.tbz2=00;31:*.avi=01;35:*.bmp=01;35:*.fli=01;35:*.gif=01;35:*.jpg=01;35:*.jpeg=01;35:*.mng=01;35:*.mov=01;35:*.mpg=01;35:*.pcx=01;35:*.pbm=01;35:*.pgm=01;35:*.png=01;35:*.ppm=01;35:*.tga=01;35:*.tif=01;35:*.xbm=01;35:*.xpm=01;35:*.dl=01;35:*.gl=01;35:*.wmv=01;35:*.aiff=00;32:*.au=00;32:*.mid=00;32:*.mp3=00;32:*.ogg=00;32:*.voc=00;32:*.wav=00;32:'), ('TERM_PROGRAM', 'vscode'), ('VSCODE_GIT_IPC_HANDLE', '/run/user/1000/vscode-git-6e22b0dd4c.sock'), ('SSH_AUTH_SOCK', '/run/user/1000/keyring/ssh'), ('GSETTINGS_SCHEMA_DIR', '/home/cjs/snap/code/166/.local/share/glib-2.0/schemas'), ('AMENT_PREFIX_PATH', '/opt/ros/foxy'), ('ORIGINAL_XDG_CURRENT_DESKTOP', 'ubuntu:GNOME'), ('SHELL', '/usr/bin/zsh'), ('LC_NAME', 'zh_CN.UTF-8'), ('QT_ACCESSIBILITY', '1'), ('GDMSESSION', 'ubuntu'), ('GTK_PATH_VSCODE_SNAP_ORIG', ''), ('GTK_IM_MODULE_FILE_VSCODE_SNAP_ORIG', ''), ('LC_MEASUREMENT', 'zh_CN.UTF-8'), ('GPG_AGENT_INFO', '/run/user/1000/gnupg/S.gpg-agent:0:1'), ('LC_IDENTIFICATION', 'zh_CN.UTF-8'), ('QT_IM_MODULE', 'ibus'), ('VSCODE_GIT_ASKPASS_EXTRA_ARGS', ''), ('PWD', '/home/cjs/VL53L8CX/VL53L8CX_ws/build/base_interfaces_demo'), ('XDG_CONFIG_DIRS', '/etc/xdg/xdg-ubuntu:/etc/xdg'), ('DBUS_STARTER_ADDRESS', 'unix:path=/run/user/1000/bus,guid=268dcd2de439d3d90858002266b82368'), ('XDG_DATA_DIRS', '/home/cjs/snap/code/166/.local/share:/home/cjs/snap/code/166:/snap/code/166/usr/share:/usr/share/ubuntu:/usr/local/share/:/usr/share/:/var/lib/snapd/desktop'), ('ZDOTDIR', '/home/cjs'), ('PYTHONPATH', '/opt/ros/foxy/lib/python3.8/site-packages'), ('LC_NUMERIC', 'zh_CN.UTF-8'), ('LC_PAPER', 'zh_CN.UTF-8'), ('COLCON', '1'), ('VTE_VERSION', '6003'), ('CMAKE_PREFIX_PATH', '/opt/ros/foxy')]), 'shell': False}
[0.103419] (-) TimerEvent: {}
[0.205828] (-) TimerEvent: {}
[0.307061] (-) TimerEvent: {}
[0.320529] (base_interfaces_demo) StdoutLine: {'line': b'-- Found ament_cmake: 0.9.12 (/opt/ros/foxy/share/ament_cmake/cmake)\n'}
[0.382138] (base_interfaces_demo) StdoutLine: {'line': b'-- Found PythonInterp: /usr/bin/python3 (found suitable version "3.8.10", minimum required is "3") \n'}
[0.383367] (base_interfaces_demo) StdoutLine: {'line': b'-- Using PYTHON_EXECUTABLE: /usr/bin/python3\n'}
[0.407996] (-) TimerEvent: {}
[0.509135] (-) TimerEvent: {}
[0.609878] (-) TimerEvent: {}
[0.711314] (-) TimerEvent: {}
[0.812140] (-) TimerEvent: {}
[0.815288] (base_interfaces_demo) StdoutLine: {'line': b'-- Found rosidl_default_generators: 1.0.1 (/opt/ros/foxy/share/rosidl_default_generators/cmake)\n'}
[0.825141] (base_interfaces_demo) StdoutLine: {'line': b'-- Using all available rosidl_typesupport_c: rosidl_typesupport_fastrtps_c;rosidl_typesupport_introspection_c\n'}
[0.840365] (base_interfaces_demo) StdoutLine: {'line': b'-- Found rosidl_adapter: 1.3.1 (/opt/ros/foxy/share/rosidl_adapter/cmake)\n'}
[0.912802] (-) TimerEvent: {}
[1.014311] (-) TimerEvent: {}
[1.115904] (-) TimerEvent: {}
[1.216794] (-) TimerEvent: {}
[1.223161] (base_interfaces_demo) StdoutLine: {'line': b'-- Using all available rosidl_typesupport_cpp: rosidl_typesupport_fastrtps_cpp;rosidl_typesupport_introspection_cpp\n'}
[1.317463] (-) TimerEvent: {}
[1.369120] (base_interfaces_demo) StdoutLine: {'line': b'-- Found PythonInterp: /usr/bin/python3 (found version "3.8.10") \n'}
[1.418266] (-) TimerEvent: {}
[1.519802] (-) TimerEvent: {}
[1.622574] (-) TimerEvent: {}
[1.724056] (-) TimerEvent: {}
[1.824874] (-) TimerEvent: {}
[1.926975] (-) TimerEvent: {}
[2.028527] (-) TimerEvent: {}
[2.065923] (base_interfaces_demo) StdoutLine: {'line': b'-- Found ament_cmake_ros: 0.9.2 (/opt/ros/foxy/share/ament_cmake_ros/cmake)\n'}
[2.129029] (-) TimerEvent: {}
[2.230663] (-) TimerEvent: {}
[2.332325] (-) TimerEvent: {}
[2.428043] (base_interfaces_demo) StdoutLine: {'line': b'-- Using all available rosidl_typesupport_c: rosidl_typesupport_fastrtps_c;rosidl_typesupport_introspection_c\n'}
[2.432817] (-) TimerEvent: {}
[2.531299] (base_interfaces_demo) StdoutLine: {'line': b'-- Using all available rosidl_typesupport_cpp: rosidl_typesupport_fastrtps_cpp;rosidl_typesupport_introspection_cpp\n'}
[2.533450] (-) TimerEvent: {}
[2.593317] (base_interfaces_demo) StdoutLine: {'line': b'-- Found PythonInterp: /usr/bin/python3 (found suitable version "3.8.10", minimum required is "3.5") \n'}
[2.597990] (base_interfaces_demo) StdoutLine: {'line': b'-- Found python_cmake_module: 0.8.1 (/opt/ros/foxy/share/python_cmake_module/cmake)\n'}
[2.633903] (-) TimerEvent: {}
[2.661065] (base_interfaces_demo) StdoutLine: {'line': b'-- Using PYTHON_EXECUTABLE: /usr/bin/python3\n'}
[2.661399] (base_interfaces_demo) StdoutLine: {'line': b'-- Using PYTHON_INCLUDE_DIRS: /usr/include/python3.8\n'}
[2.661561] (base_interfaces_demo) StdoutLine: {'line': b'-- Using PYTHON_LIBRARIES: /usr/lib/x86_64-linux-gnu/libpython3.8.so\n'}
[2.725266] (base_interfaces_demo) StdoutLine: {'line': b'-- Found ament_lint_auto: 0.9.8 (/opt/ros/foxy/share/ament_lint_auto/cmake)\n'}
[2.734363] (-) TimerEvent: {}
[2.792857] (base_interfaces_demo) StdoutLine: {'line': b'-- Configuring done\n'}
[2.834941] (-) TimerEvent: {}
[2.935777] (-) TimerEvent: {}
[3.037034] (-) TimerEvent: {}
[3.137876] (-) TimerEvent: {}
[3.239255] (-) TimerEvent: {}
[3.259627] (base_interfaces_demo) StdoutLine: {'line': b'-- Generating done\n'}
[3.269717] (base_interfaces_demo) StdoutLine: {'line': b'-- Build files have been written to: /home/cjs/VL53L8CX/VL53L8CX_ws/build/base_interfaces_demo\n'}
[3.340465] (-) TimerEvent: {}
[3.380682] (base_interfaces_demo) StdoutLine: {'line': b'[  0%] \x1b[34m\x1b[1mGenerating C code for ROS interfaces\x1b[0m\n'}
[3.408620] (base_interfaces_demo) StdoutLine: {'line': b'\x1b[35m\x1b[1mScanning dependencies of target base_interfaces_demo__cpp\x1b[0m\n'}
[3.444871] (-) TimerEvent: {}
[3.465936] (base_interfaces_demo) StdoutLine: {'line': b'[  0%] \x1b[34m\x1b[1mGenerating C++ code for ROS interfaces\x1b[0m\n'}
[3.545406] (-) TimerEvent: {}
[3.646805] (-) TimerEvent: {}
[3.753684] (-) TimerEvent: {}
[3.855762] (-) TimerEvent: {}
[3.956459] (-) TimerEvent: {}
[4.057921] (-) TimerEvent: {}
[4.159577] (-) TimerEvent: {}
[4.261020] (-) TimerEvent: {}
[4.362655] (-) TimerEvent: {}
[4.464198] (-) TimerEvent: {}
[4.564783] (-) TimerEvent: {}
[4.666205] (-) TimerEvent: {}
[4.766881] (-) TimerEvent: {}
[4.868177] (-) TimerEvent: {}
[4.969926] (-) TimerEvent: {}
[5.072758] (-) TimerEvent: {}
[5.174060] (-) TimerEvent: {}
[5.274761] (-) TimerEvent: {}
[5.376342] (-) TimerEvent: {}
[5.477201] (-) TimerEvent: {}
[5.578314] (-) TimerEvent: {}
[5.678891] (-) TimerEvent: {}
[5.784514] (-) TimerEvent: {}
[5.886189] (-) TimerEvent: {}
[5.986819] (-) TimerEvent: {}
[6.088276] (-) TimerEvent: {}
[6.188912] (-) TimerEvent: {}
[6.290267] (-) TimerEvent: {}
[6.390907] (-) TimerEvent: {}
[6.492133] (-) TimerEvent: {}
[6.592972] (-) TimerEvent: {}
[6.694009] (-) TimerEvent: {}
[6.795597] (-) TimerEvent: {}
[6.896301] (-) TimerEvent: {}
[6.997595] (-) TimerEvent: {}
[7.098247] (-) TimerEvent: {}
[7.199725] (-) TimerEvent: {}
[7.301684] (-) TimerEvent: {}
[7.408114] (-) TimerEvent: {}
[7.511675] (-) TimerEvent: {}
[7.614582] (-) TimerEvent: {}
[7.715738] (-) TimerEvent: {}
[7.816609] (-) TimerEvent: {}
[7.920175] (-) TimerEvent: {}
[8.025885] (-) TimerEvent: {}
[8.130255] (-) TimerEvent: {}
[8.238905] (-) TimerEvent: {}
[8.340364] (-) TimerEvent: {}
[8.441647] (-) TimerEvent: {}
[8.543177] (-) TimerEvent: {}
[8.645911] (-) TimerEvent: {}
[8.748384] (-) TimerEvent: {}
[8.849793] (-) TimerEvent: {}
[8.953004] (-) TimerEvent: {}
[9.057488] (-) TimerEvent: {}
[9.160590] (-) TimerEvent: {}
[9.262959] (-) TimerEvent: {}
[9.364634] (-) TimerEvent: {}
[9.468875] (-) TimerEvent: {}
[9.569836] (-) TimerEvent: {}
[9.672424] (-) TimerEvent: {}
[9.774810] (-) TimerEvent: {}
[9.877382] (-) TimerEvent: {}
[9.981812] (-) TimerEvent: {}
[10.088715] (-) TimerEvent: {}
[10.199207] (-) TimerEvent: {}
[10.300161] (-) TimerEvent: {}
[10.338251] (base_interfaces_demo) StdoutLine: {'line': b'[  0%] Built target base_interfaces_demo__cpp\n'}
[10.401118] (-) TimerEvent: {}
[10.419554] (base_interfaces_demo) StdoutLine: {'line': b'[  0%] \x1b[34m\x1b[1mGenerating C++ type support dispatch for ROS interfaces\x1b[0m\n'}
[10.502388] (-) TimerEvent: {}
[10.604346] (-) TimerEvent: {}
[10.609261] (base_interfaces_demo) StdoutLine: {'line': b'[  1%] \x1b[34m\x1b[1mGenerating C++ type support for eProsima Fast-RTPS\x1b[0m\n'}
[10.619695] (base_interfaces_demo) StdoutLine: {'line': b'[  2%] \x1b[34m\x1b[1mGenerating C++ introspection for ROS interfaces\x1b[0m\n'}
[10.645542] (base_interfaces_demo) StdoutLine: {'line': b'\x1b[35m\x1b[1mScanning dependencies of target base_interfaces_demo__rosidl_generator_c\x1b[0m\n'}
[10.705212] (-) TimerEvent: {}
[10.806934] (-) TimerEvent: {}
[10.908539] (-) TimerEvent: {}
[10.910479] (base_interfaces_demo) StdoutLine: {'line': b'[  3%] \x1b[32mBuilding C object CMakeFiles/base_interfaces_demo__rosidl_generator_c.dir/rosidl_generator_c/base_interfaces_demo/action/detail/nav__functions.c.o\x1b[0m\n'}
[11.008886] (-) TimerEvent: {}
[11.110379] (-) TimerEvent: {}
[11.212740] (-) TimerEvent: {}
[11.314462] (-) TimerEvent: {}
[11.416235] (-) TimerEvent: {}
[11.517043] (-) TimerEvent: {}
[11.621322] (-) TimerEvent: {}
[11.664711] (base_interfaces_demo) StdoutLine: {'line': b'[  3%] \x1b[32mBuilding C object CMakeFiles/base_interfaces_demo__rosidl_generator_c.dir/rosidl_generator_c/base_interfaces_demo/msg/detail/ohom__functions.c.o\x1b[0m\n'}
[11.722553] (-) TimerEvent: {}
[11.824398] (-) TimerEvent: {}
[11.881136] (base_interfaces_demo) StdoutLine: {'line': b'[  3%] \x1b[32mBuilding C object CMakeFiles/base_interfaces_demo__rosidl_generator_c.dir/rosidl_generator_c/base_interfaces_demo/msg/detail/hall_info__functions.c.o\x1b[0m\n'}
[11.925640] (-) TimerEvent: {}
[12.027415] (-) TimerEvent: {}
[12.131686] (-) TimerEvent: {}
[12.232660] (-) TimerEvent: {}
[12.294833] (base_interfaces_demo) StdoutLine: {'line': b'[  4%] \x1b[32mBuilding C object CMakeFiles/base_interfaces_demo__rosidl_generator_c.dir/rosidl_generator_c/base_interfaces_demo/msg/detail/location__functions.c.o\x1b[0m\n'}
[12.332979] (-) TimerEvent: {}
[12.434619] (-) TimerEvent: {}
[12.536427] (-) TimerEvent: {}
[12.638842] (base_interfaces_demo) StdoutLine: {'line': b'[  4%] \x1b[32mBuilding C object CMakeFiles/base_interfaces_demo__rosidl_generator_c.dir/rosidl_generator_c/base_interfaces_demo/msg/detail/motor_cmd__functions.c.o\x1b[0m\n'}
[12.639100] (-) TimerEvent: {}
[12.740073] (-) TimerEvent: {}
[12.841684] (-) TimerEvent: {}
[12.850667] (base_interfaces_demo) StdoutLine: {'line': b'[  5%] \x1b[32mBuilding C object CMakeFiles/base_interfaces_demo__rosidl_generator_c.dir/rosidl_generator_c/base_interfaces_demo/msg/detail/motor_status__functions.c.o\x1b[0m\n'}
[12.942238] (-) TimerEvent: {}
[13.043855] (-) TimerEvent: {}
[13.079520] (base_interfaces_demo) StdoutLine: {'line': b'[  5%] \x1b[32mBuilding C object CMakeFiles/base_interfaces_demo__rosidl_generator_c.dir/rosidl_generator_c/base_interfaces_demo/msg/detail/manual__functions.c.o\x1b[0m\n'}
[13.144606] (-) TimerEvent: {}
[13.245891] (-) TimerEvent: {}
[13.347451] (-) TimerEvent: {}
[13.361492] (base_interfaces_demo) StdoutLine: {'line': b'[  5%] \x1b[32mBuilding C object CMakeFiles/base_interfaces_demo__rosidl_generator_c.dir/rosidl_generator_c/base_interfaces_demo/msg/detail/test__functions.c.o\x1b[0m\n'}
[13.447811] (-) TimerEvent: {}
[13.540720] (base_interfaces_demo) StdoutLine: {'line': b'[  6%] \x1b[32mBuilding C object CMakeFiles/base_interfaces_demo__rosidl_generator_c.dir/rosidl_generator_c/base_interfaces_demo/srv/detail/hall__functions.c.o\x1b[0m\n'}
[13.549700] (-) TimerEvent: {}
[13.651332] (-) TimerEvent: {}
[13.754422] (-) TimerEvent: {}
[13.793152] (base_interfaces_demo) StdoutLine: {'line': b'[  6%] \x1b[32mBuilding C object CMakeFiles/base_interfaces_demo__rosidl_generator_c.dir/rosidl_generator_c/base_interfaces_demo/msg/detail/bms_info__functions.c.o\x1b[0m\n'}
[13.855656] (-) TimerEvent: {}
[13.961236] (-) TimerEvent: {}
[14.064163] (-) TimerEvent: {}
[14.068122] (base_interfaces_demo) StdoutLine: {'line': b'[  6%] \x1b[32mBuilding C object CMakeFiles/base_interfaces_demo__rosidl_generator_c.dir/rosidl_generator_c/base_interfaces_demo/msg/detail/charger_info__functions.c.o\x1b[0m\n'}
[14.164786] (-) TimerEvent: {}
[14.265966] (-) TimerEvent: {}
[14.336779] (base_interfaces_demo) StdoutLine: {'line': b'[  7%] \x1b[32mBuilding C object CMakeFiles/base_interfaces_demo__rosidl_generator_c.dir/rosidl_generator_c/base_interfaces_demo/msg/detail/manual_seek_label__functions.c.o\x1b[0m\n'}
[14.368655] (-) TimerEvent: {}
[14.469516] (-) TimerEvent: {}
[14.515845] (base_interfaces_demo) StdoutLine: {'line': b'[  7%] \x1b[32mBuilding C object CMakeFiles/base_interfaces_demo__rosidl_generator_c.dir/rosidl_generator_c/base_interfaces_demo/msg/detail/seek_cmd__functions.c.o\x1b[0m\n'}
[14.570218] (-) TimerEvent: {}
[14.673561] (-) TimerEvent: {}
[14.776002] (-) TimerEvent: {}
[14.829883] (base_interfaces_demo) StdoutLine: {'line': b'[  7%] \x1b[32mBuilding C object CMakeFiles/base_interfaces_demo__rosidl_generator_c.dir/rosidl_generator_c/base_interfaces_demo/msg/detail/seek_ret__functions.c.o\x1b[0m\n'}
[14.868972] (base_interfaces_demo) StdoutLine: {'line': b'\x1b[35m\x1b[1mScanning dependencies of target base_interfaces_demo__rosidl_typesupport_cpp\x1b[0m\n'}
[14.881341] (-) TimerEvent: {}
[14.983025] (-) TimerEvent: {}
[15.015652] (base_interfaces_demo) StdoutLine: {'line': b'[  8%] \x1b[32mBuilding C object CMakeFiles/base_interfaces_demo__rosidl_generator_c.dir/rosidl_generator_c/base_interfaces_demo/msg/detail/system_status__functions.c.o\x1b[0m\n'}
[15.083605] (-) TimerEvent: {}
[15.109549] (base_interfaces_demo) StdoutLine: {'line': b'[  9%] \x1b[32mBuilding CXX object CMakeFiles/base_interfaces_demo__rosidl_typesupport_cpp.dir/rosidl_typesupport_cpp/base_interfaces_demo/action/nav__type_support.cpp.o\x1b[0m\n'}
[15.185211] (-) TimerEvent: {}
[15.224683] (base_interfaces_demo) StdoutLine: {'line': b'[  9%] \x1b[32mBuilding C object CMakeFiles/base_interfaces_demo__rosidl_generator_c.dir/rosidl_generator_c/base_interfaces_demo/action/detail/reverse__functions.c.o\x1b[0m\n'}
[15.285756] (-) TimerEvent: {}
[15.387725] (-) TimerEvent: {}
[15.492488] (-) TimerEvent: {}
[15.595107] (-) TimerEvent: {}
[15.640568] (base_interfaces_demo) StdoutLine: {'line': b'[  9%] \x1b[32mBuilding C object CMakeFiles/base_interfaces_demo__rosidl_generator_c.dir/rosidl_generator_c/base_interfaces_demo/msg/detail/lift_info__functions.c.o\x1b[0m\n'}
[15.695531] (-) TimerEvent: {}
[15.797224] (-) TimerEvent: {}
[15.895845] (base_interfaces_demo) StdoutLine: {'line': b'[ 10%] \x1b[32mBuilding C object CMakeFiles/base_interfaces_demo__rosidl_generator_c.dir/rosidl_generator_c/base_interfaces_demo/msg/detail/color_info__functions.c.o\x1b[0m\n'}
[15.897845] (-) TimerEvent: {}
[16.000602] (-) TimerEvent: {}
[16.091467] (base_interfaces_demo) StdoutLine: {'line': b'[ 10%] \x1b[32mBuilding C object CMakeFiles/base_interfaces_demo__rosidl_generator_c.dir/rosidl_generator_c/base_interfaces_demo/msg/detail/file_updata__functions.c.o\x1b[0m\n'}
[16.100862] (-) TimerEvent: {}
[16.203310] (-) TimerEvent: {}
[16.288488] (base_interfaces_demo) StdoutLine: {'line': b'[ 11%] \x1b[32mBuilding C object CMakeFiles/base_interfaces_demo__rosidl_generator_c.dir/rosidl_generator_c/base_interfaces_demo/msg/detail/obs_laser__functions.c.o\x1b[0m\n'}
[16.304135] (-) TimerEvent: {}
[16.404812] (-) TimerEvent: {}
[16.481428] (base_interfaces_demo) StdoutLine: {'line': b'[ 11%] \x1b[32mBuilding C object CMakeFiles/base_interfaces_demo__rosidl_generator_c.dir/rosidl_generator_c/base_interfaces_demo/msg/detail/pallet_info__functions.c.o\x1b[0m\n'}
[16.508516] (-) TimerEvent: {}
[16.609938] (-) TimerEvent: {}
[16.711568] (-) TimerEvent: {}
[16.724063] (base_interfaces_demo) StdoutLine: {'line': b'[ 11%] \x1b[32mBuilding C object CMakeFiles/base_interfaces_demo__rosidl_generator_c.dir/rosidl_generator_c/base_interfaces_demo/msg/detail/movecontrol_info__functions.c.o\x1b[0m\n'}
[16.755652] (base_interfaces_demo) StdoutLine: {'line': b'[ 11%] \x1b[32mBuilding CXX object CMakeFiles/base_interfaces_demo__rosidl_typesupport_cpp.dir/rosidl_typesupport_cpp/base_interfaces_demo/msg/ohom__type_support.cpp.o\x1b[0m\n'}
[16.812889] (-) TimerEvent: {}
[16.914240] (-) TimerEvent: {}
[16.993166] (base_interfaces_demo) StdoutLine: {'line': b'[ 12%] \x1b[32mBuilding C object CMakeFiles/base_interfaces_demo__rosidl_generator_c.dir/rosidl_generator_c/base_interfaces_demo/msg/detail/motion_control__functions.c.o\x1b[0m\n'}
[17.014873] (-) TimerEvent: {}
[17.118898] (-) TimerEvent: {}
[17.131929] (base_interfaces_demo) StdoutLine: {'line': b'\x1b[35m\x1b[1mScanning dependencies of target base_interfaces_demo__rosidl_typesupport_introspection_cpp\x1b[0m\n'}
[17.172575] (base_interfaces_demo) StdoutLine: {'line': b'[ 12%] \x1b[32mBuilding C object CMakeFiles/base_interfaces_demo__rosidl_generator_c.dir/rosidl_generator_c/base_interfaces_demo/msg/detail/rcs_info__functions.c.o\x1b[0m\n'}
[17.223290] (-) TimerEvent: {}
[17.325997] (-) TimerEvent: {}
[17.346403] (base_interfaces_demo) StdoutLine: {'line': b'[ 12%] \x1b[32mBuilding CXX object CMakeFiles/base_interfaces_demo__rosidl_typesupport_introspection_cpp.dir/rosidl_typesupport_introspection_cpp/base_interfaces_demo/action/detail/nav__type_support.cpp.o\x1b[0m\n'}
[17.373008] (base_interfaces_demo) StdoutLine: {'line': b'[ 12%] \x1b[32mBuilding C object CMakeFiles/base_interfaces_demo__rosidl_generator_c.dir/rosidl_generator_c/base_interfaces_demo/msg/detail/lift_control__functions.c.o\x1b[0m\n'}
[17.426620] (-) TimerEvent: {}
[17.530375] (-) TimerEvent: {}
[17.623322] (base_interfaces_demo) StdoutLine: {'line': b'[ 13%] \x1b[32mBuilding C object CMakeFiles/base_interfaces_demo__rosidl_generator_c.dir/rosidl_generator_c/base_interfaces_demo/msg/detail/bt_status__functions.c.o\x1b[0m\n'}
[17.630826] (-) TimerEvent: {}
[17.734267] (-) TimerEvent: {}
[17.840760] (-) TimerEvent: {}
[17.863382] (base_interfaces_demo) StdoutLine: {'line': b'[ 13%] \x1b[32mBuilding C object CMakeFiles/base_interfaces_demo__rosidl_generator_c.dir/rosidl_generator_c/base_interfaces_demo/msg/detail/car_status__functions.c.o\x1b[0m\n'}
[17.941214] (-) TimerEvent: {}
[18.044814] (-) TimerEvent: {}
[18.121536] (base_interfaces_demo) StdoutLine: {'line': b'[ 13%] \x1b[32mBuilding C object CMakeFiles/base_interfaces_demo__rosidl_generator_c.dir/rosidl_generator_c/base_interfaces_demo/msg/detail/health_node__functions.c.o\x1b[0m\n'}
[18.145271] (-) TimerEvent: {}
[18.158576] (base_interfaces_demo) StdoutLine: {'line': b'[ 14%] \x1b[32mBuilding CXX object CMakeFiles/base_interfaces_demo__rosidl_typesupport_cpp.dir/rosidl_typesupport_cpp/base_interfaces_demo/msg/hall_info__type_support.cpp.o\x1b[0m\n'}
[18.245828] (-) TimerEvent: {}
[18.348465] (-) TimerEvent: {}
[18.385660] (base_interfaces_demo) StdoutLine: {'line': b'[ 15%] \x1b[32mBuilding C object CMakeFiles/base_interfaces_demo__rosidl_generator_c.dir/rosidl_generator_c/base_interfaces_demo/action/detail/pallet__functions.c.o\x1b[0m\n'}
[18.449054] (-) TimerEvent: {}
[18.498783] (base_interfaces_demo) StdoutLine: {'line': b'[ 15%] \x1b[32mBuilding CXX object CMakeFiles/base_interfaces_demo__rosidl_typesupport_introspection_cpp.dir/rosidl_typesupport_introspection_cpp/base_interfaces_demo/msg/detail/ohom__type_support.cpp.o\x1b[0m\n'}
[18.549402] (-) TimerEvent: {}
[18.612535] (base_interfaces_demo) StdoutLine: {'line': b'\x1b[35m\x1b[1mScanning dependencies of target base_interfaces_demo__rosidl_typesupport_fastrtps_cpp\x1b[0m\n'}
[18.649931] (-) TimerEvent: {}
[18.752700] (-) TimerEvent: {}
[18.863171] (-) TimerEvent: {}
[18.964606] (-) TimerEvent: {}
[18.985988] (base_interfaces_demo) StdoutLine: {'line': b'[ 15%] \x1b[32mBuilding C object CMakeFiles/base_interfaces_demo__rosidl_generator_c.dir/rosidl_generator_c/base_interfaces_demo/srv/detail/check_emergency__functions.c.o\x1b[0m\n'}
[19.048519] (base_interfaces_demo) StdoutLine: {'line': b'[ 15%] \x1b[32mBuilding CXX object CMakeFiles/base_interfaces_demo__rosidl_typesupport_fastrtps_cpp.dir/rosidl_typesupport_fastrtps_cpp/base_interfaces_demo/action/detail/dds_fastrtps/nav__type_support.cpp.o\x1b[0m\n'}
[19.065071] (-) TimerEvent: {}
[19.166493] (-) TimerEvent: {}
[19.272105] (-) TimerEvent: {}
[19.305309] (base_interfaces_demo) StdoutLine: {'line': b'[ 15%] \x1b[32mBuilding CXX object CMakeFiles/base_interfaces_demo__rosidl_typesupport_cpp.dir/rosidl_typesupport_cpp/base_interfaces_demo/msg/location__type_support.cpp.o\x1b[0m\n'}
[19.339842] (base_interfaces_demo) StdoutLine: {'line': b'[ 16%] \x1b[32mBuilding C object CMakeFiles/base_interfaces_demo__rosidl_generator_c.dir/rosidl_generator_c/base_interfaces_demo/srv/detail/set_emergency__functions.c.o\x1b[0m\n'}
[19.375446] (-) TimerEvent: {}
[19.484048] (-) TimerEvent: {}
[19.584872] (-) TimerEvent: {}
[19.686238] (-) TimerEvent: {}
[19.737140] (base_interfaces_demo) StdoutLine: {'line': b'[ 16%] \x1b[32mBuilding C object CMakeFiles/base_interfaces_demo__rosidl_generator_c.dir/rosidl_generator_c/base_interfaces_demo/srv/detail/rcs_server__functions.c.o\x1b[0m\n'}
[19.747834] (base_interfaces_demo) StdoutLine: {'line': b'[ 17%] \x1b[32mBuilding CXX object CMakeFiles/base_interfaces_demo__rosidl_typesupport_introspection_cpp.dir/rosidl_typesupport_introspection_cpp/base_interfaces_demo/msg/detail/hall_info__type_support.cpp.o\x1b[0m\n'}
[19.786877] (-) TimerEvent: {}
[19.890285] (-) TimerEvent: {}
[19.993117] (-) TimerEvent: {}
[20.095759] (-) TimerEvent: {}
[20.142553] (base_interfaces_demo) StdoutLine: {'line': b'[ 17%] \x1b[32mBuilding CXX object CMakeFiles/base_interfaces_demo__rosidl_typesupport_cpp.dir/rosidl_typesupport_cpp/base_interfaces_demo/msg/motor_cmd__type_support.cpp.o\x1b[0m\n'}
[20.146863] (base_interfaces_demo) StdoutLine: {'line': b'[ 17%] \x1b[32m\x1b[1mLinking C shared library libbase_interfaces_demo__rosidl_generator_c.so\x1b[0m\n'}
[20.199895] (-) TimerEvent: {}
[20.300749] (-) TimerEvent: {}
[20.407670] (-) TimerEvent: {}
[20.508322] (-) TimerEvent: {}
[20.609717] (-) TimerEvent: {}
[20.611165] (base_interfaces_demo) StdoutLine: {'line': b'[ 17%] \x1b[32mBuilding CXX object CMakeFiles/base_interfaces_demo__rosidl_typesupport_fastrtps_cpp.dir/rosidl_typesupport_fastrtps_cpp/base_interfaces_demo/msg/detail/dds_fastrtps/ohom__type_support.cpp.o\x1b[0m\n'}
[20.710280] (-) TimerEvent: {}
[20.810127] (base_interfaces_demo) StdoutLine: {'line': b'[ 17%] Built target base_interfaces_demo__rosidl_generator_c\n'}
[20.810497] (-) TimerEvent: {}
[20.911371] (-) TimerEvent: {}
[20.924969] (base_interfaces_demo) StdoutLine: {'line': b'[ 18%] \x1b[34m\x1b[1mGenerating C introspection for ROS interfaces\x1b[0m\n'}
[20.943503] (base_interfaces_demo) StdoutLine: {'line': b'[ 19%] \x1b[32mBuilding CXX object CMakeFiles/base_interfaces_demo__rosidl_typesupport_cpp.dir/rosidl_typesupport_cpp/base_interfaces_demo/msg/motor_status__type_support.cpp.o\x1b[0m\n'}
[21.012676] (-) TimerEvent: {}
[21.052602] (base_interfaces_demo) StdoutLine: {'line': b'[ 19%] \x1b[32mBuilding CXX object CMakeFiles/base_interfaces_demo__rosidl_typesupport_introspection_cpp.dir/rosidl_typesupport_introspection_cpp/base_interfaces_demo/msg/detail/location__type_support.cpp.o\x1b[0m\n'}
[21.114017] (-) TimerEvent: {}
[21.215524] (-) TimerEvent: {}
[21.320454] (-) TimerEvent: {}
[21.422651] (-) TimerEvent: {}
[21.526166] (-) TimerEvent: {}
[21.629619] (-) TimerEvent: {}
[21.730464] (base_interfaces_demo) StdoutLine: {'line': b'[ 19%] \x1b[32mBuilding CXX object CMakeFiles/base_interfaces_demo__rosidl_typesupport_cpp.dir/rosidl_typesupport_cpp/base_interfaces_demo/msg/manual__type_support.cpp.o\x1b[0m\n'}
[21.734244] (-) TimerEvent: {}
[21.840234] (-) TimerEvent: {}
[21.941209] (-) TimerEvent: {}
[22.052656] (-) TimerEvent: {}
[22.089489] (base_interfaces_demo) StdoutLine: {'line': b'[ 20%] \x1b[32mBuilding CXX object CMakeFiles/base_interfaces_demo__rosidl_typesupport_fastrtps_cpp.dir/rosidl_typesupport_fastrtps_cpp/base_interfaces_demo/msg/detail/dds_fastrtps/hall_info__type_support.cpp.o\x1b[0m\n'}
[22.106554] (base_interfaces_demo) StdoutLine: {'line': b'[ 20%] \x1b[32mBuilding CXX object CMakeFiles/base_interfaces_demo__rosidl_typesupport_introspection_cpp.dir/rosidl_typesupport_introspection_cpp/base_interfaces_demo/msg/detail/motor_cmd__type_support.cpp.o\x1b[0m\n'}
[22.153435] (-) TimerEvent: {}
[22.263275] (-) TimerEvent: {}
[22.371954] (-) TimerEvent: {}
[22.472999] (-) TimerEvent: {}
[22.575511] (-) TimerEvent: {}
[22.679104] (-) TimerEvent: {}
[22.778276] (base_interfaces_demo) StdoutLine: {'line': b'[ 20%] \x1b[32mBuilding CXX object CMakeFiles/base_interfaces_demo__rosidl_typesupport_cpp.dir/rosidl_typesupport_cpp/base_interfaces_demo/msg/test__type_support.cpp.o\x1b[0m\n'}
[22.779683] (-) TimerEvent: {}
[22.883189] (-) TimerEvent: {}
[22.988929] (-) TimerEvent: {}
[23.092033] (-) TimerEvent: {}
[23.177014] (base_interfaces_demo) StdoutLine: {'line': b'[ 21%] \x1b[32mBuilding CXX object CMakeFiles/base_interfaces_demo__rosidl_typesupport_introspection_cpp.dir/rosidl_typesupport_introspection_cpp/base_interfaces_demo/msg/detail/motor_status__type_support.cpp.o\x1b[0m\n'}
[23.192511] (-) TimerEvent: {}
[23.292568] (base_interfaces_demo) StdoutLine: {'line': b'[ 21%] \x1b[32mBuilding CXX object CMakeFiles/base_interfaces_demo__rosidl_typesupport_fastrtps_cpp.dir/rosidl_typesupport_fastrtps_cpp/base_interfaces_demo/msg/detail/dds_fastrtps/location__type_support.cpp.o\x1b[0m\n'}
[23.293457] (-) TimerEvent: {}
[23.394705] (-) TimerEvent: {}
[23.496964] (-) TimerEvent: {}
[23.598255] (-) TimerEvent: {}
[23.699983] (-) TimerEvent: {}
[23.801788] (-) TimerEvent: {}
[23.875049] (base_interfaces_demo) StdoutLine: {'line': b'[ 22%] \x1b[32mBuilding CXX object CMakeFiles/base_interfaces_demo__rosidl_typesupport_cpp.dir/rosidl_typesupport_cpp/base_interfaces_demo/srv/hall__type_support.cpp.o\x1b[0m\n'}
[23.902549] (-) TimerEvent: {}
[24.006248] (-) TimerEvent: {}
[24.113726] (-) TimerEvent: {}
[24.234596] (-) TimerEvent: {}
[24.336448] (-) TimerEvent: {}
[24.361733] (base_interfaces_demo) StdoutLine: {'line': b'[ 22%] \x1b[32mBuilding CXX object CMakeFiles/base_interfaces_demo__rosidl_typesupport_introspection_cpp.dir/rosidl_typesupport_introspection_cpp/base_interfaces_demo/msg/detail/manual__type_support.cpp.o\x1b[0m\n'}
[24.437160] (-) TimerEvent: {}
[24.540751] (-) TimerEvent: {}
[24.644335] (-) TimerEvent: {}
[24.660843] (base_interfaces_demo) StdoutLine: {'line': b'[ 22%] \x1b[32mBuilding CXX object CMakeFiles/base_interfaces_demo__rosidl_typesupport_fastrtps_cpp.dir/rosidl_typesupport_fastrtps_cpp/base_interfaces_demo/msg/detail/dds_fastrtps/motor_cmd__type_support.cpp.o\x1b[0m\n'}
[24.745044] (-) TimerEvent: {}
[24.853196] (-) TimerEvent: {}
[24.964362] (-) TimerEvent: {}
[24.986368] (base_interfaces_demo) StdoutLine: {'line': b'[ 22%] \x1b[32mBuilding CXX object CMakeFiles/base_interfaces_demo__rosidl_typesupport_cpp.dir/rosidl_typesupport_cpp/base_interfaces_demo/msg/bms_info__type_support.cpp.o\x1b[0m\n'}
[25.065048] (-) TimerEvent: {}
[25.166640] (-) TimerEvent: {}
[25.268463] (-) TimerEvent: {}
[25.338139] (base_interfaces_demo) StdoutLine: {'line': b'[ 23%] \x1b[32mBuilding CXX object CMakeFiles/base_interfaces_demo__rosidl_typesupport_introspection_cpp.dir/rosidl_typesupport_introspection_cpp/base_interfaces_demo/msg/detail/test__type_support.cpp.o\x1b[0m\n'}
[25.369240] (-) TimerEvent: {}
[25.472658] (-) TimerEvent: {}
[25.576352] (-) TimerEvent: {}
[25.680927] (-) TimerEvent: {}
[25.729734] (base_interfaces_demo) StdoutLine: {'line': b'[ 23%] \x1b[32mBuilding CXX object CMakeFiles/base_interfaces_demo__rosidl_typesupport_cpp.dir/rosidl_typesupport_cpp/base_interfaces_demo/msg/charger_info__type_support.cpp.o\x1b[0m\n'}
[25.787823] (-) TimerEvent: {}
[25.888940] (-) TimerEvent: {}
[25.927672] (base_interfaces_demo) StdoutLine: {'line': b'[ 24%] \x1b[32mBuilding CXX object CMakeFiles/base_interfaces_demo__rosidl_typesupport_fastrtps_cpp.dir/rosidl_typesupport_fastrtps_cpp/base_interfaces_demo/msg/detail/dds_fastrtps/motor_status__type_support.cpp.o\x1b[0m\n'}
[25.996540] (-) TimerEvent: {}
[26.100993] (-) TimerEvent: {}
[26.208625] (-) TimerEvent: {}
[26.240719] (base_interfaces_demo) StdoutLine: {'line': b'[ 24%] \x1b[32mBuilding CXX object CMakeFiles/base_interfaces_demo__rosidl_typesupport_introspection_cpp.dir/rosidl_typesupport_introspection_cpp/base_interfaces_demo/srv/detail/hall__type_support.cpp.o\x1b[0m\n'}
[26.309137] (-) TimerEvent: {}
[26.411766] (-) TimerEvent: {}
[26.514125] (-) TimerEvent: {}
[26.617675] (-) TimerEvent: {}
[26.693807] (base_interfaces_demo) StdoutLine: {'line': b'[ 25%] \x1b[32mBuilding CXX object CMakeFiles/base_interfaces_demo__rosidl_typesupport_cpp.dir/rosidl_typesupport_cpp/base_interfaces_demo/msg/manual_seek_label__type_support.cpp.o\x1b[0m\n'}
[26.718098] (-) TimerEvent: {}
[26.822395] (-) TimerEvent: {}
[26.925467] (-) TimerEvent: {}
[26.954461] (base_interfaces_demo) StdoutLine: {'line': b'[ 25%] \x1b[32mBuilding CXX object CMakeFiles/base_interfaces_demo__rosidl_typesupport_introspection_cpp.dir/rosidl_typesupport_introspection_cpp/base_interfaces_demo/msg/detail/bms_info__type_support.cpp.o\x1b[0m\n'}
[27.026040] (-) TimerEvent: {}
[27.128633] (-) TimerEvent: {}
[27.229860] (-) TimerEvent: {}
[27.336539] (-) TimerEvent: {}
[27.363553] (base_interfaces_demo) StdoutLine: {'line': b'[ 25%] \x1b[32mBuilding CXX object CMakeFiles/base_interfaces_demo__rosidl_typesupport_fastrtps_cpp.dir/rosidl_typesupport_fastrtps_cpp/base_interfaces_demo/msg/detail/dds_fastrtps/manual__type_support.cpp.o\x1b[0m\n'}
[27.437850] (-) TimerEvent: {}
[27.541413] (-) TimerEvent: {}
[27.643947] (-) TimerEvent: {}
[27.708692] (base_interfaces_demo) StdoutLine: {'line': b'[ 25%] \x1b[32mBuilding CXX object CMakeFiles/base_interfaces_demo__rosidl_typesupport_cpp.dir/rosidl_typesupport_cpp/base_interfaces_demo/msg/seek_cmd__type_support.cpp.o\x1b[0m\n'}
[27.744707] (-) TimerEvent: {}
[27.846106] (-) TimerEvent: {}
[27.917135] (base_interfaces_demo) StdoutLine: {'line': b'[ 26%] \x1b[32mBuilding CXX object CMakeFiles/base_interfaces_demo__rosidl_typesupport_introspection_cpp.dir/rosidl_typesupport_introspection_cpp/base_interfaces_demo/msg/detail/charger_info__type_support.cpp.o\x1b[0m\n'}
[27.946590] (-) TimerEvent: {}
[28.047342] (-) TimerEvent: {}
[28.148856] (-) TimerEvent: {}
[28.250247] (-) TimerEvent: {}
[28.351894] (-) TimerEvent: {}
[28.452651] (-) TimerEvent: {}
[28.555850] (-) TimerEvent: {}
[28.630809] (base_interfaces_demo) StdoutLine: {'line': b'[ 27%] \x1b[32mBuilding CXX object CMakeFiles/base_interfaces_demo__rosidl_typesupport_cpp.dir/rosidl_typesupport_cpp/base_interfaces_demo/msg/seek_ret__type_support.cpp.o\x1b[0m\n'}
[28.656786] (-) TimerEvent: {}
[28.712839] (base_interfaces_demo) StdoutLine: {'line': b'[ 27%] \x1b[32mBuilding CXX object CMakeFiles/base_interfaces_demo__rosidl_typesupport_fastrtps_cpp.dir/rosidl_typesupport_fastrtps_cpp/base_interfaces_demo/msg/detail/dds_fastrtps/test__type_support.cpp.o\x1b[0m\n'}
[28.737653] (base_interfaces_demo) StdoutLine: {'line': b'[ 27%] \x1b[32mBuilding CXX object CMakeFiles/base_interfaces_demo__rosidl_typesupport_introspection_cpp.dir/rosidl_typesupport_introspection_cpp/base_interfaces_demo/msg/detail/manual_seek_label__type_support.cpp.o\x1b[0m\n'}
[28.757979] (-) TimerEvent: {}
[28.858669] (-) TimerEvent: {}
[28.960199] (-) TimerEvent: {}
[28.993134] (base_interfaces_demo) StdoutLine: {'line': b'\x1b[35m\x1b[1mScanning dependencies of target base_interfaces_demo__rosidl_typesupport_introspection_c\x1b[0m\n'}
[29.060712] (-) TimerEvent: {}
[29.127447] (base_interfaces_demo) StdoutLine: {'line': b'[ 27%] \x1b[32mBuilding C object CMakeFiles/base_interfaces_demo__rosidl_typesupport_introspection_c.dir/rosidl_typesupport_introspection_c/base_interfaces_demo/action/detail/nav__type_support.c.o\x1b[0m\n'}
[29.164261] (-) TimerEvent: {}
[29.268757] (-) TimerEvent: {}
[29.370034] (base_interfaces_demo) StdoutLine: {'line': b'[ 27%] \x1b[32mBuilding C object CMakeFiles/base_interfaces_demo__rosidl_typesupport_introspection_c.dir/rosidl_typesupport_introspection_c/base_interfaces_demo/msg/detail/ohom__type_support.c.o\x1b[0m\n'}
[29.370352] (-) TimerEvent: {}
[29.472867] (-) TimerEvent: {}
[29.576365] (-) TimerEvent: {}
[29.577077] (base_interfaces_demo) StdoutLine: {'line': b'[ 28%] \x1b[32mBuilding C object CMakeFiles/base_interfaces_demo__rosidl_typesupport_introspection_c.dir/rosidl_typesupport_introspection_c/base_interfaces_demo/msg/detail/hall_info__type_support.c.o\x1b[0m\n'}
[29.664836] (base_interfaces_demo) StdoutLine: {'line': b'[ 28%] \x1b[32mBuilding CXX object CMakeFiles/base_interfaces_demo__rosidl_typesupport_cpp.dir/rosidl_typesupport_cpp/base_interfaces_demo/msg/system_status__type_support.cpp.o\x1b[0m\n'}
[29.676940] (-) TimerEvent: {}
[29.707729] (base_interfaces_demo) StdoutLine: {'line': b'[ 28%] \x1b[32mBuilding CXX object CMakeFiles/base_interfaces_demo__rosidl_typesupport_introspection_cpp.dir/rosidl_typesupport_introspection_cpp/base_interfaces_demo/msg/detail/seek_cmd__type_support.cpp.o\x1b[0m\n'}
[29.777285] (-) TimerEvent: {}
[29.779359] (base_interfaces_demo) StdoutLine: {'line': b'[ 28%] \x1b[32mBuilding C object CMakeFiles/base_interfaces_demo__rosidl_typesupport_introspection_c.dir/rosidl_typesupport_introspection_c/base_interfaces_demo/msg/detail/location__type_support.c.o\x1b[0m\n'}
[29.877847] (-) TimerEvent: {}
[29.981448] (-) TimerEvent: {}
[30.029448] (base_interfaces_demo) StdoutLine: {'line': b'[ 29%] \x1b[32mBuilding CXX object CMakeFiles/base_interfaces_demo__rosidl_typesupport_fastrtps_cpp.dir/rosidl_typesupport_fastrtps_cpp/base_interfaces_demo/srv/detail/dds_fastrtps/hall__type_support.cpp.o\x1b[0m\n'}
[30.075380] (base_interfaces_demo) StdoutLine: {'line': b'[ 30%] \x1b[32mBuilding C object CMakeFiles/base_interfaces_demo__rosidl_typesupport_introspection_c.dir/rosidl_typesupport_introspection_c/base_interfaces_demo/msg/detail/motor_cmd__type_support.c.o\x1b[0m\n'}
[30.085065] (-) TimerEvent: {}
[30.188592] (-) TimerEvent: {}
[30.290009] (-) TimerEvent: {}
[30.360767] (base_interfaces_demo) StdoutLine: {'line': b'[ 30%] \x1b[32mBuilding C object CMakeFiles/base_interfaces_demo__rosidl_typesupport_introspection_c.dir/rosidl_typesupport_introspection_c/base_interfaces_demo/msg/detail/motor_status__type_support.c.o\x1b[0m\n'}
[30.392693] (-) TimerEvent: {}
[30.496079] (-) TimerEvent: {}
[30.579995] (base_interfaces_demo) StdoutLine: {'line': b'[ 30%] \x1b[32mBuilding CXX object CMakeFiles/base_interfaces_demo__rosidl_typesupport_cpp.dir/rosidl_typesupport_cpp/base_interfaces_demo/action/reverse__type_support.cpp.o\x1b[0m\n'}
[30.596832] (-) TimerEvent: {}
[30.649225] (base_interfaces_demo) StdoutLine: {'line': b'[ 30%] \x1b[32mBuilding C object CMakeFiles/base_interfaces_demo__rosidl_typesupport_introspection_c.dir/rosidl_typesupport_introspection_c/base_interfaces_demo/msg/detail/manual__type_support.c.o\x1b[0m\n'}
[30.697213] (-) TimerEvent: {}
[30.756446] (base_interfaces_demo) StdoutLine: {'line': b'[ 31%] \x1b[32mBuilding CXX object CMakeFiles/base_interfaces_demo__rosidl_typesupport_introspection_cpp.dir/rosidl_typesupport_introspection_cpp/base_interfaces_demo/msg/detail/seek_ret__type_support.cpp.o\x1b[0m\n'}
[30.803083] (-) TimerEvent: {}
[30.873680] (base_interfaces_demo) StdoutLine: {'line': b'[ 32%] \x1b[32mBuilding C object CMakeFiles/base_interfaces_demo__rosidl_typesupport_introspection_c.dir/rosidl_typesupport_introspection_c/base_interfaces_demo/msg/detail/test__type_support.c.o\x1b[0m\n'}
[30.916900] (-) TimerEvent: {}
[31.018512] (-) TimerEvent: {}
[31.120008] (-) TimerEvent: {}
[31.142548] (base_interfaces_demo) StdoutLine: {'line': b'[ 32%] \x1b[32mBuilding C object CMakeFiles/base_interfaces_demo__rosidl_typesupport_introspection_c.dir/rosidl_typesupport_introspection_c/base_interfaces_demo/srv/detail/hall__type_support.c.o\x1b[0m\n'}
[31.221143] (-) TimerEvent: {}
[31.323202] (-) TimerEvent: {}
[31.351207] (base_interfaces_demo) StdoutLine: {'line': b'[ 32%] \x1b[32mBuilding CXX object CMakeFiles/base_interfaces_demo__rosidl_typesupport_fastrtps_cpp.dir/rosidl_typesupport_fastrtps_cpp/base_interfaces_demo/msg/detail/dds_fastrtps/bms_info__type_support.cpp.o\x1b[0m\n'}
[31.413860] (base_interfaces_demo) StdoutLine: {'line': b'[ 32%] \x1b[32mBuilding C object CMakeFiles/base_interfaces_demo__rosidl_typesupport_introspection_c.dir/rosidl_typesupport_introspection_c/base_interfaces_demo/msg/detail/bms_info__type_support.c.o\x1b[0m\n'}
[31.427631] (-) TimerEvent: {}
[31.533157] (-) TimerEvent: {}
[31.634095] (-) TimerEvent: {}
[31.655106] (base_interfaces_demo) StdoutLine: {'line': b'[ 33%] \x1b[32mBuilding C object CMakeFiles/base_interfaces_demo__rosidl_typesupport_introspection_c.dir/rosidl_typesupport_introspection_c/base_interfaces_demo/msg/detail/charger_info__type_support.c.o\x1b[0m\n'}
[31.684638] (base_interfaces_demo) StdoutLine: {'line': b'[ 34%] \x1b[32mBuilding CXX object CMakeFiles/base_interfaces_demo__rosidl_typesupport_cpp.dir/rosidl_typesupport_cpp/base_interfaces_demo/msg/lift_info__type_support.cpp.o\x1b[0m\n'}
[31.718584] (base_interfaces_demo) StdoutLine: {'line': b'[ 34%] \x1b[32mBuilding CXX object CMakeFiles/base_interfaces_demo__rosidl_typesupport_introspection_cpp.dir/rosidl_typesupport_introspection_cpp/base_interfaces_demo/msg/detail/system_status__type_support.cpp.o\x1b[0m\n'}
[31.735379] (-) TimerEvent: {}
[31.819239] (base_interfaces_demo) StdoutLine: {'line': b'[ 34%] \x1b[32mBuilding C object CMakeFiles/base_interfaces_demo__rosidl_typesupport_introspection_c.dir/rosidl_typesupport_introspection_c/base_interfaces_demo/msg/detail/manual_seek_label__type_support.c.o\x1b[0m\n'}
[31.840058] (-) TimerEvent: {}
[31.941327] (-) TimerEvent: {}
[32.042940] (-) TimerEvent: {}
[32.098685] (base_interfaces_demo) StdoutLine: {'line': b'[ 34%] \x1b[32mBuilding C object CMakeFiles/base_interfaces_demo__rosidl_typesupport_introspection_c.dir/rosidl_typesupport_introspection_c/base_interfaces_demo/msg/detail/seek_cmd__type_support.c.o\x1b[0m\n'}
[32.143744] (-) TimerEvent: {}
[32.250047] (-) TimerEvent: {}
[32.352731] (-) TimerEvent: {}
[32.392763] (base_interfaces_demo) StdoutLine: {'line': b'[ 35%] \x1b[32mBuilding C object CMakeFiles/base_interfaces_demo__rosidl_typesupport_introspection_c.dir/rosidl_typesupport_introspection_c/base_interfaces_demo/msg/detail/seek_ret__type_support.c.o\x1b[0m\n'}
[32.453189] (-) TimerEvent: {}
[32.557548] (-) TimerEvent: {}
[32.582367] (base_interfaces_demo) StdoutLine: {'line': b'[ 35%] \x1b[32mBuilding CXX object CMakeFiles/base_interfaces_demo__rosidl_typesupport_introspection_cpp.dir/rosidl_typesupport_introspection_cpp/base_interfaces_demo/action/detail/reverse__type_support.cpp.o\x1b[0m\n'}
[32.635029] (base_interfaces_demo) StdoutLine: {'line': b'[ 35%] \x1b[32mBuilding C object CMakeFiles/base_interfaces_demo__rosidl_typesupport_introspection_c.dir/rosidl_typesupport_introspection_c/base_interfaces_demo/msg/detail/system_status__type_support.c.o\x1b[0m\n'}
[32.658162] (-) TimerEvent: {}
[32.674839] (base_interfaces_demo) StdoutLine: {'line': b'[ 35%] \x1b[32mBuilding CXX object CMakeFiles/base_interfaces_demo__rosidl_typesupport_cpp.dir/rosidl_typesupport_cpp/base_interfaces_demo/msg/color_info__type_support.cpp.o\x1b[0m\n'}
[32.728087] (base_interfaces_demo) StdoutLine: {'line': b'[ 36%] \x1b[32mBuilding CXX object CMakeFiles/base_interfaces_demo__rosidl_typesupport_fastrtps_cpp.dir/rosidl_typesupport_fastrtps_cpp/base_interfaces_demo/msg/detail/dds_fastrtps/charger_info__type_support.cpp.o\x1b[0m\n'}
[32.758714] (-) TimerEvent: {}
[32.803740] (base_interfaces_demo) StdoutLine: {'line': b'[ 37%] \x1b[32mBuilding C object CMakeFiles/base_interfaces_demo__rosidl_typesupport_introspection_c.dir/rosidl_typesupport_introspection_c/base_interfaces_demo/action/detail/reverse__type_support.c.o\x1b[0m\n'}
[32.859272] (-) TimerEvent: {}
[32.961801] (-) TimerEvent: {}
[32.982418] (base_interfaces_demo) StdoutLine: {'line': b'[ 37%] \x1b[32mBuilding C object CMakeFiles/base_interfaces_demo__rosidl_typesupport_introspection_c.dir/rosidl_typesupport_introspection_c/base_interfaces_demo/msg/detail/lift_info__type_support.c.o\x1b[0m\n'}
[33.062303] (-) TimerEvent: {}
[33.174998] (base_interfaces_demo) StdoutLine: {'line': b'[ 37%] \x1b[32mBuilding C object CMakeFiles/base_interfaces_demo__rosidl_typesupport_introspection_c.dir/rosidl_typesupport_introspection_c/base_interfaces_demo/msg/detail/color_info__type_support.c.o\x1b[0m\n'}
[33.175429] (-) TimerEvent: {}
[33.276424] (-) TimerEvent: {}
[33.377881] (-) TimerEvent: {}
[33.431550] (base_interfaces_demo) StdoutLine: {'line': b'[ 38%] \x1b[32mBuilding C object CMakeFiles/base_interfaces_demo__rosidl_typesupport_introspection_c.dir/rosidl_typesupport_introspection_c/base_interfaces_demo/msg/detail/file_updata__type_support.c.o\x1b[0m\n'}
[33.478426] (-) TimerEvent: {}
[33.581232] (base_interfaces_demo) StdoutLine: {'line': b'[ 38%] \x1b[32mBuilding C object CMakeFiles/base_interfaces_demo__rosidl_typesupport_introspection_c.dir/rosidl_typesupport_introspection_c/base_interfaces_demo/msg/detail/obs_laser__type_support.c.o\x1b[0m\n'}
[33.581515] (-) TimerEvent: {}
[33.668242] (base_interfaces_demo) StdoutLine: {'line': b'[ 39%] \x1b[32mBuilding CXX object CMakeFiles/base_interfaces_demo__rosidl_typesupport_introspection_cpp.dir/rosidl_typesupport_introspection_cpp/base_interfaces_demo/msg/detail/lift_info__type_support.cpp.o\x1b[0m\n'}
[33.671126] (base_interfaces_demo) StdoutLine: {'line': b'[ 39%] \x1b[32mBuilding CXX object CMakeFiles/base_interfaces_demo__rosidl_typesupport_cpp.dir/rosidl_typesupport_cpp/base_interfaces_demo/msg/file_updata__type_support.cpp.o\x1b[0m\n'}
[33.682508] (-) TimerEvent: {}
[33.784960] (-) TimerEvent: {}
[33.790597] (base_interfaces_demo) StdoutLine: {'line': b'[ 39%] \x1b[32mBuilding C object CMakeFiles/base_interfaces_demo__rosidl_typesupport_introspection_c.dir/rosidl_typesupport_introspection_c/base_interfaces_demo/msg/detail/pallet_info__type_support.c.o\x1b[0m\n'}
[33.885535] (-) TimerEvent: {}
[33.966971] (base_interfaces_demo) StdoutLine: {'line': b'[ 40%] \x1b[32mBuilding C object CMakeFiles/base_interfaces_demo__rosidl_typesupport_introspection_c.dir/rosidl_typesupport_introspection_c/base_interfaces_demo/msg/detail/movecontrol_info__type_support.c.o\x1b[0m\n'}
[33.986150] (-) TimerEvent: {}
[34.088728] (-) TimerEvent: {}
[34.196384] (-) TimerEvent: {}
[34.221524] (base_interfaces_demo) StdoutLine: {'line': b'[ 40%] \x1b[32mBuilding C object CMakeFiles/base_interfaces_demo__rosidl_typesupport_introspection_c.dir/rosidl_typesupport_introspection_c/base_interfaces_demo/msg/detail/motion_control__type_support.c.o\x1b[0m\n'}
[34.224918] (base_interfaces_demo) StdoutLine: {'line': b'[ 40%] \x1b[32mBuilding CXX object CMakeFiles/base_interfaces_demo__rosidl_typesupport_fastrtps_cpp.dir/rosidl_typesupport_fastrtps_cpp/base_interfaces_demo/msg/detail/dds_fastrtps/manual_seek_label__type_support.cpp.o\x1b[0m\n'}
[34.296940] (-) TimerEvent: {}
[34.399395] (-) TimerEvent: {}
[34.421120] (base_interfaces_demo) StdoutLine: {'line': b'[ 40%] \x1b[32mBuilding C object CMakeFiles/base_interfaces_demo__rosidl_typesupport_introspection_c.dir/rosidl_typesupport_introspection_c/base_interfaces_demo/msg/detail/rcs_info__type_support.c.o\x1b[0m\n'}
[34.450497] (base_interfaces_demo) StdoutLine: {'line': b'[ 41%] \x1b[32mBuilding CXX object CMakeFiles/base_interfaces_demo__rosidl_typesupport_cpp.dir/rosidl_typesupport_cpp/base_interfaces_demo/msg/obs_laser__type_support.cpp.o\x1b[0m\n'}
[34.499785] (-) TimerEvent: {}
[34.605860] (-) TimerEvent: {}
[34.652675] (base_interfaces_demo) StdoutLine: {'line': b'[ 41%] \x1b[32mBuilding CXX object CMakeFiles/base_interfaces_demo__rosidl_typesupport_introspection_cpp.dir/rosidl_typesupport_introspection_cpp/base_interfaces_demo/msg/detail/color_info__type_support.cpp.o\x1b[0m\n'}
[34.683713] (base_interfaces_demo) StdoutLine: {'line': b'[ 42%] \x1b[32mBuilding C object CMakeFiles/base_interfaces_demo__rosidl_typesupport_introspection_c.dir/rosidl_typesupport_introspection_c/base_interfaces_demo/msg/detail/lift_control__type_support.c.o\x1b[0m\n'}
[34.707004] (-) TimerEvent: {}
[34.809442] (-) TimerEvent: {}
[34.844186] (base_interfaces_demo) StdoutLine: {'line': b'[ 42%] \x1b[32mBuilding C object CMakeFiles/base_interfaces_demo__rosidl_typesupport_introspection_c.dir/rosidl_typesupport_introspection_c/base_interfaces_demo/msg/detail/bt_status__type_support.c.o\x1b[0m\n'}
[34.910467] (-) TimerEvent: {}
[34.989360] (base_interfaces_demo) StdoutLine: {'line': b'[ 42%] \x1b[32mBuilding C object CMakeFiles/base_interfaces_demo__rosidl_typesupport_introspection_c.dir/rosidl_typesupport_introspection_c/base_interfaces_demo/msg/detail/car_status__type_support.c.o\x1b[0m\n'}
[35.011970] (-) TimerEvent: {}
[35.114174] (-) TimerEvent: {}
[35.156983] (base_interfaces_demo) StdoutLine: {'line': b'[ 43%] \x1b[32mBuilding C object CMakeFiles/base_interfaces_demo__rosidl_typesupport_introspection_c.dir/rosidl_typesupport_introspection_c/base_interfaces_demo/msg/detail/health_node__type_support.c.o\x1b[0m\n'}
[35.214617] (-) TimerEvent: {}
[35.308950] (base_interfaces_demo) StdoutLine: {'line': b'[ 43%] \x1b[32mBuilding CXX object CMakeFiles/base_interfaces_demo__rosidl_typesupport_fastrtps_cpp.dir/rosidl_typesupport_fastrtps_cpp/base_interfaces_demo/msg/detail/dds_fastrtps/seek_cmd__type_support.cpp.o\x1b[0m\n'}
[35.315345] (-) TimerEvent: {}
[35.329946] (base_interfaces_demo) StdoutLine: {'line': b'[ 43%] \x1b[32mBuilding C object CMakeFiles/base_interfaces_demo__rosidl_typesupport_introspection_c.dir/rosidl_typesupport_introspection_c/base_interfaces_demo/action/detail/pallet__type_support.c.o\x1b[0m\n'}
[35.342396] (base_interfaces_demo) StdoutLine: {'line': b'[ 43%] \x1b[32mBuilding CXX object CMakeFiles/base_interfaces_demo__rosidl_typesupport_cpp.dir/rosidl_typesupport_cpp/base_interfaces_demo/msg/pallet_info__type_support.cpp.o\x1b[0m\n'}
[35.422290] (-) TimerEvent: {}
[35.530939] (-) TimerEvent: {}
[35.632231] (-) TimerEvent: {}
[35.644376] (base_interfaces_demo) StdoutLine: {'line': b'[ 43%] \x1b[32mBuilding CXX object CMakeFiles/base_interfaces_demo__rosidl_typesupport_introspection_cpp.dir/rosidl_typesupport_introspection_cpp/base_interfaces_demo/msg/detail/file_updata__type_support.cpp.o\x1b[0m\n'}
[35.732730] (-) TimerEvent: {}
[35.776660] (base_interfaces_demo) StdoutLine: {'line': b'[ 44%] \x1b[32mBuilding C object CMakeFiles/base_interfaces_demo__rosidl_typesupport_introspection_c.dir/rosidl_typesupport_introspection_c/base_interfaces_demo/srv/detail/check_emergency__type_support.c.o\x1b[0m\n'}
[35.836070] (-) TimerEvent: {}
[35.940735] (-) TimerEvent: {}
[36.044404] (-) TimerEvent: {}
[36.064141] (base_interfaces_demo) StdoutLine: {'line': b'[ 44%] \x1b[32mBuilding C object CMakeFiles/base_interfaces_demo__rosidl_typesupport_introspection_c.dir/rosidl_typesupport_introspection_c/base_interfaces_demo/srv/detail/set_emergency__type_support.c.o\x1b[0m\n'}
[36.145037] (-) TimerEvent: {}
[36.210298] (base_interfaces_demo) StdoutLine: {'line': b'[ 44%] \x1b[32mBuilding C object CMakeFiles/base_interfaces_demo__rosidl_typesupport_introspection_c.dir/rosidl_typesupport_introspection_c/base_interfaces_demo/srv/detail/rcs_server__type_support.c.o\x1b[0m\n'}
[36.246503] (-) TimerEvent: {}
[36.349769] (-) TimerEvent: {}
[36.449298] (base_interfaces_demo) StdoutLine: {'line': b'[ 44%] \x1b[32mBuilding CXX object CMakeFiles/base_interfaces_demo__rosidl_typesupport_cpp.dir/rosidl_typesupport_cpp/base_interfaces_demo/msg/movecontrol_info__type_support.cpp.o\x1b[0m\n'}
[36.451675] (-) TimerEvent: {}
[36.514617] (base_interfaces_demo) StdoutLine: {'line': b'[ 45%] \x1b[32m\x1b[1mLinking C shared library libbase_interfaces_demo__rosidl_typesupport_introspection_c.so\x1b[0m\n'}
[36.558537] (-) TimerEvent: {}
[36.668084] (-) TimerEvent: {}
[36.669089] (base_interfaces_demo) StdoutLine: {'line': b'[ 46%] \x1b[32mBuilding CXX object CMakeFiles/base_interfaces_demo__rosidl_typesupport_fastrtps_cpp.dir/rosidl_typesupport_fastrtps_cpp/base_interfaces_demo/msg/detail/dds_fastrtps/seek_ret__type_support.cpp.o\x1b[0m\n'}
[36.679412] (base_interfaces_demo) StdoutLine: {'line': b'[ 47%] \x1b[32mBuilding CXX object CMakeFiles/base_interfaces_demo__rosidl_typesupport_introspection_cpp.dir/rosidl_typesupport_introspection_cpp/base_interfaces_demo/msg/detail/obs_laser__type_support.cpp.o\x1b[0m\n'}
[36.770734] (-) TimerEvent: {}
[36.793664] (base_interfaces_demo) StdoutLine: {'line': b'[ 47%] Built target base_interfaces_demo__rosidl_typesupport_introspection_c\n'}
[36.872377] (-) TimerEvent: {}
[36.918033] (base_interfaces_demo) StdoutLine: {'line': b'[ 48%] \x1b[34m\x1b[1mGenerating C type support dispatch for ROS interfaces\x1b[0m\n'}
[36.973007] (-) TimerEvent: {}
[37.075639] (-) TimerEvent: {}
[37.184131] (-) TimerEvent: {}
[37.288804] (-) TimerEvent: {}
[37.374542] (base_interfaces_demo) StdoutLine: {'line': b'[ 49%] \x1b[32mBuilding CXX object CMakeFiles/base_interfaces_demo__rosidl_typesupport_cpp.dir/rosidl_typesupport_cpp/base_interfaces_demo/msg/motion_control__type_support.cpp.o\x1b[0m\n'}
[37.392492] (-) TimerEvent: {}
[37.496021] (-) TimerEvent: {}
[37.600518] (-) TimerEvent: {}
[37.682062] (base_interfaces_demo) StdoutLine: {'line': b'[ 49%] \x1b[32mBuilding CXX object CMakeFiles/base_interfaces_demo__rosidl_typesupport_introspection_cpp.dir/rosidl_typesupport_introspection_cpp/base_interfaces_demo/msg/detail/pallet_info__type_support.cpp.o\x1b[0m\n'}
[37.701191] (-) TimerEvent: {}
[37.802971] (-) TimerEvent: {}
[37.906288] (-) TimerEvent: {}
[38.007936] (-) TimerEvent: {}
[38.071921] (base_interfaces_demo) StdoutLine: {'line': b'[ 49%] \x1b[32mBuilding CXX object CMakeFiles/base_interfaces_demo__rosidl_typesupport_fastrtps_cpp.dir/rosidl_typesupport_fastrtps_cpp/base_interfaces_demo/msg/detail/dds_fastrtps/system_status__type_support.cpp.o\x1b[0m\n'}
[38.087370] (base_interfaces_demo) StdoutLine: {'line': b'[ 49%] \x1b[32mBuilding CXX object CMakeFiles/base_interfaces_demo__rosidl_typesupport_cpp.dir/rosidl_typesupport_cpp/base_interfaces_demo/msg/rcs_info__type_support.cpp.o\x1b[0m\n'}
[38.108599] (-) TimerEvent: {}
[38.209917] (-) TimerEvent: {}
[38.313360] (-) TimerEvent: {}
[38.416095] (-) TimerEvent: {}
[38.517532] (-) TimerEvent: {}
[38.618696] (-) TimerEvent: {}
[38.621007] (base_interfaces_demo) StdoutLine: {'line': b'[ 50%] \x1b[32mBuilding CXX object CMakeFiles/base_interfaces_demo__rosidl_typesupport_introspection_cpp.dir/rosidl_typesupport_introspection_cpp/base_interfaces_demo/msg/detail/movecontrol_info__type_support.cpp.o\x1b[0m\n'}
[38.719096] (-) TimerEvent: {}
[38.823737] (-) TimerEvent: {}
[38.927253] (-) TimerEvent: {}
[38.973500] (base_interfaces_demo) StdoutLine: {'line': b'[ 50%] \x1b[32mBuilding CXX object CMakeFiles/base_interfaces_demo__rosidl_typesupport_cpp.dir/rosidl_typesupport_cpp/base_interfaces_demo/msg/lift_control__type_support.cpp.o\x1b[0m\n'}
[39.027962] (-) TimerEvent: {}
[39.130316] (-) TimerEvent: {}
[39.232425] (-) TimerEvent: {}
[39.336525] (-) TimerEvent: {}
[39.434787] (base_interfaces_demo) StdoutLine: {'line': b'[ 50%] \x1b[32mBuilding CXX object CMakeFiles/base_interfaces_demo__rosidl_typesupport_fastrtps_cpp.dir/rosidl_typesupport_fastrtps_cpp/base_interfaces_demo/action/detail/dds_fastrtps/reverse__type_support.cpp.o\x1b[0m\n'}
[39.437001] (-) TimerEvent: {}
[39.471259] (base_interfaces_demo) StdoutLine: {'line': b'[ 50%] \x1b[32mBuilding CXX object CMakeFiles/base_interfaces_demo__rosidl_typesupport_introspection_cpp.dir/rosidl_typesupport_introspection_cpp/base_interfaces_demo/msg/detail/motion_control__type_support.cpp.o\x1b[0m\n'}
[39.537561] (-) TimerEvent: {}
[39.640417] (-) TimerEvent: {}
[39.741576] (-) TimerEvent: {}
[39.844983] (-) TimerEvent: {}
[39.909019] (base_interfaces_demo) StdoutLine: {'line': b'[ 51%] \x1b[32mBuilding CXX object CMakeFiles/base_interfaces_demo__rosidl_typesupport_cpp.dir/rosidl_typesupport_cpp/base_interfaces_demo/msg/bt_status__type_support.cpp.o\x1b[0m\n'}
[39.945964] (-) TimerEvent: {}
[40.049371] (-) TimerEvent: {}
[40.153050] (-) TimerEvent: {}
[40.256607] (-) TimerEvent: {}
[40.328911] (base_interfaces_demo) StdoutLine: {'line': b'[ 51%] \x1b[32mBuilding CXX object CMakeFiles/base_interfaces_demo__rosidl_typesupport_introspection_cpp.dir/rosidl_typesupport_introspection_cpp/base_interfaces_demo/msg/detail/rcs_info__type_support.cpp.o\x1b[0m\n'}
[40.357012] (-) TimerEvent: {}
[40.464708] (-) TimerEvent: {}
[40.566025] (-) TimerEvent: {}
[40.666680] (-) TimerEvent: {}
[40.769564] (-) TimerEvent: {}
[40.860659] (base_interfaces_demo) StdoutLine: {'line': b'[ 51%] \x1b[32mBuilding CXX object CMakeFiles/base_interfaces_demo__rosidl_typesupport_cpp.dir/rosidl_typesupport_cpp/base_interfaces_demo/msg/car_status__type_support.cpp.o\x1b[0m\n'}
[40.871958] (-) TimerEvent: {}
[40.972731] (base_interfaces_demo) StdoutLine: {'line': b'[ 52%] \x1b[32mBuilding CXX object CMakeFiles/base_interfaces_demo__rosidl_typesupport_fastrtps_cpp.dir/rosidl_typesupport_fastrtps_cpp/base_interfaces_demo/msg/detail/dds_fastrtps/lift_info__type_support.cpp.o\x1b[0m\n'}
[40.973096] (-) TimerEvent: {}
[41.074355] (-) TimerEvent: {}
[41.175804] (-) TimerEvent: {}
[41.277073] (-) TimerEvent: {}
[41.280780] (base_interfaces_demo) StdoutLine: {'line': b'[ 53%] \x1b[32mBuilding CXX object CMakeFiles/base_interfaces_demo__rosidl_typesupport_introspection_cpp.dir/rosidl_typesupport_introspection_cpp/base_interfaces_demo/msg/detail/lift_control__type_support.cpp.o\x1b[0m\n'}
[41.377574] (-) TimerEvent: {}
[41.479291] (-) TimerEvent: {}
[41.580724] (-) TimerEvent: {}
[41.682121] (-) TimerEvent: {}
[41.782923] (-) TimerEvent: {}
[41.783775] (base_interfaces_demo) StdoutLine: {'line': b'[ 54%] \x1b[32mBuilding CXX object CMakeFiles/base_interfaces_demo__rosidl_typesupport_cpp.dir/rosidl_typesupport_cpp/base_interfaces_demo/msg/health_node__type_support.cpp.o\x1b[0m\n'}
[41.883473] (-) TimerEvent: {}
[41.906537] (base_interfaces_demo) StdoutLine: {'line': b'\x1b[35m\x1b[1mScanning dependencies of target base_interfaces_demo__rosidl_typesupport_c\x1b[0m\n'}
[41.984188] (-) TimerEvent: {}
[42.092585] (-) TimerEvent: {}
[42.140497] (base_interfaces_demo) StdoutLine: {'line': b'[ 54%] \x1b[32mBuilding CXX object CMakeFiles/base_interfaces_demo__rosidl_typesupport_c.dir/rosidl_typesupport_c/base_interfaces_demo/action/nav__type_support.cpp.o\x1b[0m\n'}
[42.193060] (-) TimerEvent: {}
[42.231061] (base_interfaces_demo) StdoutLine: {'line': b'[ 54%] \x1b[32mBuilding CXX object CMakeFiles/base_interfaces_demo__rosidl_typesupport_fastrtps_cpp.dir/rosidl_typesupport_fastrtps_cpp/base_interfaces_demo/msg/detail/dds_fastrtps/color_info__type_support.cpp.o\x1b[0m\n'}
[42.296721] (-) TimerEvent: {}
[42.364456] (base_interfaces_demo) StdoutLine: {'line': b'[ 54%] \x1b[32mBuilding CXX object CMakeFiles/base_interfaces_demo__rosidl_typesupport_introspection_cpp.dir/rosidl_typesupport_introspection_cpp/base_interfaces_demo/msg/detail/bt_status__type_support.cpp.o\x1b[0m\n'}
[42.390456] (base_interfaces_demo) StdoutLine: {'line': b'[ 54%] \x1b[32mBuilding CXX object CMakeFiles/base_interfaces_demo__rosidl_typesupport_c.dir/rosidl_typesupport_c/base_interfaces_demo/msg/ohom__type_support.cpp.o\x1b[0m\n'}
[42.397168] (-) TimerEvent: {}
[42.499554] (-) TimerEvent: {}
[42.601023] (-) TimerEvent: {}
[42.625921] (base_interfaces_demo) StdoutLine: {'line': b'[ 54%] \x1b[32mBuilding CXX object CMakeFiles/base_interfaces_demo__rosidl_typesupport_cpp.dir/rosidl_typesupport_cpp/base_interfaces_demo/action/pallet__type_support.cpp.o\x1b[0m\n'}
[42.650805] (base_interfaces_demo) StdoutLine: {'line': b'[ 55%] \x1b[32mBuilding CXX object CMakeFiles/base_interfaces_demo__rosidl_typesupport_c.dir/rosidl_typesupport_c/base_interfaces_demo/msg/hall_info__type_support.cpp.o\x1b[0m\n'}
[42.701321] (-) TimerEvent: {}
[42.804001] (-) TimerEvent: {}
[42.863133] (base_interfaces_demo) StdoutLine: {'line': b'[ 55%] \x1b[32mBuilding CXX object CMakeFiles/base_interfaces_demo__rosidl_typesupport_c.dir/rosidl_typesupport_c/base_interfaces_demo/msg/location__type_support.cpp.o\x1b[0m\n'}
[42.905266] (-) TimerEvent: {}
[43.008121] (-) TimerEvent: {}
[43.058757] (base_interfaces_demo) StdoutLine: {'line': b'[ 55%] \x1b[32mBuilding CXX object CMakeFiles/base_interfaces_demo__rosidl_typesupport_c.dir/rosidl_typesupport_c/base_interfaces_demo/msg/motor_cmd__type_support.cpp.o\x1b[0m\n'}
[43.108664] (-) TimerEvent: {}
[43.211272] (-) TimerEvent: {}
[43.314289] (-) TimerEvent: {}
[43.333817] (base_interfaces_demo) StdoutLine: {'line': b'[ 55%] \x1b[32mBuilding CXX object CMakeFiles/base_interfaces_demo__rosidl_typesupport_fastrtps_cpp.dir/rosidl_typesupport_fastrtps_cpp/base_interfaces_demo/msg/detail/dds_fastrtps/file_updata__type_support.cpp.o\x1b[0m\n'}
[43.364566] (base_interfaces_demo) StdoutLine: {'line': b'[ 56%] \x1b[32mBuilding CXX object CMakeFiles/base_interfaces_demo__rosidl_typesupport_c.dir/rosidl_typesupport_c/base_interfaces_demo/msg/motor_status__type_support.cpp.o\x1b[0m\n'}
[43.417045] (-) TimerEvent: {}
[43.460371] (base_interfaces_demo) StdoutLine: {'line': b'[ 56%] \x1b[32mBuilding CXX object CMakeFiles/base_interfaces_demo__rosidl_typesupport_introspection_cpp.dir/rosidl_typesupport_introspection_cpp/base_interfaces_demo/msg/detail/car_status__type_support.cpp.o\x1b[0m\n'}
[43.520249] (-) TimerEvent: {}
[43.559458] (base_interfaces_demo) StdoutLine: {'line': b'[ 56%] \x1b[32mBuilding CXX object CMakeFiles/base_interfaces_demo__rosidl_typesupport_c.dir/rosidl_typesupport_c/base_interfaces_demo/msg/manual__type_support.cpp.o\x1b[0m\n'}
[43.620617] (-) TimerEvent: {}
[43.692501] (base_interfaces_demo) StdoutLine: {'line': b'[ 56%] \x1b[32mBuilding CXX object CMakeFiles/base_interfaces_demo__rosidl_typesupport_cpp.dir/rosidl_typesupport_cpp/base_interfaces_demo/srv/check_emergency__type_support.cpp.o\x1b[0m\n'}
[43.721776] (-) TimerEvent: {}
[43.738843] (base_interfaces_demo) StdoutLine: {'line': b'[ 56%] \x1b[32mBuilding CXX object CMakeFiles/base_interfaces_demo__rosidl_typesupport_c.dir/rosidl_typesupport_c/base_interfaces_demo/msg/test__type_support.cpp.o\x1b[0m\n'}
[43.824794] (-) TimerEvent: {}
[43.925936] (-) TimerEvent: {}
[43.992807] (base_interfaces_demo) StdoutLine: {'line': b'[ 57%] \x1b[32mBuilding CXX object CMakeFiles/base_interfaces_demo__rosidl_typesupport_c.dir/rosidl_typesupport_c/base_interfaces_demo/srv/hall__type_support.cpp.o\x1b[0m\n'}
[44.026435] (-) TimerEvent: {}
[44.134457] (-) TimerEvent: {}
[44.235603] (-) TimerEvent: {}
[44.299253] (base_interfaces_demo) StdoutLine: {'line': b'[ 57%] \x1b[32mBuilding CXX object CMakeFiles/base_interfaces_demo__rosidl_typesupport_c.dir/rosidl_typesupport_c/base_interfaces_demo/msg/bms_info__type_support.cpp.o\x1b[0m\n'}
[44.338541] (-) TimerEvent: {}
[44.431743] (base_interfaces_demo) StdoutLine: {'line': b'[ 58%] \x1b[32mBuilding CXX object CMakeFiles/base_interfaces_demo__rosidl_typesupport_introspection_cpp.dir/rosidl_typesupport_introspection_cpp/base_interfaces_demo/msg/detail/health_node__type_support.cpp.o\x1b[0m\n'}
[44.439065] (-) TimerEvent: {}
[44.511552] (base_interfaces_demo) StdoutLine: {'line': b'[ 59%] \x1b[32mBuilding CXX object CMakeFiles/base_interfaces_demo__rosidl_typesupport_c.dir/rosidl_typesupport_c/base_interfaces_demo/msg/charger_info__type_support.cpp.o\x1b[0m\n'}
[44.539926] (-) TimerEvent: {}
[44.642376] (-) TimerEvent: {}
[44.665222] (base_interfaces_demo) StdoutLine: {'line': b'[ 60%] \x1b[32mBuilding CXX object CMakeFiles/base_interfaces_demo__rosidl_typesupport_cpp.dir/rosidl_typesupport_cpp/base_interfaces_demo/srv/set_emergency__type_support.cpp.o\x1b[0m\n'}
[44.676570] (base_interfaces_demo) StdoutLine: {'line': b'[ 61%] \x1b[32mBuilding CXX object CMakeFiles/base_interfaces_demo__rosidl_typesupport_fastrtps_cpp.dir/rosidl_typesupport_fastrtps_cpp/base_interfaces_demo/msg/detail/dds_fastrtps/obs_laser__type_support.cpp.o\x1b[0m\n'}
[44.698383] (base_interfaces_demo) StdoutLine: {'line': b'[ 61%] \x1b[32mBuilding CXX object CMakeFiles/base_interfaces_demo__rosidl_typesupport_c.dir/rosidl_typesupport_c/base_interfaces_demo/msg/manual_seek_label__type_support.cpp.o\x1b[0m\n'}
[44.742867] (-) TimerEvent: {}
[44.843946] (-) TimerEvent: {}
[44.947035] (-) TimerEvent: {}
[44.987145] (base_interfaces_demo) StdoutLine: {'line': b'[ 61%] \x1b[32mBuilding CXX object CMakeFiles/base_interfaces_demo__rosidl_typesupport_c.dir/rosidl_typesupport_c/base_interfaces_demo/msg/seek_cmd__type_support.cpp.o\x1b[0m\n'}
[45.047812] (-) TimerEvent: {}
[45.150973] (-) TimerEvent: {}
[45.253380] (-) TimerEvent: {}
[45.285118] (base_interfaces_demo) StdoutLine: {'line': b'[ 62%] \x1b[32mBuilding CXX object CMakeFiles/base_interfaces_demo__rosidl_typesupport_c.dir/rosidl_typesupport_c/base_interfaces_demo/msg/seek_ret__type_support.cpp.o\x1b[0m\n'}
[45.356289] (-) TimerEvent: {}
[45.389529] (base_interfaces_demo) StdoutLine: {'line': b'[ 62%] \x1b[32mBuilding CXX object CMakeFiles/base_interfaces_demo__rosidl_typesupport_introspection_cpp.dir/rosidl_typesupport_introspection_cpp/base_interfaces_demo/action/detail/pallet__type_support.cpp.o\x1b[0m\n'}
[45.463492] (-) TimerEvent: {}
[45.540325] (base_interfaces_demo) StdoutLine: {'line': b'[ 62%] \x1b[32mBuilding CXX object CMakeFiles/base_interfaces_demo__rosidl_typesupport_c.dir/rosidl_typesupport_c/base_interfaces_demo/msg/system_status__type_support.cpp.o\x1b[0m\n'}
[45.571047] (-) TimerEvent: {}
[45.616435] (base_interfaces_demo) StdoutLine: {'line': b'[ 62%] \x1b[32mBuilding CXX object CMakeFiles/base_interfaces_demo__rosidl_typesupport_cpp.dir/rosidl_typesupport_cpp/base_interfaces_demo/srv/rcs_server__type_support.cpp.o\x1b[0m\n'}
[45.671735] (-) TimerEvent: {}
[45.754957] (base_interfaces_demo) StdoutLine: {'line': b'[ 62%] \x1b[32mBuilding CXX object CMakeFiles/base_interfaces_demo__rosidl_typesupport_c.dir/rosidl_typesupport_c/base_interfaces_demo/action/reverse__type_support.cpp.o\x1b[0m\n'}
[45.772342] (-) TimerEvent: {}
[45.873846] (-) TimerEvent: {}
[45.984621] (-) TimerEvent: {}
[45.986233] (base_interfaces_demo) StdoutLine: {'line': b'[ 63%] \x1b[32mBuilding CXX object CMakeFiles/base_interfaces_demo__rosidl_typesupport_c.dir/rosidl_typesupport_c/base_interfaces_demo/msg/lift_info__type_support.cpp.o\x1b[0m\n'}
[46.088012] (-) TimerEvent: {}
[46.147396] (base_interfaces_demo) StdoutLine: {'line': b'[ 63%] \x1b[32mBuilding CXX object CMakeFiles/base_interfaces_demo__rosidl_typesupport_fastrtps_cpp.dir/rosidl_typesupport_fastrtps_cpp/base_interfaces_demo/msg/detail/dds_fastrtps/pallet_info__type_support.cpp.o\x1b[0m\n'}
[46.179615] (base_interfaces_demo) StdoutLine: {'line': b'[ 63%] \x1b[32mBuilding CXX object CMakeFiles/base_interfaces_demo__rosidl_typesupport_c.dir/rosidl_typesupport_c/base_interfaces_demo/msg/color_info__type_support.cpp.o\x1b[0m\n'}
[46.189041] (-) TimerEvent: {}
[46.292103] (-) TimerEvent: {}
[46.325920] (base_interfaces_demo) StdoutLine: {'line': b'[ 63%] \x1b[32mBuilding CXX object CMakeFiles/base_interfaces_demo__rosidl_typesupport_c.dir/rosidl_typesupport_c/base_interfaces_demo/msg/file_updata__type_support.cpp.o\x1b[0m\n'}
[46.392661] (-) TimerEvent: {}
[46.472383] (base_interfaces_demo) StdoutLine: {'line': b'[ 64%] \x1b[32mBuilding CXX object CMakeFiles/base_interfaces_demo__rosidl_typesupport_c.dir/rosidl_typesupport_c/base_interfaces_demo/msg/obs_laser__type_support.cpp.o\x1b[0m\n'}
[46.493169] (-) TimerEvent: {}
[46.494913] (base_interfaces_demo) StdoutLine: {'line': b'[ 64%] \x1b[32m\x1b[1mLinking CXX shared library libbase_interfaces_demo__rosidl_typesupport_cpp.so\x1b[0m\n'}
[46.593758] (-) TimerEvent: {}
[46.596922] (base_interfaces_demo) StdoutLine: {'line': b'[ 64%] \x1b[32mBuilding CXX object CMakeFiles/base_interfaces_demo__rosidl_typesupport_c.dir/rosidl_typesupport_c/base_interfaces_demo/msg/pallet_info__type_support.cpp.o\x1b[0m\n'}
[46.700310] (-) TimerEvent: {}
[46.783019] (base_interfaces_demo) StdoutLine: {'line': b'[ 64%] \x1b[32mBuilding CXX object CMakeFiles/base_interfaces_demo__rosidl_typesupport_introspection_cpp.dir/rosidl_typesupport_introspection_cpp/base_interfaces_demo/srv/detail/check_emergency__type_support.cpp.o\x1b[0m\n'}
[46.787999] (base_interfaces_demo) StdoutLine: {'line': b'[ 64%] \x1b[32mBuilding CXX object CMakeFiles/base_interfaces_demo__rosidl_typesupport_c.dir/rosidl_typesupport_c/base_interfaces_demo/msg/movecontrol_info__type_support.cpp.o\x1b[0m\n'}
[46.800978] (-) TimerEvent: {}
[46.902470] (-) TimerEvent: {}
[46.934907] (base_interfaces_demo) StdoutLine: {'line': b'[ 64%] Built target base_interfaces_demo__rosidl_typesupport_cpp\n'}
[46.975724] (base_interfaces_demo) StdoutLine: {'line': b'[ 65%] \x1b[32mBuilding CXX object CMakeFiles/base_interfaces_demo__rosidl_typesupport_c.dir/rosidl_typesupport_c/base_interfaces_demo/msg/motion_control__type_support.cpp.o\x1b[0m\n'}
[47.003101] (-) TimerEvent: {}
[47.108671] (-) TimerEvent: {}
[47.192607] (base_interfaces_demo) StdoutLine: {'line': b'[ 65%] \x1b[32mBuilding CXX object CMakeFiles/base_interfaces_demo__rosidl_typesupport_c.dir/rosidl_typesupport_c/base_interfaces_demo/msg/rcs_info__type_support.cpp.o\x1b[0m\n'}
[47.209195] (-) TimerEvent: {}
[47.309886] (-) TimerEvent: {}
[47.323462] (base_interfaces_demo) StdoutLine: {'line': b'[ 66%] \x1b[32mBuilding CXX object CMakeFiles/base_interfaces_demo__rosidl_typesupport_c.dir/rosidl_typesupport_c/base_interfaces_demo/msg/lift_control__type_support.cpp.o\x1b[0m\n'}
[47.410395] (-) TimerEvent: {}
[47.446596] (base_interfaces_demo) StdoutLine: {'line': b'[ 66%] \x1b[32mBuilding CXX object CMakeFiles/base_interfaces_demo__rosidl_typesupport_c.dir/rosidl_typesupport_c/base_interfaces_demo/msg/bt_status__type_support.cpp.o\x1b[0m\n'}
[47.516084] (-) TimerEvent: {}
[47.547783] (base_interfaces_demo) StdoutLine: {'line': b'[ 67%] \x1b[32mBuilding CXX object CMakeFiles/base_interfaces_demo__rosidl_typesupport_introspection_cpp.dir/rosidl_typesupport_introspection_cpp/base_interfaces_demo/srv/detail/set_emergency__type_support.cpp.o\x1b[0m\n'}
[47.567704] (base_interfaces_demo) StdoutLine: {'line': b'[ 67%] \x1b[32mBuilding CXX object CMakeFiles/base_interfaces_demo__rosidl_typesupport_fastrtps_cpp.dir/rosidl_typesupport_fastrtps_cpp/base_interfaces_demo/msg/detail/dds_fastrtps/movecontrol_info__type_support.cpp.o\x1b[0m\n'}
[47.579120] (base_interfaces_demo) StdoutLine: {'line': b'[ 67%] \x1b[32mBuilding CXX object CMakeFiles/base_interfaces_demo__rosidl_typesupport_c.dir/rosidl_typesupport_c/base_interfaces_demo/msg/car_status__type_support.cpp.o\x1b[0m\n'}
[47.616553] (-) TimerEvent: {}
[47.718998] (-) TimerEvent: {}
[47.741908] (base_interfaces_demo) StdoutLine: {'line': b'[ 68%] \x1b[32mBuilding CXX object CMakeFiles/base_interfaces_demo__rosidl_typesupport_c.dir/rosidl_typesupport_c/base_interfaces_demo/msg/health_node__type_support.cpp.o\x1b[0m\n'}
[47.820689] (-) TimerEvent: {}
[47.921624] (-) TimerEvent: {}
[47.948256] (base_interfaces_demo) StdoutLine: {'line': b'[ 68%] \x1b[32mBuilding CXX object CMakeFiles/base_interfaces_demo__rosidl_typesupport_c.dir/rosidl_typesupport_c/base_interfaces_demo/action/pallet__type_support.cpp.o\x1b[0m\n'}
[48.024348] (-) TimerEvent: {}
[48.126333] (-) TimerEvent: {}
[48.165402] (base_interfaces_demo) StdoutLine: {'line': b'[ 68%] \x1b[32mBuilding CXX object CMakeFiles/base_interfaces_demo__rosidl_typesupport_c.dir/rosidl_typesupport_c/base_interfaces_demo/srv/check_emergency__type_support.cpp.o\x1b[0m\n'}
[48.226456] (-) TimerEvent: {}
[48.291020] (base_interfaces_demo) StdoutLine: {'line': b'[ 68%] \x1b[32mBuilding CXX object CMakeFiles/base_interfaces_demo__rosidl_typesupport_introspection_cpp.dir/rosidl_typesupport_introspection_cpp/base_interfaces_demo/srv/detail/rcs_server__type_support.cpp.o\x1b[0m\n'}
[48.327060] (-) TimerEvent: {}
[48.350342] (base_interfaces_demo) StdoutLine: {'line': b'[ 69%] \x1b[32mBuilding CXX object CMakeFiles/base_interfaces_demo__rosidl_typesupport_c.dir/rosidl_typesupport_c/base_interfaces_demo/srv/set_emergency__type_support.cpp.o\x1b[0m\n'}
[48.427778] (-) TimerEvent: {}
[48.510840] (base_interfaces_demo) StdoutLine: {'line': b'[ 69%] \x1b[32mBuilding CXX object CMakeFiles/base_interfaces_demo__rosidl_typesupport_c.dir/rosidl_typesupport_c/base_interfaces_demo/srv/rcs_server__type_support.cpp.o\x1b[0m\n'}
[48.528383] (-) TimerEvent: {}
[48.629856] (-) TimerEvent: {}
[48.643028] (base_interfaces_demo) StdoutLine: {'line': b'[ 69%] \x1b[32m\x1b[1mLinking CXX shared library libbase_interfaces_demo__rosidl_typesupport_c.so\x1b[0m\n'}
[48.668506] (base_interfaces_demo) StdoutLine: {'line': b'[ 70%] \x1b[32mBuilding CXX object CMakeFiles/base_interfaces_demo__rosidl_typesupport_fastrtps_cpp.dir/rosidl_typesupport_fastrtps_cpp/base_interfaces_demo/msg/detail/dds_fastrtps/motion_control__type_support.cpp.o\x1b[0m\n'}
[48.730583] (-) TimerEvent: {}
[48.834038] (-) TimerEvent: {}
[48.897791] (base_interfaces_demo) StdoutLine: {'line': b'[ 70%] Built target base_interfaces_demo__rosidl_typesupport_c\n'}
[48.934640] (-) TimerEvent: {}
[48.943550] (base_interfaces_demo) StdoutLine: {'line': b'[ 71%] \x1b[32m\x1b[1mLinking CXX shared library libbase_interfaces_demo__rosidl_typesupport_introspection_cpp.so\x1b[0m\n'}
[49.035208] (-) TimerEvent: {}
[49.136952] (-) TimerEvent: {}
[49.238551] (-) TimerEvent: {}
[49.297981] (base_interfaces_demo) StdoutLine: {'line': b'[ 71%] Built target base_interfaces_demo__rosidl_typesupport_introspection_cpp\n'}
[49.339112] (-) TimerEvent: {}
[49.439898] (-) TimerEvent: {}
[49.487527] (base_interfaces_demo) StdoutLine: {'line': b'[ 71%] \x1b[32mBuilding CXX object CMakeFiles/base_interfaces_demo__rosidl_typesupport_fastrtps_cpp.dir/rosidl_typesupport_fastrtps_cpp/base_interfaces_demo/msg/detail/dds_fastrtps/bt_status__type_support.cpp.o\x1b[0m\n'}
[49.540316] (-) TimerEvent: {}
[49.643159] (-) TimerEvent: {}
[49.744675] (-) TimerEvent: {}
[49.845598] (-) TimerEvent: {}
[49.946317] (-) TimerEvent: {}
[50.047177] (-) TimerEvent: {}
[50.148369] (-) TimerEvent: {}
[50.193456] (base_interfaces_demo) StdoutLine: {'line': b'[ 71%] \x1b[32mBuilding CXX object CMakeFiles/base_interfaces_demo__rosidl_typesupport_fastrtps_cpp.dir/rosidl_typesupport_fastrtps_cpp/base_interfaces_demo/msg/detail/dds_fastrtps/car_status__type_support.cpp.o\x1b[0m\n'}
[50.249278] (-) TimerEvent: {}
[50.349998] (-) TimerEvent: {}
[50.450645] (-) TimerEvent: {}
[50.551646] (-) TimerEvent: {}
[50.653152] (-) TimerEvent: {}
[50.755330] (-) TimerEvent: {}
[50.857181] (-) TimerEvent: {}
[50.904734] (base_interfaces_demo) StdoutLine: {'line': b'[ 72%] \x1b[32mBuilding CXX object CMakeFiles/base_interfaces_demo__rosidl_typesupport_fastrtps_cpp.dir/rosidl_typesupport_fastrtps_cpp/base_interfaces_demo/msg/detail/dds_fastrtps/health_node__type_support.cpp.o\x1b[0m\n'}
[50.957572] (-) TimerEvent: {}
[51.058429] (-) TimerEvent: {}
[51.160158] (-) TimerEvent: {}
[51.261559] (-) TimerEvent: {}
[51.363198] (-) TimerEvent: {}
[51.464696] (-) TimerEvent: {}
[51.565553] (-) TimerEvent: {}
[51.617486] (base_interfaces_demo) StdoutLine: {'line': b'[ 72%] \x1b[32mBuilding CXX object CMakeFiles/base_interfaces_demo__rosidl_typesupport_fastrtps_cpp.dir/rosidl_typesupport_fastrtps_cpp/base_interfaces_demo/action/detail/dds_fastrtps/pallet__type_support.cpp.o\x1b[0m\n'}
[51.665998] (-) TimerEvent: {}
[51.766780] (-) TimerEvent: {}
[51.868423] (-) TimerEvent: {}
[51.969798] (-) TimerEvent: {}
[52.071366] (-) TimerEvent: {}
[52.172886] (-) TimerEvent: {}
[52.274536] (-) TimerEvent: {}
[52.376051] (-) TimerEvent: {}
[52.477456] (-) TimerEvent: {}
[52.507700] (base_interfaces_demo) StdoutLine: {'line': b'[ 72%] \x1b[32mBuilding CXX object CMakeFiles/base_interfaces_demo__rosidl_typesupport_fastrtps_cpp.dir/rosidl_typesupport_fastrtps_cpp/base_interfaces_demo/srv/detail/dds_fastrtps/check_emergency__type_support.cpp.o\x1b[0m\n'}
[52.578040] (-) TimerEvent: {}
[52.678923] (-) TimerEvent: {}
[52.780711] (-) TimerEvent: {}
[52.882496] (-) TimerEvent: {}
[52.983219] (-) TimerEvent: {}
[53.084284] (-) TimerEvent: {}
[53.185490] (-) TimerEvent: {}
[53.244858] (base_interfaces_demo) StdoutLine: {'line': b'[ 73%] \x1b[32mBuilding CXX object CMakeFiles/base_interfaces_demo__rosidl_typesupport_fastrtps_cpp.dir/rosidl_typesupport_fastrtps_cpp/base_interfaces_demo/srv/detail/dds_fastrtps/set_emergency__type_support.cpp.o\x1b[0m\n'}
[53.285975] (-) TimerEvent: {}
[53.386600] (-) TimerEvent: {}
[53.488287] (-) TimerEvent: {}
[53.589156] (-) TimerEvent: {}
[53.690947] (-) TimerEvent: {}
[53.793275] (-) TimerEvent: {}
[53.894169] (-) TimerEvent: {}
[53.995911] (-) TimerEvent: {}
[54.008014] (base_interfaces_demo) StdoutLine: {'line': b'[ 73%] \x1b[32mBuilding CXX object CMakeFiles/base_interfaces_demo__rosidl_typesupport_fastrtps_cpp.dir/rosidl_typesupport_fastrtps_cpp/base_interfaces_demo/srv/detail/dds_fastrtps/rcs_server__type_support.cpp.o\x1b[0m\n'}
[54.096942] (-) TimerEvent: {}
[54.199561] (-) TimerEvent: {}
[54.300474] (-) TimerEvent: {}
[54.401118] (-) TimerEvent: {}
[54.501920] (-) TimerEvent: {}
[54.603790] (-) TimerEvent: {}
[54.706384] (-) TimerEvent: {}
[54.737555] (base_interfaces_demo) StdoutLine: {'line': b'[ 74%] \x1b[32mBuilding CXX object CMakeFiles/base_interfaces_demo__rosidl_typesupport_fastrtps_cpp.dir/rosidl_typesupport_fastrtps_cpp/base_interfaces_demo/msg/detail/dds_fastrtps/lift_control__type_support.cpp.o\x1b[0m\n'}
[54.807598] (-) TimerEvent: {}
[54.909356] (-) TimerEvent: {}
[55.009978] (-) TimerEvent: {}
[55.112776] (-) TimerEvent: {}
[55.214341] (-) TimerEvent: {}
[55.316147] (-) TimerEvent: {}
[55.416871] (-) TimerEvent: {}
[55.517684] (-) TimerEvent: {}
[55.529782] (base_interfaces_demo) StdoutLine: {'line': b'[ 74%] \x1b[32mBuilding CXX object CMakeFiles/base_interfaces_demo__rosidl_typesupport_fastrtps_cpp.dir/rosidl_typesupport_fastrtps_cpp/base_interfaces_demo/msg/detail/dds_fastrtps/rcs_info__type_support.cpp.o\x1b[0m\n'}
[55.619029] (-) TimerEvent: {}
[55.720677] (-) TimerEvent: {}
[55.822514] (-) TimerEvent: {}
[55.924433] (-) TimerEvent: {}
[56.026205] (-) TimerEvent: {}
[56.127678] (-) TimerEvent: {}
[56.228348] (-) TimerEvent: {}
[56.283391] (base_interfaces_demo) StdoutLine: {'line': b'[ 74%] \x1b[32m\x1b[1mLinking CXX shared library libbase_interfaces_demo__rosidl_typesupport_fastrtps_cpp.so\x1b[0m\n'}
[56.329068] (-) TimerEvent: {}
[56.431664] (-) TimerEvent: {}
[56.532545] (-) TimerEvent: {}
[56.633937] (-) TimerEvent: {}
[56.674259] (base_interfaces_demo) StdoutLine: {'line': b'[ 74%] Built target base_interfaces_demo__rosidl_typesupport_fastrtps_cpp\n'}
[56.736246] (-) TimerEvent: {}
[56.748041] (base_interfaces_demo) StdoutLine: {'line': b'[ 75%] \x1b[34m\x1b[1mGenerating C type support for eProsima Fast-RTPS\x1b[0m\n'}
[56.837359] (-) TimerEvent: {}
[56.938710] (-) TimerEvent: {}
[57.039530] (-) TimerEvent: {}
[57.140304] (-) TimerEvent: {}
[57.240926] (-) TimerEvent: {}
[57.342647] (-) TimerEvent: {}
[57.443348] (-) TimerEvent: {}
[57.544215] (-) TimerEvent: {}
[57.645664] (-) TimerEvent: {}
[57.747351] (-) TimerEvent: {}
[57.848109] (-) TimerEvent: {}
[57.948877] (-) TimerEvent: {}
[58.050402] (-) TimerEvent: {}
[58.151111] (-) TimerEvent: {}
[58.251883] (-) TimerEvent: {}
[58.352718] (-) TimerEvent: {}
[58.455010] (-) TimerEvent: {}
[58.556310] (-) TimerEvent: {}
[58.657093] (-) TimerEvent: {}
[58.758622] (-) TimerEvent: {}
[58.859305] (-) TimerEvent: {}
[58.960223] (-) TimerEvent: {}
[59.061024] (-) TimerEvent: {}
[59.161729] (-) TimerEvent: {}
[59.262542] (-) TimerEvent: {}
[59.363277] (-) TimerEvent: {}
[59.464115] (-) TimerEvent: {}
[59.564844] (-) TimerEvent: {}
[59.665561] (-) TimerEvent: {}
[59.768338] (-) TimerEvent: {}
[59.872241] (-) TimerEvent: {}
[59.973054] (-) TimerEvent: {}
[60.074564] (-) TimerEvent: {}
[60.175366] (-) TimerEvent: {}
[60.276999] (-) TimerEvent: {}
[60.377690] (-) TimerEvent: {}
[60.478435] (-) TimerEvent: {}
[60.579280] (-) TimerEvent: {}
[60.680923] (-) TimerEvent: {}
[60.781758] (-) TimerEvent: {}
[60.883264] (-) TimerEvent: {}
[60.984144] (-) TimerEvent: {}
[61.084882] (-) TimerEvent: {}
[61.185619] (-) TimerEvent: {}
[61.250553] (base_interfaces_demo) StdoutLine: {'line': b'\x1b[35m\x1b[1mScanning dependencies of target base_interfaces_demo__rosidl_typesupport_fastrtps_c\x1b[0m\n'}
[61.286279] (-) TimerEvent: {}
[61.389075] (-) TimerEvent: {}
[61.489863] (-) TimerEvent: {}
[61.528707] (base_interfaces_demo) StdoutLine: {'line': b'[ 75%] \x1b[32mBuilding CXX object CMakeFiles/base_interfaces_demo__rosidl_typesupport_fastrtps_c.dir/rosidl_typesupport_fastrtps_c/base_interfaces_demo/action/detail/nav__type_support_c.cpp.o\x1b[0m\n'}
[61.590762] (-) TimerEvent: {}
[61.692388] (-) TimerEvent: {}
[61.793369] (-) TimerEvent: {}
[61.894938] (-) TimerEvent: {}
[61.995739] (-) TimerEvent: {}
[62.096778] (-) TimerEvent: {}
[62.198135] (-) TimerEvent: {}
[62.298873] (-) TimerEvent: {}
[62.306963] (base_interfaces_demo) StdoutLine: {'line': b'[ 75%] \x1b[32mBuilding CXX object CMakeFiles/base_interfaces_demo__rosidl_typesupport_fastrtps_c.dir/rosidl_typesupport_fastrtps_c/base_interfaces_demo/msg/detail/location__type_support_c.cpp.o\x1b[0m\n'}
[62.399769] (-) TimerEvent: {}
[62.500482] (-) TimerEvent: {}
[62.601991] (-) TimerEvent: {}
[62.704371] (-) TimerEvent: {}
[62.806639] (-) TimerEvent: {}
[62.908304] (-) TimerEvent: {}
[62.940481] (base_interfaces_demo) StdoutLine: {'line': b'[ 75%] \x1b[32mBuilding CXX object CMakeFiles/base_interfaces_demo__rosidl_typesupport_fastrtps_c.dir/rosidl_typesupport_fastrtps_c/base_interfaces_demo/msg/detail/motor_cmd__type_support_c.cpp.o\x1b[0m\n'}
[63.009003] (-) TimerEvent: {}
[63.110581] (-) TimerEvent: {}
[63.212382] (-) TimerEvent: {}
[63.314045] (-) TimerEvent: {}
[63.414830] (-) TimerEvent: {}
[63.516649] (-) TimerEvent: {}
[63.556655] (base_interfaces_demo) StdoutLine: {'line': b'[ 76%] \x1b[32mBuilding CXX object CMakeFiles/base_interfaces_demo__rosidl_typesupport_fastrtps_c.dir/rosidl_typesupport_fastrtps_c/base_interfaces_demo/msg/detail/motor_status__type_support_c.cpp.o\x1b[0m\n'}
[63.617318] (-) TimerEvent: {}
[63.718030] (-) TimerEvent: {}
[63.818773] (-) TimerEvent: {}
[63.920442] (-) TimerEvent: {}
[64.022091] (-) TimerEvent: {}
[64.122859] (-) TimerEvent: {}
[64.223414] (base_interfaces_demo) StdoutLine: {'line': b'[ 76%] \x1b[32mBuilding CXX object CMakeFiles/base_interfaces_demo__rosidl_typesupport_fastrtps_c.dir/rosidl_typesupport_fastrtps_c/base_interfaces_demo/msg/detail/manual__type_support_c.cpp.o\x1b[0m\n'}
[64.223935] (-) TimerEvent: {}
[64.324621] (-) TimerEvent: {}
[64.426303] (-) TimerEvent: {}
[64.527975] (-) TimerEvent: {}
[64.628644] (-) TimerEvent: {}
[64.729371] (-) TimerEvent: {}
[64.830272] (-) TimerEvent: {}
[64.868465] (base_interfaces_demo) StdoutLine: {'line': b'[ 77%] \x1b[32mBuilding CXX object CMakeFiles/base_interfaces_demo__rosidl_typesupport_fastrtps_c.dir/rosidl_typesupport_fastrtps_c/base_interfaces_demo/msg/detail/test__type_support_c.cpp.o\x1b[0m\n'}
[64.930901] (-) TimerEvent: {}
[65.031623] (-) TimerEvent: {}
[65.132507] (-) TimerEvent: {}
[65.234089] (-) TimerEvent: {}
[65.335041] (-) TimerEvent: {}
[65.436681] (-) TimerEvent: {}
[65.530976] (base_interfaces_demo) StdoutLine: {'line': b'[ 77%] \x1b[32mBuilding CXX object CMakeFiles/base_interfaces_demo__rosidl_typesupport_fastrtps_c.dir/rosidl_typesupport_fastrtps_c/base_interfaces_demo/srv/detail/hall__type_support_c.cpp.o\x1b[0m\n'}
[65.537307] (-) TimerEvent: {}
[65.638519] (-) TimerEvent: {}
[65.739254] (-) TimerEvent: {}
[65.840710] (-) TimerEvent: {}
[65.942201] (-) TimerEvent: {}
[66.042901] (-) TimerEvent: {}
[66.143617] (-) TimerEvent: {}
[66.207547] (base_interfaces_demo) StdoutLine: {'line': b'[ 77%] \x1b[32mBuilding CXX object CMakeFiles/base_interfaces_demo__rosidl_typesupport_fastrtps_c.dir/rosidl_typesupport_fastrtps_c/base_interfaces_demo/msg/detail/bms_info__type_support_c.cpp.o\x1b[0m\n'}
[66.244456] (-) TimerEvent: {}
[66.345392] (-) TimerEvent: {}
[66.446498] (-) TimerEvent: {}
[66.547271] (-) TimerEvent: {}
[66.648881] (-) TimerEvent: {}
[66.750588] (-) TimerEvent: {}
[66.851358] (-) TimerEvent: {}
[66.924063] (base_interfaces_demo) StdoutLine: {'line': b'[ 78%] \x1b[32mBuilding CXX object CMakeFiles/base_interfaces_demo__rosidl_typesupport_fastrtps_c.dir/rosidl_typesupport_fastrtps_c/base_interfaces_demo/msg/detail/charger_info__type_support_c.cpp.o\x1b[0m\n'}
[66.952078] (-) TimerEvent: {}
[67.053754] (-) TimerEvent: {}
[67.155400] (-) TimerEvent: {}
[67.257071] (-) TimerEvent: {}
[67.359000] (-) TimerEvent: {}
[67.459739] (-) TimerEvent: {}
[67.529409] (base_interfaces_demo) StdoutLine: {'line': b'[ 78%] \x1b[32mBuilding CXX object CMakeFiles/base_interfaces_demo__rosidl_typesupport_fastrtps_c.dir/rosidl_typesupport_fastrtps_c/base_interfaces_demo/msg/detail/manual_seek_label__type_support_c.cpp.o\x1b[0m\n'}
[67.530064] (base_interfaces_demo) StdoutLine: {'line': b'[ 79%] \x1b[32mBuilding CXX object CMakeFiles/base_interfaces_demo__rosidl_typesupport_fastrtps_c.dir/rosidl_typesupport_fastrtps_c/base_interfaces_demo/msg/detail/hall_info__type_support_c.cpp.o\x1b[0m\n'}
[67.560410] (-) TimerEvent: {}
[67.662600] (-) TimerEvent: {}
[67.764399] (-) TimerEvent: {}
[67.866168] (-) TimerEvent: {}
[67.968107] (-) TimerEvent: {}
[68.069428] (-) TimerEvent: {}
[68.170931] (-) TimerEvent: {}
[68.227574] (base_interfaces_demo) StdoutLine: {'line': b'[ 79%] \x1b[32mBuilding CXX object CMakeFiles/base_interfaces_demo__rosidl_typesupport_fastrtps_c.dir/rosidl_typesupport_fastrtps_c/base_interfaces_demo/msg/detail/seek_cmd__type_support_c.cpp.o\x1b[0m\n'}
[68.264049] (base_interfaces_demo) StdoutLine: {'line': b'[ 80%] \x1b[32mBuilding CXX object CMakeFiles/base_interfaces_demo__rosidl_typesupport_fastrtps_c.dir/rosidl_typesupport_fastrtps_c/base_interfaces_demo/msg/detail/seek_ret__type_support_c.cpp.o\x1b[0m\n'}
[68.271637] (-) TimerEvent: {}
[68.373554] (-) TimerEvent: {}
[68.475329] (-) TimerEvent: {}
[68.577122] (-) TimerEvent: {}
[68.678798] (-) TimerEvent: {}
[68.780550] (-) TimerEvent: {}
[68.882399] (-) TimerEvent: {}
[68.940337] (base_interfaces_demo) StdoutLine: {'line': b'[ 80%] \x1b[32mBuilding CXX object CMakeFiles/base_interfaces_demo__rosidl_typesupport_fastrtps_c.dir/rosidl_typesupport_fastrtps_c/base_interfaces_demo/msg/detail/system_status__type_support_c.cpp.o\x1b[0m\n'}
[68.947334] (base_interfaces_demo) StdoutLine: {'line': b'[ 80%] \x1b[32mBuilding CXX object CMakeFiles/base_interfaces_demo__rosidl_typesupport_fastrtps_c.dir/rosidl_typesupport_fastrtps_c/base_interfaces_demo/action/detail/reverse__type_support_c.cpp.o\x1b[0m\n'}
[68.982939] (-) TimerEvent: {}
[69.084745] (-) TimerEvent: {}
[69.185528] (-) TimerEvent: {}
[69.286252] (-) TimerEvent: {}
[69.387942] (-) TimerEvent: {}
[69.828777] (-) TimerEvent: {}
[69.930394] (-) TimerEvent: {}
[69.962060] (base_interfaces_demo) StdoutLine: {'line': b'[ 81%] \x1b[32mBuilding CXX object CMakeFiles/base_interfaces_demo__rosidl_typesupport_fastrtps_c.dir/rosidl_typesupport_fastrtps_c/base_interfaces_demo/msg/detail/lift_info__type_support_c.cpp.o\x1b[0m\n'}
[69.984501] (base_interfaces_demo) StdoutLine: {'line': b'[ 81%] \x1b[32mBuilding CXX object CMakeFiles/base_interfaces_demo__rosidl_typesupport_fastrtps_c.dir/rosidl_typesupport_fastrtps_c/base_interfaces_demo/msg/detail/ohom__type_support_c.cpp.o\x1b[0m\n'}
[70.032615] (-) TimerEvent: {}
[70.134905] (-) TimerEvent: {}
[70.237737] (-) TimerEvent: {}
[70.340716] (-) TimerEvent: {}
[70.444698] (-) TimerEvent: {}
[70.548243] (-) TimerEvent: {}
[70.652167] (-) TimerEvent: {}
[70.756485] (-) TimerEvent: {}
[70.856602] (base_interfaces_demo) StdoutLine: {'line': b'[ 81%] \x1b[32mBuilding CXX object CMakeFiles/base_interfaces_demo__rosidl_typesupport_fastrtps_c.dir/rosidl_typesupport_fastrtps_c/base_interfaces_demo/msg/detail/color_info__type_support_c.cpp.o\x1b[0m\n'}
[70.856961] (-) TimerEvent: {}
[70.857710] (base_interfaces_demo) StdoutLine: {'line': b'[ 81%] \x1b[32mBuilding CXX object CMakeFiles/base_interfaces_demo__rosidl_typesupport_fastrtps_c.dir/rosidl_typesupport_fastrtps_c/base_interfaces_demo/msg/detail/file_updata__type_support_c.cpp.o\x1b[0m\n'}
[70.958118] (-) TimerEvent: {}
[71.059112] (-) TimerEvent: {}
[71.160195] (-) TimerEvent: {}
[71.261239] (-) TimerEvent: {}
[71.362081] (-) TimerEvent: {}
[71.462966] (-) TimerEvent: {}
[71.563677] (-) TimerEvent: {}
[71.666068] (-) TimerEvent: {}
[71.711554] (base_interfaces_demo) StdoutLine: {'line': b'[ 81%] \x1b[32mBuilding CXX object CMakeFiles/base_interfaces_demo__rosidl_typesupport_fastrtps_c.dir/rosidl_typesupport_fastrtps_c/base_interfaces_demo/msg/detail/pallet_info__type_support_c.cpp.o\x1b[0m\n'}
[71.728290] (base_interfaces_demo) StdoutLine: {'line': b'[ 82%] \x1b[32mBuilding CXX object CMakeFiles/base_interfaces_demo__rosidl_typesupport_fastrtps_c.dir/rosidl_typesupport_fastrtps_c/base_interfaces_demo/msg/detail/movecontrol_info__type_support_c.cpp.o\x1b[0m\n'}
[71.766439] (-) TimerEvent: {}
[71.868800] (-) TimerEvent: {}
[71.970074] (-) TimerEvent: {}
[72.071574] (-) TimerEvent: {}
[72.174221] (-) TimerEvent: {}
[72.275309] (-) TimerEvent: {}
[72.376680] (-) TimerEvent: {}
[72.477605] (-) TimerEvent: {}
[72.578899] (-) TimerEvent: {}
[72.616346] (base_interfaces_demo) StdoutLine: {'line': b'[ 82%] \x1b[32mBuilding CXX object CMakeFiles/base_interfaces_demo__rosidl_typesupport_fastrtps_c.dir/rosidl_typesupport_fastrtps_c/base_interfaces_demo/msg/detail/motion_control__type_support_c.cpp.o\x1b[0m\n'}
[72.622228] (base_interfaces_demo) StdoutLine: {'line': b'[ 83%] \x1b[32mBuilding CXX object CMakeFiles/base_interfaces_demo__rosidl_typesupport_fastrtps_c.dir/rosidl_typesupport_fastrtps_c/base_interfaces_demo/msg/detail/obs_laser__type_support_c.cpp.o\x1b[0m\n'}
[72.641440] (base_interfaces_demo) StdoutLine: {'line': b'[ 83%] \x1b[32mBuilding CXX object CMakeFiles/base_interfaces_demo__rosidl_typesupport_fastrtps_c.dir/rosidl_typesupport_fastrtps_c/base_interfaces_demo/msg/detail/rcs_info__type_support_c.cpp.o\x1b[0m\n'}
[72.680141] (-) TimerEvent: {}
[72.782085] (-) TimerEvent: {}
[72.883496] (-) TimerEvent: {}
[72.986669] (-) TimerEvent: {}
[73.089689] (-) TimerEvent: {}
[73.191164] (-) TimerEvent: {}
[73.296603] (-) TimerEvent: {}
[73.397342] (-) TimerEvent: {}
[73.507827] (-) TimerEvent: {}
[73.612929] (base_interfaces_demo) StdoutLine: {'line': b'[ 84%] \x1b[32mBuilding CXX object CMakeFiles/base_interfaces_demo__rosidl_typesupport_fastrtps_c.dir/rosidl_typesupport_fastrtps_c/base_interfaces_demo/msg/detail/lift_control__type_support_c.cpp.o\x1b[0m\n'}
[73.613301] (-) TimerEvent: {}
[73.715242] (-) TimerEvent: {}
[73.782550] (base_interfaces_demo) StdoutLine: {'line': b'[ 84%] \x1b[32mBuilding CXX object CMakeFiles/base_interfaces_demo__rosidl_typesupport_fastrtps_c.dir/rosidl_typesupport_fastrtps_c/base_interfaces_demo/msg/detail/bt_status__type_support_c.cpp.o\x1b[0m\n'}
[73.816043] (-) TimerEvent: {}
[73.844949] (base_interfaces_demo) StdoutLine: {'line': b'[ 84%] \x1b[32mBuilding CXX object CMakeFiles/base_interfaces_demo__rosidl_typesupport_fastrtps_c.dir/rosidl_typesupport_fastrtps_c/base_interfaces_demo/msg/detail/car_status__type_support_c.cpp.o\x1b[0m\n'}
[73.916625] (-) TimerEvent: {}
[74.017866] (-) TimerEvent: {}
[74.119008] (-) TimerEvent: {}
[74.225314] (-) TimerEvent: {}
[74.326042] (-) TimerEvent: {}
[74.429156] (-) TimerEvent: {}
[74.531670] (base_interfaces_demo) StdoutLine: {'line': b'[ 85%] \x1b[32mBuilding CXX object CMakeFiles/base_interfaces_demo__rosidl_typesupport_fastrtps_c.dir/rosidl_typesupport_fastrtps_c/base_interfaces_demo/msg/detail/health_node__type_support_c.cpp.o\x1b[0m\n'}
[74.532071] (-) TimerEvent: {}
[74.576162] (base_interfaces_demo) StdoutLine: {'line': b'[ 85%] \x1b[32mBuilding CXX object CMakeFiles/base_interfaces_demo__rosidl_typesupport_fastrtps_c.dir/rosidl_typesupport_fastrtps_c/base_interfaces_demo/action/detail/pallet__type_support_c.cpp.o\x1b[0m\n'}
[74.632946] (-) TimerEvent: {}
[74.734937] (-) TimerEvent: {}
[74.814177] (base_interfaces_demo) StdoutLine: {'line': b'[ 85%] \x1b[32mBuilding CXX object CMakeFiles/base_interfaces_demo__rosidl_typesupport_fastrtps_c.dir/rosidl_typesupport_fastrtps_c/base_interfaces_demo/srv/detail/check_emergency__type_support_c.cpp.o\x1b[0m\n'}
[74.835580] (-) TimerEvent: {}
[74.876139] (base_interfaces_demo) StdoutLine: {'line': b'[ 86%] \x1b[32mBuilding CXX object CMakeFiles/base_interfaces_demo__rosidl_typesupport_fastrtps_c.dir/rosidl_typesupport_fastrtps_c/base_interfaces_demo/srv/detail/set_emergency__type_support_c.cpp.o\x1b[0m\n'}
[74.936306] (-) TimerEvent: {}
[75.041437] (-) TimerEvent: {}
[75.145119] (-) TimerEvent: {}
[75.249267] (-) TimerEvent: {}
[75.351129] (-) TimerEvent: {}
[75.452267] (-) TimerEvent: {}
[75.553363] (-) TimerEvent: {}
[75.657055] (-) TimerEvent: {}
[75.761372] (-) TimerEvent: {}
[75.865133] (-) TimerEvent: {}
[75.929580] (base_interfaces_demo) StdoutLine: {'line': b'[ 86%] \x1b[32mBuilding CXX object CMakeFiles/base_interfaces_demo__rosidl_typesupport_fastrtps_c.dir/rosidl_typesupport_fastrtps_c/base_interfaces_demo/srv/detail/rcs_server__type_support_c.cpp.o\x1b[0m\n'}
[75.965754] (-) TimerEvent: {}
[76.085436] (-) TimerEvent: {}
[76.188339] (-) TimerEvent: {}
[76.289152] (-) TimerEvent: {}
[76.390009] (-) TimerEvent: {}
[76.491594] (-) TimerEvent: {}
[76.593021] (-) TimerEvent: {}
[76.693850] (-) TimerEvent: {}
[76.776770] (base_interfaces_demo) StdoutLine: {'line': b'[ 87%] \x1b[32m\x1b[1mLinking CXX shared library libbase_interfaces_demo__rosidl_typesupport_fastrtps_c.so\x1b[0m\n'}
[76.794574] (-) TimerEvent: {}
[76.895419] (-) TimerEvent: {}
[76.997718] (-) TimerEvent: {}
[77.099229] (-) TimerEvent: {}
[77.192186] (base_interfaces_demo) StdoutLine: {'line': b'[ 87%] Built target base_interfaces_demo__rosidl_typesupport_fastrtps_c\n'}
[77.200262] (-) TimerEvent: {}
[77.290096] (base_interfaces_demo) StdoutLine: {'line': b'[ 87%] Built target base_interfaces_demo\n'}
[77.300710] (-) TimerEvent: {}
[77.347934] (base_interfaces_demo) StdoutLine: {'line': b'\x1b[35m\x1b[1mScanning dependencies of target base_interfaces_demo__py\x1b[0m\n'}
[77.395760] (base_interfaces_demo) StdoutLine: {'line': b'[ 87%] \x1b[34m\x1b[1mGenerating Python code for ROS interfaces\x1b[0m\n'}
[77.401312] (-) TimerEvent: {}
[77.502848] (-) TimerEvent: {}
[77.604527] (-) TimerEvent: {}
[77.705328] (-) TimerEvent: {}
[77.806175] (-) TimerEvent: {}
[77.907735] (-) TimerEvent: {}
[78.008981] (-) TimerEvent: {}
[78.110592] (-) TimerEvent: {}
[78.212300] (-) TimerEvent: {}
[78.313950] (-) TimerEvent: {}
[78.415230] (-) TimerEvent: {}
[78.515880] (-) TimerEvent: {}
[78.616723] (-) TimerEvent: {}
[78.718011] (-) TimerEvent: {}
[78.819960] (-) TimerEvent: {}
[78.921245] (-) TimerEvent: {}
[79.022874] (-) TimerEvent: {}
[79.124392] (-) TimerEvent: {}
[79.225960] (-) TimerEvent: {}
[79.327659] (-) TimerEvent: {}
[79.428718] (-) TimerEvent: {}
[79.530028] (-) TimerEvent: {}
[79.631522] (-) TimerEvent: {}
[79.733286] (-) TimerEvent: {}
[79.834766] (-) TimerEvent: {}
[79.936210] (-) TimerEvent: {}
[80.037967] (-) TimerEvent: {}
[80.139152] (-) TimerEvent: {}
[80.240843] (-) TimerEvent: {}
[80.342359] (-) TimerEvent: {}
[80.443790] (-) TimerEvent: {}
[80.544287] (-) TimerEvent: {}
[80.645272] (-) TimerEvent: {}
[80.747419] (-) TimerEvent: {}
[80.848085] (-) TimerEvent: {}
[80.948795] (-) TimerEvent: {}
[81.050082] (-) TimerEvent: {}
[81.151611] (-) TimerEvent: {}
[81.252291] (-) TimerEvent: {}
[81.352934] (-) TimerEvent: {}
[81.454408] (-) TimerEvent: {}
[81.556497] (-) TimerEvent: {}
[81.658357] (-) TimerEvent: {}
[81.760796] (-) TimerEvent: {}
[81.862482] (-) TimerEvent: {}
[81.964278] (-) TimerEvent: {}
[82.065730] (-) TimerEvent: {}
[82.167581] (-) TimerEvent: {}
[82.268817] (-) TimerEvent: {}
[82.370465] (-) TimerEvent: {}
[82.472290] (-) TimerEvent: {}
[82.574829] (-) TimerEvent: {}
[82.676065] (-) TimerEvent: {}
[82.776769] (-) TimerEvent: {}
[82.877391] (-) TimerEvent: {}
[82.978195] (-) TimerEvent: {}
[83.079471] (-) TimerEvent: {}
[83.180570] (-) TimerEvent: {}
[83.281259] (-) TimerEvent: {}
[83.382140] (-) TimerEvent: {}
[83.482999] (-) TimerEvent: {}
[83.584395] (-) TimerEvent: {}
[83.685574] (-) TimerEvent: {}
[83.786628] (-) TimerEvent: {}
[83.888552] (-) TimerEvent: {}
[83.990655] (-) TimerEvent: {}
[84.091522] (-) TimerEvent: {}
[84.192881] (-) TimerEvent: {}
[84.293627] (-) TimerEvent: {}
[84.395064] (-) TimerEvent: {}
[84.496800] (-) TimerEvent: {}
[84.598311] (-) TimerEvent: {}
[84.702743] (-) TimerEvent: {}
[84.806158] (-) TimerEvent: {}
[84.907714] (-) TimerEvent: {}
[85.010296] (-) TimerEvent: {}
[85.111618] (-) TimerEvent: {}
[85.213378] (-) TimerEvent: {}
[85.316055] (-) TimerEvent: {}
[85.416833] (-) TimerEvent: {}
[85.519000] (-) TimerEvent: {}
[85.622926] (-) TimerEvent: {}
[85.725616] (-) TimerEvent: {}
[85.826985] (-) TimerEvent: {}
[85.928420] (-) TimerEvent: {}
[86.029996] (-) TimerEvent: {}
[86.130637] (-) TimerEvent: {}
[86.232156] (-) TimerEvent: {}
[86.332829] (-) TimerEvent: {}
[86.434581] (-) TimerEvent: {}
[86.535838] (-) TimerEvent: {}
[86.598376] (base_interfaces_demo) StdoutLine: {'line': b'[ 87%] Built target base_interfaces_demo__py\n'}
[86.640134] (-) TimerEvent: {}
[86.687561] (base_interfaces_demo) StdoutLine: {'line': b'\x1b[35m\x1b[1mScanning dependencies of target base_interfaces_demo__python\x1b[0m\n'}
[86.741011] (-) TimerEvent: {}
[86.844636] (-) TimerEvent: {}
[86.945570] (-) TimerEvent: {}
[87.046235] (-) TimerEvent: {}
[87.114158] (base_interfaces_demo) StdoutLine: {'line': b'[ 88%] \x1b[32mBuilding C object CMakeFiles/base_interfaces_demo__python.dir/rosidl_generator_py/base_interfaces_demo/action/_nav_s.c.o\x1b[0m\n'}
[87.147234] (-) TimerEvent: {}
[87.248307] (-) TimerEvent: {}
[87.349468] (-) TimerEvent: {}
[87.450587] (-) TimerEvent: {}
[87.551586] (-) TimerEvent: {}
[87.612931] (base_interfaces_demo) StdoutLine: {'line': b'[ 89%] \x1b[32mBuilding C object CMakeFiles/base_interfaces_demo__python.dir/rosidl_generator_py/base_interfaces_demo/msg/_location_s.c.o\x1b[0m\n'}
[87.656613] (-) TimerEvent: {}
[87.761196] (-) TimerEvent: {}
[87.861952] (-) TimerEvent: {}
[87.962791] (-) TimerEvent: {}
[87.969432] (base_interfaces_demo) StdoutLine: {'line': b'[ 89%] \x1b[32mBuilding C object CMakeFiles/base_interfaces_demo__python.dir/rosidl_generator_py/base_interfaces_demo/msg/_motor_cmd_s.c.o\x1b[0m\n'}
[88.063141] (-) TimerEvent: {}
[88.164206] (-) TimerEvent: {}
[88.213489] (base_interfaces_demo) StdoutLine: {'line': b'[ 89%] \x1b[32mBuilding C object CMakeFiles/base_interfaces_demo__python.dir/rosidl_generator_py/base_interfaces_demo/msg/_motor_status_s.c.o\x1b[0m\n'}
[88.264638] (-) TimerEvent: {}
[88.366311] (-) TimerEvent: {}
[88.467323] (-) TimerEvent: {}
[88.497848] (base_interfaces_demo) StdoutLine: {'line': b'[ 90%] \x1b[32mBuilding C object CMakeFiles/base_interfaces_demo__python.dir/rosidl_generator_py/base_interfaces_demo/msg/_manual_s.c.o\x1b[0m\n'}
[88.568580] (-) TimerEvent: {}
[88.669822] (-) TimerEvent: {}
[88.772326] (-) TimerEvent: {}
[88.792415] (base_interfaces_demo) StdoutLine: {'line': b'[ 90%] \x1b[32mBuilding C object CMakeFiles/base_interfaces_demo__python.dir/rosidl_generator_py/base_interfaces_demo/msg/_test_s.c.o\x1b[0m\n'}
[88.873174] (-) TimerEvent: {}
[88.974712] (-) TimerEvent: {}
[89.032953] (base_interfaces_demo) StdoutLine: {'line': b'[ 90%] \x1b[32mBuilding C object CMakeFiles/base_interfaces_demo__python.dir/rosidl_generator_py/base_interfaces_demo/srv/_hall_s.c.o\x1b[0m\n'}
[89.075461] (-) TimerEvent: {}
[89.178870] (-) TimerEvent: {}
[89.279578] (-) TimerEvent: {}
[89.299126] (base_interfaces_demo) StdoutLine: {'line': b'[ 91%] \x1b[32mBuilding C object CMakeFiles/base_interfaces_demo__python.dir/rosidl_generator_py/base_interfaces_demo/msg/_bms_info_s.c.o\x1b[0m\n'}
[89.380394] (-) TimerEvent: {}
[89.481629] (-) TimerEvent: {}
[89.582426] (-) TimerEvent: {}
[89.612367] (base_interfaces_demo) StdoutLine: {'line': b'[ 91%] \x1b[32mBuilding C object CMakeFiles/base_interfaces_demo__python.dir/rosidl_generator_py/base_interfaces_demo/msg/_charger_info_s.c.o\x1b[0m\n'}
[89.682797] (-) TimerEvent: {}
[89.783609] (-) TimerEvent: {}
[89.875660] (base_interfaces_demo) StdoutLine: {'line': b'[ 92%] \x1b[32mBuilding C object CMakeFiles/base_interfaces_demo__python.dir/rosidl_generator_py/base_interfaces_demo/msg/_manual_seek_label_s.c.o\x1b[0m\n'}
[89.884030] (-) TimerEvent: {}
[89.985286] (-) TimerEvent: {}
[90.086427] (-) TimerEvent: {}
[90.141135] (base_interfaces_demo) StdoutLine: {'line': b'[ 92%] \x1b[32mBuilding C object CMakeFiles/base_interfaces_demo__python.dir/rosidl_generator_py/base_interfaces_demo/msg/_seek_cmd_s.c.o\x1b[0m\n'}
[90.186888] (-) TimerEvent: {}
[90.287547] (-) TimerEvent: {}
[90.392116] (-) TimerEvent: {}
[90.399434] (base_interfaces_demo) StdoutLine: {'line': b'[ 92%] \x1b[32mBuilding C object CMakeFiles/base_interfaces_demo__python.dir/rosidl_generator_py/base_interfaces_demo/msg/_seek_ret_s.c.o\x1b[0m\n'}
[90.492777] (-) TimerEvent: {}
[90.594341] (-) TimerEvent: {}
[90.688288] (base_interfaces_demo) StdoutLine: {'line': b'[ 93%] \x1b[32mBuilding C object CMakeFiles/base_interfaces_demo__python.dir/rosidl_generator_py/base_interfaces_demo/msg/_system_status_s.c.o\x1b[0m\n'}
[90.695226] (-) TimerEvent: {}
[90.796346] (-) TimerEvent: {}
[90.897174] (-) TimerEvent: {}
[90.993177] (base_interfaces_demo) StdoutLine: {'line': b'[ 93%] \x1b[32mBuilding C object CMakeFiles/base_interfaces_demo__python.dir/rosidl_generator_py/base_interfaces_demo/action/_reverse_s.c.o\x1b[0m\n'}
[90.997627] (-) TimerEvent: {}
[91.098462] (-) TimerEvent: {}
[91.199260] (-) TimerEvent: {}
[91.300958] (-) TimerEvent: {}
[91.344540] (base_interfaces_demo) StdoutLine: {'line': b'[ 93%] \x1b[32mBuilding C object CMakeFiles/base_interfaces_demo__python.dir/rosidl_generator_py/base_interfaces_demo/msg/_lift_info_s.c.o\x1b[0m\n'}
[91.401529] (-) TimerEvent: {}
[91.503128] (-) TimerEvent: {}
[91.604546] (-) TimerEvent: {}
[91.613687] (base_interfaces_demo) StdoutLine: {'line': b'[ 94%] \x1b[32mBuilding C object CMakeFiles/base_interfaces_demo__python.dir/rosidl_generator_py/base_interfaces_demo/msg/_color_info_s.c.o\x1b[0m\n'}
[91.705218] (-) TimerEvent: {}
[91.806837] (-) TimerEvent: {}
[91.901131] (base_interfaces_demo) StdoutLine: {'line': b'[ 94%] \x1b[32mBuilding C object CMakeFiles/base_interfaces_demo__python.dir/rosidl_generator_py/base_interfaces_demo/msg/_file_updata_s.c.o\x1b[0m\n'}
[91.907426] (-) TimerEvent: {}
[92.008131] (-) TimerEvent: {}
[92.109411] (-) TimerEvent: {}
[92.193672] (base_interfaces_demo) StdoutLine: {'line': b'[ 94%] \x1b[32mBuilding C object CMakeFiles/base_interfaces_demo__python.dir/rosidl_generator_py/base_interfaces_demo/msg/_obs_laser_s.c.o\x1b[0m\n'}
[92.212178] (-) TimerEvent: {}
[92.313458] (-) TimerEvent: {}
[92.414485] (-) TimerEvent: {}
[92.515201] (-) TimerEvent: {}
[92.519667] (base_interfaces_demo) StdoutLine: {'line': b'[ 95%] \x1b[32mBuilding C object CMakeFiles/base_interfaces_demo__python.dir/rosidl_generator_py/base_interfaces_demo/msg/_pallet_info_s.c.o\x1b[0m\n'}
[92.615573] (-) TimerEvent: {}
[92.716590] (-) TimerEvent: {}
[92.818082] (-) TimerEvent: {}
[92.822175] (base_interfaces_demo) StdoutLine: {'line': b'[ 95%] \x1b[32mBuilding C object CMakeFiles/base_interfaces_demo__python.dir/rosidl_generator_py/base_interfaces_demo/msg/_movecontrol_info_s.c.o\x1b[0m\n'}
[92.918677] (-) TimerEvent: {}
[93.020356] (-) TimerEvent: {}
[93.072051] (base_interfaces_demo) StdoutLine: {'line': b'[ 95%] \x1b[32mBuilding C object CMakeFiles/base_interfaces_demo__python.dir/rosidl_generator_py/base_interfaces_demo/msg/_motion_control_s.c.o\x1b[0m\n'}
[93.121507] (-) TimerEvent: {}
[93.227965] (-) TimerEvent: {}
[93.328609] (-) TimerEvent: {}
[93.374835] (base_interfaces_demo) StdoutLine: {'line': b'[ 96%] \x1b[32mBuilding C object CMakeFiles/base_interfaces_demo__python.dir/rosidl_generator_py/base_interfaces_demo/msg/_rcs_info_s.c.o\x1b[0m\n'}
[93.429114] (-) TimerEvent: {}
[93.529895] (-) TimerEvent: {}
[93.631303] (-) TimerEvent: {}
[93.667678] (base_interfaces_demo) StdoutLine: {'line': b'[ 96%] \x1b[32mBuilding C object CMakeFiles/base_interfaces_demo__python.dir/rosidl_generator_py/base_interfaces_demo/msg/_lift_control_s.c.o\x1b[0m\n'}
[93.732259] (-) TimerEvent: {}
[93.833067] (-) TimerEvent: {}
[93.934583] (-) TimerEvent: {}
[93.963405] (base_interfaces_demo) StdoutLine: {'line': b'[ 97%] \x1b[32mBuilding C object CMakeFiles/base_interfaces_demo__python.dir/rosidl_generator_py/base_interfaces_demo/msg/_bt_status_s.c.o\x1b[0m\n'}
[94.035469] (-) TimerEvent: {}
[94.137093] (-) TimerEvent: {}
[94.238030] (-) TimerEvent: {}
[94.287670] (base_interfaces_demo) StdoutLine: {'line': b'[ 97%] \x1b[32mBuilding C object CMakeFiles/base_interfaces_demo__python.dir/rosidl_generator_py/base_interfaces_demo/msg/_car_status_s.c.o\x1b[0m\n'}
[94.338768] (-) TimerEvent: {}
[94.440469] (-) TimerEvent: {}
[94.542375] (-) TimerEvent: {}
[94.572372] (base_interfaces_demo) StdoutLine: {'line': b'[ 97%] \x1b[32mBuilding C object CMakeFiles/base_interfaces_demo__python.dir/rosidl_generator_py/base_interfaces_demo/msg/_health_node_s.c.o\x1b[0m\n'}
[94.651670] (-) TimerEvent: {}
[94.757690] (-) TimerEvent: {}
[94.859164] (-) TimerEvent: {}
[94.873389] (base_interfaces_demo) StdoutLine: {'line': b'[ 98%] \x1b[32mBuilding C object CMakeFiles/base_interfaces_demo__python.dir/rosidl_generator_py/base_interfaces_demo/action/_pallet_s.c.o\x1b[0m\n'}
[94.960144] (-) TimerEvent: {}
[95.061527] (-) TimerEvent: {}
[95.162326] (-) TimerEvent: {}
[95.211910] (base_interfaces_demo) StdoutLine: {'line': b'[ 98%] \x1b[32mBuilding C object CMakeFiles/base_interfaces_demo__python.dir/rosidl_generator_py/base_interfaces_demo/srv/_check_emergency_s.c.o\x1b[0m\n'}
[95.262828] (-) TimerEvent: {}
[95.363693] (-) TimerEvent: {}
[95.464258] (-) TimerEvent: {}
[95.512884] (base_interfaces_demo) StdoutLine: {'line': b'[ 98%] \x1b[32mBuilding C object CMakeFiles/base_interfaces_demo__python.dir/rosidl_generator_py/base_interfaces_demo/srv/_set_emergency_s.c.o\x1b[0m\n'}
[95.564963] (-) TimerEvent: {}
[95.665753] (-) TimerEvent: {}
[95.766519] (-) TimerEvent: {}
[95.798314] (base_interfaces_demo) StdoutLine: {'line': b'[ 99%] \x1b[32mBuilding C object CMakeFiles/base_interfaces_demo__python.dir/rosidl_generator_py/base_interfaces_demo/srv/_rcs_server_s.c.o\x1b[0m\n'}
[95.866872] (-) TimerEvent: {}
[95.968219] (-) TimerEvent: {}
[96.069534] (-) TimerEvent: {}
[96.098691] (base_interfaces_demo) StdoutLine: {'line': b'[ 99%] \x1b[32mBuilding C object CMakeFiles/base_interfaces_demo__python.dir/rosidl_generator_py/base_interfaces_demo/msg/_hall_info_s.c.o\x1b[0m\n'}
[96.169992] (-) TimerEvent: {}
[96.271692] (-) TimerEvent: {}
[96.373185] (-) TimerEvent: {}
[96.395784] (base_interfaces_demo) StdoutLine: {'line': b'[ 99%] \x1b[32mBuilding C object CMakeFiles/base_interfaces_demo__python.dir/rosidl_generator_py/base_interfaces_demo/msg/_ohom_s.c.o\x1b[0m\n'}
[96.473899] (-) TimerEvent: {}
[96.576326] (-) TimerEvent: {}
[96.677211] (-) TimerEvent: {}
[96.699895] (base_interfaces_demo) StdoutLine: {'line': b'[ 99%] \x1b[32m\x1b[1mLinking C shared library rosidl_generator_py/base_interfaces_demo/libbase_interfaces_demo__python.so\x1b[0m\n'}
[96.777861] (-) TimerEvent: {}
[96.879687] (-) TimerEvent: {}
[96.981049] (-) TimerEvent: {}
[96.987331] (base_interfaces_demo) StdoutLine: {'line': b'[ 99%] Built target base_interfaces_demo__python\n'}
[97.050959] (base_interfaces_demo) StdoutLine: {'line': b'\x1b[35m\x1b[1mScanning dependencies of target base_interfaces_demo__rosidl_typesupport_introspection_c__pyext\x1b[0m\n'}
[97.081677] (-) TimerEvent: {}
[97.182572] (-) TimerEvent: {}
[97.196458] (base_interfaces_demo) StdoutLine: {'line': b'[ 99%] \x1b[32mBuilding C object CMakeFiles/base_interfaces_demo__rosidl_typesupport_introspection_c__pyext.dir/rosidl_generator_py/base_interfaces_demo/_base_interfaces_demo_s.ep.rosidl_typesupport_introspection_c.c.o\x1b[0m\n'}
[97.283018] (-) TimerEvent: {}
[97.384858] (-) TimerEvent: {}
[97.486478] (-) TimerEvent: {}
[97.589151] (-) TimerEvent: {}
[97.689972] (-) TimerEvent: {}
[97.779148] (base_interfaces_demo) StdoutLine: {'line': b'[ 99%] \x1b[32m\x1b[1mLinking C shared library rosidl_generator_py/base_interfaces_demo/base_interfaces_demo_s__rosidl_typesupport_introspection_c.cpython-38-x86_64-linux-gnu.so\x1b[0m\n'}
[97.790759] (-) TimerEvent: {}
[97.892554] (-) TimerEvent: {}
[97.993276] (-) TimerEvent: {}
[97.997637] (base_interfaces_demo) StdoutLine: {'line': b'[ 99%] Built target base_interfaces_demo__rosidl_typesupport_introspection_c__pyext\n'}
[98.051969] (base_interfaces_demo) StdoutLine: {'line': b'\x1b[35m\x1b[1mScanning dependencies of target base_interfaces_demo__rosidl_typesupport_c__pyext\x1b[0m\n'}
[98.094228] (-) TimerEvent: {}
[98.185079] (base_interfaces_demo) StdoutLine: {'line': b'[100%] \x1b[32mBuilding C object CMakeFiles/base_interfaces_demo__rosidl_typesupport_c__pyext.dir/rosidl_generator_py/base_interfaces_demo/_base_interfaces_demo_s.ep.rosidl_typesupport_c.c.o\x1b[0m\n'}
[98.196091] (-) TimerEvent: {}
[98.296826] (-) TimerEvent: {}
[98.398466] (-) TimerEvent: {}
[98.499291] (-) TimerEvent: {}
[98.600051] (-) TimerEvent: {}
[98.700764] (-) TimerEvent: {}
[98.757724] (base_interfaces_demo) StdoutLine: {'line': b'[100%] \x1b[32m\x1b[1mLinking C shared library rosidl_generator_py/base_interfaces_demo/base_interfaces_demo_s__rosidl_typesupport_c.cpython-38-x86_64-linux-gnu.so\x1b[0m\n'}
[98.801367] (-) TimerEvent: {}
[98.902849] (-) TimerEvent: {}
[99.009068] (base_interfaces_demo) StdoutLine: {'line': b'[100%] Built target base_interfaces_demo__rosidl_typesupport_c__pyext\n'}
[99.009404] (-) TimerEvent: {}
[99.069243] (base_interfaces_demo) StdoutLine: {'line': b'\x1b[35m\x1b[1mScanning dependencies of target base_interfaces_demo__rosidl_typesupport_fastrtps_c__pyext\x1b[0m\n'}
[99.110339] (-) TimerEvent: {}
[99.204709] (base_interfaces_demo) StdoutLine: {'line': b'[100%] \x1b[32mBuilding C object CMakeFiles/base_interfaces_demo__rosidl_typesupport_fastrtps_c__pyext.dir/rosidl_generator_py/base_interfaces_demo/_base_interfaces_demo_s.ep.rosidl_typesupport_fastrtps_c.c.o\x1b[0m\n'}
[99.211184] (-) TimerEvent: {}
[99.312135] (-) TimerEvent: {}
[99.413138] (-) TimerEvent: {}
[99.514524] (-) TimerEvent: {}
[99.616548] (-) TimerEvent: {}
[99.718251] (-) TimerEvent: {}
[99.774794] (base_interfaces_demo) StdoutLine: {'line': b'[100%] \x1b[32m\x1b[1mLinking CXX shared library rosidl_generator_py/base_interfaces_demo/base_interfaces_demo_s__rosidl_typesupport_fastrtps_c.cpython-38-x86_64-linux-gnu.so\x1b[0m\n'}
[99.819302] (-) TimerEvent: {}
[99.920408] (-) TimerEvent: {}
[100.021522] (-) TimerEvent: {}
[100.081912] (base_interfaces_demo) StdoutLine: {'line': b'[100%] Built target base_interfaces_demo__rosidl_typesupport_fastrtps_c__pyext\n'}
[100.122382] (base_interfaces_demo) CommandEnded: {'returncode': 0}
[100.124630] (-) TimerEvent: {}
[100.233385] (-) TimerEvent: {}
[100.336168] (-) TimerEvent: {}
[100.438199] (-) TimerEvent: {}
[100.542170] (-) TimerEvent: {}
[100.642964] (-) TimerEvent: {}
[100.744010] (-) TimerEvent: {}
[100.847599] (-) TimerEvent: {}
[100.949217] (-) TimerEvent: {}
[101.053213] (-) TimerEvent: {}
[101.154494] (-) TimerEvent: {}
[101.257679] (-) TimerEvent: {}
[101.360329] (-) TimerEvent: {}
[101.461720] (-) TimerEvent: {}
[101.564308] (-) TimerEvent: {}
[101.664895] (-) TimerEvent: {}
[101.765499] (-) TimerEvent: {}
[101.869237] (-) TimerEvent: {}
[101.973162] (-) TimerEvent: {}
[102.075880] (-) TimerEvent: {}
[102.179734] (-) TimerEvent: {}
[102.283359] (-) TimerEvent: {}
[102.385047] (-) TimerEvent: {}
[102.486517] (-) TimerEvent: {}
[102.587619] (-) TimerEvent: {}
[102.690490] (-) TimerEvent: {}
[102.796384] (-) TimerEvent: {}
[102.897424] (-) TimerEvent: {}
[102.999147] (-) TimerEvent: {}
[103.100035] (-) TimerEvent: {}
[103.200864] (-) TimerEvent: {}
[103.302396] (-) TimerEvent: {}
[103.403052] (-) TimerEvent: {}
[103.503980] (-) TimerEvent: {}
[103.605672] (-) TimerEvent: {}
[103.707744] (-) TimerEvent: {}
[103.808974] (-) TimerEvent: {}
[103.913633] (-) TimerEvent: {}
[104.014258] (-) TimerEvent: {}
[104.115047] (-) TimerEvent: {}
[104.190379] (base_interfaces_demo) JobProgress: {'identifier': 'base_interfaces_demo', 'progress': 'install'}
[104.217005] (-) TimerEvent: {}
[104.239657] (base_interfaces_demo) Command: {'cmd': ['/usr/bin/cmake', '--install', '/home/cjs/VL53L8CX/VL53L8CX_ws/build/base_interfaces_demo'], 'cwd': '/home/cjs/VL53L8CX/VL53L8CX_ws/build/base_interfaces_demo', 'env': OrderedDict([('USER', 'cjs'), ('LC_TIME', 'zh_CN.UTF-8'), ('GIO_MODULE_DIR', '/home/cjs/snap/code/common/.cache/gio-modules'), ('SSH_AGENT_PID', '1520'), ('XDG_SESSION_TYPE', 'x11'), ('GTK_EXE_PREFIX_VSCODE_SNAP_ORIG', ''), ('GIT_ASKPASS', '/snap/code/166/usr/share/code/resources/app/extensions/git/dist/askpass.sh'), ('GDK_BACKEND_VSCODE_SNAP_ORIG', ''), ('SHLVL', '2'), ('LD_LIBRARY_PATH', '/opt/ros/foxy/opt/yaml_cpp_vendor/lib:/opt/ros/foxy/opt/rviz_ogre_vendor/lib:/opt/ros/foxy/lib/x86_64-linux-gnu:/opt/ros/foxy/lib'), ('LESS', '-R'), ('HOME', '/home/cjs'), ('LOCPATH_VSCODE_SNAP_ORIG', ''), ('OLDPWD', '/home/cjs/VL53L8CX'), ('CHROME_DESKTOP', 'code-url-handler.desktop'), ('DESKTOP_SESSION', 'ubuntu'), ('GTK_PATH', '/snap/code/166/usr/lib/x86_64-linux-gnu/gtk-3.0'), ('TERM_PROGRAM_VERSION', '1.92.1'), ('LSCOLORS', 'Gxfxcxdxbxegedabagacad'), ('ZSH', '/home/cjs/.oh-my-zsh'), ('GTK_IM_MODULE_FILE', '/home/cjs/snap/code/common/.cache/immodules/immodules.cache'), ('ROS_PYTHON_VERSION', '3'), ('GNOME_SHELL_SESSION_MODE', 'ubuntu'), ('ALL', 'en.US.UTF-8'), ('GTK_MODULES', 'gail:atk-bridge'), ('GSETTINGS_SCHEMA_DIR_VSCODE_SNAP_ORIG', ''), ('PAGER', 'less'), ('VSCODE_GIT_ASKPASS_MAIN', '/snap/code/166/usr/share/code/resources/app/extensions/git/dist/askpass-main.js'), ('LC_MONETARY', 'zh_CN.UTF-8'), ('MANAGERPID', '1424'), ('VSCODE_GIT_ASKPASS_NODE', '/snap/code/166/usr/share/code/code'), ('DBUS_STARTER_BUS_TYPE', 'session'), ('DBUS_SESSION_BUS_ADDRESS', 'unix:path=/run/user/1000/bus,guid=268dcd2de439d3d90858002266b82368'), ('COLORTERM', 'truecolor'), ('IM_CONFIG_PHASE', '1'), ('ROS_DISTRO', 'foxy'), ('LOGNAME', 'cjs'), ('JOURNAL_STREAM', '8:57458'), ('_', '/usr/bin/colcon'), ('ROS_VERSION', '2'), ('XDG_CONFIG_DIRS_VSCODE_SNAP_ORIG', '/etc/xdg/xdg-ubuntu:/etc/xdg'), ('XDG_SESSION_CLASS', 'user'), ('XDG_DATA_DIRS_VSCODE_SNAP_ORIG', '/usr/share/ubuntu:/usr/local/share/:/usr/share/:/var/lib/snapd/desktop'), ('USER_ZDOTDIR', '/home/cjs'), ('USERNAME', 'cjs'), ('TERM', 'xterm-256color'), ('GNOME_DESKTOP_SESSION_ID', 'this-is-deprecated'), ('ROS_LOCALHOST_ONLY', '0'), ('WINDOWPATH', '2'), ('PATH', '/opt/ros/foxy/bin:/usr/local/sbin:/usr/local/bin:/usr/sbin:/usr/bin:/sbin:/bin:/usr/games:/usr/local/games:/snap/bin'), ('SESSION_MANAGER', 'local/cjs-virtual-machine:@/tmp/.ICE-unix/1556,unix/cjs-virtual-machine:/tmp/.ICE-unix/1556'), ('GTK_EXE_PREFIX', '/snap/code/166/usr'), ('INVOCATION_ID', '9ee8dd2fd7cc48b9b2c20cfcb166a738'), ('XDG_MENU_PREFIX', 'gnome-'), ('LC_ADDRESS', 'zh_CN.UTF-8'), ('XDG_RUNTIME_DIR', '/run/user/1000'), ('GDK_BACKEND', 'x11'), ('DISPLAY', ':0'), ('LOCPATH', '/snap/code/166/usr/lib/locale'), ('LANG', 'en_US.UTF-8'), ('XDG_CURRENT_DESKTOP', 'Unity'), ('LC_TELEPHONE', 'zh_CN.UTF-8'), ('TILIX_ID', '9923de69-11f6-49bd-8a1c-424db162521e'), ('VSCODE_INJECTION', '1'), ('GIO_MODULE_DIR_VSCODE_SNAP_ORIG', ''), ('XMODIFIERS', '@im=ibus'), ('XDG_SESSION_DESKTOP', 'ubuntu'), ('XAUTHORITY', '/run/user/1000/gdm/Xauthority'), ('LS_COLORS', 'no=00:fi=00:di=01;34:ln=00;36:pi=40;33:so=01;35:do=01;35:bd=40;33;01:cd=40;33;01:or=41;33;01:ex=00;32:*.cmd=00;32:*.exe=01;32:*.com=01;32:*.bat=01;32:*.btm=01;32:*.dll=01;32:*.tar=00;31:*.tbz=00;31:*.tgz=00;31:*.rpm=00;31:*.deb=00;31:*.arj=00;31:*.taz=00;31:*.lzh=00;31:*.lzma=00;31:*.zip=00;31:*.zoo=00;31:*.z=00;31:*.Z=00;31:*.gz=00;31:*.bz2=00;31:*.tb2=00;31:*.tz2=00;31:*.tbz2=00;31:*.avi=01;35:*.bmp=01;35:*.fli=01;35:*.gif=01;35:*.jpg=01;35:*.jpeg=01;35:*.mng=01;35:*.mov=01;35:*.mpg=01;35:*.pcx=01;35:*.pbm=01;35:*.pgm=01;35:*.png=01;35:*.ppm=01;35:*.tga=01;35:*.tif=01;35:*.xbm=01;35:*.xpm=01;35:*.dl=01;35:*.gl=01;35:*.wmv=01;35:*.aiff=00;32:*.au=00;32:*.mid=00;32:*.mp3=00;32:*.ogg=00;32:*.voc=00;32:*.wav=00;32:'), ('TERM_PROGRAM', 'vscode'), ('VSCODE_GIT_IPC_HANDLE', '/run/user/1000/vscode-git-6e22b0dd4c.sock'), ('SSH_AUTH_SOCK', '/run/user/1000/keyring/ssh'), ('GSETTINGS_SCHEMA_DIR', '/home/cjs/snap/code/166/.local/share/glib-2.0/schemas'), ('AMENT_PREFIX_PATH', '/opt/ros/foxy'), ('ORIGINAL_XDG_CURRENT_DESKTOP', 'ubuntu:GNOME'), ('SHELL', '/usr/bin/zsh'), ('LC_NAME', 'zh_CN.UTF-8'), ('QT_ACCESSIBILITY', '1'), ('GDMSESSION', 'ubuntu'), ('GTK_PATH_VSCODE_SNAP_ORIG', ''), ('GTK_IM_MODULE_FILE_VSCODE_SNAP_ORIG', ''), ('LC_MEASUREMENT', 'zh_CN.UTF-8'), ('GPG_AGENT_INFO', '/run/user/1000/gnupg/S.gpg-agent:0:1'), ('LC_IDENTIFICATION', 'zh_CN.UTF-8'), ('QT_IM_MODULE', 'ibus'), ('VSCODE_GIT_ASKPASS_EXTRA_ARGS', ''), ('PWD', '/home/cjs/VL53L8CX/VL53L8CX_ws/build/base_interfaces_demo'), ('XDG_CONFIG_DIRS', '/etc/xdg/xdg-ubuntu:/etc/xdg'), ('DBUS_STARTER_ADDRESS', 'unix:path=/run/user/1000/bus,guid=268dcd2de439d3d90858002266b82368'), ('XDG_DATA_DIRS', '/home/cjs/snap/code/166/.local/share:/home/cjs/snap/code/166:/snap/code/166/usr/share:/usr/share/ubuntu:/usr/local/share/:/usr/share/:/var/lib/snapd/desktop'), ('ZDOTDIR', '/home/cjs'), ('PYTHONPATH', '/opt/ros/foxy/lib/python3.8/site-packages'), ('LC_NUMERIC', 'zh_CN.UTF-8'), ('LC_PAPER', 'zh_CN.UTF-8'), ('COLCON', '1'), ('VTE_VERSION', '6003'), ('CMAKE_PREFIX_PATH', '/opt/ros/foxy')]), 'shell': False}
[104.274378] (base_interfaces_demo) StdoutLine: {'line': b'-- Install configuration: ""\n'}
[104.275093] (base_interfaces_demo) StdoutLine: {'line': b'-- Installing: /home/cjs/VL53L8CX/VL53L8CX_ws/install/base_interfaces_demo/share/ament_index/resource_index/rosidl_interfaces/base_interfaces_demo\n'}
[104.275259] (base_interfaces_demo) StdoutLine: {'line': b'-- Up-to-date: /home/cjs/VL53L8CX/VL53L8CX_ws/install/base_interfaces_demo/include/base_interfaces_demo\n'}
[104.275438] (base_interfaces_demo) StdoutLine: {'line': b'-- Up-to-date: /home/cjs/VL53L8CX/VL53L8CX_ws/install/base_interfaces_demo/include/base_interfaces_demo/action\n'}
[104.275809] (base_interfaces_demo) StdoutLine: {'line': b'-- Installing: /home/cjs/VL53L8CX/VL53L8CX_ws/install/base_interfaces_demo/include/base_interfaces_demo/action/nav.h\n'}
[104.276178] (base_interfaces_demo) StdoutLine: {'line': b'-- Up-to-date: /home/cjs/VL53L8CX/VL53L8CX_ws/install/base_interfaces_demo/include/base_interfaces_demo/action/detail\n'}
[104.276459] (base_interfaces_demo) StdoutLine: {'line': b'-- Installing: /home/cjs/VL53L8CX/VL53L8CX_ws/install/base_interfaces_demo/include/base_interfaces_demo/action/detail/pallet__type_support.h\n'}
[104.277247] (base_interfaces_demo) StdoutLine: {'line': b'-- Installing: /home/cjs/VL53L8CX/VL53L8CX_ws/install/base_interfaces_demo/include/base_interfaces_demo/action/detail/pallet__functions.h\n'}
[104.278635] (base_interfaces_demo) StdoutLine: {'line': b'-- Installing: /home/cjs/VL53L8CX/VL53L8CX_ws/install/base_interfaces_demo/include/base_interfaces_demo/action/detail/pallet__struct.h\n'}
[104.279018] (base_interfaces_demo) StdoutLine: {'line': b'-- Installing: /home/cjs/VL53L8CX/VL53L8CX_ws/install/base_interfaces_demo/include/base_interfaces_demo/action/detail/reverse__type_support.h\n'}
[104.279417] (base_interfaces_demo) StdoutLine: {'line': b'-- Installing: /home/cjs/VL53L8CX/VL53L8CX_ws/install/base_interfaces_demo/include/base_interfaces_demo/action/detail/reverse__struct.h\n'}
[104.280203] (base_interfaces_demo) StdoutLine: {'line': b'-- Installing: /home/cjs/VL53L8CX/VL53L8CX_ws/install/base_interfaces_demo/include/base_interfaces_demo/action/detail/nav__functions.c\n'}
[104.280753] (base_interfaces_demo) StdoutLine: {'line': b'-- Installing: /home/cjs/VL53L8CX/VL53L8CX_ws/install/base_interfaces_demo/include/base_interfaces_demo/action/detail/reverse__functions.h\n'}
[104.281597] (base_interfaces_demo) StdoutLine: {'line': b'-- Installing: /home/cjs/VL53L8CX/VL53L8CX_ws/install/base_interfaces_demo/include/base_interfaces_demo/action/detail/nav__type_support.h\n'}
[104.282137] (base_interfaces_demo) StdoutLine: {'line': b'-- Installing: /home/cjs/VL53L8CX/VL53L8CX_ws/install/base_interfaces_demo/include/base_interfaces_demo/action/detail/nav__functions.h\n'}
[104.283600] (base_interfaces_demo) StdoutLine: {'line': b'-- Installing: /home/cjs/VL53L8CX/VL53L8CX_ws/install/base_interfaces_demo/include/base_interfaces_demo/action/detail/reverse__functions.c\n'}
[104.284436] (base_interfaces_demo) StdoutLine: {'line': b'-- Installing: /home/cjs/VL53L8CX/VL53L8CX_ws/install/base_interfaces_demo/include/base_interfaces_demo/action/detail/nav__struct.h\n'}
[104.285036] (base_interfaces_demo) StdoutLine: {'line': b'-- Installing: /home/cjs/VL53L8CX/VL53L8CX_ws/install/base_interfaces_demo/include/base_interfaces_demo/action/detail/pallet__functions.c\n'}
[104.285935] (base_interfaces_demo) StdoutLine: {'line': b'-- Installing: /home/cjs/VL53L8CX/VL53L8CX_ws/install/base_interfaces_demo/include/base_interfaces_demo/action/pallet.h\n'}
[104.286639] (base_interfaces_demo) StdoutLine: {'line': b'-- Installing: /home/cjs/VL53L8CX/VL53L8CX_ws/install/base_interfaces_demo/include/base_interfaces_demo/action/reverse.h\n'}
[104.287118] (base_interfaces_demo) StdoutLine: {'line': b'-- Up-to-date: /home/cjs/VL53L8CX/VL53L8CX_ws/install/base_interfaces_demo/include/base_interfaces_demo/srv\n'}
[104.287610] (base_interfaces_demo) StdoutLine: {'line': b'-- Installing: /home/cjs/VL53L8CX/VL53L8CX_ws/install/base_interfaces_demo/include/base_interfaces_demo/srv/check_emergency.h\n'}
[104.287976] (base_interfaces_demo) StdoutLine: {'line': b'-- Up-to-date: /home/cjs/VL53L8CX/VL53L8CX_ws/install/base_interfaces_demo/include/base_interfaces_demo/srv/detail\n'}
[104.288391] (base_interfaces_demo) StdoutLine: {'line': b'-- Up-to-date: /home/cjs/VL53L8CX/VL53L8CX_ws/install/base_interfaces_demo/include/base_interfaces_demo/srv/detail/pub_code__functions.c\n'}
[104.290562] (base_interfaces_demo) StdoutLine: {'line': b'-- Installing: /home/cjs/VL53L8CX/VL53L8CX_ws/install/base_interfaces_demo/include/base_interfaces_demo/srv/detail/set_emergency__type_support.h\n'}
[104.291449] (base_interfaces_demo) StdoutLine: {'line': b'-- Up-to-date: /home/cjs/VL53L8CX/VL53L8CX_ws/install/base_interfaces_demo/include/base_interfaces_demo/srv/detail/pub_code__functions.h\n'}
[104.292201] (base_interfaces_demo) StdoutLine: {'line': b'-- Installing: /home/cjs/VL53L8CX/VL53L8CX_ws/install/base_interfaces_demo/include/base_interfaces_demo/srv/detail/hall__functions.h\n'}
[104.293434] (base_interfaces_demo) StdoutLine: {'line': b'-- Installing: /home/cjs/VL53L8CX/VL53L8CX_ws/install/base_interfaces_demo/include/base_interfaces_demo/srv/detail/check_emergency__functions.h\n'}
[104.294235] (base_interfaces_demo) StdoutLine: {'line': b'-- Installing: /home/cjs/VL53L8CX/VL53L8CX_ws/install/base_interfaces_demo/include/base_interfaces_demo/srv/detail/rcs_server__functions.h\n'}
[104.294927] (base_interfaces_demo) StdoutLine: {'line': b'-- Installing: /home/cjs/VL53L8CX/VL53L8CX_ws/install/base_interfaces_demo/include/base_interfaces_demo/srv/detail/set_emergency__struct.h\n'}
[104.295500] (base_interfaces_demo) StdoutLine: {'line': b'-- Up-to-date: /home/cjs/VL53L8CX/VL53L8CX_ws/install/base_interfaces_demo/include/base_interfaces_demo/srv/detail/pub_code__type_support.h\n'}
[104.295782] (base_interfaces_demo) StdoutLine: {'line': b'-- Installing: /home/cjs/VL53L8CX/VL53L8CX_ws/install/base_interfaces_demo/include/base_interfaces_demo/srv/detail/rcs_server__type_support.h\n'}
[104.296275] (base_interfaces_demo) StdoutLine: {'line': b'-- Installing: /home/cjs/VL53L8CX/VL53L8CX_ws/install/base_interfaces_demo/include/base_interfaces_demo/srv/detail/rcs_server__functions.c\n'}
[104.297138] (base_interfaces_demo) StdoutLine: {'line': b'-- Installing: /home/cjs/VL53L8CX/VL53L8CX_ws/install/base_interfaces_demo/include/base_interfaces_demo/srv/detail/check_emergency__struct.h\n'}
[104.297706] (base_interfaces_demo) StdoutLine: {'line': b'-- Installing: /home/cjs/VL53L8CX/VL53L8CX_ws/install/base_interfaces_demo/include/base_interfaces_demo/srv/detail/hall__struct.h\n'}
[104.298258] (base_interfaces_demo) StdoutLine: {'line': b'-- Installing: /home/cjs/VL53L8CX/VL53L8CX_ws/install/base_interfaces_demo/include/base_interfaces_demo/srv/detail/rcs_server__struct.h\n'}
[104.298865] (base_interfaces_demo) StdoutLine: {'line': b'-- Up-to-date: /home/cjs/VL53L8CX/VL53L8CX_ws/install/base_interfaces_demo/include/base_interfaces_demo/srv/detail/pub_code__struct.h\n'}
[104.299124] (base_interfaces_demo) StdoutLine: {'line': b'-- Installing: /home/cjs/VL53L8CX/VL53L8CX_ws/install/base_interfaces_demo/include/base_interfaces_demo/srv/detail/set_emergency__functions.h\n'}
[104.301255] (base_interfaces_demo) StdoutLine: {'line': b'-- Installing: /home/cjs/VL53L8CX/VL53L8CX_ws/install/base_interfaces_demo/include/base_interfaces_demo/srv/detail/set_emergency__functions.c\n'}
[104.301481] (base_interfaces_demo) StdoutLine: {'line': b'-- Installing: /home/cjs/VL53L8CX/VL53L8CX_ws/install/base_interfaces_demo/include/base_interfaces_demo/srv/detail/check_emergency__type_support.h\n'}
[104.301949] (base_interfaces_demo) StdoutLine: {'line': b'-- Installing: /home/cjs/VL53L8CX/VL53L8CX_ws/install/base_interfaces_demo/include/base_interfaces_demo/srv/detail/hall__functions.c\n'}
[104.302113] (base_interfaces_demo) StdoutLine: {'line': b'-- Installing: /home/cjs/VL53L8CX/VL53L8CX_ws/install/base_interfaces_demo/include/base_interfaces_demo/srv/detail/hall__type_support.h\n'}
[104.302571] (base_interfaces_demo) StdoutLine: {'line': b'-- Installing: /home/cjs/VL53L8CX/VL53L8CX_ws/install/base_interfaces_demo/include/base_interfaces_demo/srv/detail/check_emergency__functions.c\n'}
[104.302983] (base_interfaces_demo) StdoutLine: {'line': b'-- Installing: /home/cjs/VL53L8CX/VL53L8CX_ws/install/base_interfaces_demo/include/base_interfaces_demo/srv/rcs_server.h\n'}
[104.303591] (base_interfaces_demo) StdoutLine: {'line': b'-- Installing: /home/cjs/VL53L8CX/VL53L8CX_ws/install/base_interfaces_demo/include/base_interfaces_demo/srv/set_emergency.h\n'}
[104.304066] (base_interfaces_demo) StdoutLine: {'line': b'-- Installing: /home/cjs/VL53L8CX/VL53L8CX_ws/install/base_interfaces_demo/include/base_interfaces_demo/srv/hall.h\n'}
[104.304922] (base_interfaces_demo) StdoutLine: {'line': b'-- Up-to-date: /home/cjs/VL53L8CX/VL53L8CX_ws/install/base_interfaces_demo/include/base_interfaces_demo/srv/pub_code.h\n'}
[104.305083] (base_interfaces_demo) StdoutLine: {'line': b'-- Up-to-date: /home/cjs/VL53L8CX/VL53L8CX_ws/install/base_interfaces_demo/include/base_interfaces_demo/msg\n'}
[104.305493] (base_interfaces_demo) StdoutLine: {'line': b'-- Installing: /home/cjs/VL53L8CX/VL53L8CX_ws/install/base_interfaces_demo/include/base_interfaces_demo/msg/bms_info.h\n'}
[104.305844] (base_interfaces_demo) StdoutLine: {'line': b'-- Installing: /home/cjs/VL53L8CX/VL53L8CX_ws/install/base_interfaces_demo/include/base_interfaces_demo/msg/ohom.h\n'}
[104.306381] (base_interfaces_demo) StdoutLine: {'line': b'-- Installing: /home/cjs/VL53L8CX/VL53L8CX_ws/install/base_interfaces_demo/include/base_interfaces_demo/msg/manual_seek_label.h\n'}
[104.307008] (base_interfaces_demo) StdoutLine: {'line': b'-- Installing: /home/cjs/VL53L8CX/VL53L8CX_ws/install/base_interfaces_demo/include/base_interfaces_demo/msg/motor_cmd.h\n'}
[104.307598] (base_interfaces_demo) StdoutLine: {'line': b'-- Installing: /home/cjs/VL53L8CX/VL53L8CX_ws/install/base_interfaces_demo/include/base_interfaces_demo/msg/lift_control.h\n'}
[104.308091] (base_interfaces_demo) StdoutLine: {'line': b'-- Up-to-date: /home/cjs/VL53L8CX/VL53L8CX_ws/install/base_interfaces_demo/include/base_interfaces_demo/msg/rosidl_generator_c__visibility_control.h\n'}
[104.308485] (base_interfaces_demo) StdoutLine: {'line': b'-- Up-to-date: /home/cjs/VL53L8CX/VL53L8CX_ws/install/base_interfaces_demo/include/base_interfaces_demo/msg/detail\n'}
[104.309190] (base_interfaces_demo) StdoutLine: {'line': b'-- Up-to-date: /home/cjs/VL53L8CX/VL53L8CX_ws/install/base_interfaces_demo/include/base_interfaces_demo/msg/detail/pub_code__functions.c\n'}
[104.309341] (base_interfaces_demo) StdoutLine: {'line': b'-- Installing: /home/cjs/VL53L8CX/VL53L8CX_ws/install/base_interfaces_demo/include/base_interfaces_demo/msg/detail/motor_status__functions.c\n'}
[104.309680] (base_interfaces_demo) StdoutLine: {'line': b'-- Installing: /home/cjs/VL53L8CX/VL53L8CX_ws/install/base_interfaces_demo/include/base_interfaces_demo/msg/detail/movecontrol_info__functions.h\n'}
[104.310250] (base_interfaces_demo) StdoutLine: {'line': b'-- Installing: /home/cjs/VL53L8CX/VL53L8CX_ws/install/base_interfaces_demo/include/base_interfaces_demo/msg/detail/rcs_info__functions.h\n'}
[104.311047] (base_interfaces_demo) StdoutLine: {'line': b'-- Up-to-date: /home/cjs/VL53L8CX/VL53L8CX_ws/install/base_interfaces_demo/include/base_interfaces_demo/msg/detail/pub_code__functions.h\n'}
[104.312579] (base_interfaces_demo) StdoutLine: {'line': b'-- Installing: /home/cjs/VL53L8CX/VL53L8CX_ws/install/base_interfaces_demo/include/base_interfaces_demo/msg/detail/rcs_info__type_support.h\n'}
[104.313242] (base_interfaces_demo) StdoutLine: {'line': b'-- Installing: /home/cjs/VL53L8CX/VL53L8CX_ws/install/base_interfaces_demo/include/base_interfaces_demo/msg/detail/bms_info__type_support.h\n'}
[104.313843] (base_interfaces_demo) StdoutLine: {'line': b'-- Installing: /home/cjs/VL53L8CX/VL53L8CX_ws/install/base_interfaces_demo/include/base_interfaces_demo/msg/detail/seek_ret__type_support.h\n'}
[104.316426] (base_interfaces_demo) StdoutLine: {'line': b'-- Installing: /home/cjs/VL53L8CX/VL53L8CX_ws/install/base_interfaces_demo/include/base_interfaces_demo/msg/detail/lift_control__type_support.h\n'}
[104.317212] (base_interfaces_demo) StdoutLine: {'line': b'-- Installing: /home/cjs/VL53L8CX/VL53L8CX_ws/install/base_interfaces_demo/include/base_interfaces_demo/msg/detail/color_info__functions.c\n'}
[104.317556] (-) TimerEvent: {}
[104.318222] (base_interfaces_demo) StdoutLine: {'line': b'-- Installing: /home/cjs/VL53L8CX/VL53L8CX_ws/install/base_interfaces_demo/include/base_interfaces_demo/msg/detail/lift_control__struct.h\n'}
[104.323283] (base_interfaces_demo) StdoutLine: {'line': b'-- Installing: /home/cjs/VL53L8CX/VL53L8CX_ws/install/base_interfaces_demo/include/base_interfaces_demo/msg/detail/pallet_info__functions.h\n'}
[104.323581] (base_interfaces_demo) StdoutLine: {'line': b'-- Installing: /home/cjs/VL53L8CX/VL53L8CX_ws/install/base_interfaces_demo/include/base_interfaces_demo/msg/detail/rcs_info__struct.h\n'}
[104.323751] (base_interfaces_demo) StdoutLine: {'line': b'-- Installing: /home/cjs/VL53L8CX/VL53L8CX_ws/install/base_interfaces_demo/include/base_interfaces_demo/msg/detail/bt_status__struct.h\n'}
[104.323899] (base_interfaces_demo) StdoutLine: {'line': b'-- Installing: /home/cjs/VL53L8CX/VL53L8CX_ws/install/base_interfaces_demo/include/base_interfaces_demo/msg/detail/obs_laser__type_support.h\n'}
[104.324044] (base_interfaces_demo) StdoutLine: {'line': b'-- Installing: /home/cjs/VL53L8CX/VL53L8CX_ws/install/base_interfaces_demo/include/base_interfaces_demo/msg/detail/manual__struct.h\n'}
[104.332464] (base_interfaces_demo) StdoutLine: {'line': b'-- Installing: /home/cjs/VL53L8CX/VL53L8CX_ws/install/base_interfaces_demo/include/base_interfaces_demo/msg/detail/bt_status__type_support.h\n'}
[104.332918] (base_interfaces_demo) StdoutLine: {'line': b'-- Installing: /home/cjs/VL53L8CX/VL53L8CX_ws/install/base_interfaces_demo/include/base_interfaces_demo/msg/detail/file_updata__struct.h\n'}
[104.333071] (base_interfaces_demo) StdoutLine: {'line': b'-- Installing: /home/cjs/VL53L8CX/VL53L8CX_ws/install/base_interfaces_demo/include/base_interfaces_demo/msg/detail/seek_cmd__functions.h\n'}
[104.333219] (base_interfaces_demo) StdoutLine: {'line': b'-- Installing: /home/cjs/VL53L8CX/VL53L8CX_ws/install/base_interfaces_demo/include/base_interfaces_demo/msg/detail/motor_status__struct.h\n'}
[104.333510] (base_interfaces_demo) StdoutLine: {'line': b'-- Installing: /home/cjs/VL53L8CX/VL53L8CX_ws/install/base_interfaces_demo/include/base_interfaces_demo/msg/detail/motor_cmd__functions.c\n'}
[104.333670] (base_interfaces_demo) StdoutLine: {'line': b'-- Installing: /home/cjs/VL53L8CX/VL53L8CX_ws/install/base_interfaces_demo/include/base_interfaces_demo/msg/detail/manual_seek_label__struct.h\n'}
[104.333817] (base_interfaces_demo) StdoutLine: {'line': b'-- Installing: /home/cjs/VL53L8CX/VL53L8CX_ws/install/base_interfaces_demo/include/base_interfaces_demo/msg/detail/motor_status__type_support.h\n'}
[104.334207] (base_interfaces_demo) StdoutLine: {'line': b'-- Installing: /home/cjs/VL53L8CX/VL53L8CX_ws/install/base_interfaces_demo/include/base_interfaces_demo/msg/detail/motion_control__functions.c\n'}
[104.334355] (base_interfaces_demo) StdoutLine: {'line': b'-- Installing: /home/cjs/VL53L8CX/VL53L8CX_ws/install/base_interfaces_demo/include/base_interfaces_demo/msg/detail/health_node__functions.c\n'}
[104.334635] (base_interfaces_demo) StdoutLine: {'line': b'-- Installing: /home/cjs/VL53L8CX/VL53L8CX_ws/install/base_interfaces_demo/include/base_interfaces_demo/msg/detail/seek_cmd__struct.h\n'}
[104.334806] (base_interfaces_demo) StdoutLine: {'line': b'-- Installing: /home/cjs/VL53L8CX/VL53L8CX_ws/install/base_interfaces_demo/include/base_interfaces_demo/msg/detail/charger_info__functions.h\n'}
[104.341267] (base_interfaces_demo) StdoutLine: {'line': b'-- Installing: /home/cjs/VL53L8CX/VL53L8CX_ws/install/base_interfaces_demo/include/base_interfaces_demo/msg/detail/test__struct.h\n'}
[104.342545] (base_interfaces_demo) StdoutLine: {'line': b'-- Installing: /home/cjs/VL53L8CX/VL53L8CX_ws/install/base_interfaces_demo/include/base_interfaces_demo/msg/detail/health_node__struct.h\n'}
[104.342777] (base_interfaces_demo) StdoutLine: {'line': b'-- Installing: /home/cjs/VL53L8CX/VL53L8CX_ws/install/base_interfaces_demo/include/base_interfaces_demo/msg/detail/lift_info__functions.c\n'}
[104.343336] (base_interfaces_demo) StdoutLine: {'line': b'-- Installing: /home/cjs/VL53L8CX/VL53L8CX_ws/install/base_interfaces_demo/include/base_interfaces_demo/msg/detail/motor_status__functions.h\n'}
[104.343518] (base_interfaces_demo) StdoutLine: {'line': b'-- Installing: /home/cjs/VL53L8CX/VL53L8CX_ws/install/base_interfaces_demo/include/base_interfaces_demo/msg/detail/movecontrol_info__type_support.h\n'}
[104.351062] (base_interfaces_demo) StdoutLine: {'line': b'-- Up-to-date: /home/cjs/VL53L8CX/VL53L8CX_ws/install/base_interfaces_demo/include/base_interfaces_demo/msg/detail/pub_code__type_support.h\n'}
[104.354361] (base_interfaces_demo) StdoutLine: {'line': b'-- Installing: /home/cjs/VL53L8CX/VL53L8CX_ws/install/base_interfaces_demo/include/base_interfaces_demo/msg/detail/test__functions.h\n'}
[104.354571] (base_interfaces_demo) StdoutLine: {'line': b'-- Installing: /home/cjs/VL53L8CX/VL53L8CX_ws/install/base_interfaces_demo/include/base_interfaces_demo/msg/detail/lift_info__functions.h\n'}
[104.354723] (base_interfaces_demo) StdoutLine: {'line': b'-- Installing: /home/cjs/VL53L8CX/VL53L8CX_ws/install/base_interfaces_demo/include/base_interfaces_demo/msg/detail/movecontrol_info__struct.h\n'}
[104.361147] (base_interfaces_demo) StdoutLine: {'line': b'-- Installing: /home/cjs/VL53L8CX/VL53L8CX_ws/install/base_interfaces_demo/include/base_interfaces_demo/msg/detail/motor_cmd__functions.h\n'}
[104.361655] (base_interfaces_demo) StdoutLine: {'line': b'-- Installing: /home/cjs/VL53L8CX/VL53L8CX_ws/install/base_interfaces_demo/include/base_interfaces_demo/msg/detail/bt_status__functions.c\n'}
[104.361809] (base_interfaces_demo) StdoutLine: {'line': b'-- Installing: /home/cjs/VL53L8CX/VL53L8CX_ws/install/base_interfaces_demo/include/base_interfaces_demo/msg/detail/manual__functions.h\n'}
[104.362069] (base_interfaces_demo) StdoutLine: {'line': b'-- Installing: /home/cjs/VL53L8CX/VL53L8CX_ws/install/base_interfaces_demo/include/base_interfaces_demo/msg/detail/hall_info__functions.h\n'}
[104.362217] (base_interfaces_demo) StdoutLine: {'line': b'-- Installing: /home/cjs/VL53L8CX/VL53L8CX_ws/install/base_interfaces_demo/include/base_interfaces_demo/msg/detail/manual__functions.c\n'}
[104.362359] (base_interfaces_demo) StdoutLine: {'line': b'-- Installing: /home/cjs/VL53L8CX/VL53L8CX_ws/install/base_interfaces_demo/include/base_interfaces_demo/msg/detail/file_updata__functions.c\n'}
[104.362639] (base_interfaces_demo) StdoutLine: {'line': b'-- Installing: /home/cjs/VL53L8CX/VL53L8CX_ws/install/base_interfaces_demo/include/base_interfaces_demo/msg/detail/manual_seek_label__type_support.h\n'}
[104.362784] (base_interfaces_demo) StdoutLine: {'line': b'-- Installing: /home/cjs/VL53L8CX/VL53L8CX_ws/install/base_interfaces_demo/include/base_interfaces_demo/msg/detail/pallet_info__type_support.h\n'}
[104.362940] (base_interfaces_demo) StdoutLine: {'line': b'-- Installing: /home/cjs/VL53L8CX/VL53L8CX_ws/install/base_interfaces_demo/include/base_interfaces_demo/msg/detail/ohom__functions.h\n'}
[104.368007] (base_interfaces_demo) StdoutLine: {'line': b'-- Installing: /home/cjs/VL53L8CX/VL53L8CX_ws/install/base_interfaces_demo/include/base_interfaces_demo/msg/detail/color_info__functions.h\n'}
[104.368191] (base_interfaces_demo) StdoutLine: {'line': b'-- Installing: /home/cjs/VL53L8CX/VL53L8CX_ws/install/base_interfaces_demo/include/base_interfaces_demo/msg/detail/health_node__functions.h\n'}
[104.368478] (base_interfaces_demo) StdoutLine: {'line': b'-- Installing: /home/cjs/VL53L8CX/VL53L8CX_ws/install/base_interfaces_demo/include/base_interfaces_demo/msg/detail/seek_cmd__functions.c\n'}
[104.368860] (base_interfaces_demo) StdoutLine: {'line': b'-- Installing: /home/cjs/VL53L8CX/VL53L8CX_ws/install/base_interfaces_demo/include/base_interfaces_demo/msg/detail/car_status__functions.h\n'}
[104.369010] (base_interfaces_demo) StdoutLine: {'line': b'-- Installing: /home/cjs/VL53L8CX/VL53L8CX_ws/install/base_interfaces_demo/include/base_interfaces_demo/msg/detail/motion_control__type_support.h\n'}
[104.369688] (base_interfaces_demo) StdoutLine: {'line': b'-- Installing: /home/cjs/VL53L8CX/VL53L8CX_ws/install/base_interfaces_demo/include/base_interfaces_demo/msg/detail/manual_seek_label__functions.c\n'}
[104.369855] (base_interfaces_demo) StdoutLine: {'line': b'-- Installing: /home/cjs/VL53L8CX/VL53L8CX_ws/install/base_interfaces_demo/include/base_interfaces_demo/msg/detail/bms_info__functions.h\n'}
[104.370121] (base_interfaces_demo) StdoutLine: {'line': b'-- Installing: /home/cjs/VL53L8CX/VL53L8CX_ws/install/base_interfaces_demo/include/base_interfaces_demo/msg/detail/system_status__functions.h\n'}
[104.370401] (base_interfaces_demo) StdoutLine: {'line': b'-- Installing: /home/cjs/VL53L8CX/VL53L8CX_ws/install/base_interfaces_demo/include/base_interfaces_demo/msg/detail/location__functions.c\n'}
[104.374743] (base_interfaces_demo) StdoutLine: {'line': b'-- Installing: /home/cjs/VL53L8CX/VL53L8CX_ws/install/base_interfaces_demo/include/base_interfaces_demo/msg/detail/lift_info__struct.h\n'}
[104.375077] (base_interfaces_demo) StdoutLine: {'line': b'-- Installing: /home/cjs/VL53L8CX/VL53L8CX_ws/install/base_interfaces_demo/include/base_interfaces_demo/msg/detail/rcs_info__functions.c\n'}
[104.376098] (base_interfaces_demo) StdoutLine: {'line': b'-- Installing: /home/cjs/VL53L8CX/VL53L8CX_ws/install/base_interfaces_demo/include/base_interfaces_demo/msg/detail/motion_control__functions.h\n'}
[104.376694] (base_interfaces_demo) StdoutLine: {'line': b'-- Installing: /home/cjs/VL53L8CX/VL53L8CX_ws/install/base_interfaces_demo/include/base_interfaces_demo/msg/detail/motor_cmd__struct.h\n'}
[104.376976] (base_interfaces_demo) StdoutLine: {'line': b'-- Installing: /home/cjs/VL53L8CX/VL53L8CX_ws/install/base_interfaces_demo/include/base_interfaces_demo/msg/detail/system_status__functions.c\n'}
[104.377156] (base_interfaces_demo) StdoutLine: {'line': b'-- Installing: /home/cjs/VL53L8CX/VL53L8CX_ws/install/base_interfaces_demo/include/base_interfaces_demo/msg/detail/location__struct.h\n'}
[104.377330] (base_interfaces_demo) StdoutLine: {'line': b'-- Installing: /home/cjs/VL53L8CX/VL53L8CX_ws/install/base_interfaces_demo/include/base_interfaces_demo/msg/detail/motor_cmd__type_support.h\n'}
[104.377787] (base_interfaces_demo) StdoutLine: {'line': b'-- Installing: /home/cjs/VL53L8CX/VL53L8CX_ws/install/base_interfaces_demo/include/base_interfaces_demo/msg/detail/hall_info__functions.c\n'}
[104.378237] (base_interfaces_demo) StdoutLine: {'line': b'-- Installing: /home/cjs/VL53L8CX/VL53L8CX_ws/install/base_interfaces_demo/include/base_interfaces_demo/msg/detail/file_updata__functions.h\n'}
[104.378672] (base_interfaces_demo) StdoutLine: {'line': b'-- Installing: /home/cjs/VL53L8CX/VL53L8CX_ws/install/base_interfaces_demo/include/base_interfaces_demo/msg/detail/test__type_support.h\n'}
[104.379078] (base_interfaces_demo) StdoutLine: {'line': b'-- Installing: /home/cjs/VL53L8CX/VL53L8CX_ws/install/base_interfaces_demo/include/base_interfaces_demo/msg/detail/ohom__type_support.h\n'}
[104.379267] (base_interfaces_demo) StdoutLine: {'line': b'-- Installing: /home/cjs/VL53L8CX/VL53L8CX_ws/install/base_interfaces_demo/include/base_interfaces_demo/msg/detail/bt_status__functions.h\n'}
[104.379680] (base_interfaces_demo) StdoutLine: {'line': b'-- Installing: /home/cjs/VL53L8CX/VL53L8CX_ws/install/base_interfaces_demo/include/base_interfaces_demo/msg/detail/pallet_info__struct.h\n'}
[104.381133] (base_interfaces_demo) StdoutLine: {'line': b'-- Installing: /home/cjs/VL53L8CX/VL53L8CX_ws/install/base_interfaces_demo/include/base_interfaces_demo/msg/detail/seek_ret__functions.h\n'}
[104.381326] (base_interfaces_demo) StdoutLine: {'line': b'-- Installing: /home/cjs/VL53L8CX/VL53L8CX_ws/install/base_interfaces_demo/include/base_interfaces_demo/msg/detail/color_info__struct.h\n'}
[104.381758] (base_interfaces_demo) StdoutLine: {'line': b'-- Installing: /home/cjs/VL53L8CX/VL53L8CX_ws/install/base_interfaces_demo/include/base_interfaces_demo/msg/detail/charger_info__functions.c\n'}
[104.382187] (base_interfaces_demo) StdoutLine: {'line': b'-- Up-to-date: /home/cjs/VL53L8CX/VL53L8CX_ws/install/base_interfaces_demo/include/base_interfaces_demo/msg/detail/pub_code__struct.h\n'}
[104.385404] (base_interfaces_demo) StdoutLine: {'line': b'-- Installing: /home/cjs/VL53L8CX/VL53L8CX_ws/install/base_interfaces_demo/include/base_interfaces_demo/msg/detail/lift_control__functions.h\n'}
[104.386003] (base_interfaces_demo) StdoutLine: {'line': b'-- Installing: /home/cjs/VL53L8CX/VL53L8CX_ws/install/base_interfaces_demo/include/base_interfaces_demo/msg/detail/obs_laser__functions.h\n'}
[104.386536] (base_interfaces_demo) StdoutLine: {'line': b'-- Installing: /home/cjs/VL53L8CX/VL53L8CX_ws/install/base_interfaces_demo/include/base_interfaces_demo/msg/detail/seek_cmd__type_support.h\n'}
[104.386710] (base_interfaces_demo) StdoutLine: {'line': b'-- Installing: /home/cjs/VL53L8CX/VL53L8CX_ws/install/base_interfaces_demo/include/base_interfaces_demo/msg/detail/movecontrol_info__functions.c\n'}
[104.387060] (base_interfaces_demo) StdoutLine: {'line': b'-- Installing: /home/cjs/VL53L8CX/VL53L8CX_ws/install/base_interfaces_demo/include/base_interfaces_demo/msg/detail/manual__type_support.h\n'}
[104.391465] (base_interfaces_demo) StdoutLine: {'line': b'-- Installing: /home/cjs/VL53L8CX/VL53L8CX_ws/install/base_interfaces_demo/include/base_interfaces_demo/msg/detail/system_status__type_support.h\n'}
[104.391700] (base_interfaces_demo) StdoutLine: {'line': b'-- Installing: /home/cjs/VL53L8CX/VL53L8CX_ws/install/base_interfaces_demo/include/base_interfaces_demo/msg/detail/car_status__struct.h\n'}
[104.391851] (base_interfaces_demo) StdoutLine: {'line': b'-- Installing: /home/cjs/VL53L8CX/VL53L8CX_ws/install/base_interfaces_demo/include/base_interfaces_demo/msg/detail/lift_control__functions.c\n'}
[104.402442] (base_interfaces_demo) StdoutLine: {'line': b'-- Installing: /home/cjs/VL53L8CX/VL53L8CX_ws/install/base_interfaces_demo/include/base_interfaces_demo/msg/detail/seek_ret__functions.c\n'}
[104.403373] (base_interfaces_demo) StdoutLine: {'line': b'-- Installing: /home/cjs/VL53L8CX/VL53L8CX_ws/install/base_interfaces_demo/include/base_interfaces_demo/msg/detail/hall_info__type_support.h\n'}
[104.403530] (base_interfaces_demo) StdoutLine: {'line': b'-- Installing: /home/cjs/VL53L8CX/VL53L8CX_ws/install/base_interfaces_demo/include/base_interfaces_demo/msg/detail/obs_laser__struct.h\n'}
[104.403799] (base_interfaces_demo) StdoutLine: {'line': b'-- Installing: /home/cjs/VL53L8CX/VL53L8CX_ws/install/base_interfaces_demo/include/base_interfaces_demo/msg/detail/ohom__functions.c\n'}
[104.404083] (base_interfaces_demo) StdoutLine: {'line': b'-- Installing: /home/cjs/VL53L8CX/VL53L8CX_ws/install/base_interfaces_demo/include/base_interfaces_demo/msg/detail/motion_control__struct.h\n'}
[104.404554] (base_interfaces_demo) StdoutLine: {'line': b'-- Installing: /home/cjs/VL53L8CX/VL53L8CX_ws/install/base_interfaces_demo/include/base_interfaces_demo/msg/detail/lift_info__type_support.h\n'}
[104.404856] (base_interfaces_demo) StdoutLine: {'line': b'-- Installing: /home/cjs/VL53L8CX/VL53L8CX_ws/install/base_interfaces_demo/include/base_interfaces_demo/msg/detail/location__type_support.h\n'}
[104.405134] (base_interfaces_demo) StdoutLine: {'line': b'-- Installing: /home/cjs/VL53L8CX/VL53L8CX_ws/install/base_interfaces_demo/include/base_interfaces_demo/msg/detail/health_node__type_support.h\n'}
[104.405303] (base_interfaces_demo) StdoutLine: {'line': b'-- Installing: /home/cjs/VL53L8CX/VL53L8CX_ws/install/base_interfaces_demo/include/base_interfaces_demo/msg/detail/seek_ret__struct.h\n'}
[104.405449] (base_interfaces_demo) StdoutLine: {'line': b'-- Installing: /home/cjs/VL53L8CX/VL53L8CX_ws/install/base_interfaces_demo/include/base_interfaces_demo/msg/detail/hall_info__struct.h\n'}
[104.405596] (base_interfaces_demo) StdoutLine: {'line': b'-- Installing: /home/cjs/VL53L8CX/VL53L8CX_ws/install/base_interfaces_demo/include/base_interfaces_demo/msg/detail/bms_info__struct.h\n'}
[104.405744] (base_interfaces_demo) StdoutLine: {'line': b'-- Installing: /home/cjs/VL53L8CX/VL53L8CX_ws/install/base_interfaces_demo/include/base_interfaces_demo/msg/detail/pallet_info__functions.c\n'}
[104.406140] (base_interfaces_demo) StdoutLine: {'line': b'-- Installing: /home/cjs/VL53L8CX/VL53L8CX_ws/install/base_interfaces_demo/include/base_interfaces_demo/msg/detail/ohom__struct.h\n'}
[104.406303] (base_interfaces_demo) StdoutLine: {'line': b'-- Installing: /home/cjs/VL53L8CX/VL53L8CX_ws/install/base_interfaces_demo/include/base_interfaces_demo/msg/detail/charger_info__struct.h\n'}
[104.406476] (base_interfaces_demo) StdoutLine: {'line': b'-- Installing: /home/cjs/VL53L8CX/VL53L8CX_ws/install/base_interfaces_demo/include/base_interfaces_demo/msg/detail/charger_info__type_support.h\n'}
[104.406860] (base_interfaces_demo) StdoutLine: {'line': b'-- Installing: /home/cjs/VL53L8CX/VL53L8CX_ws/install/base_interfaces_demo/include/base_interfaces_demo/msg/detail/bms_info__functions.c\n'}
[104.407466] (base_interfaces_demo) StdoutLine: {'line': b'-- Installing: /home/cjs/VL53L8CX/VL53L8CX_ws/install/base_interfaces_demo/include/base_interfaces_demo/msg/detail/test__functions.c\n'}
[104.407830] (base_interfaces_demo) StdoutLine: {'line': b'-- Installing: /home/cjs/VL53L8CX/VL53L8CX_ws/install/base_interfaces_demo/include/base_interfaces_demo/msg/detail/location__functions.h\n'}
[104.408018] (base_interfaces_demo) StdoutLine: {'line': b'-- Installing: /home/cjs/VL53L8CX/VL53L8CX_ws/install/base_interfaces_demo/include/base_interfaces_demo/msg/detail/manual_seek_label__functions.h\n'}
[104.408218] (base_interfaces_demo) StdoutLine: {'line': b'-- Installing: /home/cjs/VL53L8CX/VL53L8CX_ws/install/base_interfaces_demo/include/base_interfaces_demo/msg/detail/system_status__struct.h\n'}
[104.408966] (base_interfaces_demo) StdoutLine: {'line': b'-- Installing: /home/cjs/VL53L8CX/VL53L8CX_ws/install/base_interfaces_demo/include/base_interfaces_demo/msg/detail/obs_laser__functions.c\n'}
[104.409155] (base_interfaces_demo) StdoutLine: {'line': b'-- Installing: /home/cjs/VL53L8CX/VL53L8CX_ws/install/base_interfaces_demo/include/base_interfaces_demo/msg/detail/color_info__type_support.h\n'}
[104.409289] (base_interfaces_demo) StdoutLine: {'line': b'-- Installing: /home/cjs/VL53L8CX/VL53L8CX_ws/install/base_interfaces_demo/include/base_interfaces_demo/msg/detail/file_updata__type_support.h\n'}
[104.409415] (base_interfaces_demo) StdoutLine: {'line': b'-- Installing: /home/cjs/VL53L8CX/VL53L8CX_ws/install/base_interfaces_demo/include/base_interfaces_demo/msg/detail/car_status__type_support.h\n'}
[104.409543] (base_interfaces_demo) StdoutLine: {'line': b'-- Installing: /home/cjs/VL53L8CX/VL53L8CX_ws/install/base_interfaces_demo/include/base_interfaces_demo/msg/detail/car_status__functions.c\n'}
[104.409681] (base_interfaces_demo) StdoutLine: {'line': b'-- Installing: /home/cjs/VL53L8CX/VL53L8CX_ws/install/base_interfaces_demo/include/base_interfaces_demo/msg/pallet_info.h\n'}
[104.409804] (base_interfaces_demo) StdoutLine: {'line': b'-- Installing: /home/cjs/VL53L8CX/VL53L8CX_ws/install/base_interfaces_demo/include/base_interfaces_demo/msg/motor_status.h\n'}
[104.409924] (base_interfaces_demo) StdoutLine: {'line': b'-- Installing: /home/cjs/VL53L8CX/VL53L8CX_ws/install/base_interfaces_demo/include/base_interfaces_demo/msg/location.h\n'}
[104.410047] (base_interfaces_demo) StdoutLine: {'line': b'-- Installing: /home/cjs/VL53L8CX/VL53L8CX_ws/install/base_interfaces_demo/include/base_interfaces_demo/msg/charger_info.h\n'}
[104.410179] (base_interfaces_demo) StdoutLine: {'line': b'-- Installing: /home/cjs/VL53L8CX/VL53L8CX_ws/install/base_interfaces_demo/include/base_interfaces_demo/msg/rcs_info.h\n'}
[104.410301] (base_interfaces_demo) StdoutLine: {'line': b'-- Installing: /home/cjs/VL53L8CX/VL53L8CX_ws/install/base_interfaces_demo/include/base_interfaces_demo/msg/bt_status.h\n'}
[104.410421] (base_interfaces_demo) StdoutLine: {'line': b'-- Installing: /home/cjs/VL53L8CX/VL53L8CX_ws/install/base_interfaces_demo/include/base_interfaces_demo/msg/lift_info.h\n'}
[104.410542] (base_interfaces_demo) StdoutLine: {'line': b'-- Installing: /home/cjs/VL53L8CX/VL53L8CX_ws/install/base_interfaces_demo/include/base_interfaces_demo/msg/color_info.h\n'}
[104.410710] (base_interfaces_demo) StdoutLine: {'line': b'-- Installing: /home/cjs/VL53L8CX/VL53L8CX_ws/install/base_interfaces_demo/include/base_interfaces_demo/msg/movecontrol_info.h\n'}
[104.410870] (base_interfaces_demo) StdoutLine: {'line': b'-- Installing: /home/cjs/VL53L8CX/VL53L8CX_ws/install/base_interfaces_demo/include/base_interfaces_demo/msg/test.h\n'}
[104.411033] (base_interfaces_demo) StdoutLine: {'line': b'-- Installing: /home/cjs/VL53L8CX/VL53L8CX_ws/install/base_interfaces_demo/include/base_interfaces_demo/msg/obs_laser.h\n'}
[104.411159] (base_interfaces_demo) StdoutLine: {'line': b'-- Installing: /home/cjs/VL53L8CX/VL53L8CX_ws/install/base_interfaces_demo/include/base_interfaces_demo/msg/hall_info.h\n'}
[104.411290] (base_interfaces_demo) StdoutLine: {'line': b'-- Installing: /home/cjs/VL53L8CX/VL53L8CX_ws/install/base_interfaces_demo/include/base_interfaces_demo/msg/health_node.h\n'}
[104.411428] (base_interfaces_demo) StdoutLine: {'line': b'-- Installing: /home/cjs/VL53L8CX/VL53L8CX_ws/install/base_interfaces_demo/include/base_interfaces_demo/msg/car_status.h\n'}
[104.411544] (base_interfaces_demo) StdoutLine: {'line': b'-- Installing: /home/cjs/VL53L8CX/VL53L8CX_ws/install/base_interfaces_demo/include/base_interfaces_demo/msg/motion_control.h\n'}
[104.411661] (base_interfaces_demo) StdoutLine: {'line': b'-- Up-to-date: /home/cjs/VL53L8CX/VL53L8CX_ws/install/base_interfaces_demo/include/base_interfaces_demo/msg/pub_code.h\n'}
[104.411778] (base_interfaces_demo) StdoutLine: {'line': b'-- Installing: /home/cjs/VL53L8CX/VL53L8CX_ws/install/base_interfaces_demo/include/base_interfaces_demo/msg/seek_cmd.h\n'}
[104.411894] (base_interfaces_demo) StdoutLine: {'line': b'-- Installing: /home/cjs/VL53L8CX/VL53L8CX_ws/install/base_interfaces_demo/include/base_interfaces_demo/msg/system_status.h\n'}
[104.412010] (base_interfaces_demo) StdoutLine: {'line': b'-- Installing: /home/cjs/VL53L8CX/VL53L8CX_ws/install/base_interfaces_demo/include/base_interfaces_demo/msg/manual.h\n'}
[104.412147] (base_interfaces_demo) StdoutLine: {'line': b'-- Installing: /home/cjs/VL53L8CX/VL53L8CX_ws/install/base_interfaces_demo/include/base_interfaces_demo/msg/seek_ret.h\n'}
[104.414113] (base_interfaces_demo) StdoutLine: {'line': b'-- Installing: /home/cjs/VL53L8CX/VL53L8CX_ws/install/base_interfaces_demo/include/base_interfaces_demo/msg/file_updata.h\n'}
[104.414389] (base_interfaces_demo) StdoutLine: {'line': b'-- Up-to-date: /home/cjs/VL53L8CX/VL53L8CX_ws/install/base_interfaces_demo/share/base_interfaces_demo/environment/library_path.sh\n'}
[104.414530] (base_interfaces_demo) StdoutLine: {'line': b'-- Installing: /home/cjs/VL53L8CX/VL53L8CX_ws/install/base_interfaces_demo/share/base_interfaces_demo/environment/library_path.dsv\n'}
[104.417887] (-) TimerEvent: {}
[104.422822] (base_interfaces_demo) StdoutLine: {'line': b'-- Installing: /home/cjs/VL53L8CX/VL53L8CX_ws/install/base_interfaces_demo/lib/libbase_interfaces_demo__rosidl_generator_c.so\n'}
[104.428469] (base_interfaces_demo) StdoutLine: {'line': b'-- Set runtime path of "/home/cjs/VL53L8CX/VL53L8CX_ws/install/base_interfaces_demo/lib/libbase_interfaces_demo__rosidl_generator_c.so" to ""\n'}
[104.429072] (base_interfaces_demo) StdoutLine: {'line': b'-- Up-to-date: /home/cjs/VL53L8CX/VL53L8CX_ws/install/base_interfaces_demo/include/base_interfaces_demo\n'}
[104.429615] (base_interfaces_demo) StdoutLine: {'line': b'-- Up-to-date: /home/cjs/VL53L8CX/VL53L8CX_ws/install/base_interfaces_demo/include/base_interfaces_demo/action\n'}
[104.430466] (base_interfaces_demo) StdoutLine: {'line': b'-- Up-to-date: /home/cjs/VL53L8CX/VL53L8CX_ws/install/base_interfaces_demo/include/base_interfaces_demo/action/detail\n'}
[104.431796] (base_interfaces_demo) StdoutLine: {'line': b'-- Installing: /home/cjs/VL53L8CX/VL53L8CX_ws/install/base_interfaces_demo/include/base_interfaces_demo/action/detail/nav__rosidl_typesupport_fastrtps_c.h\n'}
[104.431958] (base_interfaces_demo) StdoutLine: {'line': b'-- Installing: /home/cjs/VL53L8CX/VL53L8CX_ws/install/base_interfaces_demo/include/base_interfaces_demo/action/detail/pallet__rosidl_typesupport_fastrtps_c.h\n'}
[104.446779] (base_interfaces_demo) StdoutLine: {'line': b'-- Installing: /home/cjs/VL53L8CX/VL53L8CX_ws/install/base_interfaces_demo/include/base_interfaces_demo/action/detail/reverse__rosidl_typesupport_fastrtps_c.h\n'}
[104.447267] (base_interfaces_demo) StdoutLine: {'line': b'-- Up-to-date: /home/cjs/VL53L8CX/VL53L8CX_ws/install/base_interfaces_demo/include/base_interfaces_demo/srv\n'}
[104.447439] (base_interfaces_demo) StdoutLine: {'line': b'-- Up-to-date: /home/cjs/VL53L8CX/VL53L8CX_ws/install/base_interfaces_demo/include/base_interfaces_demo/srv/detail\n'}
[104.447599] (base_interfaces_demo) StdoutLine: {'line': b'-- Installing: /home/cjs/VL53L8CX/VL53L8CX_ws/install/base_interfaces_demo/include/base_interfaces_demo/srv/detail/hall__rosidl_typesupport_fastrtps_c.h\n'}
[104.447794] (base_interfaces_demo) StdoutLine: {'line': b'-- Installing: /home/cjs/VL53L8CX/VL53L8CX_ws/install/base_interfaces_demo/include/base_interfaces_demo/srv/detail/check_emergency__rosidl_typesupport_fastrtps_c.h\n'}
[104.448006] (base_interfaces_demo) StdoutLine: {'line': b'-- Up-to-date: /home/cjs/VL53L8CX/VL53L8CX_ws/install/base_interfaces_demo/include/base_interfaces_demo/srv/detail/pub_code__rosidl_typesupport_fastrtps_c.h\n'}
[104.448437] (base_interfaces_demo) StdoutLine: {'line': b'-- Installing: /home/cjs/VL53L8CX/VL53L8CX_ws/install/base_interfaces_demo/include/base_interfaces_demo/srv/detail/set_emergency__rosidl_typesupport_fastrtps_c.h\n'}
[104.448628] (base_interfaces_demo) StdoutLine: {'line': b'-- Installing: /home/cjs/VL53L8CX/VL53L8CX_ws/install/base_interfaces_demo/include/base_interfaces_demo/srv/detail/rcs_server__rosidl_typesupport_fastrtps_c.h\n'}
[104.448899] (base_interfaces_demo) StdoutLine: {'line': b'-- Up-to-date: /home/cjs/VL53L8CX/VL53L8CX_ws/install/base_interfaces_demo/include/base_interfaces_demo/msg\n'}
[104.449157] (base_interfaces_demo) StdoutLine: {'line': b'-- Up-to-date: /home/cjs/VL53L8CX/VL53L8CX_ws/install/base_interfaces_demo/include/base_interfaces_demo/msg/detail\n'}
[104.449344] (base_interfaces_demo) StdoutLine: {'line': b'-- Installing: /home/cjs/VL53L8CX/VL53L8CX_ws/install/base_interfaces_demo/include/base_interfaces_demo/msg/detail/hall_info__rosidl_typesupport_fastrtps_c.h\n'}
[104.449565] (base_interfaces_demo) StdoutLine: {'line': b'-- Installing: /home/cjs/VL53L8CX/VL53L8CX_ws/install/base_interfaces_demo/include/base_interfaces_demo/msg/detail/manual__rosidl_typesupport_fastrtps_c.h\n'}
[104.449839] (base_interfaces_demo) StdoutLine: {'line': b'-- Installing: /home/cjs/VL53L8CX/VL53L8CX_ws/install/base_interfaces_demo/include/base_interfaces_demo/msg/detail/manual_seek_label__rosidl_typesupport_fastrtps_c.h\n'}
[104.452727] (base_interfaces_demo) StdoutLine: {'line': b'-- Installing: /home/cjs/VL53L8CX/VL53L8CX_ws/install/base_interfaces_demo/include/base_interfaces_demo/msg/detail/lift_info__rosidl_typesupport_fastrtps_c.h\n'}
[104.454742] (base_interfaces_demo) StdoutLine: {'line': b'-- Installing: /home/cjs/VL53L8CX/VL53L8CX_ws/install/base_interfaces_demo/include/base_interfaces_demo/msg/detail/location__rosidl_typesupport_fastrtps_c.h\n'}
[104.456859] (base_interfaces_demo) StdoutLine: {'line': b'-- Installing: /home/cjs/VL53L8CX/VL53L8CX_ws/install/base_interfaces_demo/include/base_interfaces_demo/msg/detail/movecontrol_info__rosidl_typesupport_fastrtps_c.h\n'}
[104.464880] (base_interfaces_demo) StdoutLine: {'line': b'-- Installing: /home/cjs/VL53L8CX/VL53L8CX_ws/install/base_interfaces_demo/include/base_interfaces_demo/msg/detail/bms_info__rosidl_typesupport_fastrtps_c.h\n'}
[104.465335] (base_interfaces_demo) StdoutLine: {'line': b'-- Installing: /home/cjs/VL53L8CX/VL53L8CX_ws/install/base_interfaces_demo/include/base_interfaces_demo/msg/detail/health_node__rosidl_typesupport_fastrtps_c.h\n'}
[104.465569] (base_interfaces_demo) StdoutLine: {'line': b'-- Installing: /home/cjs/VL53L8CX/VL53L8CX_ws/install/base_interfaces_demo/include/base_interfaces_demo/msg/detail/lift_control__rosidl_typesupport_fastrtps_c.h\n'}
[104.465795] (base_interfaces_demo) StdoutLine: {'line': b'-- Installing: /home/cjs/VL53L8CX/VL53L8CX_ws/install/base_interfaces_demo/include/base_interfaces_demo/msg/detail/color_info__rosidl_typesupport_fastrtps_c.h\n'}
[104.466027] (base_interfaces_demo) StdoutLine: {'line': b'-- Installing: /home/cjs/VL53L8CX/VL53L8CX_ws/install/base_interfaces_demo/include/base_interfaces_demo/msg/detail/car_status__rosidl_typesupport_fastrtps_c.h\n'}
[104.466275] (base_interfaces_demo) StdoutLine: {'line': b'-- Installing: /home/cjs/VL53L8CX/VL53L8CX_ws/install/base_interfaces_demo/include/base_interfaces_demo/msg/detail/pallet_info__rosidl_typesupport_fastrtps_c.h\n'}
[104.466512] (base_interfaces_demo) StdoutLine: {'line': b'-- Installing: /home/cjs/VL53L8CX/VL53L8CX_ws/install/base_interfaces_demo/include/base_interfaces_demo/msg/detail/seek_ret__rosidl_typesupport_fastrtps_c.h\n'}
[104.466701] (base_interfaces_demo) StdoutLine: {'line': b'-- Up-to-date: /home/cjs/VL53L8CX/VL53L8CX_ws/install/base_interfaces_demo/include/base_interfaces_demo/msg/detail/pub_code__rosidl_typesupport_fastrtps_c.h\n'}
[104.466926] (base_interfaces_demo) StdoutLine: {'line': b'-- Installing: /home/cjs/VL53L8CX/VL53L8CX_ws/install/base_interfaces_demo/include/base_interfaces_demo/msg/detail/rcs_info__rosidl_typesupport_fastrtps_c.h\n'}
[104.468000] (base_interfaces_demo) StdoutLine: {'line': b'-- Installing: /home/cjs/VL53L8CX/VL53L8CX_ws/install/base_interfaces_demo/include/base_interfaces_demo/msg/detail/bt_status__rosidl_typesupport_fastrtps_c.h\n'}
[104.469070] (base_interfaces_demo) StdoutLine: {'line': b'-- Installing: /home/cjs/VL53L8CX/VL53L8CX_ws/install/base_interfaces_demo/include/base_interfaces_demo/msg/detail/charger_info__rosidl_typesupport_fastrtps_c.h\n'}
[104.470000] (base_interfaces_demo) StdoutLine: {'line': b'-- Installing: /home/cjs/VL53L8CX/VL53L8CX_ws/install/base_interfaces_demo/include/base_interfaces_demo/msg/detail/seek_cmd__rosidl_typesupport_fastrtps_c.h\n'}
[104.471311] (base_interfaces_demo) StdoutLine: {'line': b'-- Installing: /home/cjs/VL53L8CX/VL53L8CX_ws/install/base_interfaces_demo/include/base_interfaces_demo/msg/detail/system_status__rosidl_typesupport_fastrtps_c.h\n'}
[104.472351] (base_interfaces_demo) StdoutLine: {'line': b'-- Installing: /home/cjs/VL53L8CX/VL53L8CX_ws/install/base_interfaces_demo/include/base_interfaces_demo/msg/detail/motion_control__rosidl_typesupport_fastrtps_c.h\n'}
[104.473543] (base_interfaces_demo) StdoutLine: {'line': b'-- Installing: /home/cjs/VL53L8CX/VL53L8CX_ws/install/base_interfaces_demo/include/base_interfaces_demo/msg/detail/test__rosidl_typesupport_fastrtps_c.h\n'}
[104.474764] (base_interfaces_demo) StdoutLine: {'line': b'-- Installing: /home/cjs/VL53L8CX/VL53L8CX_ws/install/base_interfaces_demo/include/base_interfaces_demo/msg/detail/file_updata__rosidl_typesupport_fastrtps_c.h\n'}
[104.475425] (base_interfaces_demo) StdoutLine: {'line': b'-- Installing: /home/cjs/VL53L8CX/VL53L8CX_ws/install/base_interfaces_demo/include/base_interfaces_demo/msg/detail/ohom__rosidl_typesupport_fastrtps_c.h\n'}
[104.476305] (base_interfaces_demo) StdoutLine: {'line': b'-- Installing: /home/cjs/VL53L8CX/VL53L8CX_ws/install/base_interfaces_demo/include/base_interfaces_demo/msg/detail/motor_cmd__rosidl_typesupport_fastrtps_c.h\n'}
[104.477038] (base_interfaces_demo) StdoutLine: {'line': b'-- Installing: /home/cjs/VL53L8CX/VL53L8CX_ws/install/base_interfaces_demo/include/base_interfaces_demo/msg/detail/obs_laser__rosidl_typesupport_fastrtps_c.h\n'}
[104.477697] (base_interfaces_demo) StdoutLine: {'line': b'-- Installing: /home/cjs/VL53L8CX/VL53L8CX_ws/install/base_interfaces_demo/include/base_interfaces_demo/msg/detail/motor_status__rosidl_typesupport_fastrtps_c.h\n'}
[104.478379] (base_interfaces_demo) StdoutLine: {'line': b'-- Up-to-date: /home/cjs/VL53L8CX/VL53L8CX_ws/install/base_interfaces_demo/include/base_interfaces_demo/msg/rosidl_typesupport_fastrtps_c__visibility_control.h\n'}
[104.483425] (base_interfaces_demo) StdoutLine: {'line': b'-- Installing: /home/cjs/VL53L8CX/VL53L8CX_ws/install/base_interfaces_demo/lib/libbase_interfaces_demo__rosidl_typesupport_fastrtps_c.so\n'}
[104.488319] (base_interfaces_demo) StdoutLine: {'line': b'-- Set runtime path of "/home/cjs/VL53L8CX/VL53L8CX_ws/install/base_interfaces_demo/lib/libbase_interfaces_demo__rosidl_typesupport_fastrtps_c.so" to ""\n'}
[104.489330] (base_interfaces_demo) StdoutLine: {'line': b'-- Up-to-date: /home/cjs/VL53L8CX/VL53L8CX_ws/install/base_interfaces_demo/include/base_interfaces_demo\n'}
[104.489626] (base_interfaces_demo) StdoutLine: {'line': b'-- Up-to-date: /home/cjs/VL53L8CX/VL53L8CX_ws/install/base_interfaces_demo/include/base_interfaces_demo/action\n'}
[104.489814] (base_interfaces_demo) StdoutLine: {'line': b'-- Up-to-date: /home/cjs/VL53L8CX/VL53L8CX_ws/install/base_interfaces_demo/include/base_interfaces_demo/action/detail\n'}
[104.490453] (base_interfaces_demo) StdoutLine: {'line': b'-- Installing: /home/cjs/VL53L8CX/VL53L8CX_ws/install/base_interfaces_demo/include/base_interfaces_demo/action/detail/pallet__rosidl_typesupport_fastrtps_cpp.hpp\n'}
[104.491219] (base_interfaces_demo) StdoutLine: {'line': b'-- Up-to-date: /home/cjs/VL53L8CX/VL53L8CX_ws/install/base_interfaces_demo/include/base_interfaces_demo/action/detail/dds_fastrtps\n'}
[104.492172] (base_interfaces_demo) StdoutLine: {'line': b'-- Installing: /home/cjs/VL53L8CX/VL53L8CX_ws/install/base_interfaces_demo/include/base_interfaces_demo/action/detail/reverse__rosidl_typesupport_fastrtps_cpp.hpp\n'}
[104.492901] (base_interfaces_demo) StdoutLine: {'line': b'-- Installing: /home/cjs/VL53L8CX/VL53L8CX_ws/install/base_interfaces_demo/include/base_interfaces_demo/action/detail/nav__rosidl_typesupport_fastrtps_cpp.hpp\n'}
[104.494473] (base_interfaces_demo) StdoutLine: {'line': b'-- Up-to-date: /home/cjs/VL53L8CX/VL53L8CX_ws/install/base_interfaces_demo/include/base_interfaces_demo/srv\n'}
[104.494772] (base_interfaces_demo) StdoutLine: {'line': b'-- Up-to-date: /home/cjs/VL53L8CX/VL53L8CX_ws/install/base_interfaces_demo/include/base_interfaces_demo/srv/detail\n'}
[104.494959] (base_interfaces_demo) StdoutLine: {'line': b'-- Installing: /home/cjs/VL53L8CX/VL53L8CX_ws/install/base_interfaces_demo/include/base_interfaces_demo/srv/detail/check_emergency__rosidl_typesupport_fastrtps_cpp.hpp\n'}
[104.495124] (base_interfaces_demo) StdoutLine: {'line': b'-- Installing: /home/cjs/VL53L8CX/VL53L8CX_ws/install/base_interfaces_demo/include/base_interfaces_demo/srv/detail/set_emergency__rosidl_typesupport_fastrtps_cpp.hpp\n'}
[104.495785] (base_interfaces_demo) StdoutLine: {'line': b'-- Installing: /home/cjs/VL53L8CX/VL53L8CX_ws/install/base_interfaces_demo/include/base_interfaces_demo/srv/detail/rcs_server__rosidl_typesupport_fastrtps_cpp.hpp\n'}
[104.497188] (base_interfaces_demo) StdoutLine: {'line': b'-- Up-to-date: /home/cjs/VL53L8CX/VL53L8CX_ws/install/base_interfaces_demo/include/base_interfaces_demo/srv/detail/dds_fastrtps\n'}
[104.497929] (base_interfaces_demo) StdoutLine: {'line': b'-- Up-to-date: /home/cjs/VL53L8CX/VL53L8CX_ws/install/base_interfaces_demo/include/base_interfaces_demo/srv/detail/pub_code__rosidl_typesupport_fastrtps_cpp.hpp\n'}
[104.498343] (base_interfaces_demo) StdoutLine: {'line': b'-- Installing: /home/cjs/VL53L8CX/VL53L8CX_ws/install/base_interfaces_demo/include/base_interfaces_demo/srv/detail/hall__rosidl_typesupport_fastrtps_cpp.hpp\n'}
[104.498577] (base_interfaces_demo) StdoutLine: {'line': b'-- Up-to-date: /home/cjs/VL53L8CX/VL53L8CX_ws/install/base_interfaces_demo/include/base_interfaces_demo/msg\n'}
[104.498885] (base_interfaces_demo) StdoutLine: {'line': b'-- Up-to-date: /home/cjs/VL53L8CX/VL53L8CX_ws/install/base_interfaces_demo/include/base_interfaces_demo/msg/detail\n'}
[104.499290] (base_interfaces_demo) StdoutLine: {'line': b'-- Installing: /home/cjs/VL53L8CX/VL53L8CX_ws/install/base_interfaces_demo/include/base_interfaces_demo/msg/detail/hall_info__rosidl_typesupport_fastrtps_cpp.hpp\n'}
[104.499606] (base_interfaces_demo) StdoutLine: {'line': b'-- Installing: /home/cjs/VL53L8CX/VL53L8CX_ws/install/base_interfaces_demo/include/base_interfaces_demo/msg/detail/pallet_info__rosidl_typesupport_fastrtps_cpp.hpp\n'}
[104.501313] (base_interfaces_demo) StdoutLine: {'line': b'-- Installing: /home/cjs/VL53L8CX/VL53L8CX_ws/install/base_interfaces_demo/include/base_interfaces_demo/msg/detail/car_status__rosidl_typesupport_fastrtps_cpp.hpp\n'}
[104.501687] (base_interfaces_demo) StdoutLine: {'line': b'-- Installing: /home/cjs/VL53L8CX/VL53L8CX_ws/install/base_interfaces_demo/include/base_interfaces_demo/msg/detail/manual__rosidl_typesupport_fastrtps_cpp.hpp\n'}
[104.501950] (base_interfaces_demo) StdoutLine: {'line': b'-- Installing: /home/cjs/VL53L8CX/VL53L8CX_ws/install/base_interfaces_demo/include/base_interfaces_demo/msg/detail/test__rosidl_typesupport_fastrtps_cpp.hpp\n'}
[104.502336] (base_interfaces_demo) StdoutLine: {'line': b'-- Installing: /home/cjs/VL53L8CX/VL53L8CX_ws/install/base_interfaces_demo/include/base_interfaces_demo/msg/detail/lift_info__rosidl_typesupport_fastrtps_cpp.hpp\n'}
[104.502481] (base_interfaces_demo) StdoutLine: {'line': b'-- Installing: /home/cjs/VL53L8CX/VL53L8CX_ws/install/base_interfaces_demo/include/base_interfaces_demo/msg/detail/manual_seek_label__rosidl_typesupport_fastrtps_cpp.hpp\n'}
[104.502714] (base_interfaces_demo) StdoutLine: {'line': b'-- Installing: /home/cjs/VL53L8CX/VL53L8CX_ws/install/base_interfaces_demo/include/base_interfaces_demo/msg/detail/file_updata__rosidl_typesupport_fastrtps_cpp.hpp\n'}
[104.503074] (base_interfaces_demo) StdoutLine: {'line': b'-- Installing: /home/cjs/VL53L8CX/VL53L8CX_ws/install/base_interfaces_demo/include/base_interfaces_demo/msg/detail/lift_control__rosidl_typesupport_fastrtps_cpp.hpp\n'}
[104.503409] (base_interfaces_demo) StdoutLine: {'line': b'-- Installing: /home/cjs/VL53L8CX/VL53L8CX_ws/install/base_interfaces_demo/include/base_interfaces_demo/msg/detail/movecontrol_info__rosidl_typesupport_fastrtps_cpp.hpp\n'}
[104.503814] (base_interfaces_demo) StdoutLine: {'line': b'-- Installing: /home/cjs/VL53L8CX/VL53L8CX_ws/install/base_interfaces_demo/include/base_interfaces_demo/msg/detail/seek_cmd__rosidl_typesupport_fastrtps_cpp.hpp\n'}
[104.504368] (base_interfaces_demo) StdoutLine: {'line': b'-- Installing: /home/cjs/VL53L8CX/VL53L8CX_ws/install/base_interfaces_demo/include/base_interfaces_demo/msg/detail/seek_ret__rosidl_typesupport_fastrtps_cpp.hpp\n'}
[104.504589] (base_interfaces_demo) StdoutLine: {'line': b'-- Installing: /home/cjs/VL53L8CX/VL53L8CX_ws/install/base_interfaces_demo/include/base_interfaces_demo/msg/detail/color_info__rosidl_typesupport_fastrtps_cpp.hpp\n'}
[104.505041] (base_interfaces_demo) StdoutLine: {'line': b'-- Installing: /home/cjs/VL53L8CX/VL53L8CX_ws/install/base_interfaces_demo/include/base_interfaces_demo/msg/detail/location__rosidl_typesupport_fastrtps_cpp.hpp\n'}
[104.505209] (base_interfaces_demo) StdoutLine: {'line': b'-- Installing: /home/cjs/VL53L8CX/VL53L8CX_ws/install/base_interfaces_demo/include/base_interfaces_demo/msg/detail/bt_status__rosidl_typesupport_fastrtps_cpp.hpp\n'}
[104.505643] (base_interfaces_demo) StdoutLine: {'line': b'-- Up-to-date: /home/cjs/VL53L8CX/VL53L8CX_ws/install/base_interfaces_demo/include/base_interfaces_demo/msg/detail/dds_fastrtps\n'}
[104.505927] (base_interfaces_demo) StdoutLine: {'line': b'-- Installing: /home/cjs/VL53L8CX/VL53L8CX_ws/install/base_interfaces_demo/include/base_interfaces_demo/msg/detail/motor_cmd__rosidl_typesupport_fastrtps_cpp.hpp\n'}
[104.506445] (base_interfaces_demo) StdoutLine: {'line': b'-- Installing: /home/cjs/VL53L8CX/VL53L8CX_ws/install/base_interfaces_demo/include/base_interfaces_demo/msg/detail/motion_control__rosidl_typesupport_fastrtps_cpp.hpp\n'}
[104.507151] (base_interfaces_demo) StdoutLine: {'line': b'-- Installing: /home/cjs/VL53L8CX/VL53L8CX_ws/install/base_interfaces_demo/include/base_interfaces_demo/msg/detail/bms_info__rosidl_typesupport_fastrtps_cpp.hpp\n'}
[104.507393] (base_interfaces_demo) StdoutLine: {'line': b'-- Installing: /home/cjs/VL53L8CX/VL53L8CX_ws/install/base_interfaces_demo/include/base_interfaces_demo/msg/detail/ohom__rosidl_typesupport_fastrtps_cpp.hpp\n'}
[104.507818] (base_interfaces_demo) StdoutLine: {'line': b'-- Up-to-date: /home/cjs/VL53L8CX/VL53L8CX_ws/install/base_interfaces_demo/include/base_interfaces_demo/msg/detail/pub_code__rosidl_typesupport_fastrtps_cpp.hpp\n'}
[104.508500] (base_interfaces_demo) StdoutLine: {'line': b'-- Installing: /home/cjs/VL53L8CX/VL53L8CX_ws/install/base_interfaces_demo/include/base_interfaces_demo/msg/detail/charger_info__rosidl_typesupport_fastrtps_cpp.hpp\n'}
[104.508819] (base_interfaces_demo) StdoutLine: {'line': b'-- Installing: /home/cjs/VL53L8CX/VL53L8CX_ws/install/base_interfaces_demo/include/base_interfaces_demo/msg/detail/system_status__rosidl_typesupport_fastrtps_cpp.hpp\n'}
[104.509179] (base_interfaces_demo) StdoutLine: {'line': b'-- Installing: /home/cjs/VL53L8CX/VL53L8CX_ws/install/base_interfaces_demo/include/base_interfaces_demo/msg/detail/rcs_info__rosidl_typesupport_fastrtps_cpp.hpp\n'}
[104.509606] (base_interfaces_demo) StdoutLine: {'line': b'-- Installing: /home/cjs/VL53L8CX/VL53L8CX_ws/install/base_interfaces_demo/include/base_interfaces_demo/msg/detail/motor_status__rosidl_typesupport_fastrtps_cpp.hpp\n'}
[104.510208] (base_interfaces_demo) StdoutLine: {'line': b'-- Installing: /home/cjs/VL53L8CX/VL53L8CX_ws/install/base_interfaces_demo/include/base_interfaces_demo/msg/detail/health_node__rosidl_typesupport_fastrtps_cpp.hpp\n'}
[104.510649] (base_interfaces_demo) StdoutLine: {'line': b'-- Installing: /home/cjs/VL53L8CX/VL53L8CX_ws/install/base_interfaces_demo/include/base_interfaces_demo/msg/detail/obs_laser__rosidl_typesupport_fastrtps_cpp.hpp\n'}
[104.511382] (base_interfaces_demo) StdoutLine: {'line': b'-- Up-to-date: /home/cjs/VL53L8CX/VL53L8CX_ws/install/base_interfaces_demo/include/base_interfaces_demo/msg/rosidl_typesupport_fastrtps_cpp__visibility_control.h\n'}
[104.519186] (base_interfaces_demo) StdoutLine: {'line': b'-- Installing: /home/cjs/VL53L8CX/VL53L8CX_ws/install/base_interfaces_demo/lib/libbase_interfaces_demo__rosidl_typesupport_fastrtps_cpp.so\n'}
[104.521504] (-) TimerEvent: {}
[104.525164] (base_interfaces_demo) StdoutLine: {'line': b'-- Set runtime path of "/home/cjs/VL53L8CX/VL53L8CX_ws/install/base_interfaces_demo/lib/libbase_interfaces_demo__rosidl_typesupport_fastrtps_cpp.so" to ""\n'}
[104.525771] (base_interfaces_demo) StdoutLine: {'line': b'-- Up-to-date: /home/cjs/VL53L8CX/VL53L8CX_ws/install/base_interfaces_demo/include/base_interfaces_demo\n'}
[104.525999] (base_interfaces_demo) StdoutLine: {'line': b'-- Up-to-date: /home/cjs/VL53L8CX/VL53L8CX_ws/install/base_interfaces_demo/include/base_interfaces_demo/action\n'}
[104.526275] (base_interfaces_demo) StdoutLine: {'line': b'-- Up-to-date: /home/cjs/VL53L8CX/VL53L8CX_ws/install/base_interfaces_demo/include/base_interfaces_demo/action/detail\n'}
[104.526418] (base_interfaces_demo) StdoutLine: {'line': b'-- Installing: /home/cjs/VL53L8CX/VL53L8CX_ws/install/base_interfaces_demo/include/base_interfaces_demo/action/detail/pallet__rosidl_typesupport_introspection_c.h\n'}
[104.526558] (base_interfaces_demo) StdoutLine: {'line': b'-- Installing: /home/cjs/VL53L8CX/VL53L8CX_ws/install/base_interfaces_demo/include/base_interfaces_demo/action/detail/reverse__type_support.c\n'}
[104.526947] (base_interfaces_demo) StdoutLine: {'line': b'-- Installing: /home/cjs/VL53L8CX/VL53L8CX_ws/install/base_interfaces_demo/include/base_interfaces_demo/action/detail/nav__rosidl_typesupport_introspection_c.h\n'}
[104.527349] (base_interfaces_demo) StdoutLine: {'line': b'-- Installing: /home/cjs/VL53L8CX/VL53L8CX_ws/install/base_interfaces_demo/include/base_interfaces_demo/action/detail/nav__type_support.c\n'}
[104.528133] (base_interfaces_demo) StdoutLine: {'line': b'-- Installing: /home/cjs/VL53L8CX/VL53L8CX_ws/install/base_interfaces_demo/include/base_interfaces_demo/action/detail/reverse__rosidl_typesupport_introspection_c.h\n'}
[104.528592] (base_interfaces_demo) StdoutLine: {'line': b'-- Installing: /home/cjs/VL53L8CX/VL53L8CX_ws/install/base_interfaces_demo/include/base_interfaces_demo/action/detail/pallet__type_support.c\n'}
[104.531497] (base_interfaces_demo) StdoutLine: {'line': b'-- Up-to-date: /home/cjs/VL53L8CX/VL53L8CX_ws/install/base_interfaces_demo/include/base_interfaces_demo/srv\n'}
[104.531743] (base_interfaces_demo) StdoutLine: {'line': b'-- Up-to-date: /home/cjs/VL53L8CX/VL53L8CX_ws/install/base_interfaces_demo/include/base_interfaces_demo/srv/detail\n'}
[104.532339] (base_interfaces_demo) StdoutLine: {'line': b'-- Up-to-date: /home/cjs/VL53L8CX/VL53L8CX_ws/install/base_interfaces_demo/include/base_interfaces_demo/srv/detail/pub_code__rosidl_typesupport_introspection_c.h\n'}
[104.532575] (base_interfaces_demo) StdoutLine: {'line': b'-- Installing: /home/cjs/VL53L8CX/VL53L8CX_ws/install/base_interfaces_demo/include/base_interfaces_demo/srv/detail/set_emergency__rosidl_typesupport_introspection_c.h\n'}
[104.533188] (base_interfaces_demo) StdoutLine: {'line': b'-- Up-to-date: /home/cjs/VL53L8CX/VL53L8CX_ws/install/base_interfaces_demo/include/base_interfaces_demo/srv/detail/pub_code__type_support.c\n'}
[104.536673] (base_interfaces_demo) StdoutLine: {'line': b'-- Installing: /home/cjs/VL53L8CX/VL53L8CX_ws/install/base_interfaces_demo/include/base_interfaces_demo/srv/detail/rcs_server__rosidl_typesupport_introspection_c.h\n'}
[104.536884] (base_interfaces_demo) StdoutLine: {'line': b'-- Installing: /home/cjs/VL53L8CX/VL53L8CX_ws/install/base_interfaces_demo/include/base_interfaces_demo/srv/detail/rcs_server__type_support.c\n'}
[104.537117] (base_interfaces_demo) StdoutLine: {'line': b'-- Installing: /home/cjs/VL53L8CX/VL53L8CX_ws/install/base_interfaces_demo/include/base_interfaces_demo/srv/detail/set_emergency__type_support.c\n'}
[104.537267] (base_interfaces_demo) StdoutLine: {'line': b'-- Installing: /home/cjs/VL53L8CX/VL53L8CX_ws/install/base_interfaces_demo/include/base_interfaces_demo/srv/detail/check_emergency__rosidl_typesupport_introspection_c.h\n'}
[104.537431] (base_interfaces_demo) StdoutLine: {'line': b'-- Installing: /home/cjs/VL53L8CX/VL53L8CX_ws/install/base_interfaces_demo/include/base_interfaces_demo/srv/detail/check_emergency__type_support.c\n'}
[104.537778] (base_interfaces_demo) StdoutLine: {'line': b'-- Installing: /home/cjs/VL53L8CX/VL53L8CX_ws/install/base_interfaces_demo/include/base_interfaces_demo/srv/detail/hall__type_support.c\n'}
[104.540387] (base_interfaces_demo) StdoutLine: {'line': b'-- Installing: /home/cjs/VL53L8CX/VL53L8CX_ws/install/base_interfaces_demo/include/base_interfaces_demo/srv/detail/hall__rosidl_typesupport_introspection_c.h\n'}
[104.540659] (base_interfaces_demo) StdoutLine: {'line': b'-- Up-to-date: /home/cjs/VL53L8CX/VL53L8CX_ws/install/base_interfaces_demo/include/base_interfaces_demo/msg\n'}
[104.540832] (base_interfaces_demo) StdoutLine: {'line': b'-- Up-to-date: /home/cjs/VL53L8CX/VL53L8CX_ws/install/base_interfaces_demo/include/base_interfaces_demo/msg/detail\n'}
[104.541014] (base_interfaces_demo) StdoutLine: {'line': b'-- Installing: /home/cjs/VL53L8CX/VL53L8CX_ws/install/base_interfaces_demo/include/base_interfaces_demo/msg/detail/motor_status__type_support.c\n'}
[104.541239] (base_interfaces_demo) StdoutLine: {'line': b'-- Up-to-date: /home/cjs/VL53L8CX/VL53L8CX_ws/install/base_interfaces_demo/include/base_interfaces_demo/msg/detail/pub_code__rosidl_typesupport_introspection_c.h\n'}
[104.541419] (base_interfaces_demo) StdoutLine: {'line': b'-- Installing: /home/cjs/VL53L8CX/VL53L8CX_ws/install/base_interfaces_demo/include/base_interfaces_demo/msg/detail/seek_cmd__rosidl_typesupport_introspection_c.h\n'}
[104.542094] (base_interfaces_demo) StdoutLine: {'line': b'-- Up-to-date: /home/cjs/VL53L8CX/VL53L8CX_ws/install/base_interfaces_demo/include/base_interfaces_demo/msg/detail/pub_code__type_support.c\n'}
[104.542435] (base_interfaces_demo) StdoutLine: {'line': b'-- Installing: /home/cjs/VL53L8CX/VL53L8CX_ws/install/base_interfaces_demo/include/base_interfaces_demo/msg/detail/car_status__rosidl_typesupport_introspection_c.h\n'}
[104.542613] (base_interfaces_demo) StdoutLine: {'line': b'-- Installing: /home/cjs/VL53L8CX/VL53L8CX_ws/install/base_interfaces_demo/include/base_interfaces_demo/msg/detail/manual__type_support.c\n'}
[104.542856] (base_interfaces_demo) StdoutLine: {'line': b'-- Installing: /home/cjs/VL53L8CX/VL53L8CX_ws/install/base_interfaces_demo/include/base_interfaces_demo/msg/detail/motor_status__rosidl_typesupport_introspection_c.h\n'}
[104.543147] (base_interfaces_demo) StdoutLine: {'line': b'-- Installing: /home/cjs/VL53L8CX/VL53L8CX_ws/install/base_interfaces_demo/include/base_interfaces_demo/msg/detail/lift_info__type_support.c\n'}
[104.543906] (base_interfaces_demo) StdoutLine: {'line': b'-- Installing: /home/cjs/VL53L8CX/VL53L8CX_ws/install/base_interfaces_demo/include/base_interfaces_demo/msg/detail/bms_info__rosidl_typesupport_introspection_c.h\n'}
[104.544515] (base_interfaces_demo) StdoutLine: {'line': b'-- Installing: /home/cjs/VL53L8CX/VL53L8CX_ws/install/base_interfaces_demo/include/base_interfaces_demo/msg/detail/hall_info__rosidl_typesupport_introspection_c.h\n'}
[104.544812] (base_interfaces_demo) StdoutLine: {'line': b'-- Installing: /home/cjs/VL53L8CX/VL53L8CX_ws/install/base_interfaces_demo/include/base_interfaces_demo/msg/detail/system_status__type_support.c\n'}
[104.544972] (base_interfaces_demo) StdoutLine: {'line': b'-- Installing: /home/cjs/VL53L8CX/VL53L8CX_ws/install/base_interfaces_demo/include/base_interfaces_demo/msg/detail/bt_status__rosidl_typesupport_introspection_c.h\n'}
[104.545128] (base_interfaces_demo) StdoutLine: {'line': b'-- Installing: /home/cjs/VL53L8CX/VL53L8CX_ws/install/base_interfaces_demo/include/base_interfaces_demo/msg/detail/obs_laser__rosidl_typesupport_introspection_c.h\n'}
[104.550609] (base_interfaces_demo) StdoutLine: {'line': b'-- Installing: /home/cjs/VL53L8CX/VL53L8CX_ws/install/base_interfaces_demo/include/base_interfaces_demo/msg/detail/location__type_support.c\n'}
[104.550981] (base_interfaces_demo) StdoutLine: {'line': b'-- Installing: /home/cjs/VL53L8CX/VL53L8CX_ws/install/base_interfaces_demo/include/base_interfaces_demo/msg/detail/pallet_info__rosidl_typesupport_introspection_c.h\n'}
[104.551402] (base_interfaces_demo) StdoutLine: {'line': b'-- Installing: /home/cjs/VL53L8CX/VL53L8CX_ws/install/base_interfaces_demo/include/base_interfaces_demo/msg/detail/charger_info__type_support.c\n'}
[104.552327] (base_interfaces_demo) StdoutLine: {'line': b'-- Installing: /home/cjs/VL53L8CX/VL53L8CX_ws/install/base_interfaces_demo/include/base_interfaces_demo/msg/detail/bt_status__type_support.c\n'}
[104.552503] (base_interfaces_demo) StdoutLine: {'line': b'-- Installing: /home/cjs/VL53L8CX/VL53L8CX_ws/install/base_interfaces_demo/include/base_interfaces_demo/msg/detail/test__type_support.c\n'}
[104.552672] (base_interfaces_demo) StdoutLine: {'line': b'-- Installing: /home/cjs/VL53L8CX/VL53L8CX_ws/install/base_interfaces_demo/include/base_interfaces_demo/msg/detail/system_status__rosidl_typesupport_introspection_c.h\n'}
[104.556335] (base_interfaces_demo) StdoutLine: {'line': b'-- Installing: /home/cjs/VL53L8CX/VL53L8CX_ws/install/base_interfaces_demo/include/base_interfaces_demo/msg/detail/seek_ret__type_support.c\n'}
[104.556895] (base_interfaces_demo) StdoutLine: {'line': b'-- Installing: /home/cjs/VL53L8CX/VL53L8CX_ws/install/base_interfaces_demo/include/base_interfaces_demo/msg/detail/lift_control__type_support.c\n'}
[104.557338] (base_interfaces_demo) StdoutLine: {'line': b'-- Installing: /home/cjs/VL53L8CX/VL53L8CX_ws/install/base_interfaces_demo/include/base_interfaces_demo/msg/detail/color_info__type_support.c\n'}
[104.557505] (base_interfaces_demo) StdoutLine: {'line': b'-- Installing: /home/cjs/VL53L8CX/VL53L8CX_ws/install/base_interfaces_demo/include/base_interfaces_demo/msg/detail/bms_info__type_support.c\n'}
[104.557987] (base_interfaces_demo) StdoutLine: {'line': b'-- Installing: /home/cjs/VL53L8CX/VL53L8CX_ws/install/base_interfaces_demo/include/base_interfaces_demo/msg/detail/manual__rosidl_typesupport_introspection_c.h\n'}
[104.558172] (base_interfaces_demo) StdoutLine: {'line': b'-- Installing: /home/cjs/VL53L8CX/VL53L8CX_ws/install/base_interfaces_demo/include/base_interfaces_demo/msg/detail/charger_info__rosidl_typesupport_introspection_c.h\n'}
[104.558665] (base_interfaces_demo) StdoutLine: {'line': b'-- Installing: /home/cjs/VL53L8CX/VL53L8CX_ws/install/base_interfaces_demo/include/base_interfaces_demo/msg/detail/motion_control__type_support.c\n'}
[104.558981] (base_interfaces_demo) StdoutLine: {'line': b'-- Installing: /home/cjs/VL53L8CX/VL53L8CX_ws/install/base_interfaces_demo/include/base_interfaces_demo/msg/detail/seek_cmd__type_support.c\n'}
[104.559257] (base_interfaces_demo) StdoutLine: {'line': b'-- Installing: /home/cjs/VL53L8CX/VL53L8CX_ws/install/base_interfaces_demo/include/base_interfaces_demo/msg/detail/movecontrol_info__rosidl_typesupport_introspection_c.h\n'}
[104.559413] (base_interfaces_demo) StdoutLine: {'line': b'-- Installing: /home/cjs/VL53L8CX/VL53L8CX_ws/install/base_interfaces_demo/include/base_interfaces_demo/msg/detail/hall_info__type_support.c\n'}
[104.564368] (base_interfaces_demo) StdoutLine: {'line': b'-- Installing: /home/cjs/VL53L8CX/VL53L8CX_ws/install/base_interfaces_demo/include/base_interfaces_demo/msg/detail/lift_info__rosidl_typesupport_introspection_c.h\n'}
[104.564710] (base_interfaces_demo) StdoutLine: {'line': b'-- Installing: /home/cjs/VL53L8CX/VL53L8CX_ws/install/base_interfaces_demo/include/base_interfaces_demo/msg/detail/movecontrol_info__type_support.c\n'}
[104.565165] (base_interfaces_demo) StdoutLine: {'line': b'-- Installing: /home/cjs/VL53L8CX/VL53L8CX_ws/install/base_interfaces_demo/include/base_interfaces_demo/msg/detail/lift_control__rosidl_typesupport_introspection_c.h\n'}
[104.565355] (base_interfaces_demo) StdoutLine: {'line': b'-- Installing: /home/cjs/VL53L8CX/VL53L8CX_ws/install/base_interfaces_demo/include/base_interfaces_demo/msg/detail/motor_cmd__type_support.c\n'}
[104.565516] (base_interfaces_demo) StdoutLine: {'line': b'-- Installing: /home/cjs/VL53L8CX/VL53L8CX_ws/install/base_interfaces_demo/include/base_interfaces_demo/msg/detail/car_status__type_support.c\n'}
[104.565667] (base_interfaces_demo) StdoutLine: {'line': b'-- Installing: /home/cjs/VL53L8CX/VL53L8CX_ws/install/base_interfaces_demo/include/base_interfaces_demo/msg/detail/ohom__rosidl_typesupport_introspection_c.h\n'}
[104.566012] (base_interfaces_demo) StdoutLine: {'line': b'-- Installing: /home/cjs/VL53L8CX/VL53L8CX_ws/install/base_interfaces_demo/include/base_interfaces_demo/msg/detail/manual_seek_label__type_support.c\n'}
[104.566199] (base_interfaces_demo) StdoutLine: {'line': b'-- Installing: /home/cjs/VL53L8CX/VL53L8CX_ws/install/base_interfaces_demo/include/base_interfaces_demo/msg/detail/manual_seek_label__rosidl_typesupport_introspection_c.h\n'}
[104.566356] (base_interfaces_demo) StdoutLine: {'line': b'-- Installing: /home/cjs/VL53L8CX/VL53L8CX_ws/install/base_interfaces_demo/include/base_interfaces_demo/msg/detail/motion_control__rosidl_typesupport_introspection_c.h\n'}
[104.566832] (base_interfaces_demo) StdoutLine: {'line': b'-- Installing: /home/cjs/VL53L8CX/VL53L8CX_ws/install/base_interfaces_demo/include/base_interfaces_demo/msg/detail/file_updata__type_support.c\n'}
[104.567034] (base_interfaces_demo) StdoutLine: {'line': b'-- Installing: /home/cjs/VL53L8CX/VL53L8CX_ws/install/base_interfaces_demo/include/base_interfaces_demo/msg/detail/rcs_info__rosidl_typesupport_introspection_c.h\n'}
[104.569490] (base_interfaces_demo) StdoutLine: {'line': b'-- Installing: /home/cjs/VL53L8CX/VL53L8CX_ws/install/base_interfaces_demo/include/base_interfaces_demo/msg/detail/health_node__type_support.c\n'}
[104.569987] (base_interfaces_demo) StdoutLine: {'line': b'-- Installing: /home/cjs/VL53L8CX/VL53L8CX_ws/install/base_interfaces_demo/include/base_interfaces_demo/msg/detail/obs_laser__type_support.c\n'}
[104.571378] (base_interfaces_demo) StdoutLine: {'line': b'-- Installing: /home/cjs/VL53L8CX/VL53L8CX_ws/install/base_interfaces_demo/include/base_interfaces_demo/msg/detail/test__rosidl_typesupport_introspection_c.h\n'}
[104.574984] (base_interfaces_demo) StdoutLine: {'line': b'-- Installing: /home/cjs/VL53L8CX/VL53L8CX_ws/install/base_interfaces_demo/include/base_interfaces_demo/msg/detail/seek_ret__rosidl_typesupport_introspection_c.h\n'}
[104.575280] (base_interfaces_demo) StdoutLine: {'line': b'-- Installing: /home/cjs/VL53L8CX/VL53L8CX_ws/install/base_interfaces_demo/include/base_interfaces_demo/msg/detail/file_updata__rosidl_typesupport_introspection_c.h\n'}
[104.575453] (base_interfaces_demo) StdoutLine: {'line': b'-- Installing: /home/cjs/VL53L8CX/VL53L8CX_ws/install/base_interfaces_demo/include/base_interfaces_demo/msg/detail/ohom__type_support.c\n'}
[104.576017] (base_interfaces_demo) StdoutLine: {'line': b'-- Installing: /home/cjs/VL53L8CX/VL53L8CX_ws/install/base_interfaces_demo/include/base_interfaces_demo/msg/detail/motor_cmd__rosidl_typesupport_introspection_c.h\n'}
[104.576305] (base_interfaces_demo) StdoutLine: {'line': b'-- Installing: /home/cjs/VL53L8CX/VL53L8CX_ws/install/base_interfaces_demo/include/base_interfaces_demo/msg/detail/location__rosidl_typesupport_introspection_c.h\n'}
[104.576825] (base_interfaces_demo) StdoutLine: {'line': b'-- Installing: /home/cjs/VL53L8CX/VL53L8CX_ws/install/base_interfaces_demo/include/base_interfaces_demo/msg/detail/pallet_info__type_support.c\n'}
[104.577273] (base_interfaces_demo) StdoutLine: {'line': b'-- Installing: /home/cjs/VL53L8CX/VL53L8CX_ws/install/base_interfaces_demo/include/base_interfaces_demo/msg/detail/rcs_info__type_support.c\n'}
[104.577715] (base_interfaces_demo) StdoutLine: {'line': b'-- Installing: /home/cjs/VL53L8CX/VL53L8CX_ws/install/base_interfaces_demo/include/base_interfaces_demo/msg/detail/health_node__rosidl_typesupport_introspection_c.h\n'}
[104.577978] (base_interfaces_demo) StdoutLine: {'line': b'-- Installing: /home/cjs/VL53L8CX/VL53L8CX_ws/install/base_interfaces_demo/include/base_interfaces_demo/msg/detail/color_info__rosidl_typesupport_introspection_c.h\n'}
[104.581465] (base_interfaces_demo) StdoutLine: {'line': b'-- Up-to-date: /home/cjs/VL53L8CX/VL53L8CX_ws/install/base_interfaces_demo/include/base_interfaces_demo/msg/rosidl_typesupport_introspection_c__visibility_control.h\n'}
[104.588031] (base_interfaces_demo) StdoutLine: {'line': b'-- Installing: /home/cjs/VL53L8CX/VL53L8CX_ws/install/base_interfaces_demo/lib/libbase_interfaces_demo__rosidl_typesupport_introspection_c.so\n'}
[104.591746] (base_interfaces_demo) StdoutLine: {'line': b'-- Set runtime path of "/home/cjs/VL53L8CX/VL53L8CX_ws/install/base_interfaces_demo/lib/libbase_interfaces_demo__rosidl_typesupport_introspection_c.so" to ""\n'}
[104.595510] (base_interfaces_demo) StdoutLine: {'line': b'-- Installing: /home/cjs/VL53L8CX/VL53L8CX_ws/install/base_interfaces_demo/lib/libbase_interfaces_demo__rosidl_typesupport_c.so\n'}
[104.603422] (base_interfaces_demo) StdoutLine: {'line': b'-- Set runtime path of "/home/cjs/VL53L8CX/VL53L8CX_ws/install/base_interfaces_demo/lib/libbase_interfaces_demo__rosidl_typesupport_c.so" to ""\n'}
[104.603758] (base_interfaces_demo) StdoutLine: {'line': b'-- Up-to-date: /home/cjs/VL53L8CX/VL53L8CX_ws/install/base_interfaces_demo/include/base_interfaces_demo\n'}
[104.603882] (base_interfaces_demo) StdoutLine: {'line': b'-- Up-to-date: /home/cjs/VL53L8CX/VL53L8CX_ws/install/base_interfaces_demo/include/base_interfaces_demo/action\n'}
[104.604010] (base_interfaces_demo) StdoutLine: {'line': b'-- Up-to-date: /home/cjs/VL53L8CX/VL53L8CX_ws/install/base_interfaces_demo/include/base_interfaces_demo/action/detail\n'}
[104.604144] (base_interfaces_demo) StdoutLine: {'line': b'-- Installing: /home/cjs/VL53L8CX/VL53L8CX_ws/install/base_interfaces_demo/include/base_interfaces_demo/action/detail/reverse__builder.hpp\n'}
[104.604267] (base_interfaces_demo) StdoutLine: {'line': b'-- Installing: /home/cjs/VL53L8CX/VL53L8CX_ws/install/base_interfaces_demo/include/base_interfaces_demo/action/detail/nav__traits.hpp\n'}
[104.604416] (base_interfaces_demo) StdoutLine: {'line': b'-- Installing: /home/cjs/VL53L8CX/VL53L8CX_ws/install/base_interfaces_demo/include/base_interfaces_demo/action/detail/reverse__struct.hpp\n'}
[104.604772] (base_interfaces_demo) StdoutLine: {'line': b'-- Installing: /home/cjs/VL53L8CX/VL53L8CX_ws/install/base_interfaces_demo/include/base_interfaces_demo/action/detail/pallet__traits.hpp\n'}
[104.606942] (base_interfaces_demo) StdoutLine: {'line': b'-- Installing: /home/cjs/VL53L8CX/VL53L8CX_ws/install/base_interfaces_demo/include/base_interfaces_demo/action/detail/pallet__type_support.hpp\n'}
[104.607176] (base_interfaces_demo) StdoutLine: {'line': b'-- Installing: /home/cjs/VL53L8CX/VL53L8CX_ws/install/base_interfaces_demo/include/base_interfaces_demo/action/detail/pallet__struct.hpp\n'}
[104.607301] (base_interfaces_demo) StdoutLine: {'line': b'-- Installing: /home/cjs/VL53L8CX/VL53L8CX_ws/install/base_interfaces_demo/include/base_interfaces_demo/action/detail/nav__type_support.hpp\n'}
[104.608503] (base_interfaces_demo) StdoutLine: {'line': b'-- Installing: /home/cjs/VL53L8CX/VL53L8CX_ws/install/base_interfaces_demo/include/base_interfaces_demo/action/detail/reverse__traits.hpp\n'}
[104.609103] (base_interfaces_demo) StdoutLine: {'line': b'-- Installing: /home/cjs/VL53L8CX/VL53L8CX_ws/install/base_interfaces_demo/include/base_interfaces_demo/action/detail/pallet__builder.hpp\n'}
[104.609412] (base_interfaces_demo) StdoutLine: {'line': b'-- Installing: /home/cjs/VL53L8CX/VL53L8CX_ws/install/base_interfaces_demo/include/base_interfaces_demo/action/detail/nav__builder.hpp\n'}
[104.609906] (base_interfaces_demo) StdoutLine: {'line': b'-- Installing: /home/cjs/VL53L8CX/VL53L8CX_ws/install/base_interfaces_demo/include/base_interfaces_demo/action/detail/nav__struct.hpp\n'}
[104.610488] (base_interfaces_demo) StdoutLine: {'line': b'-- Installing: /home/cjs/VL53L8CX/VL53L8CX_ws/install/base_interfaces_demo/include/base_interfaces_demo/action/detail/reverse__type_support.hpp\n'}
[104.611023] (base_interfaces_demo) StdoutLine: {'line': b'-- Installing: /home/cjs/VL53L8CX/VL53L8CX_ws/install/base_interfaces_demo/include/base_interfaces_demo/action/reverse.hpp\n'}
[104.611501] (base_interfaces_demo) StdoutLine: {'line': b'-- Installing: /home/cjs/VL53L8CX/VL53L8CX_ws/install/base_interfaces_demo/include/base_interfaces_demo/action/nav.hpp\n'}
[104.612119] (base_interfaces_demo) StdoutLine: {'line': b'-- Installing: /home/cjs/VL53L8CX/VL53L8CX_ws/install/base_interfaces_demo/include/base_interfaces_demo/action/pallet.hpp\n'}
[104.612399] (base_interfaces_demo) StdoutLine: {'line': b'-- Up-to-date: /home/cjs/VL53L8CX/VL53L8CX_ws/install/base_interfaces_demo/include/base_interfaces_demo/srv\n'}
[104.612706] (base_interfaces_demo) StdoutLine: {'line': b'-- Installing: /home/cjs/VL53L8CX/VL53L8CX_ws/install/base_interfaces_demo/include/base_interfaces_demo/srv/set_emergency.hpp\n'}
[104.614259] (base_interfaces_demo) StdoutLine: {'line': b'-- Up-to-date: /home/cjs/VL53L8CX/VL53L8CX_ws/install/base_interfaces_demo/include/base_interfaces_demo/srv/pub_code.hpp\n'}
[104.614534] (base_interfaces_demo) StdoutLine: {'line': b'-- Up-to-date: /home/cjs/VL53L8CX/VL53L8CX_ws/install/base_interfaces_demo/include/base_interfaces_demo/srv/detail\n'}
[104.614759] (base_interfaces_demo) StdoutLine: {'line': b'-- Installing: /home/cjs/VL53L8CX/VL53L8CX_ws/install/base_interfaces_demo/include/base_interfaces_demo/srv/detail/check_emergency__builder.hpp\n'}
[104.615382] (base_interfaces_demo) StdoutLine: {'line': b'-- Installing: /home/cjs/VL53L8CX/VL53L8CX_ws/install/base_interfaces_demo/include/base_interfaces_demo/srv/detail/check_emergency__traits.hpp\n'}
[104.616117] (base_interfaces_demo) StdoutLine: {'line': b'-- Installing: /home/cjs/VL53L8CX/VL53L8CX_ws/install/base_interfaces_demo/include/base_interfaces_demo/srv/detail/check_emergency__struct.hpp\n'}
[104.625389] (-) TimerEvent: {}
[104.625862] (base_interfaces_demo) StdoutLine: {'line': b'-- Up-to-date: /home/cjs/VL53L8CX/VL53L8CX_ws/install/base_interfaces_demo/include/base_interfaces_demo/srv/detail/pub_code__type_support.hpp\n'}
[104.626079] (base_interfaces_demo) StdoutLine: {'line': b'-- Installing: /home/cjs/VL53L8CX/VL53L8CX_ws/install/base_interfaces_demo/include/base_interfaces_demo/srv/detail/hall__type_support.hpp\n'}
[104.626225] (base_interfaces_demo) StdoutLine: {'line': b'-- Installing: /home/cjs/VL53L8CX/VL53L8CX_ws/install/base_interfaces_demo/include/base_interfaces_demo/srv/detail/hall__builder.hpp\n'}
[104.626861] (base_interfaces_demo) StdoutLine: {'line': b'-- Up-to-date: /home/cjs/VL53L8CX/VL53L8CX_ws/install/base_interfaces_demo/include/base_interfaces_demo/srv/detail/pub_code__builder.hpp\n'}
[104.627172] (base_interfaces_demo) StdoutLine: {'line': b'-- Installing: /home/cjs/VL53L8CX/VL53L8CX_ws/install/base_interfaces_demo/include/base_interfaces_demo/srv/detail/rcs_server__traits.hpp\n'}
[104.627321] (base_interfaces_demo) StdoutLine: {'line': b'-- Installing: /home/cjs/VL53L8CX/VL53L8CX_ws/install/base_interfaces_demo/include/base_interfaces_demo/srv/detail/rcs_server__struct.hpp\n'}
[104.627771] (base_interfaces_demo) StdoutLine: {'line': b'-- Installing: /home/cjs/VL53L8CX/VL53L8CX_ws/install/base_interfaces_demo/include/base_interfaces_demo/srv/detail/rcs_server__type_support.hpp\n'}
[104.627926] (base_interfaces_demo) StdoutLine: {'line': b'-- Installing: /home/cjs/VL53L8CX/VL53L8CX_ws/install/base_interfaces_demo/include/base_interfaces_demo/srv/detail/check_emergency__type_support.hpp\n'}
[104.628067] (base_interfaces_demo) StdoutLine: {'line': b'-- Installing: /home/cjs/VL53L8CX/VL53L8CX_ws/install/base_interfaces_demo/include/base_interfaces_demo/srv/detail/set_emergency__struct.hpp\n'}
[104.633932] (base_interfaces_demo) StdoutLine: {'line': b'-- Installing: /home/cjs/VL53L8CX/VL53L8CX_ws/install/base_interfaces_demo/include/base_interfaces_demo/srv/detail/set_emergency__traits.hpp\n'}
[104.634161] (base_interfaces_demo) StdoutLine: {'line': b'-- Installing: /home/cjs/VL53L8CX/VL53L8CX_ws/install/base_interfaces_demo/include/base_interfaces_demo/srv/detail/set_emergency__builder.hpp\n'}
[104.634557] (base_interfaces_demo) StdoutLine: {'line': b'-- Up-to-date: /home/cjs/VL53L8CX/VL53L8CX_ws/install/base_interfaces_demo/include/base_interfaces_demo/srv/detail/pub_code__struct.hpp\n'}
[104.635159] (base_interfaces_demo) StdoutLine: {'line': b'-- Installing: /home/cjs/VL53L8CX/VL53L8CX_ws/install/base_interfaces_demo/include/base_interfaces_demo/srv/detail/hall__struct.hpp\n'}
[104.635313] (base_interfaces_demo) StdoutLine: {'line': b'-- Installing: /home/cjs/VL53L8CX/VL53L8CX_ws/install/base_interfaces_demo/include/base_interfaces_demo/srv/detail/set_emergency__type_support.hpp\n'}
[104.635455] (base_interfaces_demo) StdoutLine: {'line': b'-- Up-to-date: /home/cjs/VL53L8CX/VL53L8CX_ws/install/base_interfaces_demo/include/base_interfaces_demo/srv/detail/pub_code__traits.hpp\n'}
[104.635797] (base_interfaces_demo) StdoutLine: {'line': b'-- Installing: /home/cjs/VL53L8CX/VL53L8CX_ws/install/base_interfaces_demo/include/base_interfaces_demo/srv/detail/hall__traits.hpp\n'}
[104.635944] (base_interfaces_demo) StdoutLine: {'line': b'-- Installing: /home/cjs/VL53L8CX/VL53L8CX_ws/install/base_interfaces_demo/include/base_interfaces_demo/srv/detail/rcs_server__builder.hpp\n'}
[104.636088] (base_interfaces_demo) StdoutLine: {'line': b'-- Installing: /home/cjs/VL53L8CX/VL53L8CX_ws/install/base_interfaces_demo/include/base_interfaces_demo/srv/rcs_server.hpp\n'}
[104.636463] (base_interfaces_demo) StdoutLine: {'line': b'-- Installing: /home/cjs/VL53L8CX/VL53L8CX_ws/install/base_interfaces_demo/include/base_interfaces_demo/srv/check_emergency.hpp\n'}
[104.636777] (base_interfaces_demo) StdoutLine: {'line': b'-- Installing: /home/cjs/VL53L8CX/VL53L8CX_ws/install/base_interfaces_demo/include/base_interfaces_demo/srv/hall.hpp\n'}
[104.637153] (base_interfaces_demo) StdoutLine: {'line': b'-- Up-to-date: /home/cjs/VL53L8CX/VL53L8CX_ws/install/base_interfaces_demo/include/base_interfaces_demo/msg\n'}
[104.637303] (base_interfaces_demo) StdoutLine: {'line': b'-- Installing: /home/cjs/VL53L8CX/VL53L8CX_ws/install/base_interfaces_demo/include/base_interfaces_demo/msg/color_info.hpp\n'}
[104.637525] (base_interfaces_demo) StdoutLine: {'line': b'-- Installing: /home/cjs/VL53L8CX/VL53L8CX_ws/install/base_interfaces_demo/include/base_interfaces_demo/msg/car_status.hpp\n'}
[104.637876] (base_interfaces_demo) StdoutLine: {'line': b'-- Installing: /home/cjs/VL53L8CX/VL53L8CX_ws/install/base_interfaces_demo/include/base_interfaces_demo/msg/test.hpp\n'}
[104.638024] (base_interfaces_demo) StdoutLine: {'line': b'-- Installing: /home/cjs/VL53L8CX/VL53L8CX_ws/install/base_interfaces_demo/include/base_interfaces_demo/msg/ohom.hpp\n'}
[104.638620] (base_interfaces_demo) StdoutLine: {'line': b'-- Installing: /home/cjs/VL53L8CX/VL53L8CX_ws/install/base_interfaces_demo/include/base_interfaces_demo/msg/seek_ret.hpp\n'}
[104.638803] (base_interfaces_demo) StdoutLine: {'line': b'-- Up-to-date: /home/cjs/VL53L8CX/VL53L8CX_ws/install/base_interfaces_demo/include/base_interfaces_demo/msg/pub_code.hpp\n'}
[104.642041] (base_interfaces_demo) StdoutLine: {'line': b'-- Installing: /home/cjs/VL53L8CX/VL53L8CX_ws/install/base_interfaces_demo/include/base_interfaces_demo/msg/motor_cmd.hpp\n'}
[104.642258] (base_interfaces_demo) StdoutLine: {'line': b'-- Installing: /home/cjs/VL53L8CX/VL53L8CX_ws/install/base_interfaces_demo/include/base_interfaces_demo/msg/rcs_info.hpp\n'}
[104.642411] (base_interfaces_demo) StdoutLine: {'line': b'-- Installing: /home/cjs/VL53L8CX/VL53L8CX_ws/install/base_interfaces_demo/include/base_interfaces_demo/msg/pallet_info.hpp\n'}
[104.643072] (base_interfaces_demo) StdoutLine: {'line': b'-- Up-to-date: /home/cjs/VL53L8CX/VL53L8CX_ws/install/base_interfaces_demo/include/base_interfaces_demo/msg/detail\n'}
[104.643801] (base_interfaces_demo) StdoutLine: {'line': b'-- Installing: /home/cjs/VL53L8CX/VL53L8CX_ws/install/base_interfaces_demo/include/base_interfaces_demo/msg/detail/motion_control__builder.hpp\n'}
[104.644955] (base_interfaces_demo) StdoutLine: {'line': b'-- Installing: /home/cjs/VL53L8CX/VL53L8CX_ws/install/base_interfaces_demo/include/base_interfaces_demo/msg/detail/pallet_info__type_support.hpp\n'}
[104.645959] (base_interfaces_demo) StdoutLine: {'line': b'-- Up-to-date: /home/cjs/VL53L8CX/VL53L8CX_ws/install/base_interfaces_demo/include/base_interfaces_demo/msg/detail/pub_code__type_support.hpp\n'}
[104.646505] (base_interfaces_demo) StdoutLine: {'line': b'-- Installing: /home/cjs/VL53L8CX/VL53L8CX_ws/install/base_interfaces_demo/include/base_interfaces_demo/msg/detail/manual__struct.hpp\n'}
[104.648014] (base_interfaces_demo) StdoutLine: {'line': b'-- Installing: /home/cjs/VL53L8CX/VL53L8CX_ws/install/base_interfaces_demo/include/base_interfaces_demo/msg/detail/movecontrol_info__struct.hpp\n'}
[104.651827] (base_interfaces_demo) StdoutLine: {'line': b'-- Installing: /home/cjs/VL53L8CX/VL53L8CX_ws/install/base_interfaces_demo/include/base_interfaces_demo/msg/detail/obs_laser__builder.hpp\n'}
[104.652059] (base_interfaces_demo) StdoutLine: {'line': b'-- Installing: /home/cjs/VL53L8CX/VL53L8CX_ws/install/base_interfaces_demo/include/base_interfaces_demo/msg/detail/seek_cmd__builder.hpp\n'}
[104.653097] (base_interfaces_demo) StdoutLine: {'line': b'-- Installing: /home/cjs/VL53L8CX/VL53L8CX_ws/install/base_interfaces_demo/include/base_interfaces_demo/msg/detail/charger_info__traits.hpp\n'}
[104.654347] (base_interfaces_demo) StdoutLine: {'line': b'-- Installing: /home/cjs/VL53L8CX/VL53L8CX_ws/install/base_interfaces_demo/include/base_interfaces_demo/msg/detail/motor_cmd__struct.hpp\n'}
[104.658564] (base_interfaces_demo) StdoutLine: {'line': b'-- Installing: /home/cjs/VL53L8CX/VL53L8CX_ws/install/base_interfaces_demo/include/base_interfaces_demo/msg/detail/system_status__traits.hpp\n'}
[104.665774] (base_interfaces_demo) StdoutLine: {'line': b'-- Installing: /home/cjs/VL53L8CX/VL53L8CX_ws/install/base_interfaces_demo/include/base_interfaces_demo/msg/detail/seek_ret__type_support.hpp\n'}
[104.666964] (base_interfaces_demo) StdoutLine: {'line': b'-- Installing: /home/cjs/VL53L8CX/VL53L8CX_ws/install/base_interfaces_demo/include/base_interfaces_demo/msg/detail/ohom__builder.hpp\n'}
[104.667898] (base_interfaces_demo) StdoutLine: {'line': b'-- Installing: /home/cjs/VL53L8CX/VL53L8CX_ws/install/base_interfaces_demo/include/base_interfaces_demo/msg/detail/car_status__type_support.hpp\n'}
[104.674335] (base_interfaces_demo) StdoutLine: {'line': b'-- Installing: /home/cjs/VL53L8CX/VL53L8CX_ws/install/base_interfaces_demo/include/base_interfaces_demo/msg/detail/system_status__struct.hpp\n'}
[104.674707] (base_interfaces_demo) StdoutLine: {'line': b'-- Installing: /home/cjs/VL53L8CX/VL53L8CX_ws/install/base_interfaces_demo/include/base_interfaces_demo/msg/detail/pallet_info__builder.hpp\n'}
[104.674904] (base_interfaces_demo) StdoutLine: {'line': b'-- Installing: /home/cjs/VL53L8CX/VL53L8CX_ws/install/base_interfaces_demo/include/base_interfaces_demo/msg/detail/seek_ret__traits.hpp\n'}
[104.675163] (base_interfaces_demo) StdoutLine: {'line': b'-- Installing: /home/cjs/VL53L8CX/VL53L8CX_ws/install/base_interfaces_demo/include/base_interfaces_demo/msg/detail/motor_cmd__builder.hpp\n'}
[104.675374] (base_interfaces_demo) StdoutLine: {'line': b'-- Installing: /home/cjs/VL53L8CX/VL53L8CX_ws/install/base_interfaces_demo/include/base_interfaces_demo/msg/detail/pallet_info__traits.hpp\n'}
[104.676826] (base_interfaces_demo) StdoutLine: {'line': b'-- Installing: /home/cjs/VL53L8CX/VL53L8CX_ws/install/base_interfaces_demo/include/base_interfaces_demo/msg/detail/location__traits.hpp\n'}
[104.678844] (base_interfaces_demo) StdoutLine: {'line': b'-- Installing: /home/cjs/VL53L8CX/VL53L8CX_ws/install/base_interfaces_demo/include/base_interfaces_demo/msg/detail/lift_info__builder.hpp\n'}
[104.680030] (base_interfaces_demo) StdoutLine: {'line': b'-- Installing: /home/cjs/VL53L8CX/VL53L8CX_ws/install/base_interfaces_demo/include/base_interfaces_demo/msg/detail/rcs_info__builder.hpp\n'}
[104.681135] (base_interfaces_demo) StdoutLine: {'line': b'-- Installing: /home/cjs/VL53L8CX/VL53L8CX_ws/install/base_interfaces_demo/include/base_interfaces_demo/msg/detail/ohom__type_support.hpp\n'}
[104.681817] (base_interfaces_demo) StdoutLine: {'line': b'-- Installing: /home/cjs/VL53L8CX/VL53L8CX_ws/install/base_interfaces_demo/include/base_interfaces_demo/msg/detail/system_status__type_support.hpp\n'}
[104.683167] (base_interfaces_demo) StdoutLine: {'line': b'-- Up-to-date: /home/cjs/VL53L8CX/VL53L8CX_ws/install/base_interfaces_demo/include/base_interfaces_demo/msg/detail/pub_code__builder.hpp\n'}
[104.683373] (base_interfaces_demo) StdoutLine: {'line': b'-- Installing: /home/cjs/VL53L8CX/VL53L8CX_ws/install/base_interfaces_demo/include/base_interfaces_demo/msg/detail/system_status__builder.hpp\n'}
[104.688002] (base_interfaces_demo) StdoutLine: {'line': b'-- Installing: /home/cjs/VL53L8CX/VL53L8CX_ws/install/base_interfaces_demo/include/base_interfaces_demo/msg/detail/health_node__struct.hpp\n'}
[104.689175] (base_interfaces_demo) StdoutLine: {'line': b'-- Installing: /home/cjs/VL53L8CX/VL53L8CX_ws/install/base_interfaces_demo/include/base_interfaces_demo/msg/detail/file_updata__struct.hpp\n'}
[104.689452] (base_interfaces_demo) StdoutLine: {'line': b'-- Installing: /home/cjs/VL53L8CX/VL53L8CX_ws/install/base_interfaces_demo/include/base_interfaces_demo/msg/detail/bms_info__struct.hpp\n'}
[104.689743] (base_interfaces_demo) StdoutLine: {'line': b'-- Installing: /home/cjs/VL53L8CX/VL53L8CX_ws/install/base_interfaces_demo/include/base_interfaces_demo/msg/detail/obs_laser__struct.hpp\n'}
[104.689902] (base_interfaces_demo) StdoutLine: {'line': b'-- Installing: /home/cjs/VL53L8CX/VL53L8CX_ws/install/base_interfaces_demo/include/base_interfaces_demo/msg/detail/car_status__struct.hpp\n'}
[104.690414] (base_interfaces_demo) StdoutLine: {'line': b'-- Installing: /home/cjs/VL53L8CX/VL53L8CX_ws/install/base_interfaces_demo/include/base_interfaces_demo/msg/detail/manual_seek_label__builder.hpp\n'}
[104.692746] (base_interfaces_demo) StdoutLine: {'line': b'-- Installing: /home/cjs/VL53L8CX/VL53L8CX_ws/install/base_interfaces_demo/include/base_interfaces_demo/msg/detail/motor_status__type_support.hpp\n'}
[104.697298] (base_interfaces_demo) StdoutLine: {'line': b'-- Installing: /home/cjs/VL53L8CX/VL53L8CX_ws/install/base_interfaces_demo/include/base_interfaces_demo/msg/detail/bt_status__type_support.hpp\n'}
[104.697804] (base_interfaces_demo) StdoutLine: {'line': b'-- Installing: /home/cjs/VL53L8CX/VL53L8CX_ws/install/base_interfaces_demo/include/base_interfaces_demo/msg/detail/bt_status__struct.hpp\n'}
[104.703184] (base_interfaces_demo) StdoutLine: {'line': b'-- Installing: /home/cjs/VL53L8CX/VL53L8CX_ws/install/base_interfaces_demo/include/base_interfaces_demo/msg/detail/motor_cmd__traits.hpp\n'}
[104.703574] (base_interfaces_demo) StdoutLine: {'line': b'-- Installing: /home/cjs/VL53L8CX/VL53L8CX_ws/install/base_interfaces_demo/include/base_interfaces_demo/msg/detail/motion_control__struct.hpp\n'}
[104.703738] (base_interfaces_demo) StdoutLine: {'line': b'-- Installing: /home/cjs/VL53L8CX/VL53L8CX_ws/install/base_interfaces_demo/include/base_interfaces_demo/msg/detail/lift_info__type_support.hpp\n'}
[104.703936] (base_interfaces_demo) StdoutLine: {'line': b'-- Installing: /home/cjs/VL53L8CX/VL53L8CX_ws/install/base_interfaces_demo/include/base_interfaces_demo/msg/detail/bt_status__traits.hpp\n'}
[104.704108] (base_interfaces_demo) StdoutLine: {'line': b'-- Installing: /home/cjs/VL53L8CX/VL53L8CX_ws/install/base_interfaces_demo/include/base_interfaces_demo/msg/detail/car_status__builder.hpp\n'}
[104.704288] (base_interfaces_demo) StdoutLine: {'line': b'-- Installing: /home/cjs/VL53L8CX/VL53L8CX_ws/install/base_interfaces_demo/include/base_interfaces_demo/msg/detail/obs_laser__traits.hpp\n'}
[104.704655] (base_interfaces_demo) StdoutLine: {'line': b'-- Installing: /home/cjs/VL53L8CX/VL53L8CX_ws/install/base_interfaces_demo/include/base_interfaces_demo/msg/detail/lift_control__type_support.hpp\n'}
[104.704807] (base_interfaces_demo) StdoutLine: {'line': b'-- Installing: /home/cjs/VL53L8CX/VL53L8CX_ws/install/base_interfaces_demo/include/base_interfaces_demo/msg/detail/manual__traits.hpp\n'}
[104.704954] (base_interfaces_demo) StdoutLine: {'line': b'-- Installing: /home/cjs/VL53L8CX/VL53L8CX_ws/install/base_interfaces_demo/include/base_interfaces_demo/msg/detail/motion_control__type_support.hpp\n'}
[104.705115] (base_interfaces_demo) StdoutLine: {'line': b'-- Installing: /home/cjs/VL53L8CX/VL53L8CX_ws/install/base_interfaces_demo/include/base_interfaces_demo/msg/detail/test__traits.hpp\n'}
[104.705459] (base_interfaces_demo) StdoutLine: {'line': b'-- Installing: /home/cjs/VL53L8CX/VL53L8CX_ws/install/base_interfaces_demo/include/base_interfaces_demo/msg/detail/manual__type_support.hpp\n'}
[104.705849] (base_interfaces_demo) StdoutLine: {'line': b'-- Installing: /home/cjs/VL53L8CX/VL53L8CX_ws/install/base_interfaces_demo/include/base_interfaces_demo/msg/detail/color_info__type_support.hpp\n'}
[104.706081] (base_interfaces_demo) StdoutLine: {'line': b'-- Installing: /home/cjs/VL53L8CX/VL53L8CX_ws/install/base_interfaces_demo/include/base_interfaces_demo/msg/detail/seek_cmd__type_support.hpp\n'}
[104.706386] (base_interfaces_demo) StdoutLine: {'line': b'-- Installing: /home/cjs/VL53L8CX/VL53L8CX_ws/install/base_interfaces_demo/include/base_interfaces_demo/msg/detail/charger_info__builder.hpp\n'}
[104.706689] (base_interfaces_demo) StdoutLine: {'line': b'-- Installing: /home/cjs/VL53L8CX/VL53L8CX_ws/install/base_interfaces_demo/include/base_interfaces_demo/msg/detail/car_status__traits.hpp\n'}
[104.706857] (base_interfaces_demo) StdoutLine: {'line': b'-- Installing: /home/cjs/VL53L8CX/VL53L8CX_ws/install/base_interfaces_demo/include/base_interfaces_demo/msg/detail/lift_control__builder.hpp\n'}
[104.707506] (base_interfaces_demo) StdoutLine: {'line': b'-- Installing: /home/cjs/VL53L8CX/VL53L8CX_ws/install/base_interfaces_demo/include/base_interfaces_demo/msg/detail/hall_info__struct.hpp\n'}
[104.708132] (base_interfaces_demo) StdoutLine: {'line': b'-- Installing: /home/cjs/VL53L8CX/VL53L8CX_ws/install/base_interfaces_demo/include/base_interfaces_demo/msg/detail/bms_info__builder.hpp\n'}
[104.712246] (base_interfaces_demo) StdoutLine: {'line': b'-- Installing: /home/cjs/VL53L8CX/VL53L8CX_ws/install/base_interfaces_demo/include/base_interfaces_demo/msg/detail/file_updata__type_support.hpp\n'}
[104.712771] (base_interfaces_demo) StdoutLine: {'line': b'-- Installing: /home/cjs/VL53L8CX/VL53L8CX_ws/install/base_interfaces_demo/include/base_interfaces_demo/msg/detail/ohom__traits.hpp\n'}
[104.713090] (base_interfaces_demo) StdoutLine: {'line': b'-- Installing: /home/cjs/VL53L8CX/VL53L8CX_ws/install/base_interfaces_demo/include/base_interfaces_demo/msg/detail/color_info__traits.hpp\n'}
[104.713532] (base_interfaces_demo) StdoutLine: {'line': b'-- Installing: /home/cjs/VL53L8CX/VL53L8CX_ws/install/base_interfaces_demo/include/base_interfaces_demo/msg/detail/health_node__builder.hpp\n'}
[104.713695] (base_interfaces_demo) StdoutLine: {'line': b'-- Installing: /home/cjs/VL53L8CX/VL53L8CX_ws/install/base_interfaces_demo/include/base_interfaces_demo/msg/detail/obs_laser__type_support.hpp\n'}
[104.714089] (base_interfaces_demo) StdoutLine: {'line': b'-- Installing: /home/cjs/VL53L8CX/VL53L8CX_ws/install/base_interfaces_demo/include/base_interfaces_demo/msg/detail/charger_info__type_support.hpp\n'}
[104.714245] (base_interfaces_demo) StdoutLine: {'line': b'-- Installing: /home/cjs/VL53L8CX/VL53L8CX_ws/install/base_interfaces_demo/include/base_interfaces_demo/msg/detail/color_info__builder.hpp\n'}
[104.714654] (base_interfaces_demo) StdoutLine: {'line': b'-- Installing: /home/cjs/VL53L8CX/VL53L8CX_ws/install/base_interfaces_demo/include/base_interfaces_demo/msg/detail/lift_info__traits.hpp\n'}
[104.714812] (base_interfaces_demo) StdoutLine: {'line': b'-- Installing: /home/cjs/VL53L8CX/VL53L8CX_ws/install/base_interfaces_demo/include/base_interfaces_demo/msg/detail/hall_info__traits.hpp\n'}
[104.715235] (base_interfaces_demo) StdoutLine: {'line': b'-- Installing: /home/cjs/VL53L8CX/VL53L8CX_ws/install/base_interfaces_demo/include/base_interfaces_demo/msg/detail/health_node__traits.hpp\n'}
[104.715678] (base_interfaces_demo) StdoutLine: {'line': b'-- Installing: /home/cjs/VL53L8CX/VL53L8CX_ws/install/base_interfaces_demo/include/base_interfaces_demo/msg/detail/color_info__struct.hpp\n'}
[104.716280] (base_interfaces_demo) StdoutLine: {'line': b'-- Installing: /home/cjs/VL53L8CX/VL53L8CX_ws/install/base_interfaces_demo/include/base_interfaces_demo/msg/detail/location__builder.hpp\n'}
[104.717896] (base_interfaces_demo) StdoutLine: {'line': b'-- Installing: /home/cjs/VL53L8CX/VL53L8CX_ws/install/base_interfaces_demo/include/base_interfaces_demo/msg/detail/motor_cmd__type_support.hpp\n'}
[104.718388] (base_interfaces_demo) StdoutLine: {'line': b'-- Installing: /home/cjs/VL53L8CX/VL53L8CX_ws/install/base_interfaces_demo/include/base_interfaces_demo/msg/detail/manual_seek_label__traits.hpp\n'}
[104.718555] (base_interfaces_demo) StdoutLine: {'line': b'-- Installing: /home/cjs/VL53L8CX/VL53L8CX_ws/install/base_interfaces_demo/include/base_interfaces_demo/msg/detail/seek_ret__builder.hpp\n'}
[104.719087] (base_interfaces_demo) StdoutLine: {'line': b'-- Installing: /home/cjs/VL53L8CX/VL53L8CX_ws/install/base_interfaces_demo/include/base_interfaces_demo/msg/detail/motor_status__struct.hpp\n'}
[104.721626] (base_interfaces_demo) StdoutLine: {'line': b'-- Installing: /home/cjs/VL53L8CX/VL53L8CX_ws/install/base_interfaces_demo/include/base_interfaces_demo/msg/detail/file_updata__traits.hpp\n'}
[104.722204] (base_interfaces_demo) StdoutLine: {'line': b'-- Installing: /home/cjs/VL53L8CX/VL53L8CX_ws/install/base_interfaces_demo/include/base_interfaces_demo/msg/detail/bms_info__type_support.hpp\n'}
[104.722411] (base_interfaces_demo) StdoutLine: {'line': b'-- Installing: /home/cjs/VL53L8CX/VL53L8CX_ws/install/base_interfaces_demo/include/base_interfaces_demo/msg/detail/seek_cmd__traits.hpp\n'}
[104.722701] (base_interfaces_demo) StdoutLine: {'line': b'-- Installing: /home/cjs/VL53L8CX/VL53L8CX_ws/install/base_interfaces_demo/include/base_interfaces_demo/msg/detail/health_node__type_support.hpp\n'}
[104.723428] (base_interfaces_demo) StdoutLine: {'line': b'-- Installing: /home/cjs/VL53L8CX/VL53L8CX_ws/install/base_interfaces_demo/include/base_interfaces_demo/msg/detail/bt_status__builder.hpp\n'}
[104.724155] (base_interfaces_demo) StdoutLine: {'line': b'-- Up-to-date: /home/cjs/VL53L8CX/VL53L8CX_ws/install/base_interfaces_demo/include/base_interfaces_demo/msg/detail/pub_code__struct.hpp\n'}
[104.724530] (base_interfaces_demo) StdoutLine: {'line': b'-- Installing: /home/cjs/VL53L8CX/VL53L8CX_ws/install/base_interfaces_demo/include/base_interfaces_demo/msg/detail/motion_control__traits.hpp\n'}
[104.737416] (-) TimerEvent: {}
[104.737862] (base_interfaces_demo) StdoutLine: {'line': b'-- Installing: /home/cjs/VL53L8CX/VL53L8CX_ws/install/base_interfaces_demo/include/base_interfaces_demo/msg/detail/movecontrol_info__type_support.hpp\n'}
[104.738412] (base_interfaces_demo) StdoutLine: {'line': b'-- Installing: /home/cjs/VL53L8CX/VL53L8CX_ws/install/base_interfaces_demo/include/base_interfaces_demo/msg/detail/file_updata__builder.hpp\n'}
[104.738751] (base_interfaces_demo) StdoutLine: {'line': b'-- Installing: /home/cjs/VL53L8CX/VL53L8CX_ws/install/base_interfaces_demo/include/base_interfaces_demo/msg/detail/motor_status__builder.hpp\n'}
[104.743183] (base_interfaces_demo) StdoutLine: {'line': b'-- Installing: /home/cjs/VL53L8CX/VL53L8CX_ws/install/base_interfaces_demo/include/base_interfaces_demo/msg/detail/ohom__struct.hpp\n'}
[104.743476] (base_interfaces_demo) StdoutLine: {'line': b'-- Installing: /home/cjs/VL53L8CX/VL53L8CX_ws/install/base_interfaces_demo/include/base_interfaces_demo/msg/detail/bms_info__traits.hpp\n'}
[104.744121] (base_interfaces_demo) StdoutLine: {'line': b'-- Installing: /home/cjs/VL53L8CX/VL53L8CX_ws/install/base_interfaces_demo/include/base_interfaces_demo/msg/detail/movecontrol_info__traits.hpp\n'}
[104.744751] (base_interfaces_demo) StdoutLine: {'line': b'-- Installing: /home/cjs/VL53L8CX/VL53L8CX_ws/install/base_interfaces_demo/include/base_interfaces_demo/msg/detail/lift_control__struct.hpp\n'}
[104.744911] (base_interfaces_demo) StdoutLine: {'line': b'-- Installing: /home/cjs/VL53L8CX/VL53L8CX_ws/install/base_interfaces_demo/include/base_interfaces_demo/msg/detail/rcs_info__type_support.hpp\n'}
[104.745070] (base_interfaces_demo) StdoutLine: {'line': b'-- Installing: /home/cjs/VL53L8CX/VL53L8CX_ws/install/base_interfaces_demo/include/base_interfaces_demo/msg/detail/rcs_info__struct.hpp\n'}
[104.745224] (base_interfaces_demo) StdoutLine: {'line': b'-- Installing: /home/cjs/VL53L8CX/VL53L8CX_ws/install/base_interfaces_demo/include/base_interfaces_demo/msg/detail/hall_info__type_support.hpp\n'}
[104.745415] (base_interfaces_demo) StdoutLine: {'line': b'-- Installing: /home/cjs/VL53L8CX/VL53L8CX_ws/install/base_interfaces_demo/include/base_interfaces_demo/msg/detail/test__type_support.hpp\n'}
[104.745575] (base_interfaces_demo) StdoutLine: {'line': b'-- Installing: /home/cjs/VL53L8CX/VL53L8CX_ws/install/base_interfaces_demo/include/base_interfaces_demo/msg/detail/test__struct.hpp\n'}
[104.745794] (base_interfaces_demo) StdoutLine: {'line': b'-- Installing: /home/cjs/VL53L8CX/VL53L8CX_ws/install/base_interfaces_demo/include/base_interfaces_demo/msg/detail/lift_info__struct.hpp\n'}
[104.745967] (base_interfaces_demo) StdoutLine: {'line': b'-- Installing: /home/cjs/VL53L8CX/VL53L8CX_ws/install/base_interfaces_demo/include/base_interfaces_demo/msg/detail/hall_info__builder.hpp\n'}
[104.746120] (base_interfaces_demo) StdoutLine: {'line': b'-- Up-to-date: /home/cjs/VL53L8CX/VL53L8CX_ws/install/base_interfaces_demo/include/base_interfaces_demo/msg/detail/pub_code__traits.hpp\n'}
[104.746593] (base_interfaces_demo) StdoutLine: {'line': b'-- Installing: /home/cjs/VL53L8CX/VL53L8CX_ws/install/base_interfaces_demo/include/base_interfaces_demo/msg/detail/rcs_info__traits.hpp\n'}
[104.746757] (base_interfaces_demo) StdoutLine: {'line': b'-- Installing: /home/cjs/VL53L8CX/VL53L8CX_ws/install/base_interfaces_demo/include/base_interfaces_demo/msg/detail/manual__builder.hpp\n'}
[104.748703] (base_interfaces_demo) StdoutLine: {'line': b'-- Installing: /home/cjs/VL53L8CX/VL53L8CX_ws/install/base_interfaces_demo/include/base_interfaces_demo/msg/detail/movecontrol_info__builder.hpp\n'}
[104.761282] (base_interfaces_demo) StdoutLine: {'line': b'-- Installing: /home/cjs/VL53L8CX/VL53L8CX_ws/install/base_interfaces_demo/include/base_interfaces_demo/msg/detail/lift_control__traits.hpp\n'}
[104.761862] (base_interfaces_demo) StdoutLine: {'line': b'-- Installing: /home/cjs/VL53L8CX/VL53L8CX_ws/install/base_interfaces_demo/include/base_interfaces_demo/msg/detail/seek_cmd__struct.hpp\n'}
[104.762171] (base_interfaces_demo) StdoutLine: {'line': b'-- Installing: /home/cjs/VL53L8CX/VL53L8CX_ws/install/base_interfaces_demo/include/base_interfaces_demo/msg/detail/manual_seek_label__struct.hpp\n'}
[104.762513] (base_interfaces_demo) StdoutLine: {'line': b'-- Installing: /home/cjs/VL53L8CX/VL53L8CX_ws/install/base_interfaces_demo/include/base_interfaces_demo/msg/detail/location__type_support.hpp\n'}
[104.763477] (base_interfaces_demo) StdoutLine: {'line': b'-- Installing: /home/cjs/VL53L8CX/VL53L8CX_ws/install/base_interfaces_demo/include/base_interfaces_demo/msg/detail/manual_seek_label__type_support.hpp\n'}
[104.763725] (base_interfaces_demo) StdoutLine: {'line': b'-- Installing: /home/cjs/VL53L8CX/VL53L8CX_ws/install/base_interfaces_demo/include/base_interfaces_demo/msg/detail/charger_info__struct.hpp\n'}
[104.763882] (base_interfaces_demo) StdoutLine: {'line': b'-- Installing: /home/cjs/VL53L8CX/VL53L8CX_ws/install/base_interfaces_demo/include/base_interfaces_demo/msg/detail/test__builder.hpp\n'}
[104.764064] (base_interfaces_demo) StdoutLine: {'line': b'-- Installing: /home/cjs/VL53L8CX/VL53L8CX_ws/install/base_interfaces_demo/include/base_interfaces_demo/msg/detail/motor_status__traits.hpp\n'}
[104.765084] (base_interfaces_demo) StdoutLine: {'line': b'-- Installing: /home/cjs/VL53L8CX/VL53L8CX_ws/install/base_interfaces_demo/include/base_interfaces_demo/msg/detail/location__struct.hpp\n'}
[104.765578] (base_interfaces_demo) StdoutLine: {'line': b'-- Installing: /home/cjs/VL53L8CX/VL53L8CX_ws/install/base_interfaces_demo/include/base_interfaces_demo/msg/detail/seek_ret__struct.hpp\n'}
[104.765778] (base_interfaces_demo) StdoutLine: {'line': b'-- Installing: /home/cjs/VL53L8CX/VL53L8CX_ws/install/base_interfaces_demo/include/base_interfaces_demo/msg/detail/pallet_info__struct.hpp\n'}
[104.765935] (base_interfaces_demo) StdoutLine: {'line': b'-- Installing: /home/cjs/VL53L8CX/VL53L8CX_ws/install/base_interfaces_demo/include/base_interfaces_demo/msg/manual_seek_label.hpp\n'}
[104.766598] (base_interfaces_demo) StdoutLine: {'line': b'-- Installing: /home/cjs/VL53L8CX/VL53L8CX_ws/install/base_interfaces_demo/include/base_interfaces_demo/msg/motion_control.hpp\n'}
[104.767300] (base_interfaces_demo) StdoutLine: {'line': b'-- Installing: /home/cjs/VL53L8CX/VL53L8CX_ws/install/base_interfaces_demo/include/base_interfaces_demo/msg/lift_control.hpp\n'}
[104.768297] (base_interfaces_demo) StdoutLine: {'line': b'-- Installing: /home/cjs/VL53L8CX/VL53L8CX_ws/install/base_interfaces_demo/include/base_interfaces_demo/msg/motor_status.hpp\n'}
[104.768891] (base_interfaces_demo) StdoutLine: {'line': b'-- Installing: /home/cjs/VL53L8CX/VL53L8CX_ws/install/base_interfaces_demo/include/base_interfaces_demo/msg/hall_info.hpp\n'}
[104.769050] (base_interfaces_demo) StdoutLine: {'line': b'-- Installing: /home/cjs/VL53L8CX/VL53L8CX_ws/install/base_interfaces_demo/include/base_interfaces_demo/msg/charger_info.hpp\n'}
[104.771162] (base_interfaces_demo) StdoutLine: {'line': b'-- Installing: /home/cjs/VL53L8CX/VL53L8CX_ws/install/base_interfaces_demo/include/base_interfaces_demo/msg/movecontrol_info.hpp\n'}
[104.771346] (base_interfaces_demo) StdoutLine: {'line': b'-- Up-to-date: /home/cjs/VL53L8CX/VL53L8CX_ws/install/base_interfaces_demo/include/base_interfaces_demo/msg/rosidl_generator_cpp__visibility_control.hpp\n'}
[104.772073] (base_interfaces_demo) StdoutLine: {'line': b'-- Installing: /home/cjs/VL53L8CX/VL53L8CX_ws/install/base_interfaces_demo/include/base_interfaces_demo/msg/location.hpp\n'}
[104.772270] (base_interfaces_demo) StdoutLine: {'line': b'-- Installing: /home/cjs/VL53L8CX/VL53L8CX_ws/install/base_interfaces_demo/include/base_interfaces_demo/msg/file_updata.hpp\n'}
[104.772430] (base_interfaces_demo) StdoutLine: {'line': b'-- Installing: /home/cjs/VL53L8CX/VL53L8CX_ws/install/base_interfaces_demo/include/base_interfaces_demo/msg/seek_cmd.hpp\n'}
[104.772592] (base_interfaces_demo) StdoutLine: {'line': b'-- Installing: /home/cjs/VL53L8CX/VL53L8CX_ws/install/base_interfaces_demo/include/base_interfaces_demo/msg/health_node.hpp\n'}
[104.775207] (base_interfaces_demo) StdoutLine: {'line': b'-- Installing: /home/cjs/VL53L8CX/VL53L8CX_ws/install/base_interfaces_demo/include/base_interfaces_demo/msg/bt_status.hpp\n'}
[104.780460] (base_interfaces_demo) StdoutLine: {'line': b'-- Installing: /home/cjs/VL53L8CX/VL53L8CX_ws/install/base_interfaces_demo/include/base_interfaces_demo/msg/obs_laser.hpp\n'}
[104.780643] (base_interfaces_demo) StdoutLine: {'line': b'-- Installing: /home/cjs/VL53L8CX/VL53L8CX_ws/install/base_interfaces_demo/include/base_interfaces_demo/msg/system_status.hpp\n'}
[104.780789] (base_interfaces_demo) StdoutLine: {'line': b'-- Installing: /home/cjs/VL53L8CX/VL53L8CX_ws/install/base_interfaces_demo/include/base_interfaces_demo/msg/bms_info.hpp\n'}
[104.780916] (base_interfaces_demo) StdoutLine: {'line': b'-- Installing: /home/cjs/VL53L8CX/VL53L8CX_ws/install/base_interfaces_demo/include/base_interfaces_demo/msg/manual.hpp\n'}
[104.781037] (base_interfaces_demo) StdoutLine: {'line': b'-- Installing: /home/cjs/VL53L8CX/VL53L8CX_ws/install/base_interfaces_demo/include/base_interfaces_demo/msg/lift_info.hpp\n'}
[104.781155] (base_interfaces_demo) StdoutLine: {'line': b'-- Up-to-date: /home/cjs/VL53L8CX/VL53L8CX_ws/install/base_interfaces_demo/include/base_interfaces_demo\n'}
[104.781274] (base_interfaces_demo) StdoutLine: {'line': b'-- Up-to-date: /home/cjs/VL53L8CX/VL53L8CX_ws/install/base_interfaces_demo/include/base_interfaces_demo/action\n'}
[104.781391] (base_interfaces_demo) StdoutLine: {'line': b'-- Up-to-date: /home/cjs/VL53L8CX/VL53L8CX_ws/install/base_interfaces_demo/include/base_interfaces_demo/action/detail\n'}
[104.781510] (base_interfaces_demo) StdoutLine: {'line': b'-- Installing: /home/cjs/VL53L8CX/VL53L8CX_ws/install/base_interfaces_demo/include/base_interfaces_demo/action/detail/nav__rosidl_typesupport_introspection_cpp.hpp\n'}
[104.781629] (base_interfaces_demo) StdoutLine: {'line': b'-- Installing: /home/cjs/VL53L8CX/VL53L8CX_ws/install/base_interfaces_demo/include/base_interfaces_demo/action/detail/reverse__type_support.cpp\n'}
[104.781760] (base_interfaces_demo) StdoutLine: {'line': b'-- Installing: /home/cjs/VL53L8CX/VL53L8CX_ws/install/base_interfaces_demo/include/base_interfaces_demo/action/detail/reverse__rosidl_typesupport_introspection_cpp.hpp\n'}
[104.781997] (base_interfaces_demo) StdoutLine: {'line': b'-- Installing: /home/cjs/VL53L8CX/VL53L8CX_ws/install/base_interfaces_demo/include/base_interfaces_demo/action/detail/pallet__type_support.cpp\n'}
[104.782121] (base_interfaces_demo) StdoutLine: {'line': b'-- Installing: /home/cjs/VL53L8CX/VL53L8CX_ws/install/base_interfaces_demo/include/base_interfaces_demo/action/detail/pallet__rosidl_typesupport_introspection_cpp.hpp\n'}
[104.782240] (base_interfaces_demo) StdoutLine: {'line': b'-- Installing: /home/cjs/VL53L8CX/VL53L8CX_ws/install/base_interfaces_demo/include/base_interfaces_demo/action/detail/nav__type_support.cpp\n'}
[104.782360] (base_interfaces_demo) StdoutLine: {'line': b'-- Up-to-date: /home/cjs/VL53L8CX/VL53L8CX_ws/install/base_interfaces_demo/include/base_interfaces_demo/srv\n'}
[104.782477] (base_interfaces_demo) StdoutLine: {'line': b'-- Up-to-date: /home/cjs/VL53L8CX/VL53L8CX_ws/install/base_interfaces_demo/include/base_interfaces_demo/srv/detail\n'}
[104.782595] (base_interfaces_demo) StdoutLine: {'line': b'-- Installing: /home/cjs/VL53L8CX/VL53L8CX_ws/install/base_interfaces_demo/include/base_interfaces_demo/srv/detail/check_emergency__rosidl_typesupport_introspection_cpp.hpp\n'}
[104.782720] (base_interfaces_demo) StdoutLine: {'line': b'-- Installing: /home/cjs/VL53L8CX/VL53L8CX_ws/install/base_interfaces_demo/include/base_interfaces_demo/srv/detail/rcs_server__rosidl_typesupport_introspection_cpp.hpp\n'}
[104.787084] (base_interfaces_demo) StdoutLine: {'line': b'-- Up-to-date: /home/cjs/VL53L8CX/VL53L8CX_ws/install/base_interfaces_demo/include/base_interfaces_demo/srv/detail/pub_code__rosidl_typesupport_introspection_cpp.hpp\n'}
[104.787445] (base_interfaces_demo) StdoutLine: {'line': b'-- Installing: /home/cjs/VL53L8CX/VL53L8CX_ws/install/base_interfaces_demo/include/base_interfaces_demo/srv/detail/rcs_server__type_support.cpp\n'}
[104.793133] (base_interfaces_demo) StdoutLine: {'line': b'-- Installing: /home/cjs/VL53L8CX/VL53L8CX_ws/install/base_interfaces_demo/include/base_interfaces_demo/srv/detail/check_emergency__type_support.cpp\n'}
[104.793333] (base_interfaces_demo) StdoutLine: {'line': b'-- Installing: /home/cjs/VL53L8CX/VL53L8CX_ws/install/base_interfaces_demo/include/base_interfaces_demo/srv/detail/hall__rosidl_typesupport_introspection_cpp.hpp\n'}
[104.793486] (base_interfaces_demo) StdoutLine: {'line': b'-- Installing: /home/cjs/VL53L8CX/VL53L8CX_ws/install/base_interfaces_demo/include/base_interfaces_demo/srv/detail/hall__type_support.cpp\n'}
[104.793633] (base_interfaces_demo) StdoutLine: {'line': b'-- Installing: /home/cjs/VL53L8CX/VL53L8CX_ws/install/base_interfaces_demo/include/base_interfaces_demo/srv/detail/set_emergency__rosidl_typesupport_introspection_cpp.hpp\n'}
[104.793805] (base_interfaces_demo) StdoutLine: {'line': b'-- Up-to-date: /home/cjs/VL53L8CX/VL53L8CX_ws/install/base_interfaces_demo/include/base_interfaces_demo/srv/detail/pub_code__type_support.cpp\n'}
[104.794127] (base_interfaces_demo) StdoutLine: {'line': b'-- Installing: /home/cjs/VL53L8CX/VL53L8CX_ws/install/base_interfaces_demo/include/base_interfaces_demo/srv/detail/set_emergency__type_support.cpp\n'}
[104.794277] (base_interfaces_demo) StdoutLine: {'line': b'-- Up-to-date: /home/cjs/VL53L8CX/VL53L8CX_ws/install/base_interfaces_demo/include/base_interfaces_demo/msg\n'}
[104.794434] (base_interfaces_demo) StdoutLine: {'line': b'-- Up-to-date: /home/cjs/VL53L8CX/VL53L8CX_ws/install/base_interfaces_demo/include/base_interfaces_demo/msg/detail\n'}
[104.795560] (base_interfaces_demo) StdoutLine: {'line': b'-- Installing: /home/cjs/VL53L8CX/VL53L8CX_ws/install/base_interfaces_demo/include/base_interfaces_demo/msg/detail/lift_info__rosidl_typesupport_introspection_cpp.hpp\n'}
[104.795742] (base_interfaces_demo) StdoutLine: {'line': b'-- Installing: /home/cjs/VL53L8CX/VL53L8CX_ws/install/base_interfaces_demo/include/base_interfaces_demo/msg/detail/ohom__rosidl_typesupport_introspection_cpp.hpp\n'}
[104.796197] (base_interfaces_demo) StdoutLine: {'line': b'-- Installing: /home/cjs/VL53L8CX/VL53L8CX_ws/install/base_interfaces_demo/include/base_interfaces_demo/msg/detail/test__rosidl_typesupport_introspection_cpp.hpp\n'}
[104.796352] (base_interfaces_demo) StdoutLine: {'line': b'-- Installing: /home/cjs/VL53L8CX/VL53L8CX_ws/install/base_interfaces_demo/include/base_interfaces_demo/msg/detail/health_node__rosidl_typesupport_introspection_cpp.hpp\n'}
[104.796499] (base_interfaces_demo) StdoutLine: {'line': b'-- Installing: /home/cjs/VL53L8CX/VL53L8CX_ws/install/base_interfaces_demo/include/base_interfaces_demo/msg/detail/car_status__rosidl_typesupport_introspection_cpp.hpp\n'}
[104.796852] (base_interfaces_demo) StdoutLine: {'line': b'-- Installing: /home/cjs/VL53L8CX/VL53L8CX_ws/install/base_interfaces_demo/include/base_interfaces_demo/msg/detail/motor_cmd__rosidl_typesupport_introspection_cpp.hpp\n'}
[104.797000] (base_interfaces_demo) StdoutLine: {'line': b'-- Installing: /home/cjs/VL53L8CX/VL53L8CX_ws/install/base_interfaces_demo/include/base_interfaces_demo/msg/detail/location__type_support.cpp\n'}
[104.799138] (base_interfaces_demo) StdoutLine: {'line': b'-- Up-to-date: /home/cjs/VL53L8CX/VL53L8CX_ws/install/base_interfaces_demo/include/base_interfaces_demo/msg/detail/pub_code__rosidl_typesupport_introspection_cpp.hpp\n'}
[104.799818] (base_interfaces_demo) StdoutLine: {'line': b'-- Installing: /home/cjs/VL53L8CX/VL53L8CX_ws/install/base_interfaces_demo/include/base_interfaces_demo/msg/detail/rcs_info__type_support.cpp\n'}
[104.800815] (base_interfaces_demo) StdoutLine: {'line': b'-- Installing: /home/cjs/VL53L8CX/VL53L8CX_ws/install/base_interfaces_demo/include/base_interfaces_demo/msg/detail/health_node__type_support.cpp\n'}
[104.801803] (base_interfaces_demo) StdoutLine: {'line': b'-- Installing: /home/cjs/VL53L8CX/VL53L8CX_ws/install/base_interfaces_demo/include/base_interfaces_demo/msg/detail/motion_control__type_support.cpp\n'}
[104.802084] (base_interfaces_demo) StdoutLine: {'line': b'-- Installing: /home/cjs/VL53L8CX/VL53L8CX_ws/install/base_interfaces_demo/include/base_interfaces_demo/msg/detail/car_status__type_support.cpp\n'}
[104.803227] (base_interfaces_demo) StdoutLine: {'line': b'-- Installing: /home/cjs/VL53L8CX/VL53L8CX_ws/install/base_interfaces_demo/include/base_interfaces_demo/msg/detail/seek_ret__type_support.cpp\n'}
[104.803380] (base_interfaces_demo) StdoutLine: {'line': b'-- Installing: /home/cjs/VL53L8CX/VL53L8CX_ws/install/base_interfaces_demo/include/base_interfaces_demo/msg/detail/movecontrol_info__rosidl_typesupport_introspection_cpp.hpp\n'}
[104.803533] (base_interfaces_demo) StdoutLine: {'line': b'-- Installing: /home/cjs/VL53L8CX/VL53L8CX_ws/install/base_interfaces_demo/include/base_interfaces_demo/msg/detail/motion_control__rosidl_typesupport_introspection_cpp.hpp\n'}
[104.805302] (base_interfaces_demo) StdoutLine: {'line': b'-- Installing: /home/cjs/VL53L8CX/VL53L8CX_ws/install/base_interfaces_demo/include/base_interfaces_demo/msg/detail/manual__rosidl_typesupport_introspection_cpp.hpp\n'}
[104.805527] (base_interfaces_demo) StdoutLine: {'line': b'-- Installing: /home/cjs/VL53L8CX/VL53L8CX_ws/install/base_interfaces_demo/include/base_interfaces_demo/msg/detail/charger_info__type_support.cpp\n'}
[104.805905] (base_interfaces_demo) StdoutLine: {'line': b'-- Installing: /home/cjs/VL53L8CX/VL53L8CX_ws/install/base_interfaces_demo/include/base_interfaces_demo/msg/detail/color_info__rosidl_typesupport_introspection_cpp.hpp\n'}
[104.812855] (base_interfaces_demo) StdoutLine: {'line': b'-- Installing: /home/cjs/VL53L8CX/VL53L8CX_ws/install/base_interfaces_demo/include/base_interfaces_demo/msg/detail/seek_cmd__rosidl_typesupport_introspection_cpp.hpp\n'}
[104.813248] (base_interfaces_demo) StdoutLine: {'line': b'-- Installing: /home/cjs/VL53L8CX/VL53L8CX_ws/install/base_interfaces_demo/include/base_interfaces_demo/msg/detail/location__rosidl_typesupport_introspection_cpp.hpp\n'}
[104.813464] (base_interfaces_demo) StdoutLine: {'line': b'-- Installing: /home/cjs/VL53L8CX/VL53L8CX_ws/install/base_interfaces_demo/include/base_interfaces_demo/msg/detail/bt_status__type_support.cpp\n'}
[104.813645] (base_interfaces_demo) StdoutLine: {'line': b'-- Installing: /home/cjs/VL53L8CX/VL53L8CX_ws/install/base_interfaces_demo/include/base_interfaces_demo/msg/detail/manual_seek_label__type_support.cpp\n'}
[104.813820] (base_interfaces_demo) StdoutLine: {'line': b'-- Installing: /home/cjs/VL53L8CX/VL53L8CX_ws/install/base_interfaces_demo/include/base_interfaces_demo/msg/detail/manual__type_support.cpp\n'}
[104.813998] (base_interfaces_demo) StdoutLine: {'line': b'-- Installing: /home/cjs/VL53L8CX/VL53L8CX_ws/install/base_interfaces_demo/include/base_interfaces_demo/msg/detail/rcs_info__rosidl_typesupport_introspection_cpp.hpp\n'}
[104.814198] (base_interfaces_demo) StdoutLine: {'line': b'-- Installing: /home/cjs/VL53L8CX/VL53L8CX_ws/install/base_interfaces_demo/include/base_interfaces_demo/msg/detail/bms_info__type_support.cpp\n'}
[104.814355] (base_interfaces_demo) StdoutLine: {'line': b'-- Installing: /home/cjs/VL53L8CX/VL53L8CX_ws/install/base_interfaces_demo/include/base_interfaces_demo/msg/detail/system_status__type_support.cpp\n'}
[104.814512] (base_interfaces_demo) StdoutLine: {'line': b'-- Installing: /home/cjs/VL53L8CX/VL53L8CX_ws/install/base_interfaces_demo/include/base_interfaces_demo/msg/detail/bt_status__rosidl_typesupport_introspection_cpp.hpp\n'}
[104.814682] (base_interfaces_demo) StdoutLine: {'line': b'-- Installing: /home/cjs/VL53L8CX/VL53L8CX_ws/install/base_interfaces_demo/include/base_interfaces_demo/msg/detail/lift_info__type_support.cpp\n'}
[104.814848] (base_interfaces_demo) StdoutLine: {'line': b'-- Installing: /home/cjs/VL53L8CX/VL53L8CX_ws/install/base_interfaces_demo/include/base_interfaces_demo/msg/detail/manual_seek_label__rosidl_typesupport_introspection_cpp.hpp\n'}
[104.815015] (base_interfaces_demo) StdoutLine: {'line': b'-- Installing: /home/cjs/VL53L8CX/VL53L8CX_ws/install/base_interfaces_demo/include/base_interfaces_demo/msg/detail/lift_control__rosidl_typesupport_introspection_cpp.hpp\n'}
[104.815192] (base_interfaces_demo) StdoutLine: {'line': b'-- Installing: /home/cjs/VL53L8CX/VL53L8CX_ws/install/base_interfaces_demo/include/base_interfaces_demo/msg/detail/charger_info__rosidl_typesupport_introspection_cpp.hpp\n'}
[104.815380] (base_interfaces_demo) StdoutLine: {'line': b'-- Installing: /home/cjs/VL53L8CX/VL53L8CX_ws/install/base_interfaces_demo/include/base_interfaces_demo/msg/detail/obs_laser__rosidl_typesupport_introspection_cpp.hpp\n'}
[104.816273] (base_interfaces_demo) StdoutLine: {'line': b'-- Installing: /home/cjs/VL53L8CX/VL53L8CX_ws/install/base_interfaces_demo/include/base_interfaces_demo/msg/detail/seek_cmd__type_support.cpp\n'}
[104.816476] (base_interfaces_demo) StdoutLine: {'line': b'-- Installing: /home/cjs/VL53L8CX/VL53L8CX_ws/install/base_interfaces_demo/include/base_interfaces_demo/msg/detail/color_info__type_support.cpp\n'}
[104.816625] (base_interfaces_demo) StdoutLine: {'line': b'-- Installing: /home/cjs/VL53L8CX/VL53L8CX_ws/install/base_interfaces_demo/include/base_interfaces_demo/msg/detail/pallet_info__rosidl_typesupport_introspection_cpp.hpp\n'}
[104.816775] (base_interfaces_demo) StdoutLine: {'line': b'-- Installing: /home/cjs/VL53L8CX/VL53L8CX_ws/install/base_interfaces_demo/include/base_interfaces_demo/msg/detail/file_updata__rosidl_typesupport_introspection_cpp.hpp\n'}
[104.816941] (base_interfaces_demo) StdoutLine: {'line': b'-- Installing: /home/cjs/VL53L8CX/VL53L8CX_ws/install/base_interfaces_demo/include/base_interfaces_demo/msg/detail/motor_cmd__type_support.cpp\n'}
[104.817101] (base_interfaces_demo) StdoutLine: {'line': b'-- Installing: /home/cjs/VL53L8CX/VL53L8CX_ws/install/base_interfaces_demo/include/base_interfaces_demo/msg/detail/motor_status__type_support.cpp\n'}
[104.817254] (base_interfaces_demo) StdoutLine: {'line': b'-- Installing: /home/cjs/VL53L8CX/VL53L8CX_ws/install/base_interfaces_demo/include/base_interfaces_demo/msg/detail/file_updata__type_support.cpp\n'}
[104.817398] (base_interfaces_demo) StdoutLine: {'line': b'-- Installing: /home/cjs/VL53L8CX/VL53L8CX_ws/install/base_interfaces_demo/include/base_interfaces_demo/msg/detail/ohom__type_support.cpp\n'}
[104.817543] (base_interfaces_demo) StdoutLine: {'line': b'-- Up-to-date: /home/cjs/VL53L8CX/VL53L8CX_ws/install/base_interfaces_demo/include/base_interfaces_demo/msg/detail/pub_code__type_support.cpp\n'}
[104.817689] (base_interfaces_demo) StdoutLine: {'line': b'-- Installing: /home/cjs/VL53L8CX/VL53L8CX_ws/install/base_interfaces_demo/include/base_interfaces_demo/msg/detail/lift_control__type_support.cpp\n'}
[104.817840] (base_interfaces_demo) StdoutLine: {'line': b'-- Installing: /home/cjs/VL53L8CX/VL53L8CX_ws/install/base_interfaces_demo/include/base_interfaces_demo/msg/detail/bms_info__rosidl_typesupport_introspection_cpp.hpp\n'}
[104.817987] (base_interfaces_demo) StdoutLine: {'line': b'-- Installing: /home/cjs/VL53L8CX/VL53L8CX_ws/install/base_interfaces_demo/include/base_interfaces_demo/msg/detail/seek_ret__rosidl_typesupport_introspection_cpp.hpp\n'}
[104.818132] (base_interfaces_demo) StdoutLine: {'line': b'-- Installing: /home/cjs/VL53L8CX/VL53L8CX_ws/install/base_interfaces_demo/include/base_interfaces_demo/msg/detail/system_status__rosidl_typesupport_introspection_cpp.hpp\n'}
[104.818279] (base_interfaces_demo) StdoutLine: {'line': b'-- Installing: /home/cjs/VL53L8CX/VL53L8CX_ws/install/base_interfaces_demo/include/base_interfaces_demo/msg/detail/hall_info__rosidl_typesupport_introspection_cpp.hpp\n'}
[104.818424] (base_interfaces_demo) StdoutLine: {'line': b'-- Installing: /home/cjs/VL53L8CX/VL53L8CX_ws/install/base_interfaces_demo/include/base_interfaces_demo/msg/detail/movecontrol_info__type_support.cpp\n'}
[104.818569] (base_interfaces_demo) StdoutLine: {'line': b'-- Installing: /home/cjs/VL53L8CX/VL53L8CX_ws/install/base_interfaces_demo/include/base_interfaces_demo/msg/detail/motor_status__rosidl_typesupport_introspection_cpp.hpp\n'}
[104.818720] (base_interfaces_demo) StdoutLine: {'line': b'-- Installing: /home/cjs/VL53L8CX/VL53L8CX_ws/install/base_interfaces_demo/include/base_interfaces_demo/msg/detail/pallet_info__type_support.cpp\n'}
[104.818877] (base_interfaces_demo) StdoutLine: {'line': b'-- Installing: /home/cjs/VL53L8CX/VL53L8CX_ws/install/base_interfaces_demo/include/base_interfaces_demo/msg/detail/test__type_support.cpp\n'}
[104.819069] (base_interfaces_demo) StdoutLine: {'line': b'-- Installing: /home/cjs/VL53L8CX/VL53L8CX_ws/install/base_interfaces_demo/include/base_interfaces_demo/msg/detail/obs_laser__type_support.cpp\n'}
[104.819214] (base_interfaces_demo) StdoutLine: {'line': b'-- Installing: /home/cjs/VL53L8CX/VL53L8CX_ws/install/base_interfaces_demo/include/base_interfaces_demo/msg/detail/hall_info__type_support.cpp\n'}
[104.823808] (base_interfaces_demo) StdoutLine: {'line': b'-- Installing: /home/cjs/VL53L8CX/VL53L8CX_ws/install/base_interfaces_demo/lib/libbase_interfaces_demo__rosidl_typesupport_introspection_cpp.so\n'}
[104.829775] (base_interfaces_demo) StdoutLine: {'line': b'-- Set runtime path of "/home/cjs/VL53L8CX/VL53L8CX_ws/install/base_interfaces_demo/lib/libbase_interfaces_demo__rosidl_typesupport_introspection_cpp.so" to ""\n'}
[104.834229] (base_interfaces_demo) StdoutLine: {'line': b'-- Installing: /home/cjs/VL53L8CX/VL53L8CX_ws/install/base_interfaces_demo/lib/libbase_interfaces_demo__rosidl_typesupport_cpp.so\n'}
[104.838112] (-) TimerEvent: {}
[104.838797] (base_interfaces_demo) StdoutLine: {'line': b'-- Set runtime path of "/home/cjs/VL53L8CX/VL53L8CX_ws/install/base_interfaces_demo/lib/libbase_interfaces_demo__rosidl_typesupport_cpp.so" to ""\n'}
[104.839350] (base_interfaces_demo) StdoutLine: {'line': b'-- Up-to-date: /home/cjs/VL53L8CX/VL53L8CX_ws/install/base_interfaces_demo/share/base_interfaces_demo/environment/pythonpath.sh\n'}
[104.839783] (base_interfaces_demo) StdoutLine: {'line': b'-- Installing: /home/cjs/VL53L8CX/VL53L8CX_ws/install/base_interfaces_demo/share/base_interfaces_demo/environment/pythonpath.dsv\n'}
[104.841148] (base_interfaces_demo) StdoutLine: {'line': b'-- Installing: /home/cjs/VL53L8CX/VL53L8CX_ws/install/base_interfaces_demo/lib/python3.8/site-packages/base_interfaces_demo/__init__.py\n'}
[104.939721] (-) TimerEvent: {}
[104.944928] (base_interfaces_demo) StdoutLine: {'line': b"Compiling '/home/cjs/VL53L8CX/VL53L8CX_ws/install/base_interfaces_demo/lib/python3.8/site-packages/base_interfaces_demo/__init__.py'...\n"}
[104.955502] (base_interfaces_demo) StdoutLine: {'line': b'-- Up-to-date: /home/cjs/VL53L8CX/VL53L8CX_ws/install/base_interfaces_demo/lib/python3.8/site-packages/base_interfaces_demo/action\n'}
[104.955992] (base_interfaces_demo) StdoutLine: {'line': b'-- Installing: /home/cjs/VL53L8CX/VL53L8CX_ws/install/base_interfaces_demo/lib/python3.8/site-packages/base_interfaces_demo/action/_reverse_s.c\n'}
[104.956592] (base_interfaces_demo) StdoutLine: {'line': b'-- Installing: /home/cjs/VL53L8CX/VL53L8CX_ws/install/base_interfaces_demo/lib/python3.8/site-packages/base_interfaces_demo/action/_nav_s.c\n'}
[104.961247] (base_interfaces_demo) StdoutLine: {'line': b'-- Installing: /home/cjs/VL53L8CX/VL53L8CX_ws/install/base_interfaces_demo/lib/python3.8/site-packages/base_interfaces_demo/action/_reverse.py\n'}
[104.961546] (base_interfaces_demo) StdoutLine: {'line': b'-- Installing: /home/cjs/VL53L8CX/VL53L8CX_ws/install/base_interfaces_demo/lib/python3.8/site-packages/base_interfaces_demo/action/_nav.py\n'}
[104.961758] (base_interfaces_demo) StdoutLine: {'line': b'-- Installing: /home/cjs/VL53L8CX/VL53L8CX_ws/install/base_interfaces_demo/lib/python3.8/site-packages/base_interfaces_demo/action/_pallet.py\n'}
[104.961920] (base_interfaces_demo) StdoutLine: {'line': b'-- Installing: /home/cjs/VL53L8CX/VL53L8CX_ws/install/base_interfaces_demo/lib/python3.8/site-packages/base_interfaces_demo/action/_pallet_s.c\n'}
[104.962716] (base_interfaces_demo) StdoutLine: {'line': b'-- Installing: /home/cjs/VL53L8CX/VL53L8CX_ws/install/base_interfaces_demo/lib/python3.8/site-packages/base_interfaces_demo/action/__init__.py\n'}
[104.964227] (base_interfaces_demo) StdoutLine: {'line': b'-- Up-to-date: /home/cjs/VL53L8CX/VL53L8CX_ws/install/base_interfaces_demo/lib/python3.8/site-packages/base_interfaces_demo/msg\n'}
[104.965156] (base_interfaces_demo) StdoutLine: {'line': b'-- Installing: /home/cjs/VL53L8CX/VL53L8CX_ws/install/base_interfaces_demo/lib/python3.8/site-packages/base_interfaces_demo/msg/_hall_info_s.c\n'}
[104.967209] (base_interfaces_demo) StdoutLine: {'line': b'-- Installing: /home/cjs/VL53L8CX/VL53L8CX_ws/install/base_interfaces_demo/lib/python3.8/site-packages/base_interfaces_demo/msg/_health_node.py\n'}
[104.969060] (base_interfaces_demo) StdoutLine: {'line': b'-- Installing: /home/cjs/VL53L8CX/VL53L8CX_ws/install/base_interfaces_demo/lib/python3.8/site-packages/base_interfaces_demo/msg/_car_status_s.c\n'}
[104.970260] (base_interfaces_demo) StdoutLine: {'line': b'-- Installing: /home/cjs/VL53L8CX/VL53L8CX_ws/install/base_interfaces_demo/lib/python3.8/site-packages/base_interfaces_demo/msg/_health_node_s.c\n'}
[104.971420] (base_interfaces_demo) StdoutLine: {'line': b'-- Installing: /home/cjs/VL53L8CX/VL53L8CX_ws/install/base_interfaces_demo/lib/python3.8/site-packages/base_interfaces_demo/msg/_color_info.py\n'}
[104.972261] (base_interfaces_demo) StdoutLine: {'line': b'-- Installing: /home/cjs/VL53L8CX/VL53L8CX_ws/install/base_interfaces_demo/lib/python3.8/site-packages/base_interfaces_demo/msg/_lift_info_s.c\n'}
[104.973733] (base_interfaces_demo) StdoutLine: {'line': b'-- Installing: /home/cjs/VL53L8CX/VL53L8CX_ws/install/base_interfaces_demo/lib/python3.8/site-packages/base_interfaces_demo/msg/_motor_status.py\n'}
[104.974686] (base_interfaces_demo) StdoutLine: {'line': b'-- Installing: /home/cjs/VL53L8CX/VL53L8CX_ws/install/base_interfaces_demo/lib/python3.8/site-packages/base_interfaces_demo/msg/_pallet_info.py\n'}
[104.975465] (base_interfaces_demo) StdoutLine: {'line': b'-- Installing: /home/cjs/VL53L8CX/VL53L8CX_ws/install/base_interfaces_demo/lib/python3.8/site-packages/base_interfaces_demo/msg/_obs_laser.py\n'}
[104.976763] (base_interfaces_demo) StdoutLine: {'line': b'-- Installing: /home/cjs/VL53L8CX/VL53L8CX_ws/install/base_interfaces_demo/lib/python3.8/site-packages/base_interfaces_demo/msg/_movecontrol_info.py\n'}
[104.977304] (base_interfaces_demo) StdoutLine: {'line': b'-- Installing: /home/cjs/VL53L8CX/VL53L8CX_ws/install/base_interfaces_demo/lib/python3.8/site-packages/base_interfaces_demo/msg/_seek_ret_s.c\n'}
[104.977995] (base_interfaces_demo) StdoutLine: {'line': b'-- Installing: /home/cjs/VL53L8CX/VL53L8CX_ws/install/base_interfaces_demo/lib/python3.8/site-packages/base_interfaces_demo/msg/_seek_cmd_s.c\n'}
[104.978682] (base_interfaces_demo) StdoutLine: {'line': b'-- Installing: /home/cjs/VL53L8CX/VL53L8CX_ws/install/base_interfaces_demo/lib/python3.8/site-packages/base_interfaces_demo/msg/_file_updata_s.c\n'}
[104.979362] (base_interfaces_demo) StdoutLine: {'line': b'-- Installing: /home/cjs/VL53L8CX/VL53L8CX_ws/install/base_interfaces_demo/lib/python3.8/site-packages/base_interfaces_demo/msg/_manual_seek_label.py\n'}
[104.980202] (base_interfaces_demo) StdoutLine: {'line': b'-- Installing: /home/cjs/VL53L8CX/VL53L8CX_ws/install/base_interfaces_demo/lib/python3.8/site-packages/base_interfaces_demo/msg/_motor_cmd_s.c\n'}
[104.980959] (base_interfaces_demo) StdoutLine: {'line': b'-- Installing: /home/cjs/VL53L8CX/VL53L8CX_ws/install/base_interfaces_demo/lib/python3.8/site-packages/base_interfaces_demo/msg/_ohom.py\n'}
[104.981674] (base_interfaces_demo) StdoutLine: {'line': b'-- Installing: /home/cjs/VL53L8CX/VL53L8CX_ws/install/base_interfaces_demo/lib/python3.8/site-packages/base_interfaces_demo/msg/_obs_laser_s.c\n'}
[104.982341] (base_interfaces_demo) StdoutLine: {'line': b'-- Installing: /home/cjs/VL53L8CX/VL53L8CX_ws/install/base_interfaces_demo/lib/python3.8/site-packages/base_interfaces_demo/msg/_charger_info_s.c\n'}
[104.983915] (base_interfaces_demo) StdoutLine: {'line': b'-- Up-to-date: /home/cjs/VL53L8CX/VL53L8CX_ws/install/base_interfaces_demo/lib/python3.8/site-packages/base_interfaces_demo/msg/_pub_code_s.c\n'}
[104.984058] (base_interfaces_demo) StdoutLine: {'line': b'-- Installing: /home/cjs/VL53L8CX/VL53L8CX_ws/install/base_interfaces_demo/lib/python3.8/site-packages/base_interfaces_demo/msg/_seek_cmd.py\n'}
[104.984178] (base_interfaces_demo) StdoutLine: {'line': b'-- Installing: /home/cjs/VL53L8CX/VL53L8CX_ws/install/base_interfaces_demo/lib/python3.8/site-packages/base_interfaces_demo/msg/_system_status.py\n'}
[104.984300] (base_interfaces_demo) StdoutLine: {'line': b'-- Installing: /home/cjs/VL53L8CX/VL53L8CX_ws/install/base_interfaces_demo/lib/python3.8/site-packages/base_interfaces_demo/msg/_manual.py\n'}
[104.985476] (base_interfaces_demo) StdoutLine: {'line': b'-- Installing: /home/cjs/VL53L8CX/VL53L8CX_ws/install/base_interfaces_demo/lib/python3.8/site-packages/base_interfaces_demo/msg/_movecontrol_info_s.c\n'}
[104.986410] (base_interfaces_demo) StdoutLine: {'line': b'-- Up-to-date: /home/cjs/VL53L8CX/VL53L8CX_ws/install/base_interfaces_demo/lib/python3.8/site-packages/base_interfaces_demo/msg/_pub_code.py\n'}
[104.986601] (base_interfaces_demo) StdoutLine: {'line': b'-- Installing: /home/cjs/VL53L8CX/VL53L8CX_ws/install/base_interfaces_demo/lib/python3.8/site-packages/base_interfaces_demo/msg/_charger_info.py\n'}
[104.987568] (base_interfaces_demo) StdoutLine: {'line': b'-- Installing: /home/cjs/VL53L8CX/VL53L8CX_ws/install/base_interfaces_demo/lib/python3.8/site-packages/base_interfaces_demo/msg/_lift_control_s.c\n'}
[104.988798] (base_interfaces_demo) StdoutLine: {'line': b'-- Installing: /home/cjs/VL53L8CX/VL53L8CX_ws/install/base_interfaces_demo/lib/python3.8/site-packages/base_interfaces_demo/msg/_manual_s.c\n'}
[104.989884] (base_interfaces_demo) StdoutLine: {'line': b'-- Installing: /home/cjs/VL53L8CX/VL53L8CX_ws/install/base_interfaces_demo/lib/python3.8/site-packages/base_interfaces_demo/msg/_bt_status.py\n'}
[104.990665] (base_interfaces_demo) StdoutLine: {'line': b'-- Installing: /home/cjs/VL53L8CX/VL53L8CX_ws/install/base_interfaces_demo/lib/python3.8/site-packages/base_interfaces_demo/msg/_motion_control_s.c\n'}
[104.991446] (base_interfaces_demo) StdoutLine: {'line': b'-- Installing: /home/cjs/VL53L8CX/VL53L8CX_ws/install/base_interfaces_demo/lib/python3.8/site-packages/base_interfaces_demo/msg/_manual_seek_label_s.c\n'}
[104.992149] (base_interfaces_demo) StdoutLine: {'line': b'-- Installing: /home/cjs/VL53L8CX/VL53L8CX_ws/install/base_interfaces_demo/lib/python3.8/site-packages/base_interfaces_demo/msg/_hall_info.py\n'}
[104.993104] (base_interfaces_demo) StdoutLine: {'line': b'-- Installing: /home/cjs/VL53L8CX/VL53L8CX_ws/install/base_interfaces_demo/lib/python3.8/site-packages/base_interfaces_demo/msg/_location_s.c\n'}
[104.993897] (base_interfaces_demo) StdoutLine: {'line': b'-- Installing: /home/cjs/VL53L8CX/VL53L8CX_ws/install/base_interfaces_demo/lib/python3.8/site-packages/base_interfaces_demo/msg/_seek_ret.py\n'}
[104.994665] (base_interfaces_demo) StdoutLine: {'line': b'-- Installing: /home/cjs/VL53L8CX/VL53L8CX_ws/install/base_interfaces_demo/lib/python3.8/site-packages/base_interfaces_demo/msg/_ohom_s.c\n'}
[104.995400] (base_interfaces_demo) StdoutLine: {'line': b'-- Installing: /home/cjs/VL53L8CX/VL53L8CX_ws/install/base_interfaces_demo/lib/python3.8/site-packages/base_interfaces_demo/msg/_car_status.py\n'}
[104.996138] (base_interfaces_demo) StdoutLine: {'line': b'-- Installing: /home/cjs/VL53L8CX/VL53L8CX_ws/install/base_interfaces_demo/lib/python3.8/site-packages/base_interfaces_demo/msg/_lift_control.py\n'}
[104.997112] (base_interfaces_demo) StdoutLine: {'line': b'-- Installing: /home/cjs/VL53L8CX/VL53L8CX_ws/install/base_interfaces_demo/lib/python3.8/site-packages/base_interfaces_demo/msg/_bt_status_s.c\n'}
[104.997848] (base_interfaces_demo) StdoutLine: {'line': b'-- Installing: /home/cjs/VL53L8CX/VL53L8CX_ws/install/base_interfaces_demo/lib/python3.8/site-packages/base_interfaces_demo/msg/_motion_control.py\n'}
[104.998596] (base_interfaces_demo) StdoutLine: {'line': b'-- Installing: /home/cjs/VL53L8CX/VL53L8CX_ws/install/base_interfaces_demo/lib/python3.8/site-packages/base_interfaces_demo/msg/_test.py\n'}
[104.999542] (base_interfaces_demo) StdoutLine: {'line': b'-- Installing: /home/cjs/VL53L8CX/VL53L8CX_ws/install/base_interfaces_demo/lib/python3.8/site-packages/base_interfaces_demo/msg/_rcs_info_s.c\n'}
[105.000331] (base_interfaces_demo) StdoutLine: {'line': b'-- Installing: /home/cjs/VL53L8CX/VL53L8CX_ws/install/base_interfaces_demo/lib/python3.8/site-packages/base_interfaces_demo/msg/_system_status_s.c\n'}
[105.001597] (base_interfaces_demo) StdoutLine: {'line': b'-- Installing: /home/cjs/VL53L8CX/VL53L8CX_ws/install/base_interfaces_demo/lib/python3.8/site-packages/base_interfaces_demo/msg/_location.py\n'}
[105.002280] (base_interfaces_demo) StdoutLine: {'line': b'-- Installing: /home/cjs/VL53L8CX/VL53L8CX_ws/install/base_interfaces_demo/lib/python3.8/site-packages/base_interfaces_demo/msg/_motor_cmd.py\n'}
[105.003309] (base_interfaces_demo) StdoutLine: {'line': b'-- Installing: /home/cjs/VL53L8CX/VL53L8CX_ws/install/base_interfaces_demo/lib/python3.8/site-packages/base_interfaces_demo/msg/_color_info_s.c\n'}
[105.004548] (base_interfaces_demo) StdoutLine: {'line': b'-- Installing: /home/cjs/VL53L8CX/VL53L8CX_ws/install/base_interfaces_demo/lib/python3.8/site-packages/base_interfaces_demo/msg/_motor_status_s.c\n'}
[105.005479] (base_interfaces_demo) StdoutLine: {'line': b'-- Installing: /home/cjs/VL53L8CX/VL53L8CX_ws/install/base_interfaces_demo/lib/python3.8/site-packages/base_interfaces_demo/msg/_rcs_info.py\n'}
[105.006424] (base_interfaces_demo) StdoutLine: {'line': b'-- Installing: /home/cjs/VL53L8CX/VL53L8CX_ws/install/base_interfaces_demo/lib/python3.8/site-packages/base_interfaces_demo/msg/_file_updata.py\n'}
[105.007991] (base_interfaces_demo) StdoutLine: {'line': b'-- Installing: /home/cjs/VL53L8CX/VL53L8CX_ws/install/base_interfaces_demo/lib/python3.8/site-packages/base_interfaces_demo/msg/_lift_info.py\n'}
[105.009718] (base_interfaces_demo) StdoutLine: {'line': b'-- Installing: /home/cjs/VL53L8CX/VL53L8CX_ws/install/base_interfaces_demo/lib/python3.8/site-packages/base_interfaces_demo/msg/_bms_info_s.c\n'}
[105.011027] (base_interfaces_demo) StdoutLine: {'line': b'-- Installing: /home/cjs/VL53L8CX/VL53L8CX_ws/install/base_interfaces_demo/lib/python3.8/site-packages/base_interfaces_demo/msg/_pallet_info_s.c\n'}
[105.012145] (base_interfaces_demo) StdoutLine: {'line': b'-- Installing: /home/cjs/VL53L8CX/VL53L8CX_ws/install/base_interfaces_demo/lib/python3.8/site-packages/base_interfaces_demo/msg/__init__.py\n'}
[105.013203] (base_interfaces_demo) StdoutLine: {'line': b'-- Installing: /home/cjs/VL53L8CX/VL53L8CX_ws/install/base_interfaces_demo/lib/python3.8/site-packages/base_interfaces_demo/msg/_bms_info.py\n'}
[105.014298] (base_interfaces_demo) StdoutLine: {'line': b'-- Installing: /home/cjs/VL53L8CX/VL53L8CX_ws/install/base_interfaces_demo/lib/python3.8/site-packages/base_interfaces_demo/msg/_test_s.c\n'}
[105.015550] (base_interfaces_demo) StdoutLine: {'line': b'-- Up-to-date: /home/cjs/VL53L8CX/VL53L8CX_ws/install/base_interfaces_demo/lib/python3.8/site-packages/base_interfaces_demo/srv\n'}
[105.016183] (base_interfaces_demo) StdoutLine: {'line': b'-- Installing: /home/cjs/VL53L8CX/VL53L8CX_ws/install/base_interfaces_demo/lib/python3.8/site-packages/base_interfaces_demo/srv/_hall.py\n'}
[105.017799] (base_interfaces_demo) StdoutLine: {'line': b'-- Installing: /home/cjs/VL53L8CX/VL53L8CX_ws/install/base_interfaces_demo/lib/python3.8/site-packages/base_interfaces_demo/srv/_hall_s.c\n'}
[105.018855] (base_interfaces_demo) StdoutLine: {'line': b'-- Installing: /home/cjs/VL53L8CX/VL53L8CX_ws/install/base_interfaces_demo/lib/python3.8/site-packages/base_interfaces_demo/srv/_check_emergency.py\n'}
[105.019767] (base_interfaces_demo) StdoutLine: {'line': b'-- Installing: /home/cjs/VL53L8CX/VL53L8CX_ws/install/base_interfaces_demo/lib/python3.8/site-packages/base_interfaces_demo/srv/_set_emergency_s.c\n'}
[105.020918] (base_interfaces_demo) StdoutLine: {'line': b'-- Installing: /home/cjs/VL53L8CX/VL53L8CX_ws/install/base_interfaces_demo/lib/python3.8/site-packages/base_interfaces_demo/srv/_rcs_server_s.c\n'}
[105.021813] (base_interfaces_demo) StdoutLine: {'line': b'-- Up-to-date: /home/cjs/VL53L8CX/VL53L8CX_ws/install/base_interfaces_demo/lib/python3.8/site-packages/base_interfaces_demo/srv/_pub_code_s.c\n'}
[105.022334] (base_interfaces_demo) StdoutLine: {'line': b'-- Installing: /home/cjs/VL53L8CX/VL53L8CX_ws/install/base_interfaces_demo/lib/python3.8/site-packages/base_interfaces_demo/srv/_set_emergency.py\n'}
[105.024180] (base_interfaces_demo) StdoutLine: {'line': b'-- Installing: /home/cjs/VL53L8CX/VL53L8CX_ws/install/base_interfaces_demo/lib/python3.8/site-packages/base_interfaces_demo/srv/_check_emergency_s.c\n'}
[105.024339] (base_interfaces_demo) StdoutLine: {'line': b'-- Installing: /home/cjs/VL53L8CX/VL53L8CX_ws/install/base_interfaces_demo/lib/python3.8/site-packages/base_interfaces_demo/srv/_rcs_server.py\n'}
[105.024659] (base_interfaces_demo) StdoutLine: {'line': b'-- Up-to-date: /home/cjs/VL53L8CX/VL53L8CX_ws/install/base_interfaces_demo/lib/python3.8/site-packages/base_interfaces_demo/srv/_pub_code.py\n'}
[105.025199] (base_interfaces_demo) StdoutLine: {'line': b'-- Installing: /home/cjs/VL53L8CX/VL53L8CX_ws/install/base_interfaces_demo/lib/python3.8/site-packages/base_interfaces_demo/srv/__init__.py\n'}
[105.033639] (base_interfaces_demo) StdoutLine: {'line': b'-- Installing: /home/cjs/VL53L8CX/VL53L8CX_ws/install/base_interfaces_demo/lib/python3.8/site-packages/base_interfaces_demo/base_interfaces_demo_s__rosidl_typesupport_fastrtps_c.cpython-38-x86_64-linux-gnu.so\n'}
[105.039910] (base_interfaces_demo) StdoutLine: {'line': b'-- Set runtime path of "/home/cjs/VL53L8CX/VL53L8CX_ws/install/base_interfaces_demo/lib/python3.8/site-packages/base_interfaces_demo/base_interfaces_demo_s__rosidl_typesupport_fastrtps_c.cpython-38-x86_64-linux-gnu.so" to ""\n'}
[105.041001] (-) TimerEvent: {}
[105.047154] (base_interfaces_demo) StdoutLine: {'line': b'-- Installing: /home/cjs/VL53L8CX/VL53L8CX_ws/install/base_interfaces_demo/lib/python3.8/site-packages/base_interfaces_demo/base_interfaces_demo_s__rosidl_typesupport_introspection_c.cpython-38-x86_64-linux-gnu.so\n'}
[105.056710] (base_interfaces_demo) StdoutLine: {'line': b'-- Set runtime path of "/home/cjs/VL53L8CX/VL53L8CX_ws/install/base_interfaces_demo/lib/python3.8/site-packages/base_interfaces_demo/base_interfaces_demo_s__rosidl_typesupport_introspection_c.cpython-38-x86_64-linux-gnu.so" to ""\n'}
[105.061068] (base_interfaces_demo) StdoutLine: {'line': b'-- Installing: /home/cjs/VL53L8CX/VL53L8CX_ws/install/base_interfaces_demo/lib/python3.8/site-packages/base_interfaces_demo/base_interfaces_demo_s__rosidl_typesupport_c.cpython-38-x86_64-linux-gnu.so\n'}
[105.066835] (base_interfaces_demo) StdoutLine: {'line': b'-- Set runtime path of "/home/cjs/VL53L8CX/VL53L8CX_ws/install/base_interfaces_demo/lib/python3.8/site-packages/base_interfaces_demo/base_interfaces_demo_s__rosidl_typesupport_c.cpython-38-x86_64-linux-gnu.so" to ""\n'}
[105.080208] (base_interfaces_demo) StdoutLine: {'line': b'-- Installing: /home/cjs/VL53L8CX/VL53L8CX_ws/install/base_interfaces_demo/lib/libbase_interfaces_demo__python.so\n'}
[105.080521] (base_interfaces_demo) StdoutLine: {'line': b'-- Set runtime path of "/home/cjs/VL53L8CX/VL53L8CX_ws/install/base_interfaces_demo/lib/libbase_interfaces_demo__python.so" to ""\n'}
[105.080704] (base_interfaces_demo) StdoutLine: {'line': b'-- Up-to-date: /home/cjs/VL53L8CX/VL53L8CX_ws/install/base_interfaces_demo/share/base_interfaces_demo/action/Nav.idl\n'}
[105.080861] (base_interfaces_demo) StdoutLine: {'line': b'-- Up-to-date: /home/cjs/VL53L8CX/VL53L8CX_ws/install/base_interfaces_demo/share/base_interfaces_demo/msg/Ohom.idl\n'}
[105.081047] (base_interfaces_demo) StdoutLine: {'line': b'-- Up-to-date: /home/cjs/VL53L8CX/VL53L8CX_ws/install/base_interfaces_demo/share/base_interfaces_demo/msg/HallInfo.idl\n'}
[105.081545] (base_interfaces_demo) StdoutLine: {'line': b'-- Installing: /home/cjs/VL53L8CX/VL53L8CX_ws/install/base_interfaces_demo/share/base_interfaces_demo/msg/Location.idl\n'}
[105.082652] (base_interfaces_demo) StdoutLine: {'line': b'-- Up-to-date: /home/cjs/VL53L8CX/VL53L8CX_ws/install/base_interfaces_demo/share/base_interfaces_demo/msg/MotorCmd.idl\n'}
[105.083464] (base_interfaces_demo) StdoutLine: {'line': b'-- Installing: /home/cjs/VL53L8CX/VL53L8CX_ws/install/base_interfaces_demo/share/base_interfaces_demo/msg/MotorStatus.idl\n'}
[105.084821] (base_interfaces_demo) StdoutLine: {'line': b'-- Up-to-date: /home/cjs/VL53L8CX/VL53L8CX_ws/install/base_interfaces_demo/share/base_interfaces_demo/msg/Manual.idl\n'}
[105.085456] (base_interfaces_demo) StdoutLine: {'line': b'-- Up-to-date: /home/cjs/VL53L8CX/VL53L8CX_ws/install/base_interfaces_demo/share/base_interfaces_demo/msg/Test.idl\n'}
[105.086291] (base_interfaces_demo) StdoutLine: {'line': b'-- Installing: /home/cjs/VL53L8CX/VL53L8CX_ws/install/base_interfaces_demo/share/base_interfaces_demo/srv/Hall.idl\n'}
[105.087036] (base_interfaces_demo) StdoutLine: {'line': b'-- Up-to-date: /home/cjs/VL53L8CX/VL53L8CX_ws/install/base_interfaces_demo/share/base_interfaces_demo/msg/BmsInfo.idl\n'}
[105.088255] (base_interfaces_demo) StdoutLine: {'line': b'-- Up-to-date: /home/cjs/VL53L8CX/VL53L8CX_ws/install/base_interfaces_demo/share/base_interfaces_demo/msg/ChargerInfo.idl\n'}
[105.088972] (base_interfaces_demo) StdoutLine: {'line': b'-- Up-to-date: /home/cjs/VL53L8CX/VL53L8CX_ws/install/base_interfaces_demo/share/base_interfaces_demo/msg/ManualSeekLabel.idl\n'}
[105.089453] (base_interfaces_demo) StdoutLine: {'line': b'-- Up-to-date: /home/cjs/VL53L8CX/VL53L8CX_ws/install/base_interfaces_demo/share/base_interfaces_demo/msg/SeekCmd.idl\n'}
[105.090425] (base_interfaces_demo) StdoutLine: {'line': b'-- Up-to-date: /home/cjs/VL53L8CX/VL53L8CX_ws/install/base_interfaces_demo/share/base_interfaces_demo/msg/SeekRet.idl\n'}
[105.093731] (base_interfaces_demo) StdoutLine: {'line': b'-- Installing: /home/cjs/VL53L8CX/VL53L8CX_ws/install/base_interfaces_demo/share/base_interfaces_demo/msg/SystemStatus.idl\n'}
[105.095468] (base_interfaces_demo) StdoutLine: {'line': b'-- Installing: /home/cjs/VL53L8CX/VL53L8CX_ws/install/base_interfaces_demo/share/base_interfaces_demo/action/Reverse.idl\n'}
[105.096301] (base_interfaces_demo) StdoutLine: {'line': b'-- Up-to-date: /home/cjs/VL53L8CX/VL53L8CX_ws/install/base_interfaces_demo/share/base_interfaces_demo/msg/LiftInfo.idl\n'}
[105.096600] (base_interfaces_demo) StdoutLine: {'line': b'-- Installing: /home/cjs/VL53L8CX/VL53L8CX_ws/install/base_interfaces_demo/share/base_interfaces_demo/msg/ColorInfo.idl\n'}
[105.097418] (base_interfaces_demo) StdoutLine: {'line': b'-- Up-to-date: /home/cjs/VL53L8CX/VL53L8CX_ws/install/base_interfaces_demo/share/base_interfaces_demo/msg/FileUpdata.idl\n'}
[105.097809] (base_interfaces_demo) StdoutLine: {'line': b'-- Up-to-date: /home/cjs/VL53L8CX/VL53L8CX_ws/install/base_interfaces_demo/share/base_interfaces_demo/msg/ObsLaser.idl\n'}
[105.098217] (base_interfaces_demo) StdoutLine: {'line': b'-- Installing: /home/cjs/VL53L8CX/VL53L8CX_ws/install/base_interfaces_demo/share/base_interfaces_demo/msg/PalletInfo.idl\n'}
[105.098749] (base_interfaces_demo) StdoutLine: {'line': b'-- Up-to-date: /home/cjs/VL53L8CX/VL53L8CX_ws/install/base_interfaces_demo/share/base_interfaces_demo/msg/MovecontrolInfo.idl\n'}
[105.101772] (base_interfaces_demo) StdoutLine: {'line': b'-- Up-to-date: /home/cjs/VL53L8CX/VL53L8CX_ws/install/base_interfaces_demo/share/base_interfaces_demo/msg/MotionControl.idl\n'}
[105.102589] (base_interfaces_demo) StdoutLine: {'line': b'-- Up-to-date: /home/cjs/VL53L8CX/VL53L8CX_ws/install/base_interfaces_demo/share/base_interfaces_demo/msg/RcsInfo.idl\n'}
[105.102817] (base_interfaces_demo) StdoutLine: {'line': b'-- Up-to-date: /home/cjs/VL53L8CX/VL53L8CX_ws/install/base_interfaces_demo/share/base_interfaces_demo/msg/LiftControl.idl\n'}
[105.103425] (base_interfaces_demo) StdoutLine: {'line': b'-- Up-to-date: /home/cjs/VL53L8CX/VL53L8CX_ws/install/base_interfaces_demo/share/base_interfaces_demo/msg/BtStatus.idl\n'}
[105.103649] (base_interfaces_demo) StdoutLine: {'line': b'-- Installing: /home/cjs/VL53L8CX/VL53L8CX_ws/install/base_interfaces_demo/share/base_interfaces_demo/msg/CarStatus.idl\n'}
[105.105848] (base_interfaces_demo) StdoutLine: {'line': b'-- Up-to-date: /home/cjs/VL53L8CX/VL53L8CX_ws/install/base_interfaces_demo/share/base_interfaces_demo/msg/HealthNode.idl\n'}
[105.106294] (base_interfaces_demo) StdoutLine: {'line': b'-- Up-to-date: /home/cjs/VL53L8CX/VL53L8CX_ws/install/base_interfaces_demo/share/base_interfaces_demo/action/Pallet.idl\n'}
[105.107523] (base_interfaces_demo) StdoutLine: {'line': b'-- Up-to-date: /home/cjs/VL53L8CX/VL53L8CX_ws/install/base_interfaces_demo/share/base_interfaces_demo/srv/CheckEmergency.idl\n'}
[105.108130] (base_interfaces_demo) StdoutLine: {'line': b'-- Up-to-date: /home/cjs/VL53L8CX/VL53L8CX_ws/install/base_interfaces_demo/share/base_interfaces_demo/srv/SetEmergency.idl\n'}
[105.108517] (base_interfaces_demo) StdoutLine: {'line': b'-- Installing: /home/cjs/VL53L8CX/VL53L8CX_ws/install/base_interfaces_demo/share/base_interfaces_demo/srv/RcsServer.idl\n'}
[105.109294] (base_interfaces_demo) StdoutLine: {'line': b'-- Installing: /home/cjs/VL53L8CX/VL53L8CX_ws/install/base_interfaces_demo/share/base_interfaces_demo/action/Nav.action\n'}
[105.109926] (base_interfaces_demo) StdoutLine: {'line': b'-- Installing: /home/cjs/VL53L8CX/VL53L8CX_ws/install/base_interfaces_demo/share/base_interfaces_demo/msg/Ohom.msg\n'}
[105.111470] (base_interfaces_demo) StdoutLine: {'line': b'-- Installing: /home/cjs/VL53L8CX/VL53L8CX_ws/install/base_interfaces_demo/share/base_interfaces_demo/msg/HallInfo.msg\n'}
[105.113569] (base_interfaces_demo) StdoutLine: {'line': b'-- Installing: /home/cjs/VL53L8CX/VL53L8CX_ws/install/base_interfaces_demo/share/base_interfaces_demo/msg/Location.msg\n'}
[105.114386] (base_interfaces_demo) StdoutLine: {'line': b'-- Installing: /home/cjs/VL53L8CX/VL53L8CX_ws/install/base_interfaces_demo/share/base_interfaces_demo/msg/MotorCmd.msg\n'}
[105.114964] (base_interfaces_demo) StdoutLine: {'line': b'-- Installing: /home/cjs/VL53L8CX/VL53L8CX_ws/install/base_interfaces_demo/share/base_interfaces_demo/msg/MotorStatus.msg\n'}
[105.115761] (base_interfaces_demo) StdoutLine: {'line': b'-- Installing: /home/cjs/VL53L8CX/VL53L8CX_ws/install/base_interfaces_demo/share/base_interfaces_demo/msg/Manual.msg\n'}
[105.116778] (base_interfaces_demo) StdoutLine: {'line': b'-- Installing: /home/cjs/VL53L8CX/VL53L8CX_ws/install/base_interfaces_demo/share/base_interfaces_demo/msg/Test.msg\n'}
[105.117537] (base_interfaces_demo) StdoutLine: {'line': b'-- Installing: /home/cjs/VL53L8CX/VL53L8CX_ws/install/base_interfaces_demo/share/base_interfaces_demo/srv/Hall.srv\n'}
[105.118197] (base_interfaces_demo) StdoutLine: {'line': b'-- Installing: /home/cjs/VL53L8CX/VL53L8CX_ws/install/base_interfaces_demo/share/base_interfaces_demo/srv/Hall_Request.msg\n'}
[105.120383] (base_interfaces_demo) StdoutLine: {'line': b'-- Up-to-date: /home/cjs/VL53L8CX/VL53L8CX_ws/install/base_interfaces_demo/share/base_interfaces_demo/srv/Hall_Response.msg\n'}
[105.121306] (base_interfaces_demo) StdoutLine: {'line': b'-- Installing: /home/cjs/VL53L8CX/VL53L8CX_ws/install/base_interfaces_demo/share/base_interfaces_demo/msg/BmsInfo.msg\n'}
[105.122716] (base_interfaces_demo) StdoutLine: {'line': b'-- Installing: /home/cjs/VL53L8CX/VL53L8CX_ws/install/base_interfaces_demo/share/base_interfaces_demo/msg/ChargerInfo.msg\n'}
[105.124287] (base_interfaces_demo) StdoutLine: {'line': b'-- Installing: /home/cjs/VL53L8CX/VL53L8CX_ws/install/base_interfaces_demo/share/base_interfaces_demo/msg/ManualSeekLabel.msg\n'}
[105.126978] (base_interfaces_demo) StdoutLine: {'line': b'-- Installing: /home/cjs/VL53L8CX/VL53L8CX_ws/install/base_interfaces_demo/share/base_interfaces_demo/msg/SeekCmd.msg\n'}
[105.127410] (base_interfaces_demo) StdoutLine: {'line': b'-- Installing: /home/cjs/VL53L8CX/VL53L8CX_ws/install/base_interfaces_demo/share/base_interfaces_demo/msg/SeekRet.msg\n'}
[105.127617] (base_interfaces_demo) StdoutLine: {'line': b'-- Installing: /home/cjs/VL53L8CX/VL53L8CX_ws/install/base_interfaces_demo/share/base_interfaces_demo/msg/SystemStatus.msg\n'}
[105.137554] (base_interfaces_demo) StdoutLine: {'line': b'-- Installing: /home/cjs/VL53L8CX/VL53L8CX_ws/install/base_interfaces_demo/share/base_interfaces_demo/action/Reverse.action\n'}
[105.137968] (base_interfaces_demo) StdoutLine: {'line': b'-- Installing: /home/cjs/VL53L8CX/VL53L8CX_ws/install/base_interfaces_demo/share/base_interfaces_demo/msg/LiftInfo.msg\n'}
[105.138185] (base_interfaces_demo) StdoutLine: {'line': b'-- Installing: /home/cjs/VL53L8CX/VL53L8CX_ws/install/base_interfaces_demo/share/base_interfaces_demo/msg/ColorInfo.msg\n'}
[105.138399] (base_interfaces_demo) StdoutLine: {'line': b'-- Installing: /home/cjs/VL53L8CX/VL53L8CX_ws/install/base_interfaces_demo/share/base_interfaces_demo/msg/FileUpdata.msg\n'}
[105.138627] (base_interfaces_demo) StdoutLine: {'line': b'-- Installing: /home/cjs/VL53L8CX/VL53L8CX_ws/install/base_interfaces_demo/share/base_interfaces_demo/msg/ObsLaser.msg\n'}
[105.138881] (base_interfaces_demo) StdoutLine: {'line': b'-- Installing: /home/cjs/VL53L8CX/VL53L8CX_ws/install/base_interfaces_demo/share/base_interfaces_demo/msg/PalletInfo.msg\n'}
[105.144434] (-) TimerEvent: {}
[105.145039] (base_interfaces_demo) StdoutLine: {'line': b'-- Installing: /home/cjs/VL53L8CX/VL53L8CX_ws/install/base_interfaces_demo/share/base_interfaces_demo/msg/MovecontrolInfo.msg\n'}
[105.145496] (base_interfaces_demo) StdoutLine: {'line': b'-- Installing: /home/cjs/VL53L8CX/VL53L8CX_ws/install/base_interfaces_demo/share/base_interfaces_demo/msg/MotionControl.msg\n'}
[105.145662] (base_interfaces_demo) StdoutLine: {'line': b'-- Installing: /home/cjs/VL53L8CX/VL53L8CX_ws/install/base_interfaces_demo/share/base_interfaces_demo/msg/RcsInfo.msg\n'}
[105.145830] (base_interfaces_demo) StdoutLine: {'line': b'-- Installing: /home/cjs/VL53L8CX/VL53L8CX_ws/install/base_interfaces_demo/share/base_interfaces_demo/msg/LiftControl.msg\n'}
[105.146363] (base_interfaces_demo) StdoutLine: {'line': b'-- Installing: /home/cjs/VL53L8CX/VL53L8CX_ws/install/base_interfaces_demo/share/base_interfaces_demo/msg/BtStatus.msg\n'}
[105.147070] (base_interfaces_demo) StdoutLine: {'line': b'-- Installing: /home/cjs/VL53L8CX/VL53L8CX_ws/install/base_interfaces_demo/share/base_interfaces_demo/msg/CarStatus.msg\n'}
[105.147384] (base_interfaces_demo) StdoutLine: {'line': b'-- Installing: /home/cjs/VL53L8CX/VL53L8CX_ws/install/base_interfaces_demo/share/base_interfaces_demo/msg/HealthNode.msg\n'}
[105.148513] (base_interfaces_demo) StdoutLine: {'line': b'-- Installing: /home/cjs/VL53L8CX/VL53L8CX_ws/install/base_interfaces_demo/share/base_interfaces_demo/action/Pallet.action\n'}
[105.149580] (base_interfaces_demo) StdoutLine: {'line': b'-- Installing: /home/cjs/VL53L8CX/VL53L8CX_ws/install/base_interfaces_demo/share/base_interfaces_demo/srv/CheckEmergency.srv\n'}
[105.150558] (base_interfaces_demo) StdoutLine: {'line': b'-- Up-to-date: /home/cjs/VL53L8CX/VL53L8CX_ws/install/base_interfaces_demo/share/base_interfaces_demo/srv/CheckEmergency_Request.msg\n'}
[105.150976] (base_interfaces_demo) StdoutLine: {'line': b'-- Up-to-date: /home/cjs/VL53L8CX/VL53L8CX_ws/install/base_interfaces_demo/share/base_interfaces_demo/srv/CheckEmergency_Response.msg\n'}
[105.152114] (base_interfaces_demo) StdoutLine: {'line': b'-- Installing: /home/cjs/VL53L8CX/VL53L8CX_ws/install/base_interfaces_demo/share/base_interfaces_demo/srv/SetEmergency.srv\n'}
[105.153655] (base_interfaces_demo) StdoutLine: {'line': b'-- Up-to-date: /home/cjs/VL53L8CX/VL53L8CX_ws/install/base_interfaces_demo/share/base_interfaces_demo/srv/SetEmergency_Request.msg\n'}
[105.154414] (base_interfaces_demo) StdoutLine: {'line': b'-- Up-to-date: /home/cjs/VL53L8CX/VL53L8CX_ws/install/base_interfaces_demo/share/base_interfaces_demo/srv/SetEmergency_Response.msg\n'}
[105.155094] (base_interfaces_demo) StdoutLine: {'line': b'-- Installing: /home/cjs/VL53L8CX/VL53L8CX_ws/install/base_interfaces_demo/share/base_interfaces_demo/srv/RcsServer.srv\n'}
[105.156713] (base_interfaces_demo) StdoutLine: {'line': b'-- Installing: /home/cjs/VL53L8CX/VL53L8CX_ws/install/base_interfaces_demo/share/base_interfaces_demo/srv/RcsServer_Request.msg\n'}
[105.158206] (base_interfaces_demo) StdoutLine: {'line': b'-- Installing: /home/cjs/VL53L8CX/VL53L8CX_ws/install/base_interfaces_demo/share/base_interfaces_demo/srv/RcsServer_Response.msg\n'}
[105.159598] (base_interfaces_demo) StdoutLine: {'line': b'-- Up-to-date: /home/cjs/VL53L8CX/VL53L8CX_ws/install/base_interfaces_demo/share/ament_index/resource_index/package_run_dependencies/base_interfaces_demo\n'}
[105.160457] (base_interfaces_demo) StdoutLine: {'line': b'-- Up-to-date: /home/cjs/VL53L8CX/VL53L8CX_ws/install/base_interfaces_demo/share/ament_index/resource_index/parent_prefix_path/base_interfaces_demo\n'}
[105.161547] (base_interfaces_demo) StdoutLine: {'line': b'-- Up-to-date: /home/cjs/VL53L8CX/VL53L8CX_ws/install/base_interfaces_demo/share/base_interfaces_demo/environment/ament_prefix_path.sh\n'}
[105.162510] (base_interfaces_demo) StdoutLine: {'line': b'-- Installing: /home/cjs/VL53L8CX/VL53L8CX_ws/install/base_interfaces_demo/share/base_interfaces_demo/environment/ament_prefix_path.dsv\n'}
[105.164008] (base_interfaces_demo) StdoutLine: {'line': b'-- Up-to-date: /home/cjs/VL53L8CX/VL53L8CX_ws/install/base_interfaces_demo/share/base_interfaces_demo/environment/path.sh\n'}
[105.164685] (base_interfaces_demo) StdoutLine: {'line': b'-- Installing: /home/cjs/VL53L8CX/VL53L8CX_ws/install/base_interfaces_demo/share/base_interfaces_demo/environment/path.dsv\n'}
[105.166702] (base_interfaces_demo) StdoutLine: {'line': b'-- Up-to-date: /home/cjs/VL53L8CX/VL53L8CX_ws/install/base_interfaces_demo/share/base_interfaces_demo/local_setup.bash\n'}
[105.168080] (base_interfaces_demo) StdoutLine: {'line': b'-- Up-to-date: /home/cjs/VL53L8CX/VL53L8CX_ws/install/base_interfaces_demo/share/base_interfaces_demo/local_setup.sh\n'}
[105.168726] (base_interfaces_demo) StdoutLine: {'line': b'-- Up-to-date: /home/cjs/VL53L8CX/VL53L8CX_ws/install/base_interfaces_demo/share/base_interfaces_demo/local_setup.zsh\n'}
[105.169551] (base_interfaces_demo) StdoutLine: {'line': b'-- Installing: /home/cjs/VL53L8CX/VL53L8CX_ws/install/base_interfaces_demo/share/base_interfaces_demo/local_setup.dsv\n'}
[105.170861] (base_interfaces_demo) StdoutLine: {'line': b'-- Installing: /home/cjs/VL53L8CX/VL53L8CX_ws/install/base_interfaces_demo/share/base_interfaces_demo/package.dsv\n'}
[105.173394] (base_interfaces_demo) StdoutLine: {'line': b'-- Up-to-date: /home/cjs/VL53L8CX/VL53L8CX_ws/install/base_interfaces_demo/share/ament_index/resource_index/packages/base_interfaces_demo\n'}
[105.179517] (base_interfaces_demo) StdoutLine: {'line': b'-- Up-to-date: /home/cjs/VL53L8CX/VL53L8CX_ws/install/base_interfaces_demo/share/base_interfaces_demo/cmake/base_interfaces_demo__rosidl_generator_cExport.cmake\n'}
[105.180049] (base_interfaces_demo) StdoutLine: {'line': b'-- Installing: /home/cjs/VL53L8CX/VL53L8CX_ws/install/base_interfaces_demo/share/base_interfaces_demo/cmake/base_interfaces_demo__rosidl_generator_cExport-noconfig.cmake\n'}
[105.183052] (base_interfaces_demo) StdoutLine: {'line': b'-- Up-to-date: /home/cjs/VL53L8CX/VL53L8CX_ws/install/base_interfaces_demo/share/base_interfaces_demo/cmake/base_interfaces_demo__rosidl_typesupport_introspection_cExport.cmake\n'}
[105.184457] (base_interfaces_demo) StdoutLine: {'line': b'-- Installing: /home/cjs/VL53L8CX/VL53L8CX_ws/install/base_interfaces_demo/share/base_interfaces_demo/cmake/base_interfaces_demo__rosidl_typesupport_introspection_cExport-noconfig.cmake\n'}
[105.187234] (base_interfaces_demo) StdoutLine: {'line': b'-- Up-to-date: /home/cjs/VL53L8CX/VL53L8CX_ws/install/base_interfaces_demo/share/base_interfaces_demo/cmake/base_interfaces_demo__rosidl_typesupport_cExport.cmake\n'}
[105.188267] (base_interfaces_demo) StdoutLine: {'line': b'-- Installing: /home/cjs/VL53L8CX/VL53L8CX_ws/install/base_interfaces_demo/share/base_interfaces_demo/cmake/base_interfaces_demo__rosidl_typesupport_cExport-noconfig.cmake\n'}
[105.190917] (base_interfaces_demo) StdoutLine: {'line': b'-- Up-to-date: /home/cjs/VL53L8CX/VL53L8CX_ws/install/base_interfaces_demo/share/base_interfaces_demo/cmake/base_interfaces_demo__rosidl_generator_cppExport.cmake\n'}
[105.193357] (base_interfaces_demo) StdoutLine: {'line': b'-- Up-to-date: /home/cjs/VL53L8CX/VL53L8CX_ws/install/base_interfaces_demo/share/base_interfaces_demo/cmake/base_interfaces_demo__rosidl_typesupport_introspection_cppExport.cmake\n'}
[105.194850] (base_interfaces_demo) StdoutLine: {'line': b'-- Installing: /home/cjs/VL53L8CX/VL53L8CX_ws/install/base_interfaces_demo/share/base_interfaces_demo/cmake/base_interfaces_demo__rosidl_typesupport_introspection_cppExport-noconfig.cmake\n'}
[105.196784] (base_interfaces_demo) StdoutLine: {'line': b'-- Up-to-date: /home/cjs/VL53L8CX/VL53L8CX_ws/install/base_interfaces_demo/share/base_interfaces_demo/cmake/base_interfaces_demo__rosidl_typesupport_cppExport.cmake\n'}
[105.197700] (base_interfaces_demo) StdoutLine: {'line': b'-- Installing: /home/cjs/VL53L8CX/VL53L8CX_ws/install/base_interfaces_demo/share/base_interfaces_demo/cmake/base_interfaces_demo__rosidl_typesupport_cppExport-noconfig.cmake\n'}
[105.199042] (base_interfaces_demo) StdoutLine: {'line': b'-- Installing: /home/cjs/VL53L8CX/VL53L8CX_ws/install/base_interfaces_demo/share/base_interfaces_demo/cmake/rosidl_cmake-extras.cmake\n'}
[105.199939] (base_interfaces_demo) StdoutLine: {'line': b'-- Up-to-date: /home/cjs/VL53L8CX/VL53L8CX_ws/install/base_interfaces_demo/share/base_interfaces_demo/cmake/ament_cmake_export_dependencies-extras.cmake\n'}
[105.200838] (base_interfaces_demo) StdoutLine: {'line': b'-- Up-to-date: /home/cjs/VL53L8CX/VL53L8CX_ws/install/base_interfaces_demo/share/base_interfaces_demo/cmake/ament_cmake_export_libraries-extras.cmake\n'}
[105.201688] (base_interfaces_demo) StdoutLine: {'line': b'-- Up-to-date: /home/cjs/VL53L8CX/VL53L8CX_ws/install/base_interfaces_demo/share/base_interfaces_demo/cmake/ament_cmake_export_targets-extras.cmake\n'}
[105.202354] (base_interfaces_demo) StdoutLine: {'line': b'-- Up-to-date: /home/cjs/VL53L8CX/VL53L8CX_ws/install/base_interfaces_demo/share/base_interfaces_demo/cmake/ament_cmake_export_include_directories-extras.cmake\n'}
[105.203064] (base_interfaces_demo) StdoutLine: {'line': b'-- Up-to-date: /home/cjs/VL53L8CX/VL53L8CX_ws/install/base_interfaces_demo/share/base_interfaces_demo/cmake/rosidl_cmake_export_typesupport_libraries-extras.cmake\n'}
[105.203581] (base_interfaces_demo) StdoutLine: {'line': b'-- Up-to-date: /home/cjs/VL53L8CX/VL53L8CX_ws/install/base_interfaces_demo/share/base_interfaces_demo/cmake/rosidl_cmake_export_typesupport_targets-extras.cmake\n'}
[105.204799] (base_interfaces_demo) StdoutLine: {'line': b'-- Up-to-date: /home/cjs/VL53L8CX/VL53L8CX_ws/install/base_interfaces_demo/share/base_interfaces_demo/cmake/base_interfaces_demoConfig.cmake\n'}
[105.205175] (base_interfaces_demo) StdoutLine: {'line': b'-- Up-to-date: /home/cjs/VL53L8CX/VL53L8CX_ws/install/base_interfaces_demo/share/base_interfaces_demo/cmake/base_interfaces_demoConfig-version.cmake\n'}
[105.205893] (base_interfaces_demo) StdoutLine: {'line': b'-- Installing: /home/cjs/VL53L8CX/VL53L8CX_ws/install/base_interfaces_demo/share/base_interfaces_demo/package.xml\n'}
[105.216142] (base_interfaces_demo) CommandEnded: {'returncode': 0}
[105.247302] (-) TimerEvent: {}
[105.353096] (-) TimerEvent: {}
[105.455422] (-) TimerEvent: {}
[105.557311] (-) TimerEvent: {}
[105.658705] (-) TimerEvent: {}
[105.759755] (-) TimerEvent: {}
[105.860891] (-) TimerEvent: {}
[105.962494] (-) TimerEvent: {}
[106.063725] (-) TimerEvent: {}
[106.165614] (-) TimerEvent: {}
[106.269278] (-) TimerEvent: {}
[106.371125] (-) TimerEvent: {}
[106.472037] (-) TimerEvent: {}
[106.573971] (-) TimerEvent: {}
[106.677582] (-) TimerEvent: {}
[106.780107] (-) TimerEvent: {}
[106.881589] (-) TimerEvent: {}
[106.983151] (-) TimerEvent: {}
[107.084854] (-) TimerEvent: {}
[107.187404] (-) TimerEvent: {}
[107.289129] (-) TimerEvent: {}
[107.390767] (-) TimerEvent: {}
[107.495412] (-) TimerEvent: {}
[107.597087] (-) TimerEvent: {}
[107.700154] (-) TimerEvent: {}
[107.801976] (-) TimerEvent: {}
[107.903521] (-) TimerEvent: {}
[108.004119] (-) TimerEvent: {}
[108.104986] (-) TimerEvent: {}
[108.205709] (-) TimerEvent: {}
[108.307425] (-) TimerEvent: {}
[108.409193] (-) TimerEvent: {}
[108.511577] (-) TimerEvent: {}
[108.612223] (-) TimerEvent: {}
[108.712991] (-) TimerEvent: {}
[108.813911] (-) TimerEvent: {}
[108.915241] (-) TimerEvent: {}
[109.016140] (-) TimerEvent: {}
[109.117247] (-) TimerEvent: {}
[109.220645] (-) TimerEvent: {}
[109.321930] (-) TimerEvent: {}
[109.422880] (-) TimerEvent: {}
[109.524550] (-) TimerEvent: {}
[109.618950] (base_interfaces_demo) JobEnded: {'identifier': 'base_interfaces_demo', 'rc': 0}
[109.623488] (tof_sensor_package) JobStarted: {'identifier': 'tof_sensor_package'}
[109.625257] (-) TimerEvent: {}
[109.684911] (tof_sensor_package) JobProgress: {'identifier': 'tof_sensor_package', 'progress': 'cmake'}
[109.696572] (tof_sensor_package) JobProgress: {'identifier': 'tof_sensor_package', 'progress': 'build'}
[109.697326] (tof_sensor_package) Command: {'cmd': ['/usr/bin/cmake', '--build', '/home/cjs/VL53L8CX/VL53L8CX_ws/build/tof_sensor_package', '--', '-j4', '-l4'], 'cwd': '/home/cjs/VL53L8CX/VL53L8CX_ws/build/tof_sensor_package', 'env': OrderedDict([('USER', 'cjs'), ('LC_TIME', 'zh_CN.UTF-8'), ('GIO_MODULE_DIR', '/home/cjs/snap/code/common/.cache/gio-modules'), ('SSH_AGENT_PID', '1520'), ('XDG_SESSION_TYPE', 'x11'), ('GTK_EXE_PREFIX_VSCODE_SNAP_ORIG', ''), ('GIT_ASKPASS', '/snap/code/166/usr/share/code/resources/app/extensions/git/dist/askpass.sh'), ('GDK_BACKEND_VSCODE_SNAP_ORIG', ''), ('SHLVL', '2'), ('LD_LIBRARY_PATH', '/home/cjs/VL53L8CX/VL53L8CX_ws/install/base_interfaces_demo/lib:/opt/ros/foxy/opt/yaml_cpp_vendor/lib:/opt/ros/foxy/opt/rviz_ogre_vendor/lib:/opt/ros/foxy/lib/x86_64-linux-gnu:/opt/ros/foxy/lib'), ('LESS', '-R'), ('HOME', '/home/cjs'), ('LOCPATH_VSCODE_SNAP_ORIG', ''), ('OLDPWD', '/home/cjs/VL53L8CX'), ('CHROME_DESKTOP', 'code-url-handler.desktop'), ('DESKTOP_SESSION', 'ubuntu'), ('GTK_PATH', '/snap/code/166/usr/lib/x86_64-linux-gnu/gtk-3.0'), ('TERM_PROGRAM_VERSION', '1.92.1'), ('LSCOLORS', 'Gxfxcxdxbxegedabagacad'), ('ZSH', '/home/cjs/.oh-my-zsh'), ('GTK_IM_MODULE_FILE', '/home/cjs/snap/code/common/.cache/immodules/immodules.cache'), ('ROS_PYTHON_VERSION', '3'), ('GNOME_SHELL_SESSION_MODE', 'ubuntu'), ('ALL', 'en.US.UTF-8'), ('GTK_MODULES', 'gail:atk-bridge'), ('GSETTINGS_SCHEMA_DIR_VSCODE_SNAP_ORIG', ''), ('PAGER', 'less'), ('VSCODE_GIT_ASKPASS_MAIN', '/snap/code/166/usr/share/code/resources/app/extensions/git/dist/askpass-main.js'), ('LC_MONETARY', 'zh_CN.UTF-8'), ('MANAGERPID', '1424'), ('VSCODE_GIT_ASKPASS_NODE', '/snap/code/166/usr/share/code/code'), ('DBUS_STARTER_BUS_TYPE', 'session'), ('DBUS_SESSION_BUS_ADDRESS', 'unix:path=/run/user/1000/bus,guid=268dcd2de439d3d90858002266b82368'), ('COLORTERM', 'truecolor'), ('IM_CONFIG_PHASE', '1'), ('ROS_DISTRO', 'foxy'), ('LOGNAME', 'cjs'), ('JOURNAL_STREAM', '8:57458'), ('_', '/usr/bin/colcon'), ('ROS_VERSION', '2'), ('XDG_CONFIG_DIRS_VSCODE_SNAP_ORIG', '/etc/xdg/xdg-ubuntu:/etc/xdg'), ('XDG_SESSION_CLASS', 'user'), ('XDG_DATA_DIRS_VSCODE_SNAP_ORIG', '/usr/share/ubuntu:/usr/local/share/:/usr/share/:/var/lib/snapd/desktop'), ('USER_ZDOTDIR', '/home/cjs'), ('USERNAME', 'cjs'), ('TERM', 'xterm-256color'), ('GNOME_DESKTOP_SESSION_ID', 'this-is-deprecated'), ('ROS_LOCALHOST_ONLY', '0'), ('WINDOWPATH', '2'), ('PATH', '/opt/ros/foxy/bin:/usr/local/sbin:/usr/local/bin:/usr/sbin:/usr/bin:/sbin:/bin:/usr/games:/usr/local/games:/snap/bin'), ('SESSION_MANAGER', 'local/cjs-virtual-machine:@/tmp/.ICE-unix/1556,unix/cjs-virtual-machine:/tmp/.ICE-unix/1556'), ('GTK_EXE_PREFIX', '/snap/code/166/usr'), ('INVOCATION_ID', '9ee8dd2fd7cc48b9b2c20cfcb166a738'), ('XDG_MENU_PREFIX', 'gnome-'), ('LC_ADDRESS', 'zh_CN.UTF-8'), ('XDG_RUNTIME_DIR', '/run/user/1000'), ('GDK_BACKEND', 'x11'), ('DISPLAY', ':0'), ('LOCPATH', '/snap/code/166/usr/lib/locale'), ('LANG', 'en_US.UTF-8'), ('XDG_CURRENT_DESKTOP', 'Unity'), ('LC_TELEPHONE', 'zh_CN.UTF-8'), ('TILIX_ID', '9923de69-11f6-49bd-8a1c-424db162521e'), ('VSCODE_INJECTION', '1'), ('GIO_MODULE_DIR_VSCODE_SNAP_ORIG', ''), ('XMODIFIERS', '@im=ibus'), ('XDG_SESSION_DESKTOP', 'ubuntu'), ('XAUTHORITY', '/run/user/1000/gdm/Xauthority'), ('LS_COLORS', 'no=00:fi=00:di=01;34:ln=00;36:pi=40;33:so=01;35:do=01;35:bd=40;33;01:cd=40;33;01:or=41;33;01:ex=00;32:*.cmd=00;32:*.exe=01;32:*.com=01;32:*.bat=01;32:*.btm=01;32:*.dll=01;32:*.tar=00;31:*.tbz=00;31:*.tgz=00;31:*.rpm=00;31:*.deb=00;31:*.arj=00;31:*.taz=00;31:*.lzh=00;31:*.lzma=00;31:*.zip=00;31:*.zoo=00;31:*.z=00;31:*.Z=00;31:*.gz=00;31:*.bz2=00;31:*.tb2=00;31:*.tz2=00;31:*.tbz2=00;31:*.avi=01;35:*.bmp=01;35:*.fli=01;35:*.gif=01;35:*.jpg=01;35:*.jpeg=01;35:*.mng=01;35:*.mov=01;35:*.mpg=01;35:*.pcx=01;35:*.pbm=01;35:*.pgm=01;35:*.png=01;35:*.ppm=01;35:*.tga=01;35:*.tif=01;35:*.xbm=01;35:*.xpm=01;35:*.dl=01;35:*.gl=01;35:*.wmv=01;35:*.aiff=00;32:*.au=00;32:*.mid=00;32:*.mp3=00;32:*.ogg=00;32:*.voc=00;32:*.wav=00;32:'), ('TERM_PROGRAM', 'vscode'), ('VSCODE_GIT_IPC_HANDLE', '/run/user/1000/vscode-git-6e22b0dd4c.sock'), ('SSH_AUTH_SOCK', '/run/user/1000/keyring/ssh'), ('GSETTINGS_SCHEMA_DIR', '/home/cjs/snap/code/166/.local/share/glib-2.0/schemas'), ('AMENT_PREFIX_PATH', '/home/cjs/VL53L8CX/VL53L8CX_ws/install/base_interfaces_demo:/opt/ros/foxy'), ('ORIGINAL_XDG_CURRENT_DESKTOP', 'ubuntu:GNOME'), ('SHELL', '/usr/bin/zsh'), ('LC_NAME', 'zh_CN.UTF-8'), ('QT_ACCESSIBILITY', '1'), ('GDMSESSION', 'ubuntu'), ('GTK_PATH_VSCODE_SNAP_ORIG', ''), ('GTK_IM_MODULE_FILE_VSCODE_SNAP_ORIG', ''), ('LC_MEASUREMENT', 'zh_CN.UTF-8'), ('GPG_AGENT_INFO', '/run/user/1000/gnupg/S.gpg-agent:0:1'), ('LC_IDENTIFICATION', 'zh_CN.UTF-8'), ('QT_IM_MODULE', 'ibus'), ('VSCODE_GIT_ASKPASS_EXTRA_ARGS', ''), ('PWD', '/home/cjs/VL53L8CX/VL53L8CX_ws/build/tof_sensor_package'), ('XDG_CONFIG_DIRS', '/etc/xdg/xdg-ubuntu:/etc/xdg'), ('DBUS_STARTER_ADDRESS', 'unix:path=/run/user/1000/bus,guid=268dcd2de439d3d90858002266b82368'), ('XDG_DATA_DIRS', '/home/cjs/snap/code/166/.local/share:/home/cjs/snap/code/166:/snap/code/166/usr/share:/usr/share/ubuntu:/usr/local/share/:/usr/share/:/var/lib/snapd/desktop'), ('ZDOTDIR', '/home/cjs'), ('PYTHONPATH', '/home/cjs/VL53L8CX/VL53L8CX_ws/install/base_interfaces_demo/lib/python3.8/site-packages:/opt/ros/foxy/lib/python3.8/site-packages'), ('LC_NUMERIC', 'zh_CN.UTF-8'), ('LC_PAPER', 'zh_CN.UTF-8'), ('COLCON', '1'), ('VTE_VERSION', '6003'), ('CMAKE_PREFIX_PATH', '/home/cjs/VL53L8CX/VL53L8CX_ws/install/base_interfaces_demo:/opt/ros/foxy')]), 'shell': False}
[109.726140] (-) TimerEvent: {}
[109.827798] (-) TimerEvent: {}
[109.845155] (tof_sensor_package) StdoutLine: {'line': b'-- Found ament_cmake: 0.9.12 (/opt/ros/foxy/share/ament_cmake/cmake)\n'}
[109.918395] (tof_sensor_package) StdoutLine: {'line': b'-- Using PYTHON_EXECUTABLE: /usr/bin/python3\n'}
[109.928556] (-) TimerEvent: {}
[110.030088] (-) TimerEvent: {}
[110.131664] (-) TimerEvent: {}
[110.232756] (-) TimerEvent: {}
[110.333639] (-) TimerEvent: {}
[110.383967] (tof_sensor_package) StdoutLine: {'line': b'-- Found rclcpp: 2.4.3 (/opt/ros/foxy/share/rclcpp/cmake)\n'}
[110.434420] (-) TimerEvent: {}
[110.502012] (tof_sensor_package) StdoutLine: {'line': b'-- Using all available rosidl_typesupport_c: rosidl_typesupport_fastrtps_c;rosidl_typesupport_introspection_c\n'}
[110.511632] (tof_sensor_package) StdoutLine: {'line': b'-- Found rosidl_adapter: 1.3.1 (/opt/ros/foxy/share/rosidl_adapter/cmake)\n'}
[110.535656] (-) TimerEvent: {}
[110.637107] (-) TimerEvent: {}
[110.738822] (-) TimerEvent: {}
[110.794449] (tof_sensor_package) StdoutLine: {'line': b'-- Using all available rosidl_typesupport_cpp: rosidl_typesupport_fastrtps_cpp;rosidl_typesupport_introspection_cpp\n'}
[110.839165] (-) TimerEvent: {}
[110.931316] (tof_sensor_package) StdoutLine: {'line': b'-- Found rmw_implementation_cmake: 1.0.4 (/opt/ros/foxy/share/rmw_implementation_cmake/cmake)\n'}
[110.939800] (-) TimerEvent: {}
[110.945044] (tof_sensor_package) StdoutLine: {'line': b"-- Using RMW implementation 'rmw_fastrtps_cpp' as default\n"}
[111.040515] (-) TimerEvent: {}
[111.142302] (-) TimerEvent: {}
[111.244589] (-) TimerEvent: {}
[111.342310] (tof_sensor_package) StdoutLine: {'line': b'-- Found sensor_msgs: 2.0.5 (/opt/ros/foxy/share/sensor_msgs/cmake)\n'}
[111.345046] (-) TimerEvent: {}
[111.445983] (-) TimerEvent: {}
[111.547496] (-) TimerEvent: {}
[111.636380] (tof_sensor_package) StdoutLine: {'line': b'-- Found base_interfaces_demo: 0.0.0 (/home/cjs/VL53L8CX/VL53L8CX_ws/install/base_interfaces_demo/share/base_interfaces_demo/cmake)\n'}
[111.648226] (-) TimerEvent: {}
[111.749030] (-) TimerEvent: {}
[111.839719] (tof_sensor_package) StdoutLine: {'line': b'-- Found ament_lint_auto: 0.9.8 (/opt/ros/foxy/share/ament_lint_auto/cmake)\n'}
[111.849929] (-) TimerEvent: {}
[111.950612] (-) TimerEvent: {}
[112.029634] (tof_sensor_package) StdoutLine: {'line': b"-- Added test 'copyright' to check source files copyright and LICENSE\n"}
[112.035134] (tof_sensor_package) StdoutLine: {'line': b"-- Added test 'cppcheck' to perform static code analysis on C / C++ code\n"}
[112.036289] (tof_sensor_package) StdoutLine: {'line': b'-- Configured cppcheck include dirs: /home/cjs/VL53L8CX/VL53L8CX_ws/src/tof_sensor_package/include;/home/cjs/VL53L8CX/VL53L8CX_ws/src/tof_sensor_package/../install/base_interfaces_demo/include\n'}
[112.036903] (tof_sensor_package) StdoutLine: {'line': b'-- Configured cppcheck exclude dirs and/or files: \n'}
[112.042478] (tof_sensor_package) StdoutLine: {'line': b"-- Added test 'cpplint' to check C / C++ code against the Google style\n"}
[112.043055] (tof_sensor_package) StdoutLine: {'line': b'-- Configured cpplint exclude dirs and/or files: \n'}
[112.046485] (tof_sensor_package) StdoutLine: {'line': b"-- Added test 'lint_cmake' to check CMake code style\n"}
[112.051009] (-) TimerEvent: {}
[112.052030] (tof_sensor_package) StdoutLine: {'line': b"-- Added test 'uncrustify' to check C / C++ code style\n"}
[112.052328] (tof_sensor_package) StdoutLine: {'line': b'-- Configured uncrustify additional arguments: \n'}
[112.053974] (tof_sensor_package) StdoutLine: {'line': b"-- Added test 'xmllint' to check XML markup files\n"}
[112.073891] (tof_sensor_package) StdoutLine: {'line': b'-- Configuring done\n'}
[112.140875] (tof_sensor_package) StdoutLine: {'line': b'-- Generating done\n'}
[112.143623] (tof_sensor_package) StdoutLine: {'line': b'-- Build files have been written to: /home/cjs/VL53L8CX/VL53L8CX_ws/build/tof_sensor_package\n'}
[112.151656] (-) TimerEvent: {}
[112.254687] (-) TimerEvent: {}
[112.276927] (tof_sensor_package) StdoutLine: {'line': b'\x1b[35m\x1b[1mScanning dependencies of target pallet_detect_node\x1b[0m\n'}
[112.355574] (-) TimerEvent: {}
[112.456504] (-) TimerEvent: {}
[112.558099] (-) TimerEvent: {}
[112.659534] (-) TimerEvent: {}
[112.682651] (tof_sensor_package) StdoutLine: {'line': b'[ 20%] \x1b[32mBuilding CXX object CMakeFiles/pallet_detect_node.dir/src/pallet_detect_node.cpp.o\x1b[0m\n'}
[112.760130] (-) TimerEvent: {}
[112.862698] (-) TimerEvent: {}
[112.964761] (-) TimerEvent: {}
[113.065733] (-) TimerEvent: {}
[113.167300] (-) TimerEvent: {}
[113.268457] (-) TimerEvent: {}
[113.369471] (-) TimerEvent: {}
[113.470913] (-) TimerEvent: {}
[113.572551] (-) TimerEvent: {}
[113.673429] (-) TimerEvent: {}
[113.774767] (-) TimerEvent: {}
[113.876544] (-) TimerEvent: {}
[113.977851] (-) TimerEvent: {}
[114.078882] (-) TimerEvent: {}
[114.180578] (-) TimerEvent: {}
[114.281944] (-) TimerEvent: {}
[114.383133] (-) TimerEvent: {}
[114.484867] (-) TimerEvent: {}
[114.586176] (-) TimerEvent: {}
[114.687437] (-) TimerEvent: {}
[114.790300] (-) TimerEvent: {}
[114.891391] (-) TimerEvent: {}
[114.992226] (-) TimerEvent: {}
[115.093851] (-) TimerEvent: {}
[115.194733] (-) TimerEvent: {}
[115.296402] (-) TimerEvent: {}
[115.397075] (-) TimerEvent: {}
[115.498493] (-) TimerEvent: {}
[115.501549] (tof_sensor_package) StderrLine: {'line': b'In file included from \x1b[01m\x1b[K/home/cjs/VL53L8CX/VL53L8CX_ws/src/tof_sensor_package/src/pallet_detect_node.cpp:2\x1b[m\x1b[K:\n'}
[115.501969] (tof_sensor_package) StderrLine: {'line': b'\x1b[01m\x1b[K/home/cjs/VL53L8CX/VL53L8CX_ws/src/tof_sensor_package/src/BestFit.hpp:8:38:\x1b[m\x1b[K \x1b[01;31m\x1b[Kerror: \x1b[m\x1b[Kextra qualification \xe2\x80\x98\x1b[01m\x1b[KBestFit::\x1b[m\x1b[K\xe2\x80\x99 on member \xe2\x80\x98\x1b[01m\x1b[KanalyzeTwoMatrices\x1b[m\x1b[K\xe2\x80\x99 [\x1b[01;31m\x1b[K-fpermissive\x1b[m\x1b[K]\n'}
[115.502192] (tof_sensor_package) StderrLine: {'line': b'    8 |     static std::pair<double, double> \x1b[01;31m\x1b[KBestFit\x1b[m\x1b[K::analyzeTwoMatrices(const cv::Mat &A, const cv::Mat &B, int threshold);\n'}
[115.502369] (tof_sensor_package) StderrLine: {'line': b'      |                                      \x1b[01;31m\x1b[K^~~~~~~\x1b[m\x1b[K\n'}
[115.599022] (-) TimerEvent: {}
[115.700554] (-) TimerEvent: {}
[115.802081] (-) TimerEvent: {}
[115.903563] (-) TimerEvent: {}
[116.005072] (-) TimerEvent: {}
[116.106758] (-) TimerEvent: {}
[116.208855] (-) TimerEvent: {}
[116.310472] (-) TimerEvent: {}
[116.411522] (-) TimerEvent: {}
[116.512626] (-) TimerEvent: {}
[116.614111] (-) TimerEvent: {}
[116.715568] (-) TimerEvent: {}
[116.817052] (-) TimerEvent: {}
[116.918778] (-) TimerEvent: {}
[117.021049] (-) TimerEvent: {}
[117.121806] (-) TimerEvent: {}
[117.222699] (-) TimerEvent: {}
[117.324190] (-) TimerEvent: {}
[117.424761] (-) TimerEvent: {}
[117.480354] (tof_sensor_package) StderrLine: {'line': b'\x1b[01m\x1b[K/home/cjs/VL53L8CX/VL53L8CX_ws/src/tof_sensor_package/src/pallet_detect_node.cpp:\x1b[m\x1b[K In member function \xe2\x80\x98\x1b[01m\x1b[Kvoid PalletDetectNode::timer_callback()\x1b[m\x1b[K\xe2\x80\x99:\n'}
[117.480862] (tof_sensor_package) StderrLine: {'line': b'\x1b[01m\x1b[K/home/cjs/VL53L8CX/VL53L8CX_ws/src/tof_sensor_package/src/pallet_detect_node.cpp:94:51:\x1b[m\x1b[K \x1b[01;31m\x1b[Kerror: \x1b[m\x1b[Kcannot convert \xe2\x80\x98\x1b[01m\x1b[Kbase_interfaces_demo::msg::PalletInfo_<std::allocator<void> >::_sensor1_type\x1b[m\x1b[K\xe2\x80\x99 {aka \xe2\x80\x98\x1b[01m\x1b[Kstd::array<unsigned int, 64>\x1b[m\x1b[K\xe2\x80\x99} to \xe2\x80\x98\x1b[01m\x1b[Kstd::array<short unsigned int, 64>&\x1b[m\x1b[K\xe2\x80\x99\n'}
[117.481262] (tof_sensor_package) StderrLine: {'line': b'   94 |             populatePalletInfoMatrix(\x1b[01;31m\x1b[Kpallet_info_.sensor1\x1b[m\x1b[K, A);\n'}
[117.481441] (tof_sensor_package) StderrLine: {'line': b'      |                                      \x1b[01;31m\x1b[K~~~~~~~~~~~~~^~~~~~~\x1b[m\x1b[K\n'}
[117.481605] (tof_sensor_package) StderrLine: {'line': b'      |                                                   \x1b[01;31m\x1b[K|\x1b[m\x1b[K\n'}
[117.481775] (tof_sensor_package) StderrLine: {'line': b'      |                                                   \x1b[01;31m\x1b[Kbase_interfaces_demo::msg::PalletInfo_<std::allocator<void> >::_sensor1_type {aka std::array<unsigned int, 64>}\x1b[m\x1b[K\n'}
[117.481952] (tof_sensor_package) StderrLine: {'line': b'\x1b[01m\x1b[K/home/cjs/VL53L8CX/VL53L8CX_ws/src/tof_sensor_package/src/pallet_detect_node.cpp:183:61:\x1b[m\x1b[K \x1b[01;36m\x1b[Knote: \x1b[m\x1b[K  initializing argument 1 of \xe2\x80\x98\x1b[01m\x1b[Kvoid PalletDetectNode::populatePalletInfoMatrix(std::array<short unsigned int, 64>&, const cv::Mat&)\x1b[m\x1b[K\xe2\x80\x99\n'}
[117.482130] (tof_sensor_package) StderrLine: {'line': b'  183 |     void populatePalletInfoMatrix(\x1b[01;36m\x1b[Kstd::array<uint16_t, 64>& sensor_array\x1b[m\x1b[K, const cv::Mat& matrix) {\n'}
[117.482307] (tof_sensor_package) StderrLine: {'line': b'      |                                   \x1b[01;36m\x1b[K~~~~~~~~~~~~~~~~~~~~~~~~~~^~~~~~~~~~~~\x1b[m\x1b[K\n'}
[117.482644] (tof_sensor_package) StderrLine: {'line': b'\x1b[01m\x1b[K/home/cjs/VL53L8CX/VL53L8CX_ws/src/tof_sensor_package/src/pallet_detect_node.cpp:95:51:\x1b[m\x1b[K \x1b[01;31m\x1b[Kerror: \x1b[m\x1b[Kcannot convert \xe2\x80\x98\x1b[01m\x1b[Kbase_interfaces_demo::msg::PalletInfo_<std::allocator<void> >::_sensor2_type\x1b[m\x1b[K\xe2\x80\x99 {aka \xe2\x80\x98\x1b[01m\x1b[Kstd::array<unsigned int, 64>\x1b[m\x1b[K\xe2\x80\x99} to \xe2\x80\x98\x1b[01m\x1b[Kstd::array<short unsigned int, 64>&\x1b[m\x1b[K\xe2\x80\x99\n'}
[117.482822] (tof_sensor_package) StderrLine: {'line': b'   95 |             populatePalletInfoMatrix(\x1b[01;31m\x1b[Kpallet_info_.sensor2\x1b[m\x1b[K, C);\n'}
[117.482986] (tof_sensor_package) StderrLine: {'line': b'      |                                      \x1b[01;31m\x1b[K~~~~~~~~~~~~~^~~~~~~\x1b[m\x1b[K\n'}
[117.483152] (tof_sensor_package) StderrLine: {'line': b'      |                                                   \x1b[01;31m\x1b[K|\x1b[m\x1b[K\n'}
[117.483317] (tof_sensor_package) StderrLine: {'line': b'      |                                                   \x1b[01;31m\x1b[Kbase_interfaces_demo::msg::PalletInfo_<std::allocator<void> >::_sensor2_type {aka std::array<unsigned int, 64>}\x1b[m\x1b[K\n'}
[117.483482] (tof_sensor_package) StderrLine: {'line': b'\x1b[01m\x1b[K/home/cjs/VL53L8CX/VL53L8CX_ws/src/tof_sensor_package/src/pallet_detect_node.cpp:183:61:\x1b[m\x1b[K \x1b[01;36m\x1b[Knote: \x1b[m\x1b[K  initializing argument 1 of \xe2\x80\x98\x1b[01m\x1b[Kvoid PalletDetectNode::populatePalletInfoMatrix(std::array<short unsigned int, 64>&, const cv::Mat&)\x1b[m\x1b[K\xe2\x80\x99\n'}
[117.483654] (tof_sensor_package) StderrLine: {'line': b'  183 |     void populatePalletInfoMatrix(\x1b[01;36m\x1b[Kstd::array<uint16_t, 64>& sensor_array\x1b[m\x1b[K, const cv::Mat& matrix) {\n'}
[117.483825] (tof_sensor_package) StderrLine: {'line': b'      |                                   \x1b[01;36m\x1b[K~~~~~~~~~~~~~~~~~~~~~~~~~~^~~~~~~~~~~~\x1b[m\x1b[K\n'}
[117.483999] (tof_sensor_package) StderrLine: {'line': b'\x1b[01m\x1b[K/home/cjs/VL53L8CX/VL53L8CX_ws/src/tof_sensor_package/src/pallet_detect_node.cpp:127:26:\x1b[m\x1b[K \x1b[01;35m\x1b[Kwarning: \x1b[m\x1b[Kstructured bindings only available with \xe2\x80\x98\x1b[01m\x1b[K-std=c++17\x1b[m\x1b[K\xe2\x80\x99 or \xe2\x80\x98\x1b[01m\x1b[K-std=gnu++17\x1b[m\x1b[K\xe2\x80\x99\n'}
[117.484179] (tof_sensor_package) StderrLine: {'line': b'  127 |                     auto \x1b[01;35m\x1b[K[\x1b[m\x1b[KangleA, driftA] = BestFit::analyze(A_8, distance_threshold);\n'}
[117.484541] (tof_sensor_package) StderrLine: {'line': b'      |                          \x1b[01;35m\x1b[K^\x1b[m\x1b[K\n'}
[117.485677] (tof_sensor_package) StderrLine: {'line': b'\x1b[01m\x1b[K/home/cjs/VL53L8CX/VL53L8CX_ws/src/tof_sensor_package/src/pallet_detect_node.cpp:128:26:\x1b[m\x1b[K \x1b[01;35m\x1b[Kwarning: \x1b[m\x1b[Kstructured bindings only available with \xe2\x80\x98\x1b[01m\x1b[K-std=c++17\x1b[m\x1b[K\xe2\x80\x99 or \xe2\x80\x98\x1b[01m\x1b[K-std=gnu++17\x1b[m\x1b[K\xe2\x80\x99\n'}
[117.485876] (tof_sensor_package) StderrLine: {'line': b'  128 |                     auto \x1b[01;35m\x1b[K[\x1b[m\x1b[KangleC, driftC] = BestFit::analyze(C_8, distance_threshold);\n'}
[117.486015] (tof_sensor_package) StderrLine: {'line': b'      |                          \x1b[01;35m\x1b[K^\x1b[m\x1b[K\n'}
[117.525538] (-) TimerEvent: {}
[117.627650] (-) TimerEvent: {}
[117.728381] (-) TimerEvent: {}
[117.829799] (-) TimerEvent: {}
[117.931327] (-) TimerEvent: {}
[118.032336] (-) TimerEvent: {}
[118.133512] (-) TimerEvent: {}
[118.235049] (-) TimerEvent: {}
[118.336806] (-) TimerEvent: {}
[118.437775] (-) TimerEvent: {}
[118.538686] (-) TimerEvent: {}
[118.639945] (-) TimerEvent: {}
[118.740732] (-) TimerEvent: {}
[118.842153] (-) TimerEvent: {}
[118.943566] (-) TimerEvent: {}
[119.044194] (-) TimerEvent: {}
[119.144988] (-) TimerEvent: {}
[119.247010] (-) TimerEvent: {}
[119.356364] (-) TimerEvent: {}
[119.457670] (-) TimerEvent: {}
[119.559482] (-) TimerEvent: {}
[119.661021] (-) TimerEvent: {}
[119.762561] (-) TimerEvent: {}
[119.864420] (-) TimerEvent: {}
[119.965646] (-) TimerEvent: {}
[120.067262] (-) TimerEvent: {}
[120.168856] (-) TimerEvent: {}
[120.270393] (-) TimerEvent: {}
[120.371994] (-) TimerEvent: {}
[120.472648] (-) TimerEvent: {}
[120.574394] (-) TimerEvent: {}
[120.677091] (-) TimerEvent: {}
[120.778373] (-) TimerEvent: {}
[120.880026] (-) TimerEvent: {}
[120.980870] (-) TimerEvent: {}
[121.082473] (-) TimerEvent: {}
[121.184178] (-) TimerEvent: {}
[121.239265] (tof_sensor_package) StderrLine: {'line': b'make[2]: *** [CMakeFiles/pallet_detect_node.dir/build.make:63: CMakeFiles/pallet_detect_node.dir/src/pallet_detect_node.cpp.o] Error 1\n'}
[121.239728] (tof_sensor_package) StderrLine: {'line': b'make[1]: *** [CMakeFiles/Makefile2:78: CMakeFiles/pallet_detect_node.dir/all] Error 2\n'}
[121.239884] (tof_sensor_package) StderrLine: {'line': b'make: *** [Makefile:141: all] Error 2\n'}
[121.250177] (tof_sensor_package) CommandEnded: {'returncode': 2}
[121.284994] (-) TimerEvent: {}
[121.386347] (-) TimerEvent: {}
[121.432083] (tof_sensor_package) JobEnded: {'identifier': 'tof_sensor_package', 'rc': 2}
[121.437924] (-) EventReactorShutdown: {}
