[0.080s] Invoking command in '/home/cjs/VL53L8CX/VL53L8CX_ws/build/base_interfaces_demo': CMAKE_PREFIX_PATH=/opt/ros/foxy /usr/bin/cmake --build /home/cjs/VL53L8CX/VL53L8CX_ws/build/base_interfaces_demo -- -j4 -l4
[0.363s] [  0%] Built target base_interfaces_demo__cpp
[0.494s] [ 12%] Built target base_interfaces_demo__rosidl_generator_c
[0.582s] [ 24%] Built target base_interfaces_demo__rosidl_typesupport_cpp
[0.630s] [ 37%] Built target base_interfaces_demo__rosidl_typesupport_introspection_cpp
[0.641s] [ 49%] Built target base_interfaces_demo__rosidl_typesupport_fastrtps_cpp
[0.754s] [ 61%] Built target base_interfaces_demo__rosidl_typesupport_c
[0.777s] [ 74%] Built target base_interfaces_demo__rosidl_typesupport_introspection_c
[0.875s] [ 87%] Built target base_interfaces_demo__rosidl_typesupport_fastrtps_c
[0.984s] [ 87%] Built target base_interfaces_demo
[1.091s] [ 87%] Built target base_interfaces_demo__py
[1.222s] [ 99%] Built target base_interfaces_demo__python
[1.347s] [ 99%] Built target base_interfaces_demo__rosidl_typesupport_introspection_c__pyext
[1.354s] [ 99%] Built target base_interfaces_demo__rosidl_typesupport_fastrtps_c__pyext
[1.493s] [100%] Built target base_interfaces_demo__rosidl_typesupport_c__pyext
[1.569s] Invoked command in '/home/cjs/VL53L8CX/VL53L8CX_ws/build/base_interfaces_demo' returned '0': CMAKE_PREFIX_PATH=/opt/ros/foxy /usr/bin/cmake --build /home/cjs/VL53L8CX/VL53L8CX_ws/build/base_interfaces_demo -- -j4 -l4
[6.013s] Invoking command in '/home/cjs/VL53L8CX/VL53L8CX_ws/build/base_interfaces_demo': CMAKE_PREFIX_PATH=/opt/ros/foxy /usr/bin/cmake --install /home/cjs/VL53L8CX/VL53L8CX_ws/build/base_interfaces_demo
[6.033s] -- Install configuration: ""
[6.034s] -- Up-to-date: /home/cjs/VL53L8CX/VL53L8CX_ws/install/base_interfaces_demo/share/ament_index/resource_index/rosidl_interfaces/base_interfaces_demo
[6.035s] -- Up-to-date: /home/cjs/VL53L8CX/VL53L8CX_ws/install/base_interfaces_demo/include/base_interfaces_demo
[6.037s] -- Up-to-date: /home/cjs/VL53L8CX/VL53L8CX_ws/install/base_interfaces_demo/include/base_interfaces_demo/action
[6.049s] -- Up-to-date: /home/cjs/VL53L8CX/VL53L8CX_ws/install/base_interfaces_demo/include/base_interfaces_demo/action/nav.h
[6.050s] -- Up-to-date: /home/cjs/VL53L8CX/VL53L8CX_ws/install/base_interfaces_demo/include/base_interfaces_demo/action/detail
[6.051s] -- Up-to-date: /home/cjs/VL53L8CX/VL53L8CX_ws/install/base_interfaces_demo/include/base_interfaces_demo/action/detail/pallet__type_support.h
[6.051s] -- Up-to-date: /home/cjs/VL53L8CX/VL53L8CX_ws/install/base_interfaces_demo/include/base_interfaces_demo/action/detail/pallet__functions.h
[6.052s] -- Up-to-date: /home/cjs/VL53L8CX/VL53L8CX_ws/install/base_interfaces_demo/include/base_interfaces_demo/action/detail/pallet__struct.h
[6.052s] -- Up-to-date: /home/cjs/VL53L8CX/VL53L8CX_ws/install/base_interfaces_demo/include/base_interfaces_demo/action/detail/reverse__type_support.h
[6.052s] -- Up-to-date: /home/cjs/VL53L8CX/VL53L8CX_ws/install/base_interfaces_demo/include/base_interfaces_demo/action/detail/reverse__struct.h
[6.052s] -- Up-to-date: /home/cjs/VL53L8CX/VL53L8CX_ws/install/base_interfaces_demo/include/base_interfaces_demo/action/detail/nav__functions.c
[6.052s] -- Up-to-date: /home/cjs/VL53L8CX/VL53L8CX_ws/install/base_interfaces_demo/include/base_interfaces_demo/action/detail/reverse__functions.h
[6.053s] -- Up-to-date: /home/cjs/VL53L8CX/VL53L8CX_ws/install/base_interfaces_demo/include/base_interfaces_demo/action/detail/nav__type_support.h
[6.054s] -- Up-to-date: /home/cjs/VL53L8CX/VL53L8CX_ws/install/base_interfaces_demo/include/base_interfaces_demo/action/detail/nav__functions.h
[6.054s] -- Up-to-date: /home/cjs/VL53L8CX/VL53L8CX_ws/install/base_interfaces_demo/include/base_interfaces_demo/action/detail/reverse__functions.c
[6.055s] -- Up-to-date: /home/cjs/VL53L8CX/VL53L8CX_ws/install/base_interfaces_demo/include/base_interfaces_demo/action/detail/nav__struct.h
[6.055s] -- Up-to-date: /home/cjs/VL53L8CX/VL53L8CX_ws/install/base_interfaces_demo/include/base_interfaces_demo/action/detail/pallet__functions.c
[6.055s] -- Up-to-date: /home/cjs/VL53L8CX/VL53L8CX_ws/install/base_interfaces_demo/include/base_interfaces_demo/action/pallet.h
[6.061s] -- Up-to-date: /home/cjs/VL53L8CX/VL53L8CX_ws/install/base_interfaces_demo/include/base_interfaces_demo/action/reverse.h
[6.062s] -- Up-to-date: /home/cjs/VL53L8CX/VL53L8CX_ws/install/base_interfaces_demo/include/base_interfaces_demo/srv
[6.062s] -- Up-to-date: /home/cjs/VL53L8CX/VL53L8CX_ws/install/base_interfaces_demo/include/base_interfaces_demo/srv/check_emergency.h
[6.062s] -- Up-to-date: /home/cjs/VL53L8CX/VL53L8CX_ws/install/base_interfaces_demo/include/base_interfaces_demo/srv/detail
[6.062s] -- Up-to-date: /home/cjs/VL53L8CX/VL53L8CX_ws/install/base_interfaces_demo/include/base_interfaces_demo/srv/detail/pub_code__functions.c
[6.062s] -- Up-to-date: /home/cjs/VL53L8CX/VL53L8CX_ws/install/base_interfaces_demo/include/base_interfaces_demo/srv/detail/set_emergency__type_support.h
[6.063s] -- Up-to-date: /home/cjs/VL53L8CX/VL53L8CX_ws/install/base_interfaces_demo/include/base_interfaces_demo/srv/detail/pub_code__functions.h
[6.063s] -- Up-to-date: /home/cjs/VL53L8CX/VL53L8CX_ws/install/base_interfaces_demo/include/base_interfaces_demo/srv/detail/hall__functions.h
[6.063s] -- Up-to-date: /home/cjs/VL53L8CX/VL53L8CX_ws/install/base_interfaces_demo/include/base_interfaces_demo/srv/detail/check_emergency__functions.h
[6.063s] -- Up-to-date: /home/cjs/VL53L8CX/VL53L8CX_ws/install/base_interfaces_demo/include/base_interfaces_demo/srv/detail/rcs_server__functions.h
[6.063s] -- Up-to-date: /home/cjs/VL53L8CX/VL53L8CX_ws/install/base_interfaces_demo/include/base_interfaces_demo/srv/detail/set_emergency__struct.h
[6.063s] -- Up-to-date: /home/cjs/VL53L8CX/VL53L8CX_ws/install/base_interfaces_demo/include/base_interfaces_demo/srv/detail/pub_code__type_support.h
[6.063s] -- Up-to-date: /home/cjs/VL53L8CX/VL53L8CX_ws/install/base_interfaces_demo/include/base_interfaces_demo/srv/detail/rcs_server__type_support.h
[6.064s] -- Up-to-date: /home/cjs/VL53L8CX/VL53L8CX_ws/install/base_interfaces_demo/include/base_interfaces_demo/srv/detail/rcs_server__functions.c
[6.064s] -- Up-to-date: /home/cjs/VL53L8CX/VL53L8CX_ws/install/base_interfaces_demo/include/base_interfaces_demo/srv/detail/check_emergency__struct.h
[6.064s] -- Up-to-date: /home/cjs/VL53L8CX/VL53L8CX_ws/install/base_interfaces_demo/include/base_interfaces_demo/srv/detail/hall__struct.h
[6.064s] -- Up-to-date: /home/cjs/VL53L8CX/VL53L8CX_ws/install/base_interfaces_demo/include/base_interfaces_demo/srv/detail/rcs_server__struct.h
[6.064s] -- Up-to-date: /home/cjs/VL53L8CX/VL53L8CX_ws/install/base_interfaces_demo/include/base_interfaces_demo/srv/detail/pub_code__struct.h
[6.065s] -- Up-to-date: /home/cjs/VL53L8CX/VL53L8CX_ws/install/base_interfaces_demo/include/base_interfaces_demo/srv/detail/set_emergency__functions.h
[6.065s] -- Up-to-date: /home/cjs/VL53L8CX/VL53L8CX_ws/install/base_interfaces_demo/include/base_interfaces_demo/srv/detail/set_emergency__functions.c
[6.065s] -- Up-to-date: /home/cjs/VL53L8CX/VL53L8CX_ws/install/base_interfaces_demo/include/base_interfaces_demo/srv/detail/check_emergency__type_support.h
[6.065s] -- Up-to-date: /home/cjs/VL53L8CX/VL53L8CX_ws/install/base_interfaces_demo/include/base_interfaces_demo/srv/detail/hall__functions.c
[6.065s] -- Up-to-date: /home/cjs/VL53L8CX/VL53L8CX_ws/install/base_interfaces_demo/include/base_interfaces_demo/srv/detail/hall__type_support.h
[6.065s] -- Up-to-date: /home/cjs/VL53L8CX/VL53L8CX_ws/install/base_interfaces_demo/include/base_interfaces_demo/srv/detail/check_emergency__functions.c
[6.066s] -- Up-to-date: /home/cjs/VL53L8CX/VL53L8CX_ws/install/base_interfaces_demo/include/base_interfaces_demo/srv/rcs_server.h
[6.071s] -- Up-to-date: /home/cjs/VL53L8CX/VL53L8CX_ws/install/base_interfaces_demo/include/base_interfaces_demo/srv/set_emergency.h
[6.071s] -- Up-to-date: /home/cjs/VL53L8CX/VL53L8CX_ws/install/base_interfaces_demo/include/base_interfaces_demo/srv/hall.h
[6.071s] -- Up-to-date: /home/cjs/VL53L8CX/VL53L8CX_ws/install/base_interfaces_demo/include/base_interfaces_demo/srv/pub_code.h
[6.071s] -- Up-to-date: /home/cjs/VL53L8CX/VL53L8CX_ws/install/base_interfaces_demo/include/base_interfaces_demo/msg
[6.071s] -- Up-to-date: /home/cjs/VL53L8CX/VL53L8CX_ws/install/base_interfaces_demo/include/base_interfaces_demo/msg/bms_info.h
[6.071s] -- Up-to-date: /home/cjs/VL53L8CX/VL53L8CX_ws/install/base_interfaces_demo/include/base_interfaces_demo/msg/ohom.h
[6.071s] -- Up-to-date: /home/cjs/VL53L8CX/VL53L8CX_ws/install/base_interfaces_demo/include/base_interfaces_demo/msg/manual_seek_label.h
[6.072s] -- Up-to-date: /home/cjs/VL53L8CX/VL53L8CX_ws/install/base_interfaces_demo/include/base_interfaces_demo/msg/motor_cmd.h
[6.072s] -- Up-to-date: /home/cjs/VL53L8CX/VL53L8CX_ws/install/base_interfaces_demo/include/base_interfaces_demo/msg/lift_control.h
[6.072s] -- Up-to-date: /home/cjs/VL53L8CX/VL53L8CX_ws/install/base_interfaces_demo/include/base_interfaces_demo/msg/rosidl_generator_c__visibility_control.h
[6.072s] -- Up-to-date: /home/cjs/VL53L8CX/VL53L8CX_ws/install/base_interfaces_demo/include/base_interfaces_demo/msg/detail
[6.072s] -- Up-to-date: /home/cjs/VL53L8CX/VL53L8CX_ws/install/base_interfaces_demo/include/base_interfaces_demo/msg/detail/pub_code__functions.c
[6.072s] -- Up-to-date: /home/cjs/VL53L8CX/VL53L8CX_ws/install/base_interfaces_demo/include/base_interfaces_demo/msg/detail/motor_status__functions.c
[6.072s] -- Up-to-date: /home/cjs/VL53L8CX/VL53L8CX_ws/install/base_interfaces_demo/include/base_interfaces_demo/msg/detail/movecontrol_info__functions.h
[6.073s] -- Up-to-date: /home/cjs/VL53L8CX/VL53L8CX_ws/install/base_interfaces_demo/include/base_interfaces_demo/msg/detail/rcs_info__functions.h
[6.073s] -- Up-to-date: /home/cjs/VL53L8CX/VL53L8CX_ws/install/base_interfaces_demo/include/base_interfaces_demo/msg/detail/pub_code__functions.h
[6.073s] -- Up-to-date: /home/cjs/VL53L8CX/VL53L8CX_ws/install/base_interfaces_demo/include/base_interfaces_demo/msg/detail/rcs_info__type_support.h
[6.073s] -- Up-to-date: /home/cjs/VL53L8CX/VL53L8CX_ws/install/base_interfaces_demo/include/base_interfaces_demo/msg/detail/bms_info__type_support.h
[6.073s] -- Up-to-date: /home/cjs/VL53L8CX/VL53L8CX_ws/install/base_interfaces_demo/include/base_interfaces_demo/msg/detail/seek_ret__type_support.h
[6.073s] -- Up-to-date: /home/cjs/VL53L8CX/VL53L8CX_ws/install/base_interfaces_demo/include/base_interfaces_demo/msg/detail/lift_control__type_support.h
[6.074s] -- Up-to-date: /home/cjs/VL53L8CX/VL53L8CX_ws/install/base_interfaces_demo/include/base_interfaces_demo/msg/detail/color_info__functions.c
[6.074s] -- Up-to-date: /home/cjs/VL53L8CX/VL53L8CX_ws/install/base_interfaces_demo/include/base_interfaces_demo/msg/detail/lift_control__struct.h
[6.074s] -- Up-to-date: /home/cjs/VL53L8CX/VL53L8CX_ws/install/base_interfaces_demo/include/base_interfaces_demo/msg/detail/pallet_info__functions.h
[6.074s] -- Up-to-date: /home/cjs/VL53L8CX/VL53L8CX_ws/install/base_interfaces_demo/include/base_interfaces_demo/msg/detail/rcs_info__struct.h
[6.074s] -- Up-to-date: /home/cjs/VL53L8CX/VL53L8CX_ws/install/base_interfaces_demo/include/base_interfaces_demo/msg/detail/bt_status__struct.h
[6.074s] -- Up-to-date: /home/cjs/VL53L8CX/VL53L8CX_ws/install/base_interfaces_demo/include/base_interfaces_demo/msg/detail/obs_laser__type_support.h
[6.075s] -- Up-to-date: /home/cjs/VL53L8CX/VL53L8CX_ws/install/base_interfaces_demo/include/base_interfaces_demo/msg/detail/manual__struct.h
[6.075s] -- Up-to-date: /home/cjs/VL53L8CX/VL53L8CX_ws/install/base_interfaces_demo/include/base_interfaces_demo/msg/detail/bt_status__type_support.h
[6.075s] -- Up-to-date: /home/cjs/VL53L8CX/VL53L8CX_ws/install/base_interfaces_demo/include/base_interfaces_demo/msg/detail/file_updata__struct.h
[6.075s] -- Up-to-date: /home/cjs/VL53L8CX/VL53L8CX_ws/install/base_interfaces_demo/include/base_interfaces_demo/msg/detail/seek_cmd__functions.h
[6.075s] -- Up-to-date: /home/cjs/VL53L8CX/VL53L8CX_ws/install/base_interfaces_demo/include/base_interfaces_demo/msg/detail/motor_status__struct.h
[6.075s] -- Up-to-date: /home/cjs/VL53L8CX/VL53L8CX_ws/install/base_interfaces_demo/include/base_interfaces_demo/msg/detail/motor_cmd__functions.c
[6.076s] -- Up-to-date: /home/cjs/VL53L8CX/VL53L8CX_ws/install/base_interfaces_demo/include/base_interfaces_demo/msg/detail/manual_seek_label__struct.h
[6.076s] -- Up-to-date: /home/cjs/VL53L8CX/VL53L8CX_ws/install/base_interfaces_demo/include/base_interfaces_demo/msg/detail/motor_status__type_support.h
[6.076s] -- Up-to-date: /home/cjs/VL53L8CX/VL53L8CX_ws/install/base_interfaces_demo/include/base_interfaces_demo/msg/detail/motion_control__functions.c
[6.076s] -- Up-to-date: /home/cjs/VL53L8CX/VL53L8CX_ws/install/base_interfaces_demo/include/base_interfaces_demo/msg/detail/health_node__functions.c
[6.076s] -- Up-to-date: /home/cjs/VL53L8CX/VL53L8CX_ws/install/base_interfaces_demo/include/base_interfaces_demo/msg/detail/seek_cmd__struct.h
[6.076s] -- Up-to-date: /home/cjs/VL53L8CX/VL53L8CX_ws/install/base_interfaces_demo/include/base_interfaces_demo/msg/detail/charger_info__functions.h
[6.077s] -- Up-to-date: /home/cjs/VL53L8CX/VL53L8CX_ws/install/base_interfaces_demo/include/base_interfaces_demo/msg/detail/test__struct.h
[6.077s] -- Up-to-date: /home/cjs/VL53L8CX/VL53L8CX_ws/install/base_interfaces_demo/include/base_interfaces_demo/msg/detail/health_node__struct.h
[6.092s] -- Up-to-date: /home/cjs/VL53L8CX/VL53L8CX_ws/install/base_interfaces_demo/include/base_interfaces_demo/msg/detail/lift_info__functions.c
[6.092s] -- Up-to-date: /home/cjs/VL53L8CX/VL53L8CX_ws/install/base_interfaces_demo/include/base_interfaces_demo/msg/detail/motor_status__functions.h
[6.092s] -- Up-to-date: /home/cjs/VL53L8CX/VL53L8CX_ws/install/base_interfaces_demo/include/base_interfaces_demo/msg/detail/movecontrol_info__type_support.h
[6.092s] -- Up-to-date: /home/cjs/VL53L8CX/VL53L8CX_ws/install/base_interfaces_demo/include/base_interfaces_demo/msg/detail/pub_code__type_support.h
[6.093s] -- Up-to-date: /home/cjs/VL53L8CX/VL53L8CX_ws/install/base_interfaces_demo/include/base_interfaces_demo/msg/detail/test__functions.h
[6.093s] -- Up-to-date: /home/cjs/VL53L8CX/VL53L8CX_ws/install/base_interfaces_demo/include/base_interfaces_demo/msg/detail/lift_info__functions.h
[6.093s] -- Up-to-date: /home/cjs/VL53L8CX/VL53L8CX_ws/install/base_interfaces_demo/include/base_interfaces_demo/msg/detail/movecontrol_info__struct.h
[6.093s] -- Up-to-date: /home/cjs/VL53L8CX/VL53L8CX_ws/install/base_interfaces_demo/include/base_interfaces_demo/msg/detail/motor_cmd__functions.h
[6.096s] -- Up-to-date: /home/cjs/VL53L8CX/VL53L8CX_ws/install/base_interfaces_demo/include/base_interfaces_demo/msg/detail/bt_status__functions.c
[6.097s] -- Up-to-date: /home/cjs/VL53L8CX/VL53L8CX_ws/install/base_interfaces_demo/include/base_interfaces_demo/msg/detail/manual__functions.h
[6.097s] -- Up-to-date: /home/cjs/VL53L8CX/VL53L8CX_ws/install/base_interfaces_demo/include/base_interfaces_demo/msg/detail/hall_info__functions.h
[6.097s] -- Up-to-date: /home/cjs/VL53L8CX/VL53L8CX_ws/install/base_interfaces_demo/include/base_interfaces_demo/msg/detail/manual__functions.c
[6.103s] -- Up-to-date: /home/cjs/VL53L8CX/VL53L8CX_ws/install/base_interfaces_demo/include/base_interfaces_demo/msg/detail/file_updata__functions.c
[6.103s] -- Up-to-date: /home/cjs/VL53L8CX/VL53L8CX_ws/install/base_interfaces_demo/include/base_interfaces_demo/msg/detail/manual_seek_label__type_support.h
[6.103s] -- Up-to-date: /home/cjs/VL53L8CX/VL53L8CX_ws/install/base_interfaces_demo/include/base_interfaces_demo/msg/detail/pallet_info__type_support.h
[6.103s] -- Up-to-date: /home/cjs/VL53L8CX/VL53L8CX_ws/install/base_interfaces_demo/include/base_interfaces_demo/msg/detail/ohom__functions.h
[6.103s] -- Up-to-date: /home/cjs/VL53L8CX/VL53L8CX_ws/install/base_interfaces_demo/include/base_interfaces_demo/msg/detail/color_info__functions.h
[6.104s] -- Up-to-date: /home/cjs/VL53L8CX/VL53L8CX_ws/install/base_interfaces_demo/include/base_interfaces_demo/msg/detail/health_node__functions.h
[6.104s] -- Up-to-date: /home/cjs/VL53L8CX/VL53L8CX_ws/install/base_interfaces_demo/include/base_interfaces_demo/msg/detail/seek_cmd__functions.c
[6.104s] -- Up-to-date: /home/cjs/VL53L8CX/VL53L8CX_ws/install/base_interfaces_demo/include/base_interfaces_demo/msg/detail/car_status__functions.h
[6.104s] -- Up-to-date: /home/cjs/VL53L8CX/VL53L8CX_ws/install/base_interfaces_demo/include/base_interfaces_demo/msg/detail/motion_control__type_support.h
[6.104s] -- Up-to-date: /home/cjs/VL53L8CX/VL53L8CX_ws/install/base_interfaces_demo/include/base_interfaces_demo/msg/detail/manual_seek_label__functions.c
[6.104s] -- Up-to-date: /home/cjs/VL53L8CX/VL53L8CX_ws/install/base_interfaces_demo/include/base_interfaces_demo/msg/detail/bms_info__functions.h
[6.105s] -- Up-to-date: /home/cjs/VL53L8CX/VL53L8CX_ws/install/base_interfaces_demo/include/base_interfaces_demo/msg/detail/system_status__functions.h
[6.105s] -- Up-to-date: /home/cjs/VL53L8CX/VL53L8CX_ws/install/base_interfaces_demo/include/base_interfaces_demo/msg/detail/location__functions.c
[6.105s] -- Up-to-date: /home/cjs/VL53L8CX/VL53L8CX_ws/install/base_interfaces_demo/include/base_interfaces_demo/msg/detail/lift_info__struct.h
[6.105s] -- Up-to-date: /home/cjs/VL53L8CX/VL53L8CX_ws/install/base_interfaces_demo/include/base_interfaces_demo/msg/detail/rcs_info__functions.c
[6.106s] -- Up-to-date: /home/cjs/VL53L8CX/VL53L8CX_ws/install/base_interfaces_demo/include/base_interfaces_demo/msg/detail/motion_control__functions.h
[6.106s] -- Up-to-date: /home/cjs/VL53L8CX/VL53L8CX_ws/install/base_interfaces_demo/include/base_interfaces_demo/msg/detail/motor_cmd__struct.h
[6.106s] -- Up-to-date: /home/cjs/VL53L8CX/VL53L8CX_ws/install/base_interfaces_demo/include/base_interfaces_demo/msg/detail/system_status__functions.c
[6.106s] -- Up-to-date: /home/cjs/VL53L8CX/VL53L8CX_ws/install/base_interfaces_demo/include/base_interfaces_demo/msg/detail/location__struct.h
[6.106s] -- Up-to-date: /home/cjs/VL53L8CX/VL53L8CX_ws/install/base_interfaces_demo/include/base_interfaces_demo/msg/detail/motor_cmd__type_support.h
[6.106s] -- Up-to-date: /home/cjs/VL53L8CX/VL53L8CX_ws/install/base_interfaces_demo/include/base_interfaces_demo/msg/detail/hall_info__functions.c
[6.109s] -- Up-to-date: /home/cjs/VL53L8CX/VL53L8CX_ws/install/base_interfaces_demo/include/base_interfaces_demo/msg/detail/file_updata__functions.h
[6.109s] -- Up-to-date: /home/cjs/VL53L8CX/VL53L8CX_ws/install/base_interfaces_demo/include/base_interfaces_demo/msg/detail/test__type_support.h
[6.111s] -- Up-to-date: /home/cjs/VL53L8CX/VL53L8CX_ws/install/base_interfaces_demo/include/base_interfaces_demo/msg/detail/ohom__type_support.h
[6.111s] -- Up-to-date: /home/cjs/VL53L8CX/VL53L8CX_ws/install/base_interfaces_demo/include/base_interfaces_demo/msg/detail/bt_status__functions.h
[6.112s] -- Up-to-date: /home/cjs/VL53L8CX/VL53L8CX_ws/install/base_interfaces_demo/include/base_interfaces_demo/msg/detail/pallet_info__struct.h
[6.112s] -- Up-to-date: /home/cjs/VL53L8CX/VL53L8CX_ws/install/base_interfaces_demo/include/base_interfaces_demo/msg/detail/seek_ret__functions.h
[6.113s] -- Up-to-date: /home/cjs/VL53L8CX/VL53L8CX_ws/install/base_interfaces_demo/include/base_interfaces_demo/msg/detail/color_info__struct.h
[6.113s] -- Up-to-date: /home/cjs/VL53L8CX/VL53L8CX_ws/install/base_interfaces_demo/include/base_interfaces_demo/msg/detail/charger_info__functions.c
[6.113s] -- Up-to-date: /home/cjs/VL53L8CX/VL53L8CX_ws/install/base_interfaces_demo/include/base_interfaces_demo/msg/detail/pub_code__struct.h
[6.113s] -- Up-to-date: /home/cjs/VL53L8CX/VL53L8CX_ws/install/base_interfaces_demo/include/base_interfaces_demo/msg/detail/lift_control__functions.h
[6.113s] -- Up-to-date: /home/cjs/VL53L8CX/VL53L8CX_ws/install/base_interfaces_demo/include/base_interfaces_demo/msg/detail/obs_laser__functions.h
[6.113s] -- Up-to-date: /home/cjs/VL53L8CX/VL53L8CX_ws/install/base_interfaces_demo/include/base_interfaces_demo/msg/detail/seek_cmd__type_support.h
[6.114s] -- Up-to-date: /home/cjs/VL53L8CX/VL53L8CX_ws/install/base_interfaces_demo/include/base_interfaces_demo/msg/detail/movecontrol_info__functions.c
[6.114s] -- Up-to-date: /home/cjs/VL53L8CX/VL53L8CX_ws/install/base_interfaces_demo/include/base_interfaces_demo/msg/detail/manual__type_support.h
[6.114s] -- Up-to-date: /home/cjs/VL53L8CX/VL53L8CX_ws/install/base_interfaces_demo/include/base_interfaces_demo/msg/detail/system_status__type_support.h
[6.114s] -- Up-to-date: /home/cjs/VL53L8CX/VL53L8CX_ws/install/base_interfaces_demo/include/base_interfaces_demo/msg/detail/car_status__struct.h
[6.114s] -- Up-to-date: /home/cjs/VL53L8CX/VL53L8CX_ws/install/base_interfaces_demo/include/base_interfaces_demo/msg/detail/lift_control__functions.c
[6.114s] -- Up-to-date: /home/cjs/VL53L8CX/VL53L8CX_ws/install/base_interfaces_demo/include/base_interfaces_demo/msg/detail/seek_ret__functions.c
[6.115s] -- Up-to-date: /home/cjs/VL53L8CX/VL53L8CX_ws/install/base_interfaces_demo/include/base_interfaces_demo/msg/detail/hall_info__type_support.h
[6.115s] -- Up-to-date: /home/cjs/VL53L8CX/VL53L8CX_ws/install/base_interfaces_demo/include/base_interfaces_demo/msg/detail/obs_laser__struct.h
[6.117s] -- Up-to-date: /home/cjs/VL53L8CX/VL53L8CX_ws/install/base_interfaces_demo/include/base_interfaces_demo/msg/detail/ohom__functions.c
[6.118s] -- Up-to-date: /home/cjs/VL53L8CX/VL53L8CX_ws/install/base_interfaces_demo/include/base_interfaces_demo/msg/detail/motion_control__struct.h
[6.119s] -- Up-to-date: /home/cjs/VL53L8CX/VL53L8CX_ws/install/base_interfaces_demo/include/base_interfaces_demo/msg/detail/lift_info__type_support.h
[6.119s] -- Up-to-date: /home/cjs/VL53L8CX/VL53L8CX_ws/install/base_interfaces_demo/include/base_interfaces_demo/msg/detail/location__type_support.h
[6.121s] -- Up-to-date: /home/cjs/VL53L8CX/VL53L8CX_ws/install/base_interfaces_demo/include/base_interfaces_demo/msg/detail/health_node__type_support.h
[6.122s] -- Up-to-date: /home/cjs/VL53L8CX/VL53L8CX_ws/install/base_interfaces_demo/include/base_interfaces_demo/msg/detail/seek_ret__struct.h
[6.122s] -- Up-to-date: /home/cjs/VL53L8CX/VL53L8CX_ws/install/base_interfaces_demo/include/base_interfaces_demo/msg/detail/hall_info__struct.h
[6.123s] -- Up-to-date: /home/cjs/VL53L8CX/VL53L8CX_ws/install/base_interfaces_demo/include/base_interfaces_demo/msg/detail/bms_info__struct.h
[6.123s] -- Up-to-date: /home/cjs/VL53L8CX/VL53L8CX_ws/install/base_interfaces_demo/include/base_interfaces_demo/msg/detail/pallet_info__functions.c
[6.123s] -- Up-to-date: /home/cjs/VL53L8CX/VL53L8CX_ws/install/base_interfaces_demo/include/base_interfaces_demo/msg/detail/ohom__struct.h
[6.123s] -- Up-to-date: /home/cjs/VL53L8CX/VL53L8CX_ws/install/base_interfaces_demo/include/base_interfaces_demo/msg/detail/charger_info__struct.h
[6.124s] -- Up-to-date: /home/cjs/VL53L8CX/VL53L8CX_ws/install/base_interfaces_demo/include/base_interfaces_demo/msg/detail/charger_info__type_support.h
[6.124s] -- Up-to-date: /home/cjs/VL53L8CX/VL53L8CX_ws/install/base_interfaces_demo/include/base_interfaces_demo/msg/detail/bms_info__functions.c
[6.124s] -- Up-to-date: /home/cjs/VL53L8CX/VL53L8CX_ws/install/base_interfaces_demo/include/base_interfaces_demo/msg/detail/test__functions.c
[6.124s] -- Up-to-date: /home/cjs/VL53L8CX/VL53L8CX_ws/install/base_interfaces_demo/include/base_interfaces_demo/msg/detail/location__functions.h
[6.124s] -- Up-to-date: /home/cjs/VL53L8CX/VL53L8CX_ws/install/base_interfaces_demo/include/base_interfaces_demo/msg/detail/manual_seek_label__functions.h
[6.128s] -- Up-to-date: /home/cjs/VL53L8CX/VL53L8CX_ws/install/base_interfaces_demo/include/base_interfaces_demo/msg/detail/system_status__struct.h
[6.128s] -- Up-to-date: /home/cjs/VL53L8CX/VL53L8CX_ws/install/base_interfaces_demo/include/base_interfaces_demo/msg/detail/obs_laser__functions.c
[6.129s] -- Up-to-date: /home/cjs/VL53L8CX/VL53L8CX_ws/install/base_interfaces_demo/include/base_interfaces_demo/msg/detail/color_info__type_support.h
[6.130s] -- Up-to-date: /home/cjs/VL53L8CX/VL53L8CX_ws/install/base_interfaces_demo/include/base_interfaces_demo/msg/detail/file_updata__type_support.h
[6.131s] -- Up-to-date: /home/cjs/VL53L8CX/VL53L8CX_ws/install/base_interfaces_demo/include/base_interfaces_demo/msg/detail/car_status__type_support.h
[6.132s] -- Up-to-date: /home/cjs/VL53L8CX/VL53L8CX_ws/install/base_interfaces_demo/include/base_interfaces_demo/msg/detail/car_status__functions.c
[6.133s] -- Up-to-date: /home/cjs/VL53L8CX/VL53L8CX_ws/install/base_interfaces_demo/include/base_interfaces_demo/msg/pallet_info.h
[6.133s] -- Up-to-date: /home/cjs/VL53L8CX/VL53L8CX_ws/install/base_interfaces_demo/include/base_interfaces_demo/msg/motor_status.h
[6.133s] -- Up-to-date: /home/cjs/VL53L8CX/VL53L8CX_ws/install/base_interfaces_demo/include/base_interfaces_demo/msg/location.h
[6.134s] -- Up-to-date: /home/cjs/VL53L8CX/VL53L8CX_ws/install/base_interfaces_demo/include/base_interfaces_demo/msg/charger_info.h
[6.134s] -- Up-to-date: /home/cjs/VL53L8CX/VL53L8CX_ws/install/base_interfaces_demo/include/base_interfaces_demo/msg/rcs_info.h
[6.134s] -- Up-to-date: /home/cjs/VL53L8CX/VL53L8CX_ws/install/base_interfaces_demo/include/base_interfaces_demo/msg/bt_status.h
[6.134s] -- Up-to-date: /home/cjs/VL53L8CX/VL53L8CX_ws/install/base_interfaces_demo/include/base_interfaces_demo/msg/lift_info.h
[6.134s] -- Up-to-date: /home/cjs/VL53L8CX/VL53L8CX_ws/install/base_interfaces_demo/include/base_interfaces_demo/msg/color_info.h
[6.135s] -- Up-to-date: /home/cjs/VL53L8CX/VL53L8CX_ws/install/base_interfaces_demo/include/base_interfaces_demo/msg/movecontrol_info.h
[6.135s] -- Up-to-date: /home/cjs/VL53L8CX/VL53L8CX_ws/install/base_interfaces_demo/include/base_interfaces_demo/msg/test.h
[6.135s] -- Up-to-date: /home/cjs/VL53L8CX/VL53L8CX_ws/install/base_interfaces_demo/include/base_interfaces_demo/msg/obs_laser.h
[6.135s] -- Up-to-date: /home/cjs/VL53L8CX/VL53L8CX_ws/install/base_interfaces_demo/include/base_interfaces_demo/msg/hall_info.h
[6.135s] -- Up-to-date: /home/cjs/VL53L8CX/VL53L8CX_ws/install/base_interfaces_demo/include/base_interfaces_demo/msg/health_node.h
[6.136s] -- Up-to-date: /home/cjs/VL53L8CX/VL53L8CX_ws/install/base_interfaces_demo/include/base_interfaces_demo/msg/car_status.h
[6.136s] -- Up-to-date: /home/cjs/VL53L8CX/VL53L8CX_ws/install/base_interfaces_demo/include/base_interfaces_demo/msg/motion_control.h
[6.136s] -- Up-to-date: /home/cjs/VL53L8CX/VL53L8CX_ws/install/base_interfaces_demo/include/base_interfaces_demo/msg/pub_code.h
[6.137s] -- Up-to-date: /home/cjs/VL53L8CX/VL53L8CX_ws/install/base_interfaces_demo/include/base_interfaces_demo/msg/seek_cmd.h
[6.138s] -- Up-to-date: /home/cjs/VL53L8CX/VL53L8CX_ws/install/base_interfaces_demo/include/base_interfaces_demo/msg/system_status.h
[6.139s] -- Up-to-date: /home/cjs/VL53L8CX/VL53L8CX_ws/install/base_interfaces_demo/include/base_interfaces_demo/msg/manual.h
[6.139s] -- Up-to-date: /home/cjs/VL53L8CX/VL53L8CX_ws/install/base_interfaces_demo/include/base_interfaces_demo/msg/seek_ret.h
[6.140s] -- Up-to-date: /home/cjs/VL53L8CX/VL53L8CX_ws/install/base_interfaces_demo/include/base_interfaces_demo/msg/file_updata.h
[6.142s] -- Up-to-date: /home/cjs/VL53L8CX/VL53L8CX_ws/install/base_interfaces_demo/share/base_interfaces_demo/environment/library_path.sh
[6.143s] -- Up-to-date: /home/cjs/VL53L8CX/VL53L8CX_ws/install/base_interfaces_demo/share/base_interfaces_demo/environment/library_path.dsv
[6.144s] -- Up-to-date: /home/cjs/VL53L8CX/VL53L8CX_ws/install/base_interfaces_demo/lib/libbase_interfaces_demo__rosidl_generator_c.so
[6.144s] -- Up-to-date: /home/cjs/VL53L8CX/VL53L8CX_ws/install/base_interfaces_demo/include/base_interfaces_demo
[6.145s] -- Up-to-date: /home/cjs/VL53L8CX/VL53L8CX_ws/install/base_interfaces_demo/include/base_interfaces_demo/action
[6.146s] -- Up-to-date: /home/cjs/VL53L8CX/VL53L8CX_ws/install/base_interfaces_demo/include/base_interfaces_demo/action/detail
[6.146s] -- Up-to-date: /home/cjs/VL53L8CX/VL53L8CX_ws/install/base_interfaces_demo/include/base_interfaces_demo/action/detail/nav__rosidl_typesupport_fastrtps_c.h
[6.147s] -- Up-to-date: /home/cjs/VL53L8CX/VL53L8CX_ws/install/base_interfaces_demo/include/base_interfaces_demo/action/detail/pallet__rosidl_typesupport_fastrtps_c.h
[6.147s] -- Up-to-date: /home/cjs/VL53L8CX/VL53L8CX_ws/install/base_interfaces_demo/include/base_interfaces_demo/action/detail/reverse__rosidl_typesupport_fastrtps_c.h
[6.147s] -- Up-to-date: /home/cjs/VL53L8CX/VL53L8CX_ws/install/base_interfaces_demo/include/base_interfaces_demo/srv
[6.147s] -- Up-to-date: /home/cjs/VL53L8CX/VL53L8CX_ws/install/base_interfaces_demo/include/base_interfaces_demo/srv/detail
[6.147s] -- Up-to-date: /home/cjs/VL53L8CX/VL53L8CX_ws/install/base_interfaces_demo/include/base_interfaces_demo/srv/detail/hall__rosidl_typesupport_fastrtps_c.h
[6.147s] -- Up-to-date: /home/cjs/VL53L8CX/VL53L8CX_ws/install/base_interfaces_demo/include/base_interfaces_demo/srv/detail/check_emergency__rosidl_typesupport_fastrtps_c.h
[6.148s] -- Up-to-date: /home/cjs/VL53L8CX/VL53L8CX_ws/install/base_interfaces_demo/include/base_interfaces_demo/srv/detail/pub_code__rosidl_typesupport_fastrtps_c.h
[6.148s] -- Up-to-date: /home/cjs/VL53L8CX/VL53L8CX_ws/install/base_interfaces_demo/include/base_interfaces_demo/srv/detail/set_emergency__rosidl_typesupport_fastrtps_c.h
[6.148s] -- Up-to-date: /home/cjs/VL53L8CX/VL53L8CX_ws/install/base_interfaces_demo/include/base_interfaces_demo/srv/detail/rcs_server__rosidl_typesupport_fastrtps_c.h
[6.148s] -- Up-to-date: /home/cjs/VL53L8CX/VL53L8CX_ws/install/base_interfaces_demo/include/base_interfaces_demo/msg
[6.148s] -- Up-to-date: /home/cjs/VL53L8CX/VL53L8CX_ws/install/base_interfaces_demo/include/base_interfaces_demo/msg/detail
[6.150s] -- Up-to-date: /home/cjs/VL53L8CX/VL53L8CX_ws/install/base_interfaces_demo/include/base_interfaces_demo/msg/detail/hall_info__rosidl_typesupport_fastrtps_c.h
[6.151s] -- Up-to-date: /home/cjs/VL53L8CX/VL53L8CX_ws/install/base_interfaces_demo/include/base_interfaces_demo/msg/detail/manual__rosidl_typesupport_fastrtps_c.h
[6.151s] -- Up-to-date: /home/cjs/VL53L8CX/VL53L8CX_ws/install/base_interfaces_demo/include/base_interfaces_demo/msg/detail/manual_seek_label__rosidl_typesupport_fastrtps_c.h
[6.151s] -- Up-to-date: /home/cjs/VL53L8CX/VL53L8CX_ws/install/base_interfaces_demo/include/base_interfaces_demo/msg/detail/lift_info__rosidl_typesupport_fastrtps_c.h
[6.153s] -- Up-to-date: /home/cjs/VL53L8CX/VL53L8CX_ws/install/base_interfaces_demo/include/base_interfaces_demo/msg/detail/location__rosidl_typesupport_fastrtps_c.h
[6.153s] -- Up-to-date: /home/cjs/VL53L8CX/VL53L8CX_ws/install/base_interfaces_demo/include/base_interfaces_demo/msg/detail/movecontrol_info__rosidl_typesupport_fastrtps_c.h
[6.153s] -- Up-to-date: /home/cjs/VL53L8CX/VL53L8CX_ws/install/base_interfaces_demo/include/base_interfaces_demo/msg/detail/bms_info__rosidl_typesupport_fastrtps_c.h
[6.153s] -- Up-to-date: /home/cjs/VL53L8CX/VL53L8CX_ws/install/base_interfaces_demo/include/base_interfaces_demo/msg/detail/health_node__rosidl_typesupport_fastrtps_c.h
[6.154s] -- Up-to-date: /home/cjs/VL53L8CX/VL53L8CX_ws/install/base_interfaces_demo/include/base_interfaces_demo/msg/detail/lift_control__rosidl_typesupport_fastrtps_c.h
[6.155s] -- Up-to-date: /home/cjs/VL53L8CX/VL53L8CX_ws/install/base_interfaces_demo/include/base_interfaces_demo/msg/detail/color_info__rosidl_typesupport_fastrtps_c.h
[6.155s] -- Up-to-date: /home/cjs/VL53L8CX/VL53L8CX_ws/install/base_interfaces_demo/include/base_interfaces_demo/msg/detail/car_status__rosidl_typesupport_fastrtps_c.h
[6.155s] -- Up-to-date: /home/cjs/VL53L8CX/VL53L8CX_ws/install/base_interfaces_demo/include/base_interfaces_demo/msg/detail/pallet_info__rosidl_typesupport_fastrtps_c.h
[6.155s] -- Up-to-date: /home/cjs/VL53L8CX/VL53L8CX_ws/install/base_interfaces_demo/include/base_interfaces_demo/msg/detail/seek_ret__rosidl_typesupport_fastrtps_c.h
[6.156s] -- Up-to-date: /home/cjs/VL53L8CX/VL53L8CX_ws/install/base_interfaces_demo/include/base_interfaces_demo/msg/detail/pub_code__rosidl_typesupport_fastrtps_c.h
[6.156s] -- Up-to-date: /home/cjs/VL53L8CX/VL53L8CX_ws/install/base_interfaces_demo/include/base_interfaces_demo/msg/detail/rcs_info__rosidl_typesupport_fastrtps_c.h
[6.156s] -- Up-to-date: /home/cjs/VL53L8CX/VL53L8CX_ws/install/base_interfaces_demo/include/base_interfaces_demo/msg/detail/bt_status__rosidl_typesupport_fastrtps_c.h
[6.157s] -- Up-to-date: /home/cjs/VL53L8CX/VL53L8CX_ws/install/base_interfaces_demo/include/base_interfaces_demo/msg/detail/charger_info__rosidl_typesupport_fastrtps_c.h
[6.157s] -- Up-to-date: /home/cjs/VL53L8CX/VL53L8CX_ws/install/base_interfaces_demo/include/base_interfaces_demo/msg/detail/seek_cmd__rosidl_typesupport_fastrtps_c.h
[6.157s] -- Up-to-date: /home/cjs/VL53L8CX/VL53L8CX_ws/install/base_interfaces_demo/include/base_interfaces_demo/msg/detail/system_status__rosidl_typesupport_fastrtps_c.h
[6.157s] -- Up-to-date: /home/cjs/VL53L8CX/VL53L8CX_ws/install/base_interfaces_demo/include/base_interfaces_demo/msg/detail/motion_control__rosidl_typesupport_fastrtps_c.h
[6.158s] -- Up-to-date: /home/cjs/VL53L8CX/VL53L8CX_ws/install/base_interfaces_demo/include/base_interfaces_demo/msg/detail/test__rosidl_typesupport_fastrtps_c.h
[6.158s] -- Up-to-date: /home/cjs/VL53L8CX/VL53L8CX_ws/install/base_interfaces_demo/include/base_interfaces_demo/msg/detail/file_updata__rosidl_typesupport_fastrtps_c.h
[6.158s] -- Up-to-date: /home/cjs/VL53L8CX/VL53L8CX_ws/install/base_interfaces_demo/include/base_interfaces_demo/msg/detail/ohom__rosidl_typesupport_fastrtps_c.h
[6.158s] -- Up-to-date: /home/cjs/VL53L8CX/VL53L8CX_ws/install/base_interfaces_demo/include/base_interfaces_demo/msg/detail/motor_cmd__rosidl_typesupport_fastrtps_c.h
[6.159s] -- Up-to-date: /home/cjs/VL53L8CX/VL53L8CX_ws/install/base_interfaces_demo/include/base_interfaces_demo/msg/detail/obs_laser__rosidl_typesupport_fastrtps_c.h
[6.159s] -- Up-to-date: /home/cjs/VL53L8CX/VL53L8CX_ws/install/base_interfaces_demo/include/base_interfaces_demo/msg/detail/motor_status__rosidl_typesupport_fastrtps_c.h
[6.159s] -- Up-to-date: /home/cjs/VL53L8CX/VL53L8CX_ws/install/base_interfaces_demo/include/base_interfaces_demo/msg/rosidl_typesupport_fastrtps_c__visibility_control.h
[6.159s] -- Up-to-date: /home/cjs/VL53L8CX/VL53L8CX_ws/install/base_interfaces_demo/lib/libbase_interfaces_demo__rosidl_typesupport_fastrtps_c.so
[6.159s] -- Up-to-date: /home/cjs/VL53L8CX/VL53L8CX_ws/install/base_interfaces_demo/include/base_interfaces_demo
[6.159s] -- Up-to-date: /home/cjs/VL53L8CX/VL53L8CX_ws/install/base_interfaces_demo/include/base_interfaces_demo/action
[6.160s] -- Up-to-date: /home/cjs/VL53L8CX/VL53L8CX_ws/install/base_interfaces_demo/include/base_interfaces_demo/action/detail
[6.160s] -- Up-to-date: /home/cjs/VL53L8CX/VL53L8CX_ws/install/base_interfaces_demo/include/base_interfaces_demo/action/detail/pallet__rosidl_typesupport_fastrtps_cpp.hpp
[6.160s] -- Up-to-date: /home/cjs/VL53L8CX/VL53L8CX_ws/install/base_interfaces_demo/include/base_interfaces_demo/action/detail/dds_fastrtps
[6.160s] -- Up-to-date: /home/cjs/VL53L8CX/VL53L8CX_ws/install/base_interfaces_demo/include/base_interfaces_demo/action/detail/reverse__rosidl_typesupport_fastrtps_cpp.hpp
[6.160s] -- Up-to-date: /home/cjs/VL53L8CX/VL53L8CX_ws/install/base_interfaces_demo/include/base_interfaces_demo/action/detail/nav__rosidl_typesupport_fastrtps_cpp.hpp
[6.161s] -- Up-to-date: /home/cjs/VL53L8CX/VL53L8CX_ws/install/base_interfaces_demo/include/base_interfaces_demo/srv
[6.161s] -- Up-to-date: /home/cjs/VL53L8CX/VL53L8CX_ws/install/base_interfaces_demo/include/base_interfaces_demo/srv/detail
[6.161s] -- Up-to-date: /home/cjs/VL53L8CX/VL53L8CX_ws/install/base_interfaces_demo/include/base_interfaces_demo/srv/detail/check_emergency__rosidl_typesupport_fastrtps_cpp.hpp
[6.161s] -- Up-to-date: /home/cjs/VL53L8CX/VL53L8CX_ws/install/base_interfaces_demo/include/base_interfaces_demo/srv/detail/set_emergency__rosidl_typesupport_fastrtps_cpp.hpp
[6.161s] -- Up-to-date: /home/cjs/VL53L8CX/VL53L8CX_ws/install/base_interfaces_demo/include/base_interfaces_demo/srv/detail/rcs_server__rosidl_typesupport_fastrtps_cpp.hpp
[6.161s] -- Up-to-date: /home/cjs/VL53L8CX/VL53L8CX_ws/install/base_interfaces_demo/include/base_interfaces_demo/srv/detail/dds_fastrtps
[6.162s] -- Up-to-date: /home/cjs/VL53L8CX/VL53L8CX_ws/install/base_interfaces_demo/include/base_interfaces_demo/srv/detail/pub_code__rosidl_typesupport_fastrtps_cpp.hpp
[6.162s] -- Up-to-date: /home/cjs/VL53L8CX/VL53L8CX_ws/install/base_interfaces_demo/include/base_interfaces_demo/srv/detail/hall__rosidl_typesupport_fastrtps_cpp.hpp
[6.162s] -- Up-to-date: /home/cjs/VL53L8CX/VL53L8CX_ws/install/base_interfaces_demo/include/base_interfaces_demo/msg
[6.162s] -- Up-to-date: /home/cjs/VL53L8CX/VL53L8CX_ws/install/base_interfaces_demo/include/base_interfaces_demo/msg/detail
[6.162s] -- Up-to-date: /home/cjs/VL53L8CX/VL53L8CX_ws/install/base_interfaces_demo/include/base_interfaces_demo/msg/detail/hall_info__rosidl_typesupport_fastrtps_cpp.hpp
[6.163s] -- Up-to-date: /home/cjs/VL53L8CX/VL53L8CX_ws/install/base_interfaces_demo/include/base_interfaces_demo/msg/detail/pallet_info__rosidl_typesupport_fastrtps_cpp.hpp
[6.163s] -- Up-to-date: /home/cjs/VL53L8CX/VL53L8CX_ws/install/base_interfaces_demo/include/base_interfaces_demo/msg/detail/car_status__rosidl_typesupport_fastrtps_cpp.hpp
[6.163s] -- Up-to-date: /home/cjs/VL53L8CX/VL53L8CX_ws/install/base_interfaces_demo/include/base_interfaces_demo/msg/detail/manual__rosidl_typesupport_fastrtps_cpp.hpp
[6.163s] -- Up-to-date: /home/cjs/VL53L8CX/VL53L8CX_ws/install/base_interfaces_demo/include/base_interfaces_demo/msg/detail/test__rosidl_typesupport_fastrtps_cpp.hpp
[6.163s] -- Up-to-date: /home/cjs/VL53L8CX/VL53L8CX_ws/install/base_interfaces_demo/include/base_interfaces_demo/msg/detail/lift_info__rosidl_typesupport_fastrtps_cpp.hpp
[6.163s] -- Up-to-date: /home/cjs/VL53L8CX/VL53L8CX_ws/install/base_interfaces_demo/include/base_interfaces_demo/msg/detail/manual_seek_label__rosidl_typesupport_fastrtps_cpp.hpp
[6.164s] -- Up-to-date: /home/cjs/VL53L8CX/VL53L8CX_ws/install/base_interfaces_demo/include/base_interfaces_demo/msg/detail/file_updata__rosidl_typesupport_fastrtps_cpp.hpp
[6.164s] -- Up-to-date: /home/cjs/VL53L8CX/VL53L8CX_ws/install/base_interfaces_demo/include/base_interfaces_demo/msg/detail/lift_control__rosidl_typesupport_fastrtps_cpp.hpp
[6.164s] -- Up-to-date: /home/cjs/VL53L8CX/VL53L8CX_ws/install/base_interfaces_demo/include/base_interfaces_demo/msg/detail/movecontrol_info__rosidl_typesupport_fastrtps_cpp.hpp
[6.164s] -- Up-to-date: /home/cjs/VL53L8CX/VL53L8CX_ws/install/base_interfaces_demo/include/base_interfaces_demo/msg/detail/seek_cmd__rosidl_typesupport_fastrtps_cpp.hpp
[6.164s] -- Up-to-date: /home/cjs/VL53L8CX/VL53L8CX_ws/install/base_interfaces_demo/include/base_interfaces_demo/msg/detail/seek_ret__rosidl_typesupport_fastrtps_cpp.hpp
[6.164s] -- Up-to-date: /home/cjs/VL53L8CX/VL53L8CX_ws/install/base_interfaces_demo/include/base_interfaces_demo/msg/detail/color_info__rosidl_typesupport_fastrtps_cpp.hpp
[6.165s] -- Up-to-date: /home/cjs/VL53L8CX/VL53L8CX_ws/install/base_interfaces_demo/include/base_interfaces_demo/msg/detail/location__rosidl_typesupport_fastrtps_cpp.hpp
[6.165s] -- Up-to-date: /home/cjs/VL53L8CX/VL53L8CX_ws/install/base_interfaces_demo/include/base_interfaces_demo/msg/detail/bt_status__rosidl_typesupport_fastrtps_cpp.hpp
[6.165s] -- Up-to-date: /home/cjs/VL53L8CX/VL53L8CX_ws/install/base_interfaces_demo/include/base_interfaces_demo/msg/detail/dds_fastrtps
[6.168s] -- Up-to-date: /home/cjs/VL53L8CX/VL53L8CX_ws/install/base_interfaces_demo/include/base_interfaces_demo/msg/detail/motor_cmd__rosidl_typesupport_fastrtps_cpp.hpp
[6.168s] -- Up-to-date: /home/cjs/VL53L8CX/VL53L8CX_ws/install/base_interfaces_demo/include/base_interfaces_demo/msg/detail/motion_control__rosidl_typesupport_fastrtps_cpp.hpp
[6.169s] -- Up-to-date: /home/cjs/VL53L8CX/VL53L8CX_ws/install/base_interfaces_demo/include/base_interfaces_demo/msg/detail/bms_info__rosidl_typesupport_fastrtps_cpp.hpp
[6.174s] -- Up-to-date: /home/cjs/VL53L8CX/VL53L8CX_ws/install/base_interfaces_demo/include/base_interfaces_demo/msg/detail/ohom__rosidl_typesupport_fastrtps_cpp.hpp
[6.178s] -- Up-to-date: /home/cjs/VL53L8CX/VL53L8CX_ws/install/base_interfaces_demo/include/base_interfaces_demo/msg/detail/pub_code__rosidl_typesupport_fastrtps_cpp.hpp
[6.178s] -- Up-to-date: /home/cjs/VL53L8CX/VL53L8CX_ws/install/base_interfaces_demo/include/base_interfaces_demo/msg/detail/charger_info__rosidl_typesupport_fastrtps_cpp.hpp
[6.178s] -- Up-to-date: /home/cjs/VL53L8CX/VL53L8CX_ws/install/base_interfaces_demo/include/base_interfaces_demo/msg/detail/system_status__rosidl_typesupport_fastrtps_cpp.hpp
[6.179s] -- Up-to-date: /home/cjs/VL53L8CX/VL53L8CX_ws/install/base_interfaces_demo/include/base_interfaces_demo/msg/detail/rcs_info__rosidl_typesupport_fastrtps_cpp.hpp
[6.179s] -- Up-to-date: /home/cjs/VL53L8CX/VL53L8CX_ws/install/base_interfaces_demo/include/base_interfaces_demo/msg/detail/motor_status__rosidl_typesupport_fastrtps_cpp.hpp
[6.179s] -- Up-to-date: /home/cjs/VL53L8CX/VL53L8CX_ws/install/base_interfaces_demo/include/base_interfaces_demo/msg/detail/health_node__rosidl_typesupport_fastrtps_cpp.hpp
[6.179s] -- Up-to-date: /home/cjs/VL53L8CX/VL53L8CX_ws/install/base_interfaces_demo/include/base_interfaces_demo/msg/detail/obs_laser__rosidl_typesupport_fastrtps_cpp.hpp
[6.179s] -- Up-to-date: /home/cjs/VL53L8CX/VL53L8CX_ws/install/base_interfaces_demo/include/base_interfaces_demo/msg/rosidl_typesupport_fastrtps_cpp__visibility_control.h
[6.180s] -- Up-to-date: /home/cjs/VL53L8CX/VL53L8CX_ws/install/base_interfaces_demo/lib/libbase_interfaces_demo__rosidl_typesupport_fastrtps_cpp.so
[6.180s] -- Up-to-date: /home/cjs/VL53L8CX/VL53L8CX_ws/install/base_interfaces_demo/include/base_interfaces_demo
[6.181s] -- Up-to-date: /home/cjs/VL53L8CX/VL53L8CX_ws/install/base_interfaces_demo/include/base_interfaces_demo/action
[6.181s] -- Up-to-date: /home/cjs/VL53L8CX/VL53L8CX_ws/install/base_interfaces_demo/include/base_interfaces_demo/action/detail
[6.181s] -- Up-to-date: /home/cjs/VL53L8CX/VL53L8CX_ws/install/base_interfaces_demo/include/base_interfaces_demo/action/detail/pallet__rosidl_typesupport_introspection_c.h
[6.181s] -- Up-to-date: /home/cjs/VL53L8CX/VL53L8CX_ws/install/base_interfaces_demo/include/base_interfaces_demo/action/detail/reverse__type_support.c
[6.181s] -- Up-to-date: /home/cjs/VL53L8CX/VL53L8CX_ws/install/base_interfaces_demo/include/base_interfaces_demo/action/detail/nav__rosidl_typesupport_introspection_c.h
[6.182s] -- Up-to-date: /home/cjs/VL53L8CX/VL53L8CX_ws/install/base_interfaces_demo/include/base_interfaces_demo/action/detail/nav__type_support.c
[6.183s] -- Up-to-date: /home/cjs/VL53L8CX/VL53L8CX_ws/install/base_interfaces_demo/include/base_interfaces_demo/action/detail/reverse__rosidl_typesupport_introspection_c.h
[6.183s] -- Up-to-date: /home/cjs/VL53L8CX/VL53L8CX_ws/install/base_interfaces_demo/include/base_interfaces_demo/action/detail/pallet__type_support.c
[6.183s] -- Up-to-date: /home/cjs/VL53L8CX/VL53L8CX_ws/install/base_interfaces_demo/include/base_interfaces_demo/srv
[6.183s] -- Up-to-date: /home/cjs/VL53L8CX/VL53L8CX_ws/install/base_interfaces_demo/include/base_interfaces_demo/srv/detail
[6.183s] -- Up-to-date: /home/cjs/VL53L8CX/VL53L8CX_ws/install/base_interfaces_demo/include/base_interfaces_demo/srv/detail/pub_code__rosidl_typesupport_introspection_c.h
[6.183s] -- Up-to-date: /home/cjs/VL53L8CX/VL53L8CX_ws/install/base_interfaces_demo/include/base_interfaces_demo/srv/detail/set_emergency__rosidl_typesupport_introspection_c.h
[6.184s] -- Up-to-date: /home/cjs/VL53L8CX/VL53L8CX_ws/install/base_interfaces_demo/include/base_interfaces_demo/srv/detail/pub_code__type_support.c
[6.184s] -- Up-to-date: /home/cjs/VL53L8CX/VL53L8CX_ws/install/base_interfaces_demo/include/base_interfaces_demo/srv/detail/rcs_server__rosidl_typesupport_introspection_c.h
[6.184s] -- Up-to-date: /home/cjs/VL53L8CX/VL53L8CX_ws/install/base_interfaces_demo/include/base_interfaces_demo/srv/detail/rcs_server__type_support.c
[6.184s] -- Up-to-date: /home/cjs/VL53L8CX/VL53L8CX_ws/install/base_interfaces_demo/include/base_interfaces_demo/srv/detail/set_emergency__type_support.c
[6.184s] -- Up-to-date: /home/cjs/VL53L8CX/VL53L8CX_ws/install/base_interfaces_demo/include/base_interfaces_demo/srv/detail/check_emergency__rosidl_typesupport_introspection_c.h
[6.185s] -- Up-to-date: /home/cjs/VL53L8CX/VL53L8CX_ws/install/base_interfaces_demo/include/base_interfaces_demo/srv/detail/check_emergency__type_support.c
[6.185s] -- Up-to-date: /home/cjs/VL53L8CX/VL53L8CX_ws/install/base_interfaces_demo/include/base_interfaces_demo/srv/detail/hall__type_support.c
[6.185s] -- Up-to-date: /home/cjs/VL53L8CX/VL53L8CX_ws/install/base_interfaces_demo/include/base_interfaces_demo/srv/detail/hall__rosidl_typesupport_introspection_c.h
[6.185s] -- Up-to-date: /home/cjs/VL53L8CX/VL53L8CX_ws/install/base_interfaces_demo/include/base_interfaces_demo/msg
[6.185s] -- Up-to-date: /home/cjs/VL53L8CX/VL53L8CX_ws/install/base_interfaces_demo/include/base_interfaces_demo/msg/detail
[6.185s] -- Up-to-date: /home/cjs/VL53L8CX/VL53L8CX_ws/install/base_interfaces_demo/include/base_interfaces_demo/msg/detail/motor_status__type_support.c
[6.186s] -- Up-to-date: /home/cjs/VL53L8CX/VL53L8CX_ws/install/base_interfaces_demo/include/base_interfaces_demo/msg/detail/pub_code__rosidl_typesupport_introspection_c.h
[6.186s] -- Up-to-date: /home/cjs/VL53L8CX/VL53L8CX_ws/install/base_interfaces_demo/include/base_interfaces_demo/msg/detail/seek_cmd__rosidl_typesupport_introspection_c.h
[6.186s] -- Up-to-date: /home/cjs/VL53L8CX/VL53L8CX_ws/install/base_interfaces_demo/include/base_interfaces_demo/msg/detail/pub_code__type_support.c
[6.186s] -- Up-to-date: /home/cjs/VL53L8CX/VL53L8CX_ws/install/base_interfaces_demo/include/base_interfaces_demo/msg/detail/car_status__rosidl_typesupport_introspection_c.h
[6.187s] -- Up-to-date: /home/cjs/VL53L8CX/VL53L8CX_ws/install/base_interfaces_demo/include/base_interfaces_demo/msg/detail/manual__type_support.c
[6.187s] -- Up-to-date: /home/cjs/VL53L8CX/VL53L8CX_ws/install/base_interfaces_demo/include/base_interfaces_demo/msg/detail/motor_status__rosidl_typesupport_introspection_c.h
[6.187s] -- Up-to-date: /home/cjs/VL53L8CX/VL53L8CX_ws/install/base_interfaces_demo/include/base_interfaces_demo/msg/detail/lift_info__type_support.c
[6.187s] -- Up-to-date: /home/cjs/VL53L8CX/VL53L8CX_ws/install/base_interfaces_demo/include/base_interfaces_demo/msg/detail/bms_info__rosidl_typesupport_introspection_c.h
[6.187s] -- Up-to-date: /home/cjs/VL53L8CX/VL53L8CX_ws/install/base_interfaces_demo/include/base_interfaces_demo/msg/detail/hall_info__rosidl_typesupport_introspection_c.h
[6.187s] -- Up-to-date: /home/cjs/VL53L8CX/VL53L8CX_ws/install/base_interfaces_demo/include/base_interfaces_demo/msg/detail/system_status__type_support.c
[6.188s] -- Up-to-date: /home/cjs/VL53L8CX/VL53L8CX_ws/install/base_interfaces_demo/include/base_interfaces_demo/msg/detail/bt_status__rosidl_typesupport_introspection_c.h
[6.188s] -- Up-to-date: /home/cjs/VL53L8CX/VL53L8CX_ws/install/base_interfaces_demo/include/base_interfaces_demo/msg/detail/obs_laser__rosidl_typesupport_introspection_c.h
[6.188s] -- Up-to-date: /home/cjs/VL53L8CX/VL53L8CX_ws/install/base_interfaces_demo/include/base_interfaces_demo/msg/detail/location__type_support.c
[6.188s] -- Up-to-date: /home/cjs/VL53L8CX/VL53L8CX_ws/install/base_interfaces_demo/include/base_interfaces_demo/msg/detail/pallet_info__rosidl_typesupport_introspection_c.h
[6.188s] -- Up-to-date: /home/cjs/VL53L8CX/VL53L8CX_ws/install/base_interfaces_demo/include/base_interfaces_demo/msg/detail/charger_info__type_support.c
[6.188s] -- Up-to-date: /home/cjs/VL53L8CX/VL53L8CX_ws/install/base_interfaces_demo/include/base_interfaces_demo/msg/detail/bt_status__type_support.c
[6.192s] -- Up-to-date: /home/cjs/VL53L8CX/VL53L8CX_ws/install/base_interfaces_demo/include/base_interfaces_demo/msg/detail/test__type_support.c
[6.195s] -- Up-to-date: /home/cjs/VL53L8CX/VL53L8CX_ws/install/base_interfaces_demo/include/base_interfaces_demo/msg/detail/system_status__rosidl_typesupport_introspection_c.h
[6.195s] -- Up-to-date: /home/cjs/VL53L8CX/VL53L8CX_ws/install/base_interfaces_demo/include/base_interfaces_demo/msg/detail/seek_ret__type_support.c
[6.197s] -- Up-to-date: /home/cjs/VL53L8CX/VL53L8CX_ws/install/base_interfaces_demo/include/base_interfaces_demo/msg/detail/lift_control__type_support.c
[6.198s] -- Up-to-date: /home/cjs/VL53L8CX/VL53L8CX_ws/install/base_interfaces_demo/include/base_interfaces_demo/msg/detail/color_info__type_support.c
[6.201s] -- Up-to-date: /home/cjs/VL53L8CX/VL53L8CX_ws/install/base_interfaces_demo/include/base_interfaces_demo/msg/detail/bms_info__type_support.c
[6.204s] -- Up-to-date: /home/cjs/VL53L8CX/VL53L8CX_ws/install/base_interfaces_demo/include/base_interfaces_demo/msg/detail/manual__rosidl_typesupport_introspection_c.h
[6.205s] -- Up-to-date: /home/cjs/VL53L8CX/VL53L8CX_ws/install/base_interfaces_demo/include/base_interfaces_demo/msg/detail/charger_info__rosidl_typesupport_introspection_c.h
[6.205s] -- Up-to-date: /home/cjs/VL53L8CX/VL53L8CX_ws/install/base_interfaces_demo/include/base_interfaces_demo/msg/detail/motion_control__type_support.c
[6.206s] -- Up-to-date: /home/cjs/VL53L8CX/VL53L8CX_ws/install/base_interfaces_demo/include/base_interfaces_demo/msg/detail/seek_cmd__type_support.c
[6.206s] -- Up-to-date: /home/cjs/VL53L8CX/VL53L8CX_ws/install/base_interfaces_demo/include/base_interfaces_demo/msg/detail/movecontrol_info__rosidl_typesupport_introspection_c.h
[6.206s] -- Up-to-date: /home/cjs/VL53L8CX/VL53L8CX_ws/install/base_interfaces_demo/include/base_interfaces_demo/msg/detail/hall_info__type_support.c
[6.206s] -- Up-to-date: /home/cjs/VL53L8CX/VL53L8CX_ws/install/base_interfaces_demo/include/base_interfaces_demo/msg/detail/lift_info__rosidl_typesupport_introspection_c.h
[6.207s] -- Up-to-date: /home/cjs/VL53L8CX/VL53L8CX_ws/install/base_interfaces_demo/include/base_interfaces_demo/msg/detail/movecontrol_info__type_support.c
[6.207s] -- Up-to-date: /home/cjs/VL53L8CX/VL53L8CX_ws/install/base_interfaces_demo/include/base_interfaces_demo/msg/detail/lift_control__rosidl_typesupport_introspection_c.h
[6.207s] -- Up-to-date: /home/cjs/VL53L8CX/VL53L8CX_ws/install/base_interfaces_demo/include/base_interfaces_demo/msg/detail/motor_cmd__type_support.c
[6.207s] -- Up-to-date: /home/cjs/VL53L8CX/VL53L8CX_ws/install/base_interfaces_demo/include/base_interfaces_demo/msg/detail/car_status__type_support.c
[6.207s] -- Up-to-date: /home/cjs/VL53L8CX/VL53L8CX_ws/install/base_interfaces_demo/include/base_interfaces_demo/msg/detail/ohom__rosidl_typesupport_introspection_c.h
[6.208s] -- Up-to-date: /home/cjs/VL53L8CX/VL53L8CX_ws/install/base_interfaces_demo/include/base_interfaces_demo/msg/detail/manual_seek_label__type_support.c
[6.208s] -- Up-to-date: /home/cjs/VL53L8CX/VL53L8CX_ws/install/base_interfaces_demo/include/base_interfaces_demo/msg/detail/manual_seek_label__rosidl_typesupport_introspection_c.h
[6.208s] -- Up-to-date: /home/cjs/VL53L8CX/VL53L8CX_ws/install/base_interfaces_demo/include/base_interfaces_demo/msg/detail/motion_control__rosidl_typesupport_introspection_c.h
[6.209s] -- Up-to-date: /home/cjs/VL53L8CX/VL53L8CX_ws/install/base_interfaces_demo/include/base_interfaces_demo/msg/detail/file_updata__type_support.c
[6.209s] -- Up-to-date: /home/cjs/VL53L8CX/VL53L8CX_ws/install/base_interfaces_demo/include/base_interfaces_demo/msg/detail/rcs_info__rosidl_typesupport_introspection_c.h
[6.209s] -- Up-to-date: /home/cjs/VL53L8CX/VL53L8CX_ws/install/base_interfaces_demo/include/base_interfaces_demo/msg/detail/health_node__type_support.c
[6.209s] -- Up-to-date: /home/cjs/VL53L8CX/VL53L8CX_ws/install/base_interfaces_demo/include/base_interfaces_demo/msg/detail/obs_laser__type_support.c
[6.209s] -- Up-to-date: /home/cjs/VL53L8CX/VL53L8CX_ws/install/base_interfaces_demo/include/base_interfaces_demo/msg/detail/test__rosidl_typesupport_introspection_c.h
[6.210s] -- Up-to-date: /home/cjs/VL53L8CX/VL53L8CX_ws/install/base_interfaces_demo/include/base_interfaces_demo/msg/detail/seek_ret__rosidl_typesupport_introspection_c.h
[6.210s] -- Up-to-date: /home/cjs/VL53L8CX/VL53L8CX_ws/install/base_interfaces_demo/include/base_interfaces_demo/msg/detail/file_updata__rosidl_typesupport_introspection_c.h
[6.210s] -- Up-to-date: /home/cjs/VL53L8CX/VL53L8CX_ws/install/base_interfaces_demo/include/base_interfaces_demo/msg/detail/ohom__type_support.c
[6.210s] -- Up-to-date: /home/cjs/VL53L8CX/VL53L8CX_ws/install/base_interfaces_demo/include/base_interfaces_demo/msg/detail/motor_cmd__rosidl_typesupport_introspection_c.h
[6.211s] -- Up-to-date: /home/cjs/VL53L8CX/VL53L8CX_ws/install/base_interfaces_demo/include/base_interfaces_demo/msg/detail/location__rosidl_typesupport_introspection_c.h
[6.211s] -- Up-to-date: /home/cjs/VL53L8CX/VL53L8CX_ws/install/base_interfaces_demo/include/base_interfaces_demo/msg/detail/pallet_info__type_support.c
[6.211s] -- Up-to-date: /home/cjs/VL53L8CX/VL53L8CX_ws/install/base_interfaces_demo/include/base_interfaces_demo/msg/detail/rcs_info__type_support.c
[6.211s] -- Up-to-date: /home/cjs/VL53L8CX/VL53L8CX_ws/install/base_interfaces_demo/include/base_interfaces_demo/msg/detail/health_node__rosidl_typesupport_introspection_c.h
[6.211s] -- Up-to-date: /home/cjs/VL53L8CX/VL53L8CX_ws/install/base_interfaces_demo/include/base_interfaces_demo/msg/detail/color_info__rosidl_typesupport_introspection_c.h
[6.211s] -- Up-to-date: /home/cjs/VL53L8CX/VL53L8CX_ws/install/base_interfaces_demo/include/base_interfaces_demo/msg/rosidl_typesupport_introspection_c__visibility_control.h
[6.212s] -- Up-to-date: /home/cjs/VL53L8CX/VL53L8CX_ws/install/base_interfaces_demo/lib/libbase_interfaces_demo__rosidl_typesupport_introspection_c.so
[6.212s] -- Up-to-date: /home/cjs/VL53L8CX/VL53L8CX_ws/install/base_interfaces_demo/lib/libbase_interfaces_demo__rosidl_typesupport_c.so
[6.212s] -- Up-to-date: /home/cjs/VL53L8CX/VL53L8CX_ws/install/base_interfaces_demo/include/base_interfaces_demo
[6.212s] -- Up-to-date: /home/cjs/VL53L8CX/VL53L8CX_ws/install/base_interfaces_demo/include/base_interfaces_demo/action
[6.212s] -- Up-to-date: /home/cjs/VL53L8CX/VL53L8CX_ws/install/base_interfaces_demo/include/base_interfaces_demo/action/detail
[6.213s] -- Up-to-date: /home/cjs/VL53L8CX/VL53L8CX_ws/install/base_interfaces_demo/include/base_interfaces_demo/action/detail/reverse__builder.hpp
[6.213s] -- Up-to-date: /home/cjs/VL53L8CX/VL53L8CX_ws/install/base_interfaces_demo/include/base_interfaces_demo/action/detail/nav__traits.hpp
[6.213s] -- Up-to-date: /home/cjs/VL53L8CX/VL53L8CX_ws/install/base_interfaces_demo/include/base_interfaces_demo/action/detail/reverse__struct.hpp
[6.213s] -- Up-to-date: /home/cjs/VL53L8CX/VL53L8CX_ws/install/base_interfaces_demo/include/base_interfaces_demo/action/detail/pallet__traits.hpp
[6.213s] -- Up-to-date: /home/cjs/VL53L8CX/VL53L8CX_ws/install/base_interfaces_demo/include/base_interfaces_demo/action/detail/pallet__type_support.hpp
[6.213s] -- Up-to-date: /home/cjs/VL53L8CX/VL53L8CX_ws/install/base_interfaces_demo/include/base_interfaces_demo/action/detail/pallet__struct.hpp
[6.213s] -- Up-to-date: /home/cjs/VL53L8CX/VL53L8CX_ws/install/base_interfaces_demo/include/base_interfaces_demo/action/detail/nav__type_support.hpp
[6.214s] -- Up-to-date: /home/cjs/VL53L8CX/VL53L8CX_ws/install/base_interfaces_demo/include/base_interfaces_demo/action/detail/reverse__traits.hpp
[6.214s] -- Up-to-date: /home/cjs/VL53L8CX/VL53L8CX_ws/install/base_interfaces_demo/include/base_interfaces_demo/action/detail/pallet__builder.hpp
[6.214s] -- Up-to-date: /home/cjs/VL53L8CX/VL53L8CX_ws/install/base_interfaces_demo/include/base_interfaces_demo/action/detail/nav__builder.hpp
[6.215s] -- Up-to-date: /home/cjs/VL53L8CX/VL53L8CX_ws/install/base_interfaces_demo/include/base_interfaces_demo/action/detail/nav__struct.hpp
[6.215s] -- Up-to-date: /home/cjs/VL53L8CX/VL53L8CX_ws/install/base_interfaces_demo/include/base_interfaces_demo/action/detail/reverse__type_support.hpp
[6.215s] -- Up-to-date: /home/cjs/VL53L8CX/VL53L8CX_ws/install/base_interfaces_demo/include/base_interfaces_demo/action/reverse.hpp
[6.216s] -- Up-to-date: /home/cjs/VL53L8CX/VL53L8CX_ws/install/base_interfaces_demo/include/base_interfaces_demo/action/nav.hpp
[6.216s] -- Up-to-date: /home/cjs/VL53L8CX/VL53L8CX_ws/install/base_interfaces_demo/include/base_interfaces_demo/action/pallet.hpp
[6.216s] -- Up-to-date: /home/cjs/VL53L8CX/VL53L8CX_ws/install/base_interfaces_demo/include/base_interfaces_demo/srv
[6.216s] -- Up-to-date: /home/cjs/VL53L8CX/VL53L8CX_ws/install/base_interfaces_demo/include/base_interfaces_demo/srv/set_emergency.hpp
[6.217s] -- Up-to-date: /home/cjs/VL53L8CX/VL53L8CX_ws/install/base_interfaces_demo/include/base_interfaces_demo/srv/pub_code.hpp
[6.217s] -- Up-to-date: /home/cjs/VL53L8CX/VL53L8CX_ws/install/base_interfaces_demo/include/base_interfaces_demo/srv/detail
[6.217s] -- Up-to-date: /home/cjs/VL53L8CX/VL53L8CX_ws/install/base_interfaces_demo/include/base_interfaces_demo/srv/detail/check_emergency__builder.hpp
[6.217s] -- Up-to-date: /home/cjs/VL53L8CX/VL53L8CX_ws/install/base_interfaces_demo/include/base_interfaces_demo/srv/detail/check_emergency__traits.hpp
[6.218s] -- Up-to-date: /home/cjs/VL53L8CX/VL53L8CX_ws/install/base_interfaces_demo/include/base_interfaces_demo/srv/detail/check_emergency__struct.hpp
[6.219s] -- Up-to-date: /home/cjs/VL53L8CX/VL53L8CX_ws/install/base_interfaces_demo/include/base_interfaces_demo/srv/detail/pub_code__type_support.hpp
[6.219s] -- Up-to-date: /home/cjs/VL53L8CX/VL53L8CX_ws/install/base_interfaces_demo/include/base_interfaces_demo/srv/detail/hall__type_support.hpp
[6.220s] -- Up-to-date: /home/cjs/VL53L8CX/VL53L8CX_ws/install/base_interfaces_demo/include/base_interfaces_demo/srv/detail/hall__builder.hpp
[6.220s] -- Up-to-date: /home/cjs/VL53L8CX/VL53L8CX_ws/install/base_interfaces_demo/include/base_interfaces_demo/srv/detail/pub_code__builder.hpp
[6.225s] -- Up-to-date: /home/cjs/VL53L8CX/VL53L8CX_ws/install/base_interfaces_demo/include/base_interfaces_demo/srv/detail/rcs_server__traits.hpp
[6.225s] -- Up-to-date: /home/cjs/VL53L8CX/VL53L8CX_ws/install/base_interfaces_demo/include/base_interfaces_demo/srv/detail/rcs_server__struct.hpp
[6.226s] -- Up-to-date: /home/cjs/VL53L8CX/VL53L8CX_ws/install/base_interfaces_demo/include/base_interfaces_demo/srv/detail/rcs_server__type_support.hpp
[6.226s] -- Up-to-date: /home/cjs/VL53L8CX/VL53L8CX_ws/install/base_interfaces_demo/include/base_interfaces_demo/srv/detail/check_emergency__type_support.hpp
[6.227s] -- Up-to-date: /home/cjs/VL53L8CX/VL53L8CX_ws/install/base_interfaces_demo/include/base_interfaces_demo/srv/detail/set_emergency__struct.hpp
[6.228s] -- Up-to-date: /home/cjs/VL53L8CX/VL53L8CX_ws/install/base_interfaces_demo/include/base_interfaces_demo/srv/detail/set_emergency__traits.hpp
[6.231s] -- Up-to-date: /home/cjs/VL53L8CX/VL53L8CX_ws/install/base_interfaces_demo/include/base_interfaces_demo/srv/detail/set_emergency__builder.hpp
[6.232s] -- Up-to-date: /home/cjs/VL53L8CX/VL53L8CX_ws/install/base_interfaces_demo/include/base_interfaces_demo/srv/detail/pub_code__struct.hpp
[6.233s] -- Up-to-date: /home/cjs/VL53L8CX/VL53L8CX_ws/install/base_interfaces_demo/include/base_interfaces_demo/srv/detail/hall__struct.hpp
[6.234s] -- Up-to-date: /home/cjs/VL53L8CX/VL53L8CX_ws/install/base_interfaces_demo/include/base_interfaces_demo/srv/detail/set_emergency__type_support.hpp
[6.237s] -- Up-to-date: /home/cjs/VL53L8CX/VL53L8CX_ws/install/base_interfaces_demo/include/base_interfaces_demo/srv/detail/pub_code__traits.hpp
[6.237s] -- Up-to-date: /home/cjs/VL53L8CX/VL53L8CX_ws/install/base_interfaces_demo/include/base_interfaces_demo/srv/detail/hall__traits.hpp
[6.237s] -- Up-to-date: /home/cjs/VL53L8CX/VL53L8CX_ws/install/base_interfaces_demo/include/base_interfaces_demo/srv/detail/rcs_server__builder.hpp
[6.237s] -- Up-to-date: /home/cjs/VL53L8CX/VL53L8CX_ws/install/base_interfaces_demo/include/base_interfaces_demo/srv/rcs_server.hpp
[6.237s] -- Up-to-date: /home/cjs/VL53L8CX/VL53L8CX_ws/install/base_interfaces_demo/include/base_interfaces_demo/srv/check_emergency.hpp
[6.237s] -- Up-to-date: /home/cjs/VL53L8CX/VL53L8CX_ws/install/base_interfaces_demo/include/base_interfaces_demo/srv/hall.hpp
[6.238s] -- Up-to-date: /home/cjs/VL53L8CX/VL53L8CX_ws/install/base_interfaces_demo/include/base_interfaces_demo/msg
[6.238s] -- Up-to-date: /home/cjs/VL53L8CX/VL53L8CX_ws/install/base_interfaces_demo/include/base_interfaces_demo/msg/color_info.hpp
[6.238s] -- Up-to-date: /home/cjs/VL53L8CX/VL53L8CX_ws/install/base_interfaces_demo/include/base_interfaces_demo/msg/car_status.hpp
[6.238s] -- Up-to-date: /home/cjs/VL53L8CX/VL53L8CX_ws/install/base_interfaces_demo/include/base_interfaces_demo/msg/test.hpp
[6.238s] -- Up-to-date: /home/cjs/VL53L8CX/VL53L8CX_ws/install/base_interfaces_demo/include/base_interfaces_demo/msg/ohom.hpp
[6.238s] -- Up-to-date: /home/cjs/VL53L8CX/VL53L8CX_ws/install/base_interfaces_demo/include/base_interfaces_demo/msg/seek_ret.hpp
[6.238s] -- Up-to-date: /home/cjs/VL53L8CX/VL53L8CX_ws/install/base_interfaces_demo/include/base_interfaces_demo/msg/pub_code.hpp
[6.238s] -- Up-to-date: /home/cjs/VL53L8CX/VL53L8CX_ws/install/base_interfaces_demo/include/base_interfaces_demo/msg/motor_cmd.hpp
[6.239s] -- Up-to-date: /home/cjs/VL53L8CX/VL53L8CX_ws/install/base_interfaces_demo/include/base_interfaces_demo/msg/rcs_info.hpp
[6.239s] -- Up-to-date: /home/cjs/VL53L8CX/VL53L8CX_ws/install/base_interfaces_demo/include/base_interfaces_demo/msg/pallet_info.hpp
[6.239s] -- Up-to-date: /home/cjs/VL53L8CX/VL53L8CX_ws/install/base_interfaces_demo/include/base_interfaces_demo/msg/detail
[6.239s] -- Up-to-date: /home/cjs/VL53L8CX/VL53L8CX_ws/install/base_interfaces_demo/include/base_interfaces_demo/msg/detail/motion_control__builder.hpp
[6.239s] -- Up-to-date: /home/cjs/VL53L8CX/VL53L8CX_ws/install/base_interfaces_demo/include/base_interfaces_demo/msg/detail/pallet_info__type_support.hpp
[6.239s] -- Up-to-date: /home/cjs/VL53L8CX/VL53L8CX_ws/install/base_interfaces_demo/include/base_interfaces_demo/msg/detail/pub_code__type_support.hpp
[6.239s] -- Up-to-date: /home/cjs/VL53L8CX/VL53L8CX_ws/install/base_interfaces_demo/include/base_interfaces_demo/msg/detail/manual__struct.hpp
[6.240s] -- Up-to-date: /home/cjs/VL53L8CX/VL53L8CX_ws/install/base_interfaces_demo/include/base_interfaces_demo/msg/detail/movecontrol_info__struct.hpp
[6.240s] -- Up-to-date: /home/cjs/VL53L8CX/VL53L8CX_ws/install/base_interfaces_demo/include/base_interfaces_demo/msg/detail/obs_laser__builder.hpp
[6.240s] -- Up-to-date: /home/cjs/VL53L8CX/VL53L8CX_ws/install/base_interfaces_demo/include/base_interfaces_demo/msg/detail/seek_cmd__builder.hpp
[6.240s] -- Up-to-date: /home/cjs/VL53L8CX/VL53L8CX_ws/install/base_interfaces_demo/include/base_interfaces_demo/msg/detail/charger_info__traits.hpp
[6.240s] -- Up-to-date: /home/cjs/VL53L8CX/VL53L8CX_ws/install/base_interfaces_demo/include/base_interfaces_demo/msg/detail/motor_cmd__struct.hpp
[6.240s] -- Up-to-date: /home/cjs/VL53L8CX/VL53L8CX_ws/install/base_interfaces_demo/include/base_interfaces_demo/msg/detail/system_status__traits.hpp
[6.240s] -- Up-to-date: /home/cjs/VL53L8CX/VL53L8CX_ws/install/base_interfaces_demo/include/base_interfaces_demo/msg/detail/seek_ret__type_support.hpp
[6.241s] -- Up-to-date: /home/cjs/VL53L8CX/VL53L8CX_ws/install/base_interfaces_demo/include/base_interfaces_demo/msg/detail/ohom__builder.hpp
[6.241s] -- Up-to-date: /home/cjs/VL53L8CX/VL53L8CX_ws/install/base_interfaces_demo/include/base_interfaces_demo/msg/detail/car_status__type_support.hpp
[6.241s] -- Up-to-date: /home/cjs/VL53L8CX/VL53L8CX_ws/install/base_interfaces_demo/include/base_interfaces_demo/msg/detail/system_status__struct.hpp
[6.241s] -- Up-to-date: /home/cjs/VL53L8CX/VL53L8CX_ws/install/base_interfaces_demo/include/base_interfaces_demo/msg/detail/pallet_info__builder.hpp
[6.241s] -- Up-to-date: /home/cjs/VL53L8CX/VL53L8CX_ws/install/base_interfaces_demo/include/base_interfaces_demo/msg/detail/seek_ret__traits.hpp
[6.242s] -- Up-to-date: /home/cjs/VL53L8CX/VL53L8CX_ws/install/base_interfaces_demo/include/base_interfaces_demo/msg/detail/motor_cmd__builder.hpp
[6.242s] -- Up-to-date: /home/cjs/VL53L8CX/VL53L8CX_ws/install/base_interfaces_demo/include/base_interfaces_demo/msg/detail/pallet_info__traits.hpp
[6.242s] -- Up-to-date: /home/cjs/VL53L8CX/VL53L8CX_ws/install/base_interfaces_demo/include/base_interfaces_demo/msg/detail/location__traits.hpp
[6.242s] -- Up-to-date: /home/cjs/VL53L8CX/VL53L8CX_ws/install/base_interfaces_demo/include/base_interfaces_demo/msg/detail/lift_info__builder.hpp
[6.242s] -- Up-to-date: /home/cjs/VL53L8CX/VL53L8CX_ws/install/base_interfaces_demo/include/base_interfaces_demo/msg/detail/rcs_info__builder.hpp
[6.242s] -- Up-to-date: /home/cjs/VL53L8CX/VL53L8CX_ws/install/base_interfaces_demo/include/base_interfaces_demo/msg/detail/ohom__type_support.hpp
[6.243s] -- Up-to-date: /home/cjs/VL53L8CX/VL53L8CX_ws/install/base_interfaces_demo/include/base_interfaces_demo/msg/detail/system_status__type_support.hpp
[6.243s] -- Up-to-date: /home/cjs/VL53L8CX/VL53L8CX_ws/install/base_interfaces_demo/include/base_interfaces_demo/msg/detail/pub_code__builder.hpp
[6.243s] -- Up-to-date: /home/cjs/VL53L8CX/VL53L8CX_ws/install/base_interfaces_demo/include/base_interfaces_demo/msg/detail/system_status__builder.hpp
[6.243s] -- Up-to-date: /home/cjs/VL53L8CX/VL53L8CX_ws/install/base_interfaces_demo/include/base_interfaces_demo/msg/detail/health_node__struct.hpp
[6.243s] -- Up-to-date: /home/cjs/VL53L8CX/VL53L8CX_ws/install/base_interfaces_demo/include/base_interfaces_demo/msg/detail/file_updata__struct.hpp
[6.244s] -- Up-to-date: /home/cjs/VL53L8CX/VL53L8CX_ws/install/base_interfaces_demo/include/base_interfaces_demo/msg/detail/bms_info__struct.hpp
[6.244s] -- Up-to-date: /home/cjs/VL53L8CX/VL53L8CX_ws/install/base_interfaces_demo/include/base_interfaces_demo/msg/detail/obs_laser__struct.hpp
[6.244s] -- Up-to-date: /home/cjs/VL53L8CX/VL53L8CX_ws/install/base_interfaces_demo/include/base_interfaces_demo/msg/detail/car_status__struct.hpp
[6.244s] -- Up-to-date: /home/cjs/VL53L8CX/VL53L8CX_ws/install/base_interfaces_demo/include/base_interfaces_demo/msg/detail/manual_seek_label__builder.hpp
[6.244s] -- Up-to-date: /home/cjs/VL53L8CX/VL53L8CX_ws/install/base_interfaces_demo/include/base_interfaces_demo/msg/detail/motor_status__type_support.hpp
[6.244s] -- Up-to-date: /home/cjs/VL53L8CX/VL53L8CX_ws/install/base_interfaces_demo/include/base_interfaces_demo/msg/detail/bt_status__type_support.hpp
[6.244s] -- Up-to-date: /home/cjs/VL53L8CX/VL53L8CX_ws/install/base_interfaces_demo/include/base_interfaces_demo/msg/detail/bt_status__struct.hpp
[6.244s] -- Up-to-date: /home/cjs/VL53L8CX/VL53L8CX_ws/install/base_interfaces_demo/include/base_interfaces_demo/msg/detail/motor_cmd__traits.hpp
[6.245s] -- Up-to-date: /home/cjs/VL53L8CX/VL53L8CX_ws/install/base_interfaces_demo/include/base_interfaces_demo/msg/detail/motion_control__struct.hpp
[6.245s] -- Up-to-date: /home/cjs/VL53L8CX/VL53L8CX_ws/install/base_interfaces_demo/include/base_interfaces_demo/msg/detail/lift_info__type_support.hpp
[6.245s] -- Up-to-date: /home/cjs/VL53L8CX/VL53L8CX_ws/install/base_interfaces_demo/include/base_interfaces_demo/msg/detail/bt_status__traits.hpp
[6.245s] -- Up-to-date: /home/cjs/VL53L8CX/VL53L8CX_ws/install/base_interfaces_demo/include/base_interfaces_demo/msg/detail/car_status__builder.hpp
[6.245s] -- Up-to-date: /home/cjs/VL53L8CX/VL53L8CX_ws/install/base_interfaces_demo/include/base_interfaces_demo/msg/detail/obs_laser__traits.hpp
[6.246s] -- Up-to-date: /home/cjs/VL53L8CX/VL53L8CX_ws/install/base_interfaces_demo/include/base_interfaces_demo/msg/detail/lift_control__type_support.hpp
[6.246s] -- Up-to-date: /home/cjs/VL53L8CX/VL53L8CX_ws/install/base_interfaces_demo/include/base_interfaces_demo/msg/detail/manual__traits.hpp
[6.246s] -- Up-to-date: /home/cjs/VL53L8CX/VL53L8CX_ws/install/base_interfaces_demo/include/base_interfaces_demo/msg/detail/motion_control__type_support.hpp
[6.246s] -- Up-to-date: /home/cjs/VL53L8CX/VL53L8CX_ws/install/base_interfaces_demo/include/base_interfaces_demo/msg/detail/test__traits.hpp
[6.246s] -- Up-to-date: /home/cjs/VL53L8CX/VL53L8CX_ws/install/base_interfaces_demo/include/base_interfaces_demo/msg/detail/manual__type_support.hpp
[6.246s] -- Up-to-date: /home/cjs/VL53L8CX/VL53L8CX_ws/install/base_interfaces_demo/include/base_interfaces_demo/msg/detail/color_info__type_support.hpp
[6.247s] -- Up-to-date: /home/cjs/VL53L8CX/VL53L8CX_ws/install/base_interfaces_demo/include/base_interfaces_demo/msg/detail/seek_cmd__type_support.hpp
[6.247s] -- Up-to-date: /home/cjs/VL53L8CX/VL53L8CX_ws/install/base_interfaces_demo/include/base_interfaces_demo/msg/detail/charger_info__builder.hpp
[6.247s] -- Up-to-date: /home/cjs/VL53L8CX/VL53L8CX_ws/install/base_interfaces_demo/include/base_interfaces_demo/msg/detail/car_status__traits.hpp
[6.247s] -- Up-to-date: /home/cjs/VL53L8CX/VL53L8CX_ws/install/base_interfaces_demo/include/base_interfaces_demo/msg/detail/lift_control__builder.hpp
[6.247s] -- Up-to-date: /home/cjs/VL53L8CX/VL53L8CX_ws/install/base_interfaces_demo/include/base_interfaces_demo/msg/detail/hall_info__struct.hpp
[6.247s] -- Up-to-date: /home/cjs/VL53L8CX/VL53L8CX_ws/install/base_interfaces_demo/include/base_interfaces_demo/msg/detail/bms_info__builder.hpp
[6.247s] -- Up-to-date: /home/cjs/VL53L8CX/VL53L8CX_ws/install/base_interfaces_demo/include/base_interfaces_demo/msg/detail/file_updata__type_support.hpp
[6.248s] -- Up-to-date: /home/cjs/VL53L8CX/VL53L8CX_ws/install/base_interfaces_demo/include/base_interfaces_demo/msg/detail/ohom__traits.hpp
[6.248s] -- Up-to-date: /home/cjs/VL53L8CX/VL53L8CX_ws/install/base_interfaces_demo/include/base_interfaces_demo/msg/detail/color_info__traits.hpp
[6.248s] -- Up-to-date: /home/cjs/VL53L8CX/VL53L8CX_ws/install/base_interfaces_demo/include/base_interfaces_demo/msg/detail/health_node__builder.hpp
[6.249s] -- Up-to-date: /home/cjs/VL53L8CX/VL53L8CX_ws/install/base_interfaces_demo/include/base_interfaces_demo/msg/detail/obs_laser__type_support.hpp
[6.249s] -- Up-to-date: /home/cjs/VL53L8CX/VL53L8CX_ws/install/base_interfaces_demo/include/base_interfaces_demo/msg/detail/charger_info__type_support.hpp
[6.249s] -- Up-to-date: /home/cjs/VL53L8CX/VL53L8CX_ws/install/base_interfaces_demo/include/base_interfaces_demo/msg/detail/color_info__builder.hpp
[6.249s] -- Up-to-date: /home/cjs/VL53L8CX/VL53L8CX_ws/install/base_interfaces_demo/include/base_interfaces_demo/msg/detail/lift_info__traits.hpp
[6.250s] -- Up-to-date: /home/cjs/VL53L8CX/VL53L8CX_ws/install/base_interfaces_demo/include/base_interfaces_demo/msg/detail/hall_info__traits.hpp
[6.250s] -- Up-to-date: /home/cjs/VL53L8CX/VL53L8CX_ws/install/base_interfaces_demo/include/base_interfaces_demo/msg/detail/health_node__traits.hpp
[6.250s] -- Up-to-date: /home/cjs/VL53L8CX/VL53L8CX_ws/install/base_interfaces_demo/include/base_interfaces_demo/msg/detail/color_info__struct.hpp
[6.250s] -- Up-to-date: /home/cjs/VL53L8CX/VL53L8CX_ws/install/base_interfaces_demo/include/base_interfaces_demo/msg/detail/location__builder.hpp
[6.250s] -- Up-to-date: /home/cjs/VL53L8CX/VL53L8CX_ws/install/base_interfaces_demo/include/base_interfaces_demo/msg/detail/motor_cmd__type_support.hpp
[6.250s] -- Up-to-date: /home/cjs/VL53L8CX/VL53L8CX_ws/install/base_interfaces_demo/include/base_interfaces_demo/msg/detail/manual_seek_label__traits.hpp
[6.250s] -- Up-to-date: /home/cjs/VL53L8CX/VL53L8CX_ws/install/base_interfaces_demo/include/base_interfaces_demo/msg/detail/seek_ret__builder.hpp
[6.251s] -- Up-to-date: /home/cjs/VL53L8CX/VL53L8CX_ws/install/base_interfaces_demo/include/base_interfaces_demo/msg/detail/motor_status__struct.hpp
[6.251s] -- Up-to-date: /home/cjs/VL53L8CX/VL53L8CX_ws/install/base_interfaces_demo/include/base_interfaces_demo/msg/detail/file_updata__traits.hpp
[6.251s] -- Up-to-date: /home/cjs/VL53L8CX/VL53L8CX_ws/install/base_interfaces_demo/include/base_interfaces_demo/msg/detail/bms_info__type_support.hpp
[6.251s] -- Up-to-date: /home/cjs/VL53L8CX/VL53L8CX_ws/install/base_interfaces_demo/include/base_interfaces_demo/msg/detail/seek_cmd__traits.hpp
[6.251s] -- Up-to-date: /home/cjs/VL53L8CX/VL53L8CX_ws/install/base_interfaces_demo/include/base_interfaces_demo/msg/detail/health_node__type_support.hpp
[6.251s] -- Up-to-date: /home/cjs/VL53L8CX/VL53L8CX_ws/install/base_interfaces_demo/include/base_interfaces_demo/msg/detail/bt_status__builder.hpp
[6.252s] -- Up-to-date: /home/cjs/VL53L8CX/VL53L8CX_ws/install/base_interfaces_demo/include/base_interfaces_demo/msg/detail/pub_code__struct.hpp
[6.252s] -- Up-to-date: /home/cjs/VL53L8CX/VL53L8CX_ws/install/base_interfaces_demo/include/base_interfaces_demo/msg/detail/motion_control__traits.hpp
[6.252s] -- Up-to-date: /home/cjs/VL53L8CX/VL53L8CX_ws/install/base_interfaces_demo/include/base_interfaces_demo/msg/detail/movecontrol_info__type_support.hpp
[6.252s] -- Up-to-date: /home/cjs/VL53L8CX/VL53L8CX_ws/install/base_interfaces_demo/include/base_interfaces_demo/msg/detail/file_updata__builder.hpp
[6.252s] -- Up-to-date: /home/cjs/VL53L8CX/VL53L8CX_ws/install/base_interfaces_demo/include/base_interfaces_demo/msg/detail/motor_status__builder.hpp
[6.252s] -- Up-to-date: /home/cjs/VL53L8CX/VL53L8CX_ws/install/base_interfaces_demo/include/base_interfaces_demo/msg/detail/ohom__struct.hpp
[6.252s] -- Up-to-date: /home/cjs/VL53L8CX/VL53L8CX_ws/install/base_interfaces_demo/include/base_interfaces_demo/msg/detail/bms_info__traits.hpp
[6.252s] -- Up-to-date: /home/cjs/VL53L8CX/VL53L8CX_ws/install/base_interfaces_demo/include/base_interfaces_demo/msg/detail/movecontrol_info__traits.hpp
[6.253s] -- Up-to-date: /home/cjs/VL53L8CX/VL53L8CX_ws/install/base_interfaces_demo/include/base_interfaces_demo/msg/detail/lift_control__struct.hpp
[6.253s] -- Up-to-date: /home/cjs/VL53L8CX/VL53L8CX_ws/install/base_interfaces_demo/include/base_interfaces_demo/msg/detail/rcs_info__type_support.hpp
[6.253s] -- Up-to-date: /home/cjs/VL53L8CX/VL53L8CX_ws/install/base_interfaces_demo/include/base_interfaces_demo/msg/detail/rcs_info__struct.hpp
[6.253s] -- Up-to-date: /home/cjs/VL53L8CX/VL53L8CX_ws/install/base_interfaces_demo/include/base_interfaces_demo/msg/detail/hall_info__type_support.hpp
[6.253s] -- Up-to-date: /home/cjs/VL53L8CX/VL53L8CX_ws/install/base_interfaces_demo/include/base_interfaces_demo/msg/detail/test__type_support.hpp
[6.253s] -- Up-to-date: /home/cjs/VL53L8CX/VL53L8CX_ws/install/base_interfaces_demo/include/base_interfaces_demo/msg/detail/test__struct.hpp
[6.253s] -- Up-to-date: /home/cjs/VL53L8CX/VL53L8CX_ws/install/base_interfaces_demo/include/base_interfaces_demo/msg/detail/lift_info__struct.hpp
[6.254s] -- Up-to-date: /home/cjs/VL53L8CX/VL53L8CX_ws/install/base_interfaces_demo/include/base_interfaces_demo/msg/detail/hall_info__builder.hpp
[6.254s] -- Up-to-date: /home/cjs/VL53L8CX/VL53L8CX_ws/install/base_interfaces_demo/include/base_interfaces_demo/msg/detail/pub_code__traits.hpp
[6.254s] -- Up-to-date: /home/cjs/VL53L8CX/VL53L8CX_ws/install/base_interfaces_demo/include/base_interfaces_demo/msg/detail/rcs_info__traits.hpp
[6.254s] -- Up-to-date: /home/cjs/VL53L8CX/VL53L8CX_ws/install/base_interfaces_demo/include/base_interfaces_demo/msg/detail/manual__builder.hpp
[6.254s] -- Up-to-date: /home/cjs/VL53L8CX/VL53L8CX_ws/install/base_interfaces_demo/include/base_interfaces_demo/msg/detail/movecontrol_info__builder.hpp
[6.254s] -- Up-to-date: /home/cjs/VL53L8CX/VL53L8CX_ws/install/base_interfaces_demo/include/base_interfaces_demo/msg/detail/lift_control__traits.hpp
[6.254s] -- Up-to-date: /home/cjs/VL53L8CX/VL53L8CX_ws/install/base_interfaces_demo/include/base_interfaces_demo/msg/detail/seek_cmd__struct.hpp
[6.255s] -- Up-to-date: /home/cjs/VL53L8CX/VL53L8CX_ws/install/base_interfaces_demo/include/base_interfaces_demo/msg/detail/manual_seek_label__struct.hpp
[6.255s] -- Up-to-date: /home/cjs/VL53L8CX/VL53L8CX_ws/install/base_interfaces_demo/include/base_interfaces_demo/msg/detail/location__type_support.hpp
[6.255s] -- Up-to-date: /home/cjs/VL53L8CX/VL53L8CX_ws/install/base_interfaces_demo/include/base_interfaces_demo/msg/detail/manual_seek_label__type_support.hpp
[6.255s] -- Up-to-date: /home/cjs/VL53L8CX/VL53L8CX_ws/install/base_interfaces_demo/include/base_interfaces_demo/msg/detail/charger_info__struct.hpp
[6.255s] -- Up-to-date: /home/cjs/VL53L8CX/VL53L8CX_ws/install/base_interfaces_demo/include/base_interfaces_demo/msg/detail/test__builder.hpp
[6.255s] -- Up-to-date: /home/cjs/VL53L8CX/VL53L8CX_ws/install/base_interfaces_demo/include/base_interfaces_demo/msg/detail/motor_status__traits.hpp
[6.255s] -- Up-to-date: /home/cjs/VL53L8CX/VL53L8CX_ws/install/base_interfaces_demo/include/base_interfaces_demo/msg/detail/location__struct.hpp
[6.255s] -- Up-to-date: /home/cjs/VL53L8CX/VL53L8CX_ws/install/base_interfaces_demo/include/base_interfaces_demo/msg/detail/seek_ret__struct.hpp
[6.255s] -- Up-to-date: /home/cjs/VL53L8CX/VL53L8CX_ws/install/base_interfaces_demo/include/base_interfaces_demo/msg/detail/pallet_info__struct.hpp
[6.256s] -- Up-to-date: /home/cjs/VL53L8CX/VL53L8CX_ws/install/base_interfaces_demo/include/base_interfaces_demo/msg/manual_seek_label.hpp
[6.256s] -- Up-to-date: /home/cjs/VL53L8CX/VL53L8CX_ws/install/base_interfaces_demo/include/base_interfaces_demo/msg/motion_control.hpp
[6.256s] -- Up-to-date: /home/cjs/VL53L8CX/VL53L8CX_ws/install/base_interfaces_demo/include/base_interfaces_demo/msg/lift_control.hpp
[6.256s] -- Up-to-date: /home/cjs/VL53L8CX/VL53L8CX_ws/install/base_interfaces_demo/include/base_interfaces_demo/msg/motor_status.hpp
[6.256s] -- Up-to-date: /home/cjs/VL53L8CX/VL53L8CX_ws/install/base_interfaces_demo/include/base_interfaces_demo/msg/hall_info.hpp
[6.256s] -- Up-to-date: /home/cjs/VL53L8CX/VL53L8CX_ws/install/base_interfaces_demo/include/base_interfaces_demo/msg/charger_info.hpp
[6.256s] -- Up-to-date: /home/cjs/VL53L8CX/VL53L8CX_ws/install/base_interfaces_demo/include/base_interfaces_demo/msg/movecontrol_info.hpp
[6.257s] -- Up-to-date: /home/cjs/VL53L8CX/VL53L8CX_ws/install/base_interfaces_demo/include/base_interfaces_demo/msg/rosidl_generator_cpp__visibility_control.hpp
[6.257s] -- Up-to-date: /home/cjs/VL53L8CX/VL53L8CX_ws/install/base_interfaces_demo/include/base_interfaces_demo/msg/location.hpp
[6.257s] -- Up-to-date: /home/cjs/VL53L8CX/VL53L8CX_ws/install/base_interfaces_demo/include/base_interfaces_demo/msg/file_updata.hpp
[6.257s] -- Up-to-date: /home/cjs/VL53L8CX/VL53L8CX_ws/install/base_interfaces_demo/include/base_interfaces_demo/msg/seek_cmd.hpp
[6.257s] -- Up-to-date: /home/cjs/VL53L8CX/VL53L8CX_ws/install/base_interfaces_demo/include/base_interfaces_demo/msg/health_node.hpp
[6.257s] -- Up-to-date: /home/cjs/VL53L8CX/VL53L8CX_ws/install/base_interfaces_demo/include/base_interfaces_demo/msg/bt_status.hpp
[6.257s] -- Up-to-date: /home/cjs/VL53L8CX/VL53L8CX_ws/install/base_interfaces_demo/include/base_interfaces_demo/msg/obs_laser.hpp
[6.258s] -- Up-to-date: /home/cjs/VL53L8CX/VL53L8CX_ws/install/base_interfaces_demo/include/base_interfaces_demo/msg/system_status.hpp
[6.258s] -- Up-to-date: /home/cjs/VL53L8CX/VL53L8CX_ws/install/base_interfaces_demo/include/base_interfaces_demo/msg/bms_info.hpp
[6.258s] -- Up-to-date: /home/cjs/VL53L8CX/VL53L8CX_ws/install/base_interfaces_demo/include/base_interfaces_demo/msg/manual.hpp
[6.258s] -- Up-to-date: /home/cjs/VL53L8CX/VL53L8CX_ws/install/base_interfaces_demo/include/base_interfaces_demo/msg/lift_info.hpp
[6.258s] -- Up-to-date: /home/cjs/VL53L8CX/VL53L8CX_ws/install/base_interfaces_demo/include/base_interfaces_demo
[6.258s] -- Up-to-date: /home/cjs/VL53L8CX/VL53L8CX_ws/install/base_interfaces_demo/include/base_interfaces_demo/action
[6.258s] -- Up-to-date: /home/cjs/VL53L8CX/VL53L8CX_ws/install/base_interfaces_demo/include/base_interfaces_demo/action/detail
[6.258s] -- Up-to-date: /home/cjs/VL53L8CX/VL53L8CX_ws/install/base_interfaces_demo/include/base_interfaces_demo/action/detail/nav__rosidl_typesupport_introspection_cpp.hpp
[6.259s] -- Up-to-date: /home/cjs/VL53L8CX/VL53L8CX_ws/install/base_interfaces_demo/include/base_interfaces_demo/action/detail/reverse__type_support.cpp
[6.259s] -- Up-to-date: /home/cjs/VL53L8CX/VL53L8CX_ws/install/base_interfaces_demo/include/base_interfaces_demo/action/detail/reverse__rosidl_typesupport_introspection_cpp.hpp
[6.259s] -- Up-to-date: /home/cjs/VL53L8CX/VL53L8CX_ws/install/base_interfaces_demo/include/base_interfaces_demo/action/detail/pallet__type_support.cpp
[6.259s] -- Up-to-date: /home/cjs/VL53L8CX/VL53L8CX_ws/install/base_interfaces_demo/include/base_interfaces_demo/action/detail/pallet__rosidl_typesupport_introspection_cpp.hpp
[6.259s] -- Up-to-date: /home/cjs/VL53L8CX/VL53L8CX_ws/install/base_interfaces_demo/include/base_interfaces_demo/action/detail/nav__type_support.cpp
[6.259s] -- Up-to-date: /home/cjs/VL53L8CX/VL53L8CX_ws/install/base_interfaces_demo/include/base_interfaces_demo/srv
[6.259s] -- Up-to-date: /home/cjs/VL53L8CX/VL53L8CX_ws/install/base_interfaces_demo/include/base_interfaces_demo/srv/detail
[6.259s] -- Up-to-date: /home/cjs/VL53L8CX/VL53L8CX_ws/install/base_interfaces_demo/include/base_interfaces_demo/srv/detail/check_emergency__rosidl_typesupport_introspection_cpp.hpp
[6.260s] -- Up-to-date: /home/cjs/VL53L8CX/VL53L8CX_ws/install/base_interfaces_demo/include/base_interfaces_demo/srv/detail/rcs_server__rosidl_typesupport_introspection_cpp.hpp
[6.260s] -- Up-to-date: /home/cjs/VL53L8CX/VL53L8CX_ws/install/base_interfaces_demo/include/base_interfaces_demo/srv/detail/pub_code__rosidl_typesupport_introspection_cpp.hpp
[6.260s] -- Up-to-date: /home/cjs/VL53L8CX/VL53L8CX_ws/install/base_interfaces_demo/include/base_interfaces_demo/srv/detail/rcs_server__type_support.cpp
[6.260s] -- Up-to-date: /home/cjs/VL53L8CX/VL53L8CX_ws/install/base_interfaces_demo/include/base_interfaces_demo/srv/detail/check_emergency__type_support.cpp
[6.260s] -- Up-to-date: /home/cjs/VL53L8CX/VL53L8CX_ws/install/base_interfaces_demo/include/base_interfaces_demo/srv/detail/hall__rosidl_typesupport_introspection_cpp.hpp
[6.260s] -- Up-to-date: /home/cjs/VL53L8CX/VL53L8CX_ws/install/base_interfaces_demo/include/base_interfaces_demo/srv/detail/hall__type_support.cpp
[6.260s] -- Up-to-date: /home/cjs/VL53L8CX/VL53L8CX_ws/install/base_interfaces_demo/include/base_interfaces_demo/srv/detail/set_emergency__rosidl_typesupport_introspection_cpp.hpp
[6.260s] -- Up-to-date: /home/cjs/VL53L8CX/VL53L8CX_ws/install/base_interfaces_demo/include/base_interfaces_demo/srv/detail/pub_code__type_support.cpp
[6.261s] -- Up-to-date: /home/cjs/VL53L8CX/VL53L8CX_ws/install/base_interfaces_demo/include/base_interfaces_demo/srv/detail/set_emergency__type_support.cpp
[6.261s] -- Up-to-date: /home/cjs/VL53L8CX/VL53L8CX_ws/install/base_interfaces_demo/include/base_interfaces_demo/msg
[6.261s] -- Up-to-date: /home/cjs/VL53L8CX/VL53L8CX_ws/install/base_interfaces_demo/include/base_interfaces_demo/msg/detail
[6.261s] -- Up-to-date: /home/cjs/VL53L8CX/VL53L8CX_ws/install/base_interfaces_demo/include/base_interfaces_demo/msg/detail/lift_info__rosidl_typesupport_introspection_cpp.hpp
[6.261s] -- Up-to-date: /home/cjs/VL53L8CX/VL53L8CX_ws/install/base_interfaces_demo/include/base_interfaces_demo/msg/detail/ohom__rosidl_typesupport_introspection_cpp.hpp
[6.261s] -- Up-to-date: /home/cjs/VL53L8CX/VL53L8CX_ws/install/base_interfaces_demo/include/base_interfaces_demo/msg/detail/test__rosidl_typesupport_introspection_cpp.hpp
[6.262s] -- Up-to-date: /home/cjs/VL53L8CX/VL53L8CX_ws/install/base_interfaces_demo/include/base_interfaces_demo/msg/detail/health_node__rosidl_typesupport_introspection_cpp.hpp
[6.262s] -- Up-to-date: /home/cjs/VL53L8CX/VL53L8CX_ws/install/base_interfaces_demo/include/base_interfaces_demo/msg/detail/car_status__rosidl_typesupport_introspection_cpp.hpp
[6.262s] -- Up-to-date: /home/cjs/VL53L8CX/VL53L8CX_ws/install/base_interfaces_demo/include/base_interfaces_demo/msg/detail/motor_cmd__rosidl_typesupport_introspection_cpp.hpp
[6.262s] -- Up-to-date: /home/cjs/VL53L8CX/VL53L8CX_ws/install/base_interfaces_demo/include/base_interfaces_demo/msg/detail/location__type_support.cpp
[6.262s] -- Up-to-date: /home/cjs/VL53L8CX/VL53L8CX_ws/install/base_interfaces_demo/include/base_interfaces_demo/msg/detail/pub_code__rosidl_typesupport_introspection_cpp.hpp
[6.262s] -- Up-to-date: /home/cjs/VL53L8CX/VL53L8CX_ws/install/base_interfaces_demo/include/base_interfaces_demo/msg/detail/rcs_info__type_support.cpp
[6.262s] -- Up-to-date: /home/cjs/VL53L8CX/VL53L8CX_ws/install/base_interfaces_demo/include/base_interfaces_demo/msg/detail/health_node__type_support.cpp
[6.262s] -- Up-to-date: /home/cjs/VL53L8CX/VL53L8CX_ws/install/base_interfaces_demo/include/base_interfaces_demo/msg/detail/motion_control__type_support.cpp
[6.263s] -- Up-to-date: /home/cjs/VL53L8CX/VL53L8CX_ws/install/base_interfaces_demo/include/base_interfaces_demo/msg/detail/car_status__type_support.cpp
[6.263s] -- Up-to-date: /home/cjs/VL53L8CX/VL53L8CX_ws/install/base_interfaces_demo/include/base_interfaces_demo/msg/detail/seek_ret__type_support.cpp
[6.263s] -- Up-to-date: /home/cjs/VL53L8CX/VL53L8CX_ws/install/base_interfaces_demo/include/base_interfaces_demo/msg/detail/movecontrol_info__rosidl_typesupport_introspection_cpp.hpp
[6.263s] -- Up-to-date: /home/cjs/VL53L8CX/VL53L8CX_ws/install/base_interfaces_demo/include/base_interfaces_demo/msg/detail/motion_control__rosidl_typesupport_introspection_cpp.hpp
[6.263s] -- Up-to-date: /home/cjs/VL53L8CX/VL53L8CX_ws/install/base_interfaces_demo/include/base_interfaces_demo/msg/detail/manual__rosidl_typesupport_introspection_cpp.hpp
[6.263s] -- Up-to-date: /home/cjs/VL53L8CX/VL53L8CX_ws/install/base_interfaces_demo/include/base_interfaces_demo/msg/detail/charger_info__type_support.cpp
[6.263s] -- Up-to-date: /home/cjs/VL53L8CX/VL53L8CX_ws/install/base_interfaces_demo/include/base_interfaces_demo/msg/detail/color_info__rosidl_typesupport_introspection_cpp.hpp
[6.263s] -- Up-to-date: /home/cjs/VL53L8CX/VL53L8CX_ws/install/base_interfaces_demo/include/base_interfaces_demo/msg/detail/seek_cmd__rosidl_typesupport_introspection_cpp.hpp
[6.264s] -- Up-to-date: /home/cjs/VL53L8CX/VL53L8CX_ws/install/base_interfaces_demo/include/base_interfaces_demo/msg/detail/location__rosidl_typesupport_introspection_cpp.hpp
[6.264s] -- Up-to-date: /home/cjs/VL53L8CX/VL53L8CX_ws/install/base_interfaces_demo/include/base_interfaces_demo/msg/detail/bt_status__type_support.cpp
[6.264s] -- Up-to-date: /home/cjs/VL53L8CX/VL53L8CX_ws/install/base_interfaces_demo/include/base_interfaces_demo/msg/detail/manual_seek_label__type_support.cpp
[6.264s] -- Up-to-date: /home/cjs/VL53L8CX/VL53L8CX_ws/install/base_interfaces_demo/include/base_interfaces_demo/msg/detail/manual__type_support.cpp
[6.264s] -- Up-to-date: /home/cjs/VL53L8CX/VL53L8CX_ws/install/base_interfaces_demo/include/base_interfaces_demo/msg/detail/rcs_info__rosidl_typesupport_introspection_cpp.hpp
[6.264s] -- Up-to-date: /home/cjs/VL53L8CX/VL53L8CX_ws/install/base_interfaces_demo/include/base_interfaces_demo/msg/detail/bms_info__type_support.cpp
[6.264s] -- Up-to-date: /home/cjs/VL53L8CX/VL53L8CX_ws/install/base_interfaces_demo/include/base_interfaces_demo/msg/detail/system_status__type_support.cpp
[6.264s] -- Up-to-date: /home/cjs/VL53L8CX/VL53L8CX_ws/install/base_interfaces_demo/include/base_interfaces_demo/msg/detail/bt_status__rosidl_typesupport_introspection_cpp.hpp
[6.265s] -- Up-to-date: /home/cjs/VL53L8CX/VL53L8CX_ws/install/base_interfaces_demo/include/base_interfaces_demo/msg/detail/lift_info__type_support.cpp
[6.265s] -- Up-to-date: /home/cjs/VL53L8CX/VL53L8CX_ws/install/base_interfaces_demo/include/base_interfaces_demo/msg/detail/manual_seek_label__rosidl_typesupport_introspection_cpp.hpp
[6.265s] -- Up-to-date: /home/cjs/VL53L8CX/VL53L8CX_ws/install/base_interfaces_demo/include/base_interfaces_demo/msg/detail/lift_control__rosidl_typesupport_introspection_cpp.hpp
[6.265s] -- Up-to-date: /home/cjs/VL53L8CX/VL53L8CX_ws/install/base_interfaces_demo/include/base_interfaces_demo/msg/detail/charger_info__rosidl_typesupport_introspection_cpp.hpp
[6.265s] -- Up-to-date: /home/cjs/VL53L8CX/VL53L8CX_ws/install/base_interfaces_demo/include/base_interfaces_demo/msg/detail/obs_laser__rosidl_typesupport_introspection_cpp.hpp
[6.265s] -- Up-to-date: /home/cjs/VL53L8CX/VL53L8CX_ws/install/base_interfaces_demo/include/base_interfaces_demo/msg/detail/seek_cmd__type_support.cpp
[6.266s] -- Up-to-date: /home/cjs/VL53L8CX/VL53L8CX_ws/install/base_interfaces_demo/include/base_interfaces_demo/msg/detail/color_info__type_support.cpp
[6.266s] -- Up-to-date: /home/cjs/VL53L8CX/VL53L8CX_ws/install/base_interfaces_demo/include/base_interfaces_demo/msg/detail/pallet_info__rosidl_typesupport_introspection_cpp.hpp
[6.266s] -- Up-to-date: /home/cjs/VL53L8CX/VL53L8CX_ws/install/base_interfaces_demo/include/base_interfaces_demo/msg/detail/file_updata__rosidl_typesupport_introspection_cpp.hpp
[6.266s] -- Up-to-date: /home/cjs/VL53L8CX/VL53L8CX_ws/install/base_interfaces_demo/include/base_interfaces_demo/msg/detail/motor_cmd__type_support.cpp
[6.266s] -- Up-to-date: /home/cjs/VL53L8CX/VL53L8CX_ws/install/base_interfaces_demo/include/base_interfaces_demo/msg/detail/motor_status__type_support.cpp
[6.266s] -- Up-to-date: /home/cjs/VL53L8CX/VL53L8CX_ws/install/base_interfaces_demo/include/base_interfaces_demo/msg/detail/file_updata__type_support.cpp
[6.266s] -- Up-to-date: /home/cjs/VL53L8CX/VL53L8CX_ws/install/base_interfaces_demo/include/base_interfaces_demo/msg/detail/ohom__type_support.cpp
[6.266s] -- Up-to-date: /home/cjs/VL53L8CX/VL53L8CX_ws/install/base_interfaces_demo/include/base_interfaces_demo/msg/detail/pub_code__type_support.cpp
[6.267s] -- Up-to-date: /home/cjs/VL53L8CX/VL53L8CX_ws/install/base_interfaces_demo/include/base_interfaces_demo/msg/detail/lift_control__type_support.cpp
[6.267s] -- Up-to-date: /home/cjs/VL53L8CX/VL53L8CX_ws/install/base_interfaces_demo/include/base_interfaces_demo/msg/detail/bms_info__rosidl_typesupport_introspection_cpp.hpp
[6.267s] -- Up-to-date: /home/cjs/VL53L8CX/VL53L8CX_ws/install/base_interfaces_demo/include/base_interfaces_demo/msg/detail/seek_ret__rosidl_typesupport_introspection_cpp.hpp
[6.267s] -- Up-to-date: /home/cjs/VL53L8CX/VL53L8CX_ws/install/base_interfaces_demo/include/base_interfaces_demo/msg/detail/system_status__rosidl_typesupport_introspection_cpp.hpp
[6.267s] -- Up-to-date: /home/cjs/VL53L8CX/VL53L8CX_ws/install/base_interfaces_demo/include/base_interfaces_demo/msg/detail/hall_info__rosidl_typesupport_introspection_cpp.hpp
[6.267s] -- Up-to-date: /home/cjs/VL53L8CX/VL53L8CX_ws/install/base_interfaces_demo/include/base_interfaces_demo/msg/detail/movecontrol_info__type_support.cpp
[6.267s] -- Up-to-date: /home/cjs/VL53L8CX/VL53L8CX_ws/install/base_interfaces_demo/include/base_interfaces_demo/msg/detail/motor_status__rosidl_typesupport_introspection_cpp.hpp
[6.267s] -- Up-to-date: /home/cjs/VL53L8CX/VL53L8CX_ws/install/base_interfaces_demo/include/base_interfaces_demo/msg/detail/pallet_info__type_support.cpp
[6.267s] -- Up-to-date: /home/cjs/VL53L8CX/VL53L8CX_ws/install/base_interfaces_demo/include/base_interfaces_demo/msg/detail/test__type_support.cpp
[6.268s] -- Up-to-date: /home/cjs/VL53L8CX/VL53L8CX_ws/install/base_interfaces_demo/include/base_interfaces_demo/msg/detail/obs_laser__type_support.cpp
[6.268s] -- Up-to-date: /home/cjs/VL53L8CX/VL53L8CX_ws/install/base_interfaces_demo/include/base_interfaces_demo/msg/detail/hall_info__type_support.cpp
[6.268s] -- Up-to-date: /home/cjs/VL53L8CX/VL53L8CX_ws/install/base_interfaces_demo/lib/libbase_interfaces_demo__rosidl_typesupport_introspection_cpp.so
[6.268s] -- Up-to-date: /home/cjs/VL53L8CX/VL53L8CX_ws/install/base_interfaces_demo/lib/libbase_interfaces_demo__rosidl_typesupport_cpp.so
[6.268s] -- Up-to-date: /home/cjs/VL53L8CX/VL53L8CX_ws/install/base_interfaces_demo/share/base_interfaces_demo/environment/pythonpath.sh
[6.268s] -- Up-to-date: /home/cjs/VL53L8CX/VL53L8CX_ws/install/base_interfaces_demo/share/base_interfaces_demo/environment/pythonpath.dsv
[6.269s] -- Up-to-date: /home/cjs/VL53L8CX/VL53L8CX_ws/install/base_interfaces_demo/lib/python3.8/site-packages/base_interfaces_demo/__init__.py
[6.332s] -- Up-to-date: /home/cjs/VL53L8CX/VL53L8CX_ws/install/base_interfaces_demo/lib/python3.8/site-packages/base_interfaces_demo/action
[6.332s] -- Up-to-date: /home/cjs/VL53L8CX/VL53L8CX_ws/install/base_interfaces_demo/lib/python3.8/site-packages/base_interfaces_demo/action/_reverse_s.c
[6.332s] -- Up-to-date: /home/cjs/VL53L8CX/VL53L8CX_ws/install/base_interfaces_demo/lib/python3.8/site-packages/base_interfaces_demo/action/_nav_s.c
[6.333s] -- Up-to-date: /home/cjs/VL53L8CX/VL53L8CX_ws/install/base_interfaces_demo/lib/python3.8/site-packages/base_interfaces_demo/action/_reverse.py
[6.333s] -- Up-to-date: /home/cjs/VL53L8CX/VL53L8CX_ws/install/base_interfaces_demo/lib/python3.8/site-packages/base_interfaces_demo/action/_nav.py
[6.333s] -- Up-to-date: /home/cjs/VL53L8CX/VL53L8CX_ws/install/base_interfaces_demo/lib/python3.8/site-packages/base_interfaces_demo/action/_pallet.py
[6.333s] -- Up-to-date: /home/cjs/VL53L8CX/VL53L8CX_ws/install/base_interfaces_demo/lib/python3.8/site-packages/base_interfaces_demo/action/_pallet_s.c
[6.334s] -- Up-to-date: /home/cjs/VL53L8CX/VL53L8CX_ws/install/base_interfaces_demo/lib/python3.8/site-packages/base_interfaces_demo/action/__init__.py
[6.334s] -- Up-to-date: /home/cjs/VL53L8CX/VL53L8CX_ws/install/base_interfaces_demo/lib/python3.8/site-packages/base_interfaces_demo/msg
[6.334s] -- Up-to-date: /home/cjs/VL53L8CX/VL53L8CX_ws/install/base_interfaces_demo/lib/python3.8/site-packages/base_interfaces_demo/msg/_hall_info_s.c
[6.334s] -- Up-to-date: /home/cjs/VL53L8CX/VL53L8CX_ws/install/base_interfaces_demo/lib/python3.8/site-packages/base_interfaces_demo/msg/_health_node.py
[6.334s] -- Up-to-date: /home/cjs/VL53L8CX/VL53L8CX_ws/install/base_interfaces_demo/lib/python3.8/site-packages/base_interfaces_demo/msg/_car_status_s.c
[6.334s] -- Up-to-date: /home/cjs/VL53L8CX/VL53L8CX_ws/install/base_interfaces_demo/lib/python3.8/site-packages/base_interfaces_demo/msg/_health_node_s.c
[6.335s] -- Up-to-date: /home/cjs/VL53L8CX/VL53L8CX_ws/install/base_interfaces_demo/lib/python3.8/site-packages/base_interfaces_demo/msg/_color_info.py
[6.335s] -- Up-to-date: /home/cjs/VL53L8CX/VL53L8CX_ws/install/base_interfaces_demo/lib/python3.8/site-packages/base_interfaces_demo/msg/_lift_info_s.c
[6.337s] -- Up-to-date: /home/cjs/VL53L8CX/VL53L8CX_ws/install/base_interfaces_demo/lib/python3.8/site-packages/base_interfaces_demo/msg/_motor_status.py
[6.349s] -- Up-to-date: /home/cjs/VL53L8CX/VL53L8CX_ws/install/base_interfaces_demo/lib/python3.8/site-packages/base_interfaces_demo/msg/_pallet_info.py
[6.351s] -- Up-to-date: /home/cjs/VL53L8CX/VL53L8CX_ws/install/base_interfaces_demo/lib/python3.8/site-packages/base_interfaces_demo/msg/_obs_laser.py
[6.351s] -- Up-to-date: /home/cjs/VL53L8CX/VL53L8CX_ws/install/base_interfaces_demo/lib/python3.8/site-packages/base_interfaces_demo/msg/_movecontrol_info.py
[6.352s] -- Up-to-date: /home/cjs/VL53L8CX/VL53L8CX_ws/install/base_interfaces_demo/lib/python3.8/site-packages/base_interfaces_demo/msg/_seek_ret_s.c
[6.352s] -- Up-to-date: /home/cjs/VL53L8CX/VL53L8CX_ws/install/base_interfaces_demo/lib/python3.8/site-packages/base_interfaces_demo/msg/_seek_cmd_s.c
[6.352s] -- Up-to-date: /home/cjs/VL53L8CX/VL53L8CX_ws/install/base_interfaces_demo/lib/python3.8/site-packages/base_interfaces_demo/msg/_file_updata_s.c
[6.352s] -- Up-to-date: /home/cjs/VL53L8CX/VL53L8CX_ws/install/base_interfaces_demo/lib/python3.8/site-packages/base_interfaces_demo/msg/_manual_seek_label.py
[6.352s] -- Up-to-date: /home/cjs/VL53L8CX/VL53L8CX_ws/install/base_interfaces_demo/lib/python3.8/site-packages/base_interfaces_demo/msg/_motor_cmd_s.c
[6.352s] -- Up-to-date: /home/cjs/VL53L8CX/VL53L8CX_ws/install/base_interfaces_demo/lib/python3.8/site-packages/base_interfaces_demo/msg/_ohom.py
[6.353s] -- Up-to-date: /home/cjs/VL53L8CX/VL53L8CX_ws/install/base_interfaces_demo/lib/python3.8/site-packages/base_interfaces_demo/msg/_obs_laser_s.c
[6.353s] -- Up-to-date: /home/cjs/VL53L8CX/VL53L8CX_ws/install/base_interfaces_demo/lib/python3.8/site-packages/base_interfaces_demo/msg/_charger_info_s.c
[6.353s] -- Up-to-date: /home/cjs/VL53L8CX/VL53L8CX_ws/install/base_interfaces_demo/lib/python3.8/site-packages/base_interfaces_demo/msg/_pub_code_s.c
[6.353s] -- Up-to-date: /home/cjs/VL53L8CX/VL53L8CX_ws/install/base_interfaces_demo/lib/python3.8/site-packages/base_interfaces_demo/msg/_seek_cmd.py
[6.354s] -- Up-to-date: /home/cjs/VL53L8CX/VL53L8CX_ws/install/base_interfaces_demo/lib/python3.8/site-packages/base_interfaces_demo/msg/_system_status.py
[6.355s] -- Up-to-date: /home/cjs/VL53L8CX/VL53L8CX_ws/install/base_interfaces_demo/lib/python3.8/site-packages/base_interfaces_demo/msg/_manual.py
[6.355s] -- Up-to-date: /home/cjs/VL53L8CX/VL53L8CX_ws/install/base_interfaces_demo/lib/python3.8/site-packages/base_interfaces_demo/msg/_movecontrol_info_s.c
[6.355s] -- Up-to-date: /home/cjs/VL53L8CX/VL53L8CX_ws/install/base_interfaces_demo/lib/python3.8/site-packages/base_interfaces_demo/msg/_pub_code.py
[6.356s] -- Up-to-date: /home/cjs/VL53L8CX/VL53L8CX_ws/install/base_interfaces_demo/lib/python3.8/site-packages/base_interfaces_demo/msg/_charger_info.py
[6.356s] -- Up-to-date: /home/cjs/VL53L8CX/VL53L8CX_ws/install/base_interfaces_demo/lib/python3.8/site-packages/base_interfaces_demo/msg/_lift_control_s.c
[6.356s] -- Up-to-date: /home/cjs/VL53L8CX/VL53L8CX_ws/install/base_interfaces_demo/lib/python3.8/site-packages/base_interfaces_demo/msg/_manual_s.c
[6.356s] -- Up-to-date: /home/cjs/VL53L8CX/VL53L8CX_ws/install/base_interfaces_demo/lib/python3.8/site-packages/base_interfaces_demo/msg/_bt_status.py
[6.357s] -- Up-to-date: /home/cjs/VL53L8CX/VL53L8CX_ws/install/base_interfaces_demo/lib/python3.8/site-packages/base_interfaces_demo/msg/_motion_control_s.c
[6.357s] -- Up-to-date: /home/cjs/VL53L8CX/VL53L8CX_ws/install/base_interfaces_demo/lib/python3.8/site-packages/base_interfaces_demo/msg/_manual_seek_label_s.c
[6.357s] -- Up-to-date: /home/cjs/VL53L8CX/VL53L8CX_ws/install/base_interfaces_demo/lib/python3.8/site-packages/base_interfaces_demo/msg/_hall_info.py
[6.357s] -- Up-to-date: /home/cjs/VL53L8CX/VL53L8CX_ws/install/base_interfaces_demo/lib/python3.8/site-packages/base_interfaces_demo/msg/_location_s.c
[6.357s] -- Up-to-date: /home/cjs/VL53L8CX/VL53L8CX_ws/install/base_interfaces_demo/lib/python3.8/site-packages/base_interfaces_demo/msg/_seek_ret.py
[6.358s] -- Up-to-date: /home/cjs/VL53L8CX/VL53L8CX_ws/install/base_interfaces_demo/lib/python3.8/site-packages/base_interfaces_demo/msg/_ohom_s.c
[6.358s] -- Up-to-date: /home/cjs/VL53L8CX/VL53L8CX_ws/install/base_interfaces_demo/lib/python3.8/site-packages/base_interfaces_demo/msg/_car_status.py
[6.358s] -- Up-to-date: /home/cjs/VL53L8CX/VL53L8CX_ws/install/base_interfaces_demo/lib/python3.8/site-packages/base_interfaces_demo/msg/_lift_control.py
[6.358s] -- Up-to-date: /home/cjs/VL53L8CX/VL53L8CX_ws/install/base_interfaces_demo/lib/python3.8/site-packages/base_interfaces_demo/msg/_bt_status_s.c
[6.358s] -- Up-to-date: /home/cjs/VL53L8CX/VL53L8CX_ws/install/base_interfaces_demo/lib/python3.8/site-packages/base_interfaces_demo/msg/_motion_control.py
[6.359s] -- Up-to-date: /home/cjs/VL53L8CX/VL53L8CX_ws/install/base_interfaces_demo/lib/python3.8/site-packages/base_interfaces_demo/msg/_test.py
[6.359s] -- Up-to-date: /home/cjs/VL53L8CX/VL53L8CX_ws/install/base_interfaces_demo/lib/python3.8/site-packages/base_interfaces_demo/msg/_rcs_info_s.c
[6.359s] -- Up-to-date: /home/cjs/VL53L8CX/VL53L8CX_ws/install/base_interfaces_demo/lib/python3.8/site-packages/base_interfaces_demo/msg/_system_status_s.c
[6.359s] -- Up-to-date: /home/cjs/VL53L8CX/VL53L8CX_ws/install/base_interfaces_demo/lib/python3.8/site-packages/base_interfaces_demo/msg/_location.py
[6.359s] -- Up-to-date: /home/cjs/VL53L8CX/VL53L8CX_ws/install/base_interfaces_demo/lib/python3.8/site-packages/base_interfaces_demo/msg/_motor_cmd.py
[6.360s] -- Up-to-date: /home/cjs/VL53L8CX/VL53L8CX_ws/install/base_interfaces_demo/lib/python3.8/site-packages/base_interfaces_demo/msg/_color_info_s.c
[6.360s] -- Up-to-date: /home/cjs/VL53L8CX/VL53L8CX_ws/install/base_interfaces_demo/lib/python3.8/site-packages/base_interfaces_demo/msg/_motor_status_s.c
[6.362s] -- Up-to-date: /home/cjs/VL53L8CX/VL53L8CX_ws/install/base_interfaces_demo/lib/python3.8/site-packages/base_interfaces_demo/msg/_rcs_info.py
[6.363s] -- Up-to-date: /home/cjs/VL53L8CX/VL53L8CX_ws/install/base_interfaces_demo/lib/python3.8/site-packages/base_interfaces_demo/msg/_file_updata.py
[6.363s] -- Up-to-date: /home/cjs/VL53L8CX/VL53L8CX_ws/install/base_interfaces_demo/lib/python3.8/site-packages/base_interfaces_demo/msg/_lift_info.py
[6.363s] -- Up-to-date: /home/cjs/VL53L8CX/VL53L8CX_ws/install/base_interfaces_demo/lib/python3.8/site-packages/base_interfaces_demo/msg/_bms_info_s.c
[6.363s] -- Up-to-date: /home/cjs/VL53L8CX/VL53L8CX_ws/install/base_interfaces_demo/lib/python3.8/site-packages/base_interfaces_demo/msg/_pallet_info_s.c
[6.363s] -- Up-to-date: /home/cjs/VL53L8CX/VL53L8CX_ws/install/base_interfaces_demo/lib/python3.8/site-packages/base_interfaces_demo/msg/__init__.py
[6.364s] -- Up-to-date: /home/cjs/VL53L8CX/VL53L8CX_ws/install/base_interfaces_demo/lib/python3.8/site-packages/base_interfaces_demo/msg/_bms_info.py
[6.364s] -- Up-to-date: /home/cjs/VL53L8CX/VL53L8CX_ws/install/base_interfaces_demo/lib/python3.8/site-packages/base_interfaces_demo/msg/_test_s.c
[6.364s] -- Up-to-date: /home/cjs/VL53L8CX/VL53L8CX_ws/install/base_interfaces_demo/lib/python3.8/site-packages/base_interfaces_demo/srv
[6.364s] -- Up-to-date: /home/cjs/VL53L8CX/VL53L8CX_ws/install/base_interfaces_demo/lib/python3.8/site-packages/base_interfaces_demo/srv/_hall.py
[6.364s] -- Up-to-date: /home/cjs/VL53L8CX/VL53L8CX_ws/install/base_interfaces_demo/lib/python3.8/site-packages/base_interfaces_demo/srv/_hall_s.c
[6.364s] -- Up-to-date: /home/cjs/VL53L8CX/VL53L8CX_ws/install/base_interfaces_demo/lib/python3.8/site-packages/base_interfaces_demo/srv/_check_emergency.py
[6.365s] -- Up-to-date: /home/cjs/VL53L8CX/VL53L8CX_ws/install/base_interfaces_demo/lib/python3.8/site-packages/base_interfaces_demo/srv/_set_emergency_s.c
[6.365s] -- Up-to-date: /home/cjs/VL53L8CX/VL53L8CX_ws/install/base_interfaces_demo/lib/python3.8/site-packages/base_interfaces_demo/srv/_rcs_server_s.c
[6.365s] -- Up-to-date: /home/cjs/VL53L8CX/VL53L8CX_ws/install/base_interfaces_demo/lib/python3.8/site-packages/base_interfaces_demo/srv/_pub_code_s.c
[6.366s] -- Up-to-date: /home/cjs/VL53L8CX/VL53L8CX_ws/install/base_interfaces_demo/lib/python3.8/site-packages/base_interfaces_demo/srv/_set_emergency.py
[6.366s] -- Up-to-date: /home/cjs/VL53L8CX/VL53L8CX_ws/install/base_interfaces_demo/lib/python3.8/site-packages/base_interfaces_demo/srv/_check_emergency_s.c
[6.366s] -- Up-to-date: /home/cjs/VL53L8CX/VL53L8CX_ws/install/base_interfaces_demo/lib/python3.8/site-packages/base_interfaces_demo/srv/_rcs_server.py
[6.367s] -- Up-to-date: /home/cjs/VL53L8CX/VL53L8CX_ws/install/base_interfaces_demo/lib/python3.8/site-packages/base_interfaces_demo/srv/_pub_code.py
[6.367s] -- Up-to-date: /home/cjs/VL53L8CX/VL53L8CX_ws/install/base_interfaces_demo/lib/python3.8/site-packages/base_interfaces_demo/srv/__init__.py
[6.367s] -- Up-to-date: /home/cjs/VL53L8CX/VL53L8CX_ws/install/base_interfaces_demo/lib/python3.8/site-packages/base_interfaces_demo/base_interfaces_demo_s__rosidl_typesupport_fastrtps_c.cpython-38-x86_64-linux-gnu.so
[6.367s] -- Up-to-date: /home/cjs/VL53L8CX/VL53L8CX_ws/install/base_interfaces_demo/lib/python3.8/site-packages/base_interfaces_demo/base_interfaces_demo_s__rosidl_typesupport_introspection_c.cpython-38-x86_64-linux-gnu.so
[6.368s] -- Up-to-date: /home/cjs/VL53L8CX/VL53L8CX_ws/install/base_interfaces_demo/lib/python3.8/site-packages/base_interfaces_demo/base_interfaces_demo_s__rosidl_typesupport_c.cpython-38-x86_64-linux-gnu.so
[6.368s] -- Up-to-date: /home/cjs/VL53L8CX/VL53L8CX_ws/install/base_interfaces_demo/lib/libbase_interfaces_demo__python.so
[6.369s] -- Up-to-date: /home/cjs/VL53L8CX/VL53L8CX_ws/install/base_interfaces_demo/share/base_interfaces_demo/action/Nav.idl
[6.370s] -- Up-to-date: /home/cjs/VL53L8CX/VL53L8CX_ws/install/base_interfaces_demo/share/base_interfaces_demo/msg/Ohom.idl
[6.371s] -- Up-to-date: /home/cjs/VL53L8CX/VL53L8CX_ws/install/base_interfaces_demo/share/base_interfaces_demo/msg/HallInfo.idl
[6.371s] -- Up-to-date: /home/cjs/VL53L8CX/VL53L8CX_ws/install/base_interfaces_demo/share/base_interfaces_demo/msg/Location.idl
[6.372s] -- Up-to-date: /home/cjs/VL53L8CX/VL53L8CX_ws/install/base_interfaces_demo/share/base_interfaces_demo/msg/MotorCmd.idl
[6.372s] -- Up-to-date: /home/cjs/VL53L8CX/VL53L8CX_ws/install/base_interfaces_demo/share/base_interfaces_demo/msg/MotorStatus.idl
[6.372s] -- Up-to-date: /home/cjs/VL53L8CX/VL53L8CX_ws/install/base_interfaces_demo/share/base_interfaces_demo/msg/Manual.idl
[6.372s] -- Up-to-date: /home/cjs/VL53L8CX/VL53L8CX_ws/install/base_interfaces_demo/share/base_interfaces_demo/msg/Test.idl
[6.373s] -- Up-to-date: /home/cjs/VL53L8CX/VL53L8CX_ws/install/base_interfaces_demo/share/base_interfaces_demo/srv/Hall.idl
[6.373s] -- Up-to-date: /home/cjs/VL53L8CX/VL53L8CX_ws/install/base_interfaces_demo/share/base_interfaces_demo/msg/BmsInfo.idl
[6.374s] -- Up-to-date: /home/cjs/VL53L8CX/VL53L8CX_ws/install/base_interfaces_demo/share/base_interfaces_demo/msg/ChargerInfo.idl
[6.374s] -- Up-to-date: /home/cjs/VL53L8CX/VL53L8CX_ws/install/base_interfaces_demo/share/base_interfaces_demo/msg/ManualSeekLabel.idl
[6.374s] -- Up-to-date: /home/cjs/VL53L8CX/VL53L8CX_ws/install/base_interfaces_demo/share/base_interfaces_demo/msg/SeekCmd.idl
[6.375s] -- Up-to-date: /home/cjs/VL53L8CX/VL53L8CX_ws/install/base_interfaces_demo/share/base_interfaces_demo/msg/SeekRet.idl
[6.376s] -- Up-to-date: /home/cjs/VL53L8CX/VL53L8CX_ws/install/base_interfaces_demo/share/base_interfaces_demo/msg/SystemStatus.idl
[6.376s] -- Up-to-date: /home/cjs/VL53L8CX/VL53L8CX_ws/install/base_interfaces_demo/share/base_interfaces_demo/action/Reverse.idl
[6.377s] -- Up-to-date: /home/cjs/VL53L8CX/VL53L8CX_ws/install/base_interfaces_demo/share/base_interfaces_demo/msg/LiftInfo.idl
[6.377s] -- Up-to-date: /home/cjs/VL53L8CX/VL53L8CX_ws/install/base_interfaces_demo/share/base_interfaces_demo/msg/ColorInfo.idl
[6.377s] -- Up-to-date: /home/cjs/VL53L8CX/VL53L8CX_ws/install/base_interfaces_demo/share/base_interfaces_demo/msg/FileUpdata.idl
[6.378s] -- Up-to-date: /home/cjs/VL53L8CX/VL53L8CX_ws/install/base_interfaces_demo/share/base_interfaces_demo/msg/ObsLaser.idl
[6.378s] -- Up-to-date: /home/cjs/VL53L8CX/VL53L8CX_ws/install/base_interfaces_demo/share/base_interfaces_demo/msg/PalletInfo.idl
[6.378s] -- Up-to-date: /home/cjs/VL53L8CX/VL53L8CX_ws/install/base_interfaces_demo/share/base_interfaces_demo/msg/MovecontrolInfo.idl
[6.379s] -- Up-to-date: /home/cjs/VL53L8CX/VL53L8CX_ws/install/base_interfaces_demo/share/base_interfaces_demo/msg/MotionControl.idl
[6.379s] -- Up-to-date: /home/cjs/VL53L8CX/VL53L8CX_ws/install/base_interfaces_demo/share/base_interfaces_demo/msg/RcsInfo.idl
[6.379s] -- Up-to-date: /home/cjs/VL53L8CX/VL53L8CX_ws/install/base_interfaces_demo/share/base_interfaces_demo/msg/LiftControl.idl
[6.380s] -- Up-to-date: /home/cjs/VL53L8CX/VL53L8CX_ws/install/base_interfaces_demo/share/base_interfaces_demo/msg/BtStatus.idl
[6.380s] -- Up-to-date: /home/cjs/VL53L8CX/VL53L8CX_ws/install/base_interfaces_demo/share/base_interfaces_demo/msg/CarStatus.idl
[6.380s] -- Up-to-date: /home/cjs/VL53L8CX/VL53L8CX_ws/install/base_interfaces_demo/share/base_interfaces_demo/msg/HealthNode.idl
[6.381s] -- Up-to-date: /home/cjs/VL53L8CX/VL53L8CX_ws/install/base_interfaces_demo/share/base_interfaces_demo/action/Pallet.idl
[6.381s] -- Up-to-date: /home/cjs/VL53L8CX/VL53L8CX_ws/install/base_interfaces_demo/share/base_interfaces_demo/srv/CheckEmergency.idl
[6.381s] -- Up-to-date: /home/cjs/VL53L8CX/VL53L8CX_ws/install/base_interfaces_demo/share/base_interfaces_demo/srv/SetEmergency.idl
[6.382s] -- Up-to-date: /home/cjs/VL53L8CX/VL53L8CX_ws/install/base_interfaces_demo/share/base_interfaces_demo/srv/RcsServer.idl
[6.382s] -- Up-to-date: /home/cjs/VL53L8CX/VL53L8CX_ws/install/base_interfaces_demo/share/base_interfaces_demo/action/Nav.action
[6.383s] -- Up-to-date: /home/cjs/VL53L8CX/VL53L8CX_ws/install/base_interfaces_demo/share/base_interfaces_demo/msg/Ohom.msg
[6.383s] -- Up-to-date: /home/cjs/VL53L8CX/VL53L8CX_ws/install/base_interfaces_demo/share/base_interfaces_demo/msg/HallInfo.msg
[6.383s] -- Up-to-date: /home/cjs/VL53L8CX/VL53L8CX_ws/install/base_interfaces_demo/share/base_interfaces_demo/msg/Location.msg
[6.384s] -- Up-to-date: /home/cjs/VL53L8CX/VL53L8CX_ws/install/base_interfaces_demo/share/base_interfaces_demo/msg/MotorCmd.msg
[6.384s] -- Up-to-date: /home/cjs/VL53L8CX/VL53L8CX_ws/install/base_interfaces_demo/share/base_interfaces_demo/msg/MotorStatus.msg
[6.385s] -- Up-to-date: /home/cjs/VL53L8CX/VL53L8CX_ws/install/base_interfaces_demo/share/base_interfaces_demo/msg/Manual.msg
[6.385s] -- Up-to-date: /home/cjs/VL53L8CX/VL53L8CX_ws/install/base_interfaces_demo/share/base_interfaces_demo/msg/Test.msg
[6.385s] -- Up-to-date: /home/cjs/VL53L8CX/VL53L8CX_ws/install/base_interfaces_demo/share/base_interfaces_demo/srv/Hall.srv
[6.386s] -- Up-to-date: /home/cjs/VL53L8CX/VL53L8CX_ws/install/base_interfaces_demo/share/base_interfaces_demo/srv/Hall_Request.msg
[6.386s] -- Up-to-date: /home/cjs/VL53L8CX/VL53L8CX_ws/install/base_interfaces_demo/share/base_interfaces_demo/srv/Hall_Response.msg
[6.386s] -- Up-to-date: /home/cjs/VL53L8CX/VL53L8CX_ws/install/base_interfaces_demo/share/base_interfaces_demo/msg/BmsInfo.msg
[6.387s] -- Up-to-date: /home/cjs/VL53L8CX/VL53L8CX_ws/install/base_interfaces_demo/share/base_interfaces_demo/msg/ChargerInfo.msg
[6.387s] -- Up-to-date: /home/cjs/VL53L8CX/VL53L8CX_ws/install/base_interfaces_demo/share/base_interfaces_demo/msg/ManualSeekLabel.msg
[6.387s] -- Up-to-date: /home/cjs/VL53L8CX/VL53L8CX_ws/install/base_interfaces_demo/share/base_interfaces_demo/msg/SeekCmd.msg
[6.387s] -- Up-to-date: /home/cjs/VL53L8CX/VL53L8CX_ws/install/base_interfaces_demo/share/base_interfaces_demo/msg/SeekRet.msg
[6.388s] -- Up-to-date: /home/cjs/VL53L8CX/VL53L8CX_ws/install/base_interfaces_demo/share/base_interfaces_demo/msg/SystemStatus.msg
[6.388s] -- Up-to-date: /home/cjs/VL53L8CX/VL53L8CX_ws/install/base_interfaces_demo/share/base_interfaces_demo/action/Reverse.action
[6.389s] -- Up-to-date: /home/cjs/VL53L8CX/VL53L8CX_ws/install/base_interfaces_demo/share/base_interfaces_demo/msg/LiftInfo.msg
[6.389s] -- Up-to-date: /home/cjs/VL53L8CX/VL53L8CX_ws/install/base_interfaces_demo/share/base_interfaces_demo/msg/ColorInfo.msg
[6.390s] -- Up-to-date: /home/cjs/VL53L8CX/VL53L8CX_ws/install/base_interfaces_demo/share/base_interfaces_demo/msg/FileUpdata.msg
[6.390s] -- Up-to-date: /home/cjs/VL53L8CX/VL53L8CX_ws/install/base_interfaces_demo/share/base_interfaces_demo/msg/ObsLaser.msg
[6.391s] -- Up-to-date: /home/cjs/VL53L8CX/VL53L8CX_ws/install/base_interfaces_demo/share/base_interfaces_demo/msg/PalletInfo.msg
[6.391s] -- Up-to-date: /home/cjs/VL53L8CX/VL53L8CX_ws/install/base_interfaces_demo/share/base_interfaces_demo/msg/MovecontrolInfo.msg
[6.392s] -- Up-to-date: /home/cjs/VL53L8CX/VL53L8CX_ws/install/base_interfaces_demo/share/base_interfaces_demo/msg/MotionControl.msg
[6.392s] -- Up-to-date: /home/cjs/VL53L8CX/VL53L8CX_ws/install/base_interfaces_demo/share/base_interfaces_demo/msg/RcsInfo.msg
[6.393s] -- Up-to-date: /home/cjs/VL53L8CX/VL53L8CX_ws/install/base_interfaces_demo/share/base_interfaces_demo/msg/LiftControl.msg
[6.393s] -- Up-to-date: /home/cjs/VL53L8CX/VL53L8CX_ws/install/base_interfaces_demo/share/base_interfaces_demo/msg/BtStatus.msg
[6.393s] -- Up-to-date: /home/cjs/VL53L8CX/VL53L8CX_ws/install/base_interfaces_demo/share/base_interfaces_demo/msg/CarStatus.msg
[6.394s] -- Up-to-date: /home/cjs/VL53L8CX/VL53L8CX_ws/install/base_interfaces_demo/share/base_interfaces_demo/msg/HealthNode.msg
[6.395s] -- Up-to-date: /home/cjs/VL53L8CX/VL53L8CX_ws/install/base_interfaces_demo/share/base_interfaces_demo/action/Pallet.action
[6.395s] -- Up-to-date: /home/cjs/VL53L8CX/VL53L8CX_ws/install/base_interfaces_demo/share/base_interfaces_demo/srv/CheckEmergency.srv
[6.395s] -- Up-to-date: /home/cjs/VL53L8CX/VL53L8CX_ws/install/base_interfaces_demo/share/base_interfaces_demo/srv/CheckEmergency_Request.msg
[6.396s] -- Up-to-date: /home/cjs/VL53L8CX/VL53L8CX_ws/install/base_interfaces_demo/share/base_interfaces_demo/srv/CheckEmergency_Response.msg
[6.396s] -- Up-to-date: /home/cjs/VL53L8CX/VL53L8CX_ws/install/base_interfaces_demo/share/base_interfaces_demo/srv/SetEmergency.srv
[6.397s] -- Up-to-date: /home/cjs/VL53L8CX/VL53L8CX_ws/install/base_interfaces_demo/share/base_interfaces_demo/srv/SetEmergency_Request.msg
[6.398s] -- Up-to-date: /home/cjs/VL53L8CX/VL53L8CX_ws/install/base_interfaces_demo/share/base_interfaces_demo/srv/SetEmergency_Response.msg
[6.399s] -- Up-to-date: /home/cjs/VL53L8CX/VL53L8CX_ws/install/base_interfaces_demo/share/base_interfaces_demo/srv/RcsServer.srv
[6.400s] -- Up-to-date: /home/cjs/VL53L8CX/VL53L8CX_ws/install/base_interfaces_demo/share/base_interfaces_demo/srv/RcsServer_Request.msg
[6.400s] -- Up-to-date: /home/cjs/VL53L8CX/VL53L8CX_ws/install/base_interfaces_demo/share/base_interfaces_demo/srv/RcsServer_Response.msg
[6.402s] -- Up-to-date: /home/cjs/VL53L8CX/VL53L8CX_ws/install/base_interfaces_demo/share/ament_index/resource_index/package_run_dependencies/base_interfaces_demo
[6.403s] -- Up-to-date: /home/cjs/VL53L8CX/VL53L8CX_ws/install/base_interfaces_demo/share/ament_index/resource_index/parent_prefix_path/base_interfaces_demo
[6.403s] -- Up-to-date: /home/cjs/VL53L8CX/VL53L8CX_ws/install/base_interfaces_demo/share/base_interfaces_demo/environment/ament_prefix_path.sh
[6.403s] -- Up-to-date: /home/cjs/VL53L8CX/VL53L8CX_ws/install/base_interfaces_demo/share/base_interfaces_demo/environment/ament_prefix_path.dsv
[6.404s] -- Up-to-date: /home/cjs/VL53L8CX/VL53L8CX_ws/install/base_interfaces_demo/share/base_interfaces_demo/environment/path.sh
[6.404s] -- Up-to-date: /home/cjs/VL53L8CX/VL53L8CX_ws/install/base_interfaces_demo/share/base_interfaces_demo/environment/path.dsv
[6.405s] -- Up-to-date: /home/cjs/VL53L8CX/VL53L8CX_ws/install/base_interfaces_demo/share/base_interfaces_demo/local_setup.bash
[6.405s] -- Up-to-date: /home/cjs/VL53L8CX/VL53L8CX_ws/install/base_interfaces_demo/share/base_interfaces_demo/local_setup.sh
[6.406s] -- Up-to-date: /home/cjs/VL53L8CX/VL53L8CX_ws/install/base_interfaces_demo/share/base_interfaces_demo/local_setup.zsh
[6.406s] -- Up-to-date: /home/cjs/VL53L8CX/VL53L8CX_ws/install/base_interfaces_demo/share/base_interfaces_demo/local_setup.dsv
[6.407s] -- Installing: /home/cjs/VL53L8CX/VL53L8CX_ws/install/base_interfaces_demo/share/base_interfaces_demo/package.dsv
[6.407s] -- Up-to-date: /home/cjs/VL53L8CX/VL53L8CX_ws/install/base_interfaces_demo/share/ament_index/resource_index/packages/base_interfaces_demo
[6.408s] -- Up-to-date: /home/cjs/VL53L8CX/VL53L8CX_ws/install/base_interfaces_demo/share/base_interfaces_demo/cmake/base_interfaces_demo__rosidl_generator_cExport.cmake
[6.409s] -- Up-to-date: /home/cjs/VL53L8CX/VL53L8CX_ws/install/base_interfaces_demo/share/base_interfaces_demo/cmake/base_interfaces_demo__rosidl_generator_cExport-noconfig.cmake
[6.409s] -- Up-to-date: /home/cjs/VL53L8CX/VL53L8CX_ws/install/base_interfaces_demo/share/base_interfaces_demo/cmake/base_interfaces_demo__rosidl_typesupport_introspection_cExport.cmake
[6.410s] -- Up-to-date: /home/cjs/VL53L8CX/VL53L8CX_ws/install/base_interfaces_demo/share/base_interfaces_demo/cmake/base_interfaces_demo__rosidl_typesupport_introspection_cExport-noconfig.cmake
[6.423s] -- Up-to-date: /home/cjs/VL53L8CX/VL53L8CX_ws/install/base_interfaces_demo/share/base_interfaces_demo/cmake/base_interfaces_demo__rosidl_typesupport_cExport.cmake
[6.423s] -- Up-to-date: /home/cjs/VL53L8CX/VL53L8CX_ws/install/base_interfaces_demo/share/base_interfaces_demo/cmake/base_interfaces_demo__rosidl_typesupport_cExport-noconfig.cmake
[6.424s] -- Up-to-date: /home/cjs/VL53L8CX/VL53L8CX_ws/install/base_interfaces_demo/share/base_interfaces_demo/cmake/base_interfaces_demo__rosidl_generator_cppExport.cmake
[6.424s] -- Up-to-date: /home/cjs/VL53L8CX/VL53L8CX_ws/install/base_interfaces_demo/share/base_interfaces_demo/cmake/base_interfaces_demo__rosidl_typesupport_introspection_cppExport.cmake
[6.424s] -- Up-to-date: /home/cjs/VL53L8CX/VL53L8CX_ws/install/base_interfaces_demo/share/base_interfaces_demo/cmake/base_interfaces_demo__rosidl_typesupport_introspection_cppExport-noconfig.cmake
[6.424s] -- Up-to-date: /home/cjs/VL53L8CX/VL53L8CX_ws/install/base_interfaces_demo/share/base_interfaces_demo/cmake/base_interfaces_demo__rosidl_typesupport_cppExport.cmake
[6.424s] -- Up-to-date: /home/cjs/VL53L8CX/VL53L8CX_ws/install/base_interfaces_demo/share/base_interfaces_demo/cmake/base_interfaces_demo__rosidl_typesupport_cppExport-noconfig.cmake
[6.424s] -- Up-to-date: /home/cjs/VL53L8CX/VL53L8CX_ws/install/base_interfaces_demo/share/base_interfaces_demo/cmake/rosidl_cmake-extras.cmake
[6.425s] -- Up-to-date: /home/cjs/VL53L8CX/VL53L8CX_ws/install/base_interfaces_demo/share/base_interfaces_demo/cmake/ament_cmake_export_dependencies-extras.cmake
[6.425s] -- Up-to-date: /home/cjs/VL53L8CX/VL53L8CX_ws/install/base_interfaces_demo/share/base_interfaces_demo/cmake/ament_cmake_export_libraries-extras.cmake
[6.425s] -- Up-to-date: /home/cjs/VL53L8CX/VL53L8CX_ws/install/base_interfaces_demo/share/base_interfaces_demo/cmake/ament_cmake_export_targets-extras.cmake
[6.425s] -- Up-to-date: /home/cjs/VL53L8CX/VL53L8CX_ws/install/base_interfaces_demo/share/base_interfaces_demo/cmake/ament_cmake_export_include_directories-extras.cmake
[6.425s] -- Up-to-date: /home/cjs/VL53L8CX/VL53L8CX_ws/install/base_interfaces_demo/share/base_interfaces_demo/cmake/rosidl_cmake_export_typesupport_libraries-extras.cmake
[6.425s] -- Up-to-date: /home/cjs/VL53L8CX/VL53L8CX_ws/install/base_interfaces_demo/share/base_interfaces_demo/cmake/rosidl_cmake_export_typesupport_targets-extras.cmake
[6.425s] -- Up-to-date: /home/cjs/VL53L8CX/VL53L8CX_ws/install/base_interfaces_demo/share/base_interfaces_demo/cmake/base_interfaces_demoConfig.cmake
[6.425s] -- Up-to-date: /home/cjs/VL53L8CX/VL53L8CX_ws/install/base_interfaces_demo/share/base_interfaces_demo/cmake/base_interfaces_demoConfig-version.cmake
[6.425s] -- Up-to-date: /home/cjs/VL53L8CX/VL53L8CX_ws/install/base_interfaces_demo/share/base_interfaces_demo/package.xml
[6.437s] Invoked command in '/home/cjs/VL53L8CX/VL53L8CX_ws/build/base_interfaces_demo' returned '0': CMAKE_PREFIX_PATH=/opt/ros/foxy /usr/bin/cmake --install /home/cjs/VL53L8CX/VL53L8CX_ws/build/base_interfaces_demo
